facility_id,facility_name,address,city,state,zip_code,county,telephone_number,hospital_type,hospital_ownership,emergency_services,meets_criteria_for_birthing_friendly_designation,hospital_overall_rating,hospital_overall_rating_footnote,mort_group_measure_count,count_of_facility_mort_measures,count_of_mort_measures_better,count_of_mort_measures_no_different,count_of_mort_measures_worse,mort_group_footnote,safety_group_measure_count,count_of_facility_safety_measures,count_of_safety_measures_better,count_of_safety_measures_no_different,count_of_safety_measures_worse,safety_group_footnote,readm_group_measure_count,count_of_facility_readm_measures,count_of_readm_measures_better,count_of_readm_measures_no_different,count_of_readm_measures_worse,readm_group_footnote,pt_exp_group_measure_count,count_of_facility_pt_exp_measures,pt_exp_group_footnote,te_group_measure_count,count_of_facility_te_measures,te_group_footnote
2013.0,673rd Medical Group (Joint Base Elmendorf-Richardson),673 MDG 5955 Zeamer Ave,JBER,AK,99506,ANCHORAGE,(907) 384-1110,Acute Care - Department of Defense,Department of Defense,Yes,,Not Available,22,Not Available,Not Available,Not Available,Not Available,Not Available,22,Not Available,Not Available,Not Available,Not Available,Not Available,22,Not Available,Not Available,Not Available,Not Available,Not Available,22,Not Available,Not Available,22,Not Available,Not Available,22
5025.0,FRESNO VA MEDICAL CENTER (VA CENTRAL CALIFORNIA HEALTHCARE SYSTEM),2615 E. CLINTON AVENUE,FRESNO,CA,93703,FRESNO,(559) 228-5338,Acute Care - Veterans Administration,Veterans Health Administration,Yes,,4,,7,4,0,4,0,,8,3,0,3,0,,11,6,2,4,0,,8,8,,12,5,
6003.0,Evans ACH (FT Carson),Fort Carson MEDDAC 1650 Cochrane Cir,Fort Carson,CO,80913,EL PASO,(719) 526-7000,Acute Care - Department of Defense,Department of Defense,Yes,,Not Available,22,Not Available,Not Available,Not Available,Not Available,Not Available,22,Not Available,Not Available,Not Available,Not Available,Not Available,22,Not Available,Not Available,Not Available,Not Available,Not Available,22,Not Available,Not Available,22,Not Available,Not Available,22
10008.0,CRENSHAW COMMUNITY HOSPITAL,101 HOSPITAL CIRCLE,LUVERNE,AL,36049,CRENSHAW,(334) 335-3374,Acute Care Hospitals,Proprietary,Yes,,Not Available,16,7,1,0,1,0,,8,Not Available,Not Available,Not Available,Not Available,5,11,2,0,2,0,,8,Not Available,5,12,6,
10021.0,DALE MEDICAL CENTER,126 HOSPITAL AVE,OZARK,AL,36360,DALE,(334) 774-2601,Acute Care Hospitals,Government - Hospital District or Authority,Yes,,3,,7,3,0,3,0,,8,2,0,2,0,,11,5,0,5,0,,8,8,,12,9,
10040.0,GADSDEN REGIONAL MEDICAL CENTER,1007 GOODYEAR AVENUE,GADSDEN,AL,35903,ETOWAH,(256) 494-4000,Acute Care Hospitals,Proprietary,Yes,Y,1,,7,7,0,6,1,,8,7,1,5,1,,11,9,0,9,0,,8,8,,12,10,
10058.0,BIBB MEDICAL CENTER,208 PIERSON AVE,CENTREVILLE,AL,35042,BIBB,(205) 926-4881,Acute Care Hospitals,Government - Hospital District or Authority,Yes,Y,Not Available,16,7,1,0,1,0,,8,1,0,1,0,,11,2,0,2,0,,8,Not Available,5,12,8,
10079.0,ATHENS LIMESTONE HOSPITAL,700 WEST MARKET STREET,ATHENS,AL,35611,LIMESTONE,(256) 233-9292,Acute Care Hospitals,Government - Hospital District or Authority,Yes,Y,3,,7,4,0,3,1,,8,6,0,6,0,,11,7,1,4,2,,8,8,,12,12,
10097.0,ELMORE COMMUNITY HOSPITAL,500 HOSPITAL DRIVE,WETUMPKA,AL,36092,ELMORE,(334) 567-4311,Acute Care Hospitals,Proprietary,Yes,,Not Available,16,7,1,0,1,0,,8,Not Available,Not Available,Not Available,Not Available,5,11,3,0,3,0,,8,8,,12,8,
10112.0,WHITFIELD REGIONAL HOSPITAL,105 HIGHWAY 80 EAST,DEMOPOLIS,AL,36732,MARENGO,(334) 289-4000,Acute Care Hospitals,Government - Hospital District or Authority,Yes,,Not Available,16,7,2,0,2,0,,8,2,0,2,0,,11,5,0,5,0,,8,8,,12,9,
10131.0,CRESTWOOD MEDICAL CENTER,ONE HOSPITAL DR SE,HUNTSVILLE,AL,35801,MADISON,(256) 429-4000,Acute Care Hospitals,Proprietary,Yes,Y,2,,7,6,0,6,0,,8,7,1,5,1,,11,8,1,6,1,,8,8,,12,9,
10168.0,JACK HUGHSTON MEMORIAL HOSPITAL,4401 RIVER CHASE DRIVE,PHENIX CITY,AL,36867,RUSSELL,(334) 732-3000,Acute Care Hospitals,Government - State,Yes,,Not Available,16,7,Not Available,Not Available,Not Available,Not Available,5,8,2,0,2,0,,11,4,0,4,0,,8,8,,12,8,
11035.0,Winn ACH (FT Stewart),1061 Harmon Ave,Fort Stewart,GA,31314,LIBERTY,(912) 435-6633,Acute Care - Department of Defense,Department of Defense,Yes,,Not Available,22,Not Available,Not Available,Not Available,Not Available,Not Available,22,Not Available,Not Available,Not Available,Not Available,Not Available,22,Not Available,Not Available,Not Available,Not Available,Not Available,22,Not Available,Not Available,22,Not Available,Not Available,22
13003.0,BOISE VA MEDICAL CENTER,500 W. FORT STREET,BOISE,ID,83702,ADA,(208) 422-1000,Acute Care - Veterans Administration,Veterans Health Administration,Yes,,5,,7,4,1,3,0,,8,4,0,4,0,,11,5,1,4,0,,8,8,,12,5,
14012.0,MARY S HARPER GERIATRIC PSYCHIATRY CENTER,201 UNIVERSITY BLVD,TUSCALOOSA,AL,35401,TUSCALOOSA,(205) 759-0900,Psychiatric,Government - State,Yes,,Not Available,19,Not Available,Not Available,Not Available,Not Available,Not Available,19,Not Available,Not Available,Not Available,Not Available,Not Available,19,Not Available,Not Available,Not Available,Not Available,Not Available,19,Not Available,Not Available,19,Not Available,Not Available,19
16004.0,IOWA CITY VA MEDICAL CENTER,601 HIGHWAY 6 WEST,IOWA CITY,IA,52246,JOHNSON,(319) 338-0581,Acute Care - Veterans Administration,Veterans Health Administration,Yes,,5,,7,4,1,3,0,,8,4,0,4,0,,11,6,0,6,0,,8,8,,12,4,
19050.0,Bayne-Jones ACH (Ft Johnson),1585 3rd St,Fort Johnson,LA,71459,VERNON,(337) 531-3118,Acute Care - Department of Defense,Department of Defense,Yes,,Not Available,22,Not Available,Not Available,Not Available,Not Available,Not Available,22,Not Available,Not Available,Not Available,Not Available,Not Available,22,Not Available,Not Available,Not Available,Not Available,Not Available,22,Not Available,Not Available,22,Not Available,Not Available,22
21007.0,Walter Reed National Military Med Cen,4494 Palmer Rd N,Bethesda,MD,20814,MONTGOMERY,(301) 295-4000,Acute Care - Department of Defense,Department of Defense,Yes,,Not Available,22,Not Available,Not Available,Not Available,Not Available,Not Available,22,Not Available,Not Available,Not Available,Not Available,Not Available,22,Not Available,Not Available,Not Available,Not Available,Not Available,22,Not Available,Not Available,22,Not Available,Not Available,22
21309.0,BRISTOL BAY AREA HEALTH CORPORATION,P O BOX 130,DILLINGHAM,AK,99576,DILLINGHAM,(907) 842-5201,Critical Access Hospitals,Voluntary non-profit - Private,Yes,,Not Available,16,7,Not Available,Not Available,Not Available,Not Available,5,8,Not Available,Not Available,Not Available,Not Available,5,11,1,0,1,0,,8,Not Available,5,12,2,
23011.0,VA ANN ARBOR HEALTHCARE SYSTEM,2215 FULLER ROAD,ANN ARBOR,MI,48105,WASHTENAW,(734) 769-7100,Acute Care - Veterans Administration,Veterans Health Administration,Yes,,5,,7,5,1,4,0,,8,4,1,3,0,,11,6,0,6,0,,8,8,,12,5,
26002.0,General Leonard Wood ACH (FT Leonard Wood),4430 Missouri Ave,Fort Leonard Wood,MO,65473,PULASKI,(573) 596-0035,Acute Care - Department of Defense,Department of Defense,Yes,,Not Available,22,Not Available,Not Available,Not Available,Not Available,Not Available,22,Not Available,Not Available,Not Available,Not Available,Not Available,22,Not Available,Not Available,Not Available,Not Available,Not Available,22,Not Available,Not Available,22,Not Available,Not Available,22
30002.0,BANNER - UNIVERSITY MEDICAL CENTER PHOENIX,1111 EAST MCDOWELL ROAD,PHOENIX,AZ,85006,MARICOPA,(602) 839-2000,Acute Care Hospitals,Voluntary non-profit - Other,Yes,Y,3,,7,7,1,6,0,,8,7,2,4,1,,11,10,1,8,1,,8,8,,12,10,
30023.0,FLAGSTAFF MEDICAL CENTER,1200 NORTH BEAVER STREET,FLAGSTAFF,AZ,86001,COCONINO,(928) 779-3366,Acute Care Hospitals,Voluntary non-profit - Private,Yes,Y,4,,7,7,0,7,0,,8,7,3,4,0,,11,11,0,11,0,,8,8,,12,10,
30064.0,BANNER - UNIVERSITY MEDICAL CENTER TUCSON CAMPUS,1625 NORTH CAMPBELL AVENUE,TUCSON,AZ,85719,PIMA,(520) 874-4189,Acute Care Hospitals,Voluntary non-profit - Private,Yes,Y,3,,7,7,0,7,0,,8,7,2,5,0,,11,10,0,10,0,,8,8,,12,10,
30087.0,HONORHEALTH SCOTTSDALE SHEA MEDICAL CENTER,9003 EAST SHEA BOULEVARD,SCOTTSDALE,AZ,85260,MARICOPA,(480) 323-3000,Acute Care Hospitals,Proprietary,Yes,Y,3,,7,7,0,7,0,,8,8,3,5,0,,11,11,0,11,0,,8,8,,12,10,
30108.0,THE CORE INSTITUTE SPECIALTY HOSP,6501 NORTH 19TH AVENUE,PHOENIX,AZ,85015,MARICOPA,(602) 795-6020,Acute Care Hospitals,Physician,No,,Not Available,16,7,Not Available,Not Available,Not Available,Not Available,5,8,2,0,2,0,,11,3,0,3,0,,8,8,,12,3,
30122.0,BANNER GATEWAY MEDICAL CENTER,1900 NORTH HIGLEY ROAD,GILBERT,AZ,85234,MARICOPA,(480) 543-2000,Acute Care Hospitals,Voluntary non-profit - Other,Yes,Y,4,,7,5,0,5,0,,8,7,1,6,0,,11,8,0,8,0,,8,8,,12,10,
30152.0,EXCEPTIONAL COMMUNITY HOSPITAL - MARICOPA,19060 NORTH JOHN WAYNE PARKWAY,MARICOPA,AZ,85139,PINAL,(910) 988-9080,Acute Care Hospitals,Proprietary,Yes,,Not Available,16,7,Not Available,Not Available,Not Available,Not Available,5,8,Not Available,Not Available,Not Available,Not Available,5,11,Not Available,Not Available,Not Available,Not Available,5,8,Not Available,5,12,1,
31307.0,PARKER INDIAN HEALTH CENTER,12033 AGENCY ROAD,PARKER,AZ,85344,LAPAZ,(928) 669-2137,Critical Access Hospitals,Government - Federal,Yes,,Not Available,16,7,Not Available,Not Available,Not Available,Not Available,5,8,Not Available,Not Available,Not Available,Not Available,5,11,Not Available,Not Available,Not Available,Not Available,5,8,Not Available,5,12,Not Available,5
31319.0,MT. GRAHAM REGIONAL MEDICAL CENTER,1600 SOUTH 20TH AVENUE,SAFFORD,AZ,85546,GRAHAM,(928) 348-4000,Critical Access Hospitals,Government - Hospital District or Authority,Yes,Y,Not Available,16,7,Not Available,Not Available,Not Available,Not Available,5,8,Not Available,Not Available,Not Available,Not Available,5,11,3,0,3,0,,8,8,,12,7,
33020.0,VA NEW YORK HARBOR HEALTHCARE SYSTEM - BROOKLYN,800 POLY PLACE,BROOKLYN,NY,11209,KINGS,(718) 836-6600,Acute Care - Veterans Administration,Veterans Health Administration,Yes,,5,,7,4,1,3,0,,8,4,0,4,0,,11,5,0,5,0,,8,Not Available,5,12,Not Available,5
34017.0,W.G. (BILL) HEFNER SALISBURY VA MEDICAL CENTER (SALSBURY),1601 BRENNER AVENUE,SALISBURY,NC,28144,ROWAN,(704) 638-9000,Acute Care - Veterans Administration,Veterans Health Administration,Yes,,4,,7,4,0,4,0,,8,1,0,0,1,,11,4,3,1,0,,8,8,,12,5,
34029.0,OASIS BEHAVIORAL HEALTH HOSPITAL,"2190 NORTH GRACE BOULEVARD, BUILDING A",CHANDLER,AZ,85225,MARICOPA,(480) 917-9301,Psychiatric,Proprietary,No,,Not Available,19,Not Available,Not Available,Not Available,Not Available,Not Available,19,Not Available,Not Available,Not Available,Not Available,Not Available,19,Not Available,Not Available,Not Available,Not Available,Not Available,19,Not Available,Not Available,19,Not Available,Not Available,19
34041.0,AGAVE RIDGE BEHAVIORAL HOSPITAL,3322 SOUTH ELLSWORTH ROAD,MESA,AZ,85212,MARICOPA,(615) 861-6000,Psychiatric,Proprietary,No,,Not Available,19,Not Available,Not Available,Not Available,Not Available,Not Available,19,Not Available,Not Available,Not Available,Not Available,Not Available,19,Not Available,Not Available,Not Available,Not Available,Not Available,19,Not Available,Not Available,19,Not Available,Not Available,19
40002.0,JOHNSON REGIONAL MEDICAL CENTER,1100 EAST POPLAR STREET,CLARKSVILLE,AR,72830,JOHNSON,(479) 754-5454,Acute Care Hospitals,Voluntary non-profit - Private,Yes,Y,3,,7,3,0,3,0,,8,2,0,2,0,,11,6,0,6,0,,8,8,,12,9,
40020.0,ST BERNARDS MEDICAL CENTER,225 E WASHINGTON AVE,JONESBORO,AR,72401,CRAIGHEAD,(870) 972-4100,Acute Care Hospitals,Voluntary non-profit - Private,Yes,Y,1,,7,7,0,5,2,,8,6,3,2,1,,11,10,0,7,3,,8,8,,12,12,
40055.0,BAPTIST HEALTH - FORT SMITH,1001 TOWSON AVENUE,FORT SMITH,AR,72901,SEBASTIAN,(479) 441-4000,Acute Care Hospitals,Voluntary non-profit - Private,Yes,Y,2,,7,7,1,6,0,,8,6,1,4,1,,11,10,0,10,0,,8,8,,12,11,
40114.0,BAPTIST HEALTH MEDICAL CENTER-LITTLE ROCK,9601 BAPTIST HEALTH DRIVE,LITTLE ROCK,AR,72205,PULASKI,(501) 202-2000,Acute Care Hospitals,Voluntary non-profit - Private,Yes,Y,3,,7,7,0,5,2,,8,8,3,5,0,,11,9,1,6,2,,8,8,,12,11,
40161.0,ARKANSAS HEART HOSPITAL-ENCORE,1901 ENCORE WAY,BRYANT,AR,72019,SALINE,(501) 213-4500,Acute Care Hospitals,Proprietary,Yes,,3,,7,4,0,4,0,,8,2,0,2,0,,11,6,0,5,1,,8,8,,12,10,
41305.0,MERCY HOSPITAL WALDRON,1341 WEST SIXTH STREET,WALDRON,AR,72958,SCOTT,(479) 637-4135,Critical Access Hospitals,Voluntary non-profit - Private,Yes,,Not Available,16,7,1,0,1,0,,8,Not Available,Not Available,Not Available,Not Available,5,11,2,0,2,0,,8,Not Available,5,12,6,
41318.0,MERCY HOSPITAL BOONEVILLE,880 WEST MAIN,BOONEVILLE,AR,72927,LOGAN,(479) 675-2800,Critical Access Hospitals,Voluntary non-profit - Private,Yes,,Not Available,16,7,2,0,2,0,,8,1,0,1,0,,11,3,0,3,0,,8,Not Available,5,12,7,
41330.0,PIGGOTT COMMUNITY HOSPITAL,1206 GORDON DUCKWORTH DRIVE,PIGGOTT,AR,72454,CLAY,(870) 598-3881,Critical Access Hospitals,Government - Local,Yes,,3,,7,3,0,3,0,,8,Not Available,Not Available,Not Available,Not Available,5,11,4,0,4,0,,8,8,,12,4,
44007.0,RIVENDELL BEHAVIORAL HEALTH SERVICES,100 RIVENDELL DRIVE,BENTON,AR,72019,SALINE,(501) 316-1255,Psychiatric,Proprietary,No,,Not Available,19,Not Available,Not Available,Not Available,Not Available,Not Available,19,Not Available,Not Available,Not Available,Not Available,Not Available,19,Not Available,Not Available,Not Available,Not Available,Not Available,19,Not Available,Not Available,19,Not Available,Not Available,19
50008.0,CALIFORNIA PACIFIC MEDICAL CTR-DAVIES CAMPUS HOSP,601 DUBOCE AVENUE,SAN FRANCISCO,CA,94117,SAN FRANCISCO,(415) 600-6000,Acute Care Hospitals,Voluntary non-profit - Other,No,,3,,7,3,0,3,0,,8,5,0,5,0,,11,5,0,5,0,,8,8,,12,7,
50030.0,OROVILLE HOSPITAL,2767 OLIVE HIGHWAY,OROVILLE,CA,95966,BUTTE,(530) 533-8500,Acute Care Hospitals,Voluntary non-profit - Private,Yes,,1,,7,6,3,3,0,,8,7,1,6,0,,11,10,0,4,6,,8,8,,12,10,
50055.0,CALIFORNIA PACIFIC MEDICAL CENTER - MISSION BERNAL,3555 CESAR CHAVEZ,SAN FRANCISCO,CA,94110,SAN FRANCISCO,(415) 641-6562,Acute Care Hospitals,Voluntary non-profit - Church,Yes,,4,,7,4,1,3,0,,8,7,1,6,0,,11,6,0,6,0,,8,8,,12,7,
50072.0,KAISER FOUNDATION HOSPITAL - WALNUT CREEK,1425 S MAIN STREET,WALNUT CREEK,CA,94596,CONTRA COSTA,(925) 295-4000,Acute Care Hospitals,Voluntary non-profit - Private,Yes,Y,3,,7,Not Available,Not Available,Not Available,Not Available,5,8,6,1,5,0,,11,1,0,1,0,,8,8,,12,6,
50091.0,COMMUNITY HOSPITAL OF HUNTINGTON PARK,2623 E SLAUSON AVE,HUNTINGTON PARK,CA,90255,LOS ANGELES,(323) 583-1931,Acute Care Hospitals,Proprietary,Yes,,Not Available,16,7,2,0,2,0,,8,2,0,2,0,,11,3,0,3,0,,8,8,,12,7,
50110.0,LOMPOC VALLEY MEDICAL CENTER,1515 E OCEAN AVENUE,LOMPOC,CA,93436,SANTA BARBARA,(805) 737-3300,Acute Care Hospitals,Government - Hospital District or Authority,Yes,,1,,7,4,0,3,1,,8,4,0,4,0,,11,7,0,6,1,,8,8,,12,11,
50126.0,VALLEY PRESBYTERIAN HOSPITAL,15107 VANOWEN ST,VAN NUYS,CA,91405,LOS ANGELES,(818) 782-6600,Acute Care Hospitals,Voluntary non-profit - Other,Yes,Y,2,,7,6,1,5,0,,8,7,1,6,0,,11,8,0,6,2,,8,8,,12,9,
50138.0,KAISER FOUNDATION HOSPITAL - LOS ANGELES,4867 SUNSET BLVD,LOS ANGELES,CA,90027,LOS ANGELES,(323) 783-4011,Acute Care Hospitals,Voluntary non-profit - Other,No,Y,4,,7,1,0,1,0,,8,6,1,5,0,,11,1,0,1,0,,8,8,,12,6,
50168.0,PROVIDENCE ST. JUDE MEDICAL CENTER,101 E VALENCIA MESA DRIVE,FULLERTON,CA,92835,ORANGE,(714) 992-3000,Acute Care Hospitals,Voluntary non-profit - Church,Yes,Y,4,,7,7,0,7,0,,8,7,3,4,0,,11,11,0,11,0,,8,8,,12,12,
50204.0,PALMDALE REGIONAL MEDICAL CENTER,38600 MEDICAL CENTER DRIVE,PALMDALE,CA,93552,LOS ANGELES,(661) 382-5000,Acute Care Hospitals,Proprietary,Yes,,3,,7,6,0,6,0,,8,7,1,6,0,,11,7,1,6,0,,8,8,,12,9,
50235.0,PROVIDENCE SAINT JOSEPH MEDICAL CTR,501 SOUTH BUENA VISTA STREET,BURBANK,CA,91505,LOS ANGELES,(818) 843-5111,Acute Care Hospitals,Voluntary non-profit - Church,Yes,Y,3,,7,7,1,6,0,,8,8,3,5,0,,11,11,1,7,3,,8,8,,12,10,
50261.0,SIERRA VIEW MEDICAL CENTER,465 W PUTNAM AVE,PORTERVILLE,CA,93257,TULARE,(559) 784-1110,Acute Care Hospitals,Voluntary non-profit - Private,Yes,Y,2,,7,5,0,4,1,,8,6,1,4,1,,11,10,0,10,0,,8,8,,12,9,
50290.0,SAINT JOHN'S HEALTH CENTER,2121 SANTA MONICA BLVD,SANTA MONICA,CA,90404,LOS ANGELES,(310) 829-5511,Acute Care Hospitals,Voluntary non-profit - Private,Yes,Y,4,,7,7,3,4,0,,8,7,2,5,0,,11,11,1,9,1,,8,8,,12,8,
50313.0,SUTTER TRACY COMMUNITY HOSPITAL,1420 NORTH TRACY BLVD,TRACY,CA,95376,SAN JOAQUIN,(209) 835-1500,Acute Care Hospitals,Voluntary non-profit - Private,Yes,Y,4,,7,4,0,4,0,,8,5,0,5,0,,11,6,1,5,0,,8,8,,12,12,
50348.0,UCI HEALTH-ORANGE,101 CITY DRIVE SOUTH,ORANGE,CA,92868,ORANGE,(714) 456-7890,Acute Care Hospitals,Government - Local,Yes,Y,4,,7,7,1,6,0,,8,8,5,3,0,,11,11,2,9,0,,8,8,,12,11,
50378.0,PACIFICA HOSPITAL OF THE VALLEY,9449 SAN FERNANDO RD,SUN VALLEY,CA,91352,LOS ANGELES,(818) 767-3310,Acute Care Hospitals,Proprietary,Yes,,1,,7,Not Available,Not Available,Not Available,Not Available,5,8,4,0,3,1,,11,1,0,1,0,,8,8,,12,6,
50417.0,SUTTER COAST HOSPITAL,800 E WASHINGTON BLVD,CRESCENT CITY,CA,95531,DEL NORTE,(707) 464-8511,Acute Care Hospitals,Government - Hospital District or Authority,Yes,Y,2,,7,5,0,4,1,,8,4,0,4,0,,11,9,0,8,1,,8,8,,12,8,
50464.0,DOCTORS MEDICAL CENTER,1441 FLORIDA AVENUE,MODESTO,CA,95350,STANISLAUS,(209) 578-1211,Acute Care Hospitals,Proprietary,Yes,Y,1,,7,7,0,6,1,,8,6,3,3,0,,11,8,0,5,3,,8,8,,12,10,
50506.0,ADVENTIST HEALTH SIERRA VISTA,1010 MURRAY ST,SAN LUIS OBISPO,CA,93405,SAN LUIS OBISPO,(850) 546-7600,Acute Care Hospitals,Proprietary,Yes,Y,3,,7,5,0,5,0,,8,7,1,6,0,,11,7,0,7,0,,8,8,,12,8,
50537.0,SUTTER DAVIS HOSPITAL,2000 SUTTER PLACE,DAVIS,CA,95616,YOLO,(530) 757-5108,Acute Care Hospitals,Voluntary non-profit - Private,Yes,Y,4,,7,4,0,4,0,,8,2,1,1,0,,11,8,0,8,0,,8,8,,12,11,
50573.0,EISENHOWER MEDICAL CENTER,39-000 BOB HOPE DRIVE,RANCHO MIRAGE,CA,92270,RIVERSIDE,(760) 340-3911,Acute Care Hospitals,Proprietary,Yes,Y,4,,7,7,1,6,0,,8,8,3,5,0,,11,11,3,8,0,,8,8,,12,11,
50604.0,KAISER FOUNDATION HOSPITAL-SAN JOSE,250 HOSPITAL PARKWAY,SAN JOSE,CA,95119,SANTA CLARA,(408) 972-7000,Acute Care Hospitals,Voluntary non-profit - Private,Yes,Y,4,,7,1,0,1,0,,8,6,1,5,0,,11,2,0,2,0,,8,8,,12,6,
50674.0,KAISER FOUNDATION HOSP SO SACRAMENTO,6600 BRUCEVILLE ROAD,SACRAMENTO,CA,95823,SACRAMENTO,(916) 688-2000,Acute Care Hospitals,Voluntary non-profit - Private,Yes,Y,3,,7,4,0,4,0,,8,6,1,5,0,,11,3,0,3,0,,8,8,,12,6,
50704.0,MISSION COMMUNITY HOSPITAL,14850 ROSCOE BLVD,PANORAMA CITY,CA,91402,LOS ANGELES,(818) 904-3100,Acute Care Hospitals,Voluntary non-profit - Private,No,,1,,7,4,0,4,0,,8,6,0,4,2,,11,5,0,4,1,,8,8,,12,8,
50737.0,GARFIELD MEDICAL CENTER,525 N GARFIELD AVE,MONTEREY PARK,CA,91754,LOS ANGELES,(626) 573-2222,Acute Care Hospitals,Proprietary,Yes,Y,1,,7,6,0,5,1,,8,6,1,5,0,,11,8,0,5,3,,8,8,,12,9,
50758.0,MONTCLAIR HOSPITAL MEDICAL CENTER,5000 SAN BERNARDINO ST,MONTCLAIR,CA,91763,SAN BERNARDINO,(909) 625-8300,Acute Care Hospitals,Voluntary non-profit - Private,Yes,,3,,7,2,1,1,0,,8,3,1,2,0,,11,4,0,4,0,,8,8,,12,9,
50771.0,COAST PLAZA HOSPITAL,13100 STUDERBAKER ROAD,NORWALK,CA,90650,LOS ANGELES,(562) 868-3751,Acute Care Hospitals,Proprietary,Yes,,1,,7,2,0,2,0,,8,3,0,3,0,,11,3,0,2,1,,8,8,,12,8,
50784.0,ADVENTIST HEALTH TULARE,869 NORTH CHERRY STREET,TULARE,CA,93274,TULARE,(559) 688-0821,Acute Care Hospitals,Voluntary non-profit - Private,Yes,Y,Not Available,16,7,2,0,2,0,,8,2,0,2,0,,11,4,0,4,0,,8,8,,12,8,
51306.0,GLENN MEDICAL CENTER,1133 W SYCAMORE ST,WILLOWS,CA,95988,GLENN,(530) 934-1818,Critical Access Hospitals,Proprietary,Yes,,Not Available,16,7,1,0,1,0,,8,1,0,1,0,,11,2,0,2,0,,8,Not Available,5,12,2,
51317.0,ADVENTIST HEALTH CLEARLAKE,15630 18TH AVE - HWY 53,CLEARLAKE,CA,95422,LAKE,(707) 994-6486,Critical Access Hospitals,Voluntary non-profit - Private,Yes,Y,1,,7,4,0,4,0,,8,1,0,1,0,,11,6,0,6,0,,8,8,,12,9,
51328.0,TAHOE FOREST HOSPITAL,10121 PINE AVE,TRUCKEE,CA,96161,NEVADA,(530) 587-6011,Critical Access Hospitals,Government - Hospital District or Authority,Yes,Y,Not Available,16,7,2,0,2,0,,8,2,0,2,0,,11,8,0,8,0,,8,8,,12,10,
51338.0,COALINGA REGIONAL MEDICAL CENTER,1191 PHELPS AVENUE,COALINGA,CA,93210,FRESNO,(559) 821-6202,Critical Access Hospitals,Government - Hospital District or Authority,Yes,,Not Available,19,Not Available,Not Available,Not Available,Not Available,Not Available,19,Not Available,Not Available,Not Available,Not Available,Not Available,19,Not Available,Not Available,Not Available,Not Available,Not Available,19,Not Available,Not Available,19,Not Available,Not Available,19
53309.0,MEMORIAL CARE MILLER CHILDREN'S &  WOMEN'S HOSP LB,2801 ATLANTIC AVENUE,LONG BEACH,CA,90806,LOS ANGELES,(562) 933-8001,Childrens,Voluntary non-profit - Other,No,,Not Available,19,Not Available,Not Available,Not Available,Not Available,Not Available,19,Not Available,Not Available,Not Available,Not Available,Not Available,19,Not Available,Not Available,Not Available,Not Available,Not Available,19,Not Available,Not Available,19,Not Available,Not Available,19
54077.0,AURORA VISTA DEL MAR HOSPITAL,801 SENECA ST,VENTURA,CA,93001,VENTURA,(805) 653-6434,Psychiatric,Proprietary,No,,Not Available,19,Not Available,Not Available,Not Available,Not Available,Not Available,19,Not Available,Not Available,Not Available,Not Available,Not Available,19,Not Available,Not Available,Not Available,Not Available,Not Available,19,Not Available,Not Available,19,Not Available,Not Available,19
54123.0,ST JOSEPH'S BEHAVIORAL HEALTH CENTER,2510 N  CALIFORNIA ST,STOCKTON,CA,95204,SAN JOAQUIN,(209) 461-2000,Psychiatric,Voluntary non-profit - Private,No,,Not Available,19,Not Available,Not Available,Not Available,Not Available,Not Available,19,Not Available,Not Available,Not Available,Not Available,Not Available,19,Not Available,Not Available,Not Available,Not Available,Not Available,19,Not Available,Not Available,19,Not Available,Not Available,19
54148.0,TARZANA TREATMENT CENTER,18646 OXNARD STREET,TARZANA,CA,91356,LOS ANGELES,(818) 996-1051,Psychiatric,Voluntary non-profit - Private,No,,Not Available,19,Not Available,Not Available,Not Available,Not Available,Not Available,19,Not Available,Not Available,Not Available,Not Available,Not Available,19,Not Available,Not Available,Not Available,Not Available,Not Available,19,Not Available,Not Available,19,Not Available,Not Available,19
54159.0,"SACRAMENTO BEHAVIORAL HEALTHCARE HOSPITAL, LLC",1400 EXPO PARKWAY,NORTH SACRAMENTO,CA,95815,SACRAMENTO,(916) 437-6410,Psychiatric,Proprietary,No,,Not Available,19,Not Available,Not Available,Not Available,Not Available,Not Available,19,Not Available,Not Available,Not Available,Not Available,Not Available,19,Not Available,Not Available,Not Available,Not Available,Not Available,19,Not Available,Not Available,19,Not Available,Not Available,19
60012.0,"ST MARY CORWIN MED CTR, CENTURA HEALTH",1008 MINNEQUA AVE,PUEBLO,CO,81004,PUEBLO,(719) 557-4000,Acute Care Hospitals,Voluntary non-profit - Church,Yes,,3,,7,1,0,1,0,,8,4,0,4,0,,11,7,0,7,0,,8,8,,12,9,
60030.0,BANNER MCKEE MEDICAL CENTER,2000 BOISE AVE,LOVELAND,CO,80538,LARIMER,(970) 820-4640,Acute Care Hospitals,Voluntary non-profit - Private,Yes,,4,,7,4,0,4,0,,8,3,0,3,0,,11,7,0,7,0,,8,8,,12,10,
60075.0,VALLEY VIEW HOSPITAL ASSOCIATION,1906 BLAKE AVE,GLENWOOD SPRINGS,CO,81601,GARFIELD,(970) 945-6535,Acute Care Hospitals,Voluntary non-profit - Private,Yes,Y,5,,7,4,0,4,0,,8,3,0,3,0,,11,10,1,9,0,,8,8,,12,11,
60116.0,GOOD SAMARITAN MEDICAL CENTER LLC,200 EXEMPLA CIR,LAFAYETTE,CO,80026,BOULDER,(303) 689-4000,Acute Care Hospitals,Voluntary non-profit - Private,Yes,Y,4,,7,6,0,6,0,,8,6,1,4,1,,11,8,0,8,0,,8,8,,12,10,
60131.0,UCHEALTH GREELEY HOSPITAL,6767 W 29TH ST,GREELEY,CO,80634,WELD,(970) 652-2000,Acute Care Hospitals,Voluntary non-profit - Private,Yes,Y,3,,7,5,0,5,0,,8,5,1,4,0,,11,9,0,8,1,,8,8,,12,10,
61307.0,RANGELY DISTRICT HOSPITAL,225 EAGLE CREST ST,RANGELY,CO,81648,RIO BLANCO,(970) 675-5011,Critical Access Hospitals,Government - Hospital District or Authority,Yes,,Not Available,16,7,Not Available,Not Available,Not Available,Not Available,5,8,1,0,1,0,,11,Not Available,Not Available,Not Available,Not Available,5,8,Not Available,5,12,Not Available,5
61317.0,GRAND RIVER HOSPITAL DISTRICT,501 AIRPORT RD,RIFLE,CO,81650,GARFIELD,(970) 625-1510,Critical Access Hospitals,Government - Hospital District or Authority,Yes,,Not Available,16,7,Not Available,Not Available,Not Available,Not Available,5,8,1,0,1,0,,11,1,0,1,0,,8,8,,12,7,
61327.0,SOUTHWEST MEMORIAL HOSPITAL,1311 N MILDRED RD,CORTEZ,CO,81321,MONTEZUMA,(970) 565-6666,Critical Access Hospitals,Voluntary non-profit - Private,Yes,Y,Not Available,16,7,2,0,2,0,,8,1,0,1,0,,11,5,1,4,0,,8,8,,12,8,
64009.0,CEDAR SPRINGS HOSPITAL,2135 SOUTHGATE RD,COLORADO SPRINGS,CO,80906,EL PASO,(719) 633-4114,Psychiatric,Proprietary,Yes,,Not Available,19,Not Available,Not Available,Not Available,Not Available,Not Available,19,Not Available,Not Available,Not Available,Not Available,Not Available,19,Not Available,Not Available,Not Available,Not Available,Not Available,19,Not Available,Not Available,19,Not Available,Not Available,19
70005.0,WATERBURY HOSPITAL,64 ROBBINS ST,WATERBURY,CT,6721,NEW HAVEN,(203) 573-6000,Acute Care Hospitals,Proprietary,Yes,Y,3,,7,7,1,6,0,,8,6,2,4,0,,11,8,0,8,0,,8,8,,12,11,
70020.0,MIDDLESEX HOSPITAL,28 CRESCENT ST,MIDDLETOWN,CT,6457,MIDDLESEX,(860) 344-6000,Acute Care Hospitals,Voluntary non-profit - Private,Yes,Y,3,,7,5,0,5,0,,8,7,1,6,0,,11,7,0,6,1,,8,8,,12,11,
70034.0,NORWALK HOSPITAL,24 STEVENS STREET,NORWALK,CT,6856,FAIRFIELD,(203) 852-2000,Acute Care Hospitals,Voluntary non-profit - Private,Yes,Y,3,,7,6,1,5,0,,8,6,2,4,0,,11,9,0,7,2,,8,8,,12,11,
74015.0,ALBERT J SOLNIT CHILDREN'S CENTER - SOUTH CAMPUS,915 RIVER ROAD,MIDDLETOWN,CT,6457,MIDDLESEX,(860) 704-4090,Psychiatric,Government - State,No,,Not Available,19,Not Available,Not Available,Not Available,Not Available,Not Available,19,Not Available,Not Available,Not Available,Not Available,Not Available,19,Not Available,Not Available,Not Available,Not Available,Not Available,19,Not Available,Not Available,19,Not Available,Not Available,19
84001.0,DELAWARE PSYCHIATRIC CENTER,1901 N DUPONT HIGHWAY,NEW CASTLE,DE,19720,NEW CASTLE,(302) 255-2700,Psychiatric,Government - State,No,,Not Available,19,Not Available,Not Available,Not Available,Not Available,Not Available,19,Not Available,Not Available,Not Available,Not Available,Not Available,19,Not Available,Not Available,Not Available,Not Available,Not Available,19,Not Available,Not Available,19,Not Available,Not Available,19
90011.0,MEDSTAR WASHINGTON HOSPITAL CENTER,110 IRVING STREET NW,WASHINGTON,DC,20010,THE DISTRICT,(202) 877-7000,Acute Care Hospitals,Voluntary non-profit - Other,Yes,Y,3,,7,7,3,4,0,,8,8,4,4,0,,11,11,1,9,1,,8,8,,12,10,
100014.0,ADVENTHEALTH NEW SMYRNA BEACH,401 PALMETTO ST,NEW SMYRNA BEACH,FL,32170,VOLUSIA,(386) 424-5100,Acute Care Hospitals,Voluntary non-profit - Church,Yes,,4,,7,6,0,6,0,,8,6,0,6,0,,11,9,1,8,0,,8,8,,12,8,
100030.0,ORLANDO HEALTH-HEALTH CENTRAL HOSPITAL,10000 W COLONIAL DR,OCOEE,FL,34761,ORANGE,(407) 296-1000,Acute Care Hospitals,Government - State,Yes,,3,,7,5,0,5,0,,8,6,1,5,0,,11,8,0,7,1,,8,8,,12,8,
100046.0,FLORIDA HOSPITAL ZEPHYRHILLS,7050 GALL BLVD,ZEPHYRHILLS,FL,33541,PASCO,(813) 615-7219,Acute Care Hospitals,Voluntary non-profit - Church,Yes,Y,5,,7,6,1,5,0,,8,6,1,5,0,,11,8,1,7,0,,8,8,,12,10,
100062.0,ADVENTHEALTH OCALA,1500 SW 1ST AVE,OCALA,FL,34474,MARION,(352) 351-7200,Acute Care Hospitals,Government - Hospital District or Authority,Yes,Y,4,,7,7,0,7,0,,8,6,4,2,0,,11,9,1,8,0,,8,8,,12,9,
100080.0,HCA FLORIDA JFK HOSPITAL,5301 S CONGRESS AVE,ATLANTIS,FL,33462,PALM BEACH,(561) 965-7300,Acute Care Hospitals,Proprietary,Yes,,2,,7,7,1,6,0,,8,7,2,5,0,,11,9,0,6,3,,8,8,,12,8,
100107.0,HCA FLORIDA LEHIGH REGIONAL MEDICAL CENTER,1500 LEE BLVD,LEHIGH ACRES,FL,33936,LEE,(239) 369-2101,Acute Care Hospitals,Voluntary non-profit - Private,Yes,,2,,7,3,0,3,0,,8,2,0,2,0,,11,5,0,5,0,,8,8,,12,8,
100126.0,HCA FLORIDA PASADENA HOSPITAL,1501 PASADENA AVE S,SAINT PETERSBURG,FL,33707,PINELLAS,(727) 381-1000,Acute Care Hospitals,Proprietary,Yes,,3,,7,6,0,6,0,,8,5,1,4,0,,11,7,0,6,1,,8,8,,12,7,
100142.0,JACKSON HOSPITAL,4250 HOSPITAL DR,MARIANNA,FL,32446,JACKSON,(850) 526-2200,Acute Care Hospitals,Government - Hospital District or Authority,Yes,Y,1,,7,4,0,3,1,,8,3,0,3,0,,11,9,0,8,1,,8,8,,12,11,
100173.0,ADVENTHEALTH TAMPA,3100 E FLETCHER AVE,TAMPA,FL,33613,HILLSBOROUGH,(813) 615-7200,Acute Care Hospitals,Voluntary non-profit - Private,Yes,Y,3,,7,7,1,6,0,,8,8,1,6,1,,11,9,1,8,0,,8,8,,12,10,
100191.0,HCA FLORIDA TRINITY HOSPITAL,9330 SR 54,TRINITY,FL,34655,PASCO,(727) 834-4900,Acute Care Hospitals,Proprietary,Yes,Y,2,,7,6,0,6,0,,8,8,1,7,0,,11,8,0,7,1,,8,8,,12,9,
100223.0,HCA FLORIDA FORT WALTON-DESTIN HOSPITAL,1000 MAR-WALT DR,FORT WALTON BEACH,FL,32547,OKALOOSA,(850) 862-1111,Acute Care Hospitals,Proprietary,Yes,Y,3,,7,7,1,6,0,,8,7,2,5,0,,11,9,0,8,1,,8,8,,12,11,
100243.0,HCA FLORIDA BRANDON HOSPITAL,119 OAKFIELD DR,BRANDON,FL,33511,HILLSBOROUGH,(813) 916-0600,Acute Care Hospitals,Proprietary,Yes,Y,2,,7,7,0,7,0,,8,8,1,7,0,,11,9,0,6,3,,8,8,,12,9,
100259.0,HCA FLORIDA SOUTH SHORE HOSPITAL,4016 SUN CITY CENTER BLVD,SUN CITY CENTER,FL,33573,HILLSBOROUGH,(813) 634-3301,Acute Care Hospitals,Proprietary,Yes,,3,,7,6,1,5,0,,8,5,1,4,0,,11,8,0,8,0,,8,8,,12,8,
100277.0,DOUGLAS GARDENS HOSPITAL,5200 NE 2ND AVE,MIAMI,FL,33137,MIAMI-DADE,(305) 751-8626,Acute Care Hospitals,Voluntary non-profit - Private,No,,Not Available,16,7,Not Available,Not Available,Not Available,Not Available,5,8,Not Available,Not Available,Not Available,Not Available,5,11,Not Available,Not Available,Not Available,Not Available,5,8,Not Available,5,12,2,
100292.0,SACRED HEART HOSPITAL ON THE EMERALD COAST,7800 US HWY 98 W,MIRAMAR BEACH,FL,32550,WALTON,(850) 278-3600,Acute Care Hospitals,Voluntary non-profit - Other,Yes,Y,4,,7,5,0,4,1,,8,5,1,4,0,,11,9,0,9,0,,8,8,,12,10,
100319.0,ADVENTHEALTH WESLEY CHAPEL,2600 BRUCE B DOWNS BLVD,WESLEY CHAPEL,FL,33544,PASCO,(813) 929-5000,Acute Care Hospitals,Voluntary non-profit - Private,Yes,Y,4,,7,6,1,5,0,,8,7,1,6,0,,11,8,0,8,0,,8,8,,12,11,
100363.0,ADVENTHEALTH PALM COAST PARKWAY,1 ADVENTHEALTH WAY,PALM COAST,FL,32137,FLAGLER,(386) 302-1800,Acute Care Hospitals,Voluntary non-profit - Private,Yes,,Not Available,16,7,Not Available,Not Available,Not Available,Not Available,5,8,1,1,0,0,,11,Not Available,Not Available,Not Available,Not Available,5,8,Not Available,5,12,2,
101311.0,MADISON COUNTY MEMORIAL HOSPITAL,224 NW CRANE AVE,MADISON,FL,32340,MADISON,(850) 973-2271,Critical Access Hospitals,Government - Hospital District or Authority,Yes,,Not Available,16,7,Not Available,Not Available,Not Available,Not Available,5,8,Not Available,Not Available,Not Available,Not Available,5,11,1,0,1,0,,8,Not Available,5,12,4,
104007.0,NORTHEAST FLORIDA STATE HOSPITAL,7487 S STATE RD 121,MACCLENNY,FL,32063,BAKER,(904) 330-2001,Psychiatric,Government - State,No,,Not Available,19,Not Available,Not Available,Not Available,Not Available,Not Available,19,Not Available,Not Available,Not Available,Not Available,Not Available,19,Not Available,Not Available,Not Available,Not Available,Not Available,19,Not Available,Not Available,19,Not Available,Not Available,19
104063.0,"WILLOUGH AT NAPLES, THE",9001 TAMIAMI TRAIL EAST,NAPLES,FL,34113,COLLIER,(239) 775-4500,Psychiatric,Proprietary,No,,Not Available,19,Not Available,Not Available,Not Available,Not Available,Not Available,19,Not Available,Not Available,Not Available,Not Available,Not Available,19,Not Available,Not Available,Not Available,Not Available,Not Available,19,Not Available,Not Available,19,Not Available,Not Available,19
104078.0,SUNCOAST BEHAVIORAL HEALTH CENTER,4480 51ST ST W,BRADENTON,FL,34210,MANATEE,(941) 251-5000,Psychiatric,Proprietary,No,,Not Available,19,Not Available,Not Available,Not Available,Not Available,Not Available,19,Not Available,Not Available,Not Available,Not Available,Not Available,19,Not Available,Not Available,Not Available,Not Available,Not Available,19,Not Available,Not Available,19,Not Available,Not Available,19
110006.0,ST MARY'S HOSPITAL,1230 BAXTER STREET,ATHENS,GA,30606,CLARKE,(706) 389-3000,Acute Care Hospitals,Voluntary non-profit - Private,Yes,Y,1,,7,6,0,6,0,,8,7,1,3,3,,11,8,0,8,0,,8,8,,12,10,
110025.0,SOUTHEAST GEORGIA HEALTH SYSTEM- BRUNSWICK CAMPUS,2415 PARKWOOD DRIVE,BRUNSWICK,GA,31520,GLYNN,(912) 466-7000,Acute Care Hospitals,Government - Hospital District or Authority,No,,1,,7,6,0,6,0,,8,8,1,5,2,,11,10,0,9,1,,8,8,,12,12,
110038.0,ARCHBOLD MEMORIAL HOSPITAL,915 GORDON AVENUE & MIMOSA DRIVE,THOMASVILLE,GA,31792,THOMAS,(229) 228-2880,Acute Care Hospitals,Voluntary non-profit - Private,Yes,Y,3,,7,6,0,6,0,,8,7,1,6,0,,11,10,0,9,1,,8,8,,12,11,
110064.0,PIEDMONT COLUMBUS REGIONAL MIDTOWN,710 CENTER STREET,COLUMBUS,GA,31901,MUSCOGEE,(706) 571-1000,Acute Care Hospitals,Voluntary non-profit - Other,Yes,Y,1,,7,6,0,4,2,,8,7,1,6,0,,11,9,0,8,1,,8,8,,12,9,
110083.0,"PIEDMONT HOSPITAL, INC",1968 PEACHTREE RD NW,ATLANTA,GA,30309,FULTON,(404) 605-5000,Acute Care Hospitals,Government - Federal,No,Y,4,,7,7,2,5,0,,8,8,2,6,0,,11,11,0,11,0,,8,8,,12,11,
110105.0,COLQUITT REGIONAL MEDICAL CENTER,3131 SOUTH MAIN STREET,MOULTRIE,GA,31768,COLQUITT,(229) 985-3420,Acute Care Hospitals,Government - Hospital District or Authority,No,Y,2,,7,5,0,5,0,,8,7,2,5,0,,11,8,0,6,2,,8,8,,12,10,
110129.0,ST FRANCIS HOSPITAL- EMORY HEALTHCARE,2122 MANCHESTER EXPRESSWAY,COLUMBUS,GA,31995,MUSCOGEE,(706) 596-4020,Acute Care Hospitals,Voluntary non-profit - Private,No,Y,3,,7,7,0,7,0,,8,7,1,6,0,,11,11,1,10,0,,8,8,,12,11,
110168.0,ADVENTHEALTH REDMOND,501 REDMOND ROAD NW,ROME,GA,30165,FLOYD,(706) 802-3012,Acute Care Hospitals,Proprietary,No,,4,,7,7,2,5,0,,8,7,1,6,0,,11,9,0,9,0,,8,8,,12,9,
110209.0,TURNING POINT HOSPITAL,3015 VETERANS PARKWAY,MOULTRIE,GA,31788,COLQUITT,(229) 985-4815,Acute Care Hospitals,Proprietary,No,,Not Available,16,7,Not Available,Not Available,Not Available,Not Available,5,8,1,0,1,0,,11,1,0,1,0,,8,Not Available,5,12,2,
110252.0,NORTHSIDE HOSPITAL DULUTH,3620 HOWELL FERRY ROAD,DULUTH,GA,30096,GWINNETT,(678) 312-1000,Acute Care Hospitals,Voluntary non-profit - Private,Yes,Y,3,,7,4,0,4,0,,8,5,0,5,0,,11,6,0,6,0,,8,8,,12,9,
111310.0,ATRIUM HEALTH NAVICENT PEACH,1960 HIGHWAY 247 CONNECTOR,BYRON,GA,31008,PEACH,(478) 654-2000,Critical Access Hospitals,Voluntary non-profit - Private,Yes,,3,,7,3,0,3,0,,8,1,0,1,0,,11,4,0,4,0,,8,8,,12,7,
111324.0,CHATUGE REGIONAL HOSPITAL,110 S MAIN STREET,HIAWASSEE,GA,30546,TOWNS,(706) 896-2222,Critical Access Hospitals,Government - Hospital District or Authority,Yes,,Not Available,16,7,1,0,1,0,,8,Not Available,Not Available,Not Available,Not Available,5,11,3,0,3,0,,8,Not Available,5,12,5,
111334.0,CANDLER COUNTY HOSPITAL,400 CEDAR STREET,METTER,GA,30439,CANDLER,(912) 685-5741,Critical Access Hospitals,Proprietary,Yes,,Not Available,16,7,Not Available,Not Available,Not Available,Not Available,5,8,Not Available,Not Available,Not Available,Not Available,5,11,2,0,2,0,,8,Not Available,5,12,7,
114013.0,WEST CENTRAL GEORGIA REGIONAL HOSPITAL,3000 SCHATULGA RD BOX 12435,COLUMBUS,GA,31917,MUSCOGEE,(706) 568-5203,Psychiatric,Government - State,No,,Not Available,19,Not Available,Not Available,Not Available,Not Available,Not Available,19,Not Available,Not Available,Not Available,Not Available,Not Available,19,Not Available,Not Available,Not Available,Not Available,Not Available,19,Not Available,Not Available,19,Not Available,Not Available,19
120002.0,MAUI MEMORIAL MEDICAL CENTER,221 MAHALANI STREET,WAILUKU,HI,96793,MAUI,(808) 244-9056,Acute Care Hospitals,Government - State,No,Y,3,,7,6,0,6,0,,8,6,1,5,0,,11,9,0,9,0,,8,8,,12,11,
121300.0,KAUAI VETERANS MEMORIAL HOSPITAL,4643 WAIMEA CANYON DRIVE,WAIMEA,HI,96796,KAUAI,(808) 338-9431,Critical Access Hospitals,Government - State,Yes,Y,Not Available,16,7,Not Available,Not Available,Not Available,Not Available,5,8,1,0,1,0,,11,2,0,2,0,,8,Not Available,5,12,9,
123301.0,SHRINERS HOSPITAL FOR CHILDREN,1310 PUNAHOU STREET,HONOLULU,HI,96826,HONOLULU,(808) 941-4466,Childrens,Voluntary non-profit - Private,No,,Not Available,19,Not Available,Not Available,Not Available,Not Available,Not Available,19,Not Available,Not Available,Not Available,Not Available,Not Available,19,Not Available,Not Available,Not Available,Not Available,Not Available,19,Not Available,Not Available,19,Not Available,Not Available,19
130028.0,PORTNEUF MEDICAL CENTER,777 HOSPITAL WAY,POCATELLO,ID,83201,BANNOCK,(208) 239-1000,Acute Care Hospitals,Proprietary,Yes,Y,3,,7,7,0,7,0,,8,7,2,5,0,,11,11,0,11,0,,8,8,,12,11,
131302.0,NORTH CANYON MEDICAL CENTER,267 NORTH CANYON DR,GOODING,ID,83330,GOODING,(208) 934-4433,Critical Access Hospitals,Voluntary non-profit - Private,No,,Not Available,16,7,1,0,1,0,,8,Not Available,Not Available,Not Available,Not Available,5,11,2,1,1,0,,8,Not Available,5,12,6,
131314.0,SHOSHONE MEDICAL CENTER,25 JACOBS GULCH ROAD,KELLOGG,ID,83837,SHOSHONE,(208) 784-1221,Critical Access Hospitals,Government - Hospital District or Authority,Yes,,Not Available,16,7,1,0,1,0,,8,Not Available,Not Available,Not Available,Not Available,5,11,4,0,4,0,,8,Not Available,5,12,3,
131324.0,LOST RIVERS MEDICAL CENTER,551 HIGHLAND DRIVE,ARCO,ID,83213,BUTTE,(208) 252-7654,Critical Access Hospitals,Government - Hospital District or Authority,Yes,,Not Available,16,7,Not Available,Not Available,Not Available,Not Available,5,8,Not Available,Not Available,Not Available,Not Available,5,11,Not Available,Not Available,Not Available,Not Available,5,8,Not Available,5,12,4,
140002.0,ALTON MEMORIAL HOSPITAL,ONE MEMORIAL DRIVE,ALTON,IL,62002,MADISON,(314) 286-2227,Acute Care Hospitals,Voluntary non-profit - Private,Yes,Y,4,,7,5,0,5,0,,8,7,0,7,0,,11,10,0,9,1,,8,8,,12,12,
140030.0,ADVOCATE SHERMAN HOSPITAL,1425 NORTH RANDALL ROAD,ELGIN,IL,60123,KANE,(847) 742-9800,Acute Care Hospitals,Voluntary non-profit - Private,Yes,Y,5,,7,7,2,5,0,,8,7,2,5,0,,11,10,0,10,0,,8,8,,12,11,
140059.0,JERSEY COMMUNITY HOSPITAL,400 MAPLE SUMMIT ROAD,JERSEYVILLE,IL,62052,JERSEY,(618) 498-6402,Acute Care Hospitals,Government - Local,Yes,,2,,7,3,0,3,0,,8,2,0,2,0,,11,7,0,7,0,,8,8,,12,9,
140083.0,LORETTO HOSPITAL,645 SOUTH CENTRAL AVE,CHICAGO,IL,60644,COOK,(773) 626-4300,Acute Care Hospitals,Voluntary non-profit - Other,Yes,,Not Available,16,7,Not Available,Not Available,Not Available,Not Available,5,8,2,0,2,0,,11,1,0,1,0,,8,Not Available,5,12,6,
140110.0,OSF SAINT ELIZABETH MDL CTR,1100 E NORRIS DRIVE,OTTAWA,IL,61350,LA SALLE,(815) 433-3100,Acute Care Hospitals,Voluntary non-profit - Private,Yes,Y,4,,7,4,0,3,1,,8,4,0,4,0,,11,8,1,7,0,,8,8,,12,11,
140125.0,GATEWAY REGIONAL MEDICAL CENTER,2100 MADISON AVENUE,GRANITE CITY,IL,62040,MADISON,(618) 798-3000,Acute Care Hospitals,Voluntary non-profit - Other,Yes,,1,,7,3,0,3,0,,8,3,0,3,0,,11,6,0,6,0,,8,8,,12,8,
140158.0,INSIGHT HOSPITAL AND MEDICAL CENTER CHICAGO,2525 S MICHIGAN AVE,CHICAGO,IL,60616,COOK,(312) 567-2000,Acute Care Hospitals,Voluntary non-profit - Private,Yes,,1,,7,3,0,3,0,,8,2,0,2,0,,11,5,0,4,1,,8,8,,12,6,
140180.0,PRESENCE SAINTS MARY AND ELIZABETH MEDICAL CENTER,2233 W DIVISION ST,CHICAGO,IL,60622,COOK,(312) 770-2000,Acute Care Hospitals,Voluntary non-profit - Church,Yes,Y,3,,7,6,0,6,0,,8,5,1,4,0,,11,8,0,6,2,,8,8,,12,9,
140200.0,ELMHURST MEMORIAL HOSPITAL,155 EAST BRUSH HILL ROAD,ELMHURST,IL,60126,DU PAGE,(331) 221-1000,Acute Care Hospitals,Proprietary,Yes,Y,4,,7,7,1,6,0,,8,8,3,5,0,,11,11,0,10,1,,8,8,,12,11,
140224.0,PRESENCE SAINT JOSEPH HOSPITAL - CHICAGO,2900 NORTH LAKE SHORE DRIVE,CHICAGO,IL,60657,COOK,(773) 665-3000,Acute Care Hospitals,Voluntary non-profit - Church,Yes,Y,4,,7,5,0,5,0,,8,7,2,5,0,,11,8,0,8,0,,8,8,,12,9,
140276.0,LOYOLA UNIVERSITY MEDICAL CENTER,2160 S 1ST AVENUE,MAYWOOD,IL,60153,COOK,(708) 216-9000,Acute Care Hospitals,Voluntary non-profit - Private,Yes,Y,3,,7,7,1,6,0,,8,8,2,6,0,,11,11,0,8,3,,8,8,,12,11,
140300.0,PROVIDENT HOSPITAL OF CHICAGO,500 E 51ST ST,CHICAGO,IL,60615,COOK,(312) 572-2000,Acute Care Hospitals,Government - Local,Yes,,Not Available,16,7,Not Available,Not Available,Not Available,Not Available,5,8,1,0,1,0,,11,1,0,1,0,,8,Not Available,5,12,8,
141307.0,PINCKNEYVILLE COMMUNITY HOSPITAL,5383 STATE ROUTE 154,PINCKNEYVILLE,IL,62274,PERRY,(618) 357-2187,Critical Access Hospitals,Government - Hospital District or Authority,Yes,,Not Available,16,7,1,0,1,0,,8,Not Available,Not Available,Not Available,Not Available,5,11,2,0,2,0,,8,Not Available,5,12,6,
141318.0,OSF HOLY FAMILY MEDICAL CENTER,1000 W HARLEM AVENUE,MONMOUTH,IL,61462,WARREN,(309) 734-3141,Critical Access Hospitals,Voluntary non-profit - Church,Yes,,Not Available,16,7,2,0,2,0,,8,Not Available,Not Available,Not Available,Not Available,5,11,4,0,4,0,,8,Not Available,5,12,9,
141328.0,HARDIN COUNTY GENERAL HOSPITAL & CLINIC,FERRELL ROAD,ROSICLARE,IL,62982,HARDIN,(618) 285-6634,Critical Access Hospitals,Voluntary non-profit - Private,Yes,,2,,7,3,0,3,0,,8,Not Available,Not Available,Not Available,Not Available,5,11,4,0,4,0,,8,Not Available,5,12,4,
141338.0,MEMORIAL HOSPITAL,1900 STATE ST,CHESTER,IL,62233,RANDOLPH,(618) 826-4581,Critical Access Hospitals,Government - Hospital District or Authority,Yes,,Not Available,16,7,1,0,1,0,,8,Not Available,Not Available,Not Available,Not Available,5,11,3,0,3,0,,8,Not Available,5,12,6,
141348.0,RED BUD REGIONAL HOSPITAL,325 SPRING STREET,RED BUD,IL,62278,RANDOLPH,(618) 282-3831,Critical Access Hospitals,Proprietary,Yes,,Not Available,16,7,2,1,1,0,,8,2,0,2,0,,11,4,0,4,0,,8,8,,12,8,
143302.0,SHRINERS HOSPITAL FOR CHILDREN,2211 NORTH OAK PARK AVE,CHICAGO,IL,60707,COOK,(773) 622-5400,Childrens,Voluntary non-profit - Private,No,,Not Available,19,Not Available,Not Available,Not Available,Not Available,Not Available,19,Not Available,Not Available,Not Available,Not Available,Not Available,19,Not Available,Not Available,Not Available,Not Available,Not Available,19,Not Available,Not Available,19,Not Available,Not Available,19
144035.0,LINDEN OAKS AT EDWARD,852 S WEST STREET,NAPERVILLE,IL,60540,DU PAGE,(630) 305-5500,Psychiatric,Voluntary non-profit - Private,No,,Not Available,19,Not Available,Not Available,Not Available,Not Available,Not Available,19,Not Available,Not Available,Not Available,Not Available,Not Available,19,Not Available,Not Available,Not Available,Not Available,Not Available,19,Not Available,Not Available,19,Not Available,Not Available,19
150005.0,HENDRICKS REGIONAL HEALTH,1000 E MAIN ST,DANVILLE,IN,46122,HENDRICKS,(317) 745-4451,Acute Care Hospitals,Government - Local,Yes,Y,5,,7,5,0,5,0,,8,7,0,7,0,,11,10,0,10,0,,8,8,,12,12,
150018.0,ELKHART GENERAL HOSPITAL,600 E BLVD,ELKHART,IN,46514,ELKHART,(574) 294-2621,Acute Care Hospitals,Government - Local,Yes,Y,4,,7,7,0,7,0,,8,8,1,7,0,,11,11,0,10,1,,8,8,,12,11,
150042.0,GOOD SAMARITAN HOSPITAL,520 S 7TH ST,VINCENNES,IN,47591,KNOX,(812) 882-5220,Acute Care Hospitals,Voluntary non-profit - Other,Yes,Y,3,,7,5,0,4,1,,8,6,0,6,0,,11,10,0,10,0,,8,8,,12,11,
150059.0,RIVERVIEW HEALTH,395 WESTFIELD RD,NOBLESVILLE,IN,46060,HAMILTON,(317) 773-0760,Acute Care Hospitals,Government - Local,Yes,Y,3,,7,5,0,5,0,,8,5,0,5,0,,11,9,1,8,0,,8,8,,12,11,
150086.0,ST ELIZABETH DEARBORN HOSPITAL,600 WILSON CREEK RD,LAWRENCEBURG,IN,47025,DEARBORN,(812) 537-1010,Acute Care Hospitals,Government - Local,Yes,,5,,7,5,0,5,0,,8,5,0,5,0,,11,7,1,6,0,,8,8,,12,11,
150109.0,FRANCISCAN HEALTH LAFAYETTE,1701 S CREASY LN,LAFAYETTE,IN,47905,TIPPECANOE,(765) 502-4334,Acute Care Hospitals,Voluntary non-profit - Church,Yes,Y,3,,7,7,0,6,1,,8,7,1,6,0,,11,11,2,9,0,,8,8,,12,11,
150150.0,DUPONT HOSPITAL LLC,2520 E DUPONT RD,FORT WAYNE,IN,46825,ALLEN,(260) 416-3000,Acute Care Hospitals,Proprietary,Yes,Y,3,,7,2,0,2,0,,8,6,1,5,0,,11,6,1,5,0,,8,8,,12,10,
150168.0,THE ORTHOPAEDIC HOSPITAL OF LUTHERAN HEALTH NETWOR,7952 W JEFFERSON BLVD,FT WAYNE,IN,46804,ALLEN,(260) 435-2999,Acute Care Hospitals,Proprietary,No,,Not Available,16,7,Not Available,Not Available,Not Available,Not Available,5,8,2,0,2,0,,11,3,1,2,0,,8,8,,12,4,
151300.0,COMMUNITY HOSPITAL OF BREMEN INC,1020 HIGH RD,BREMEN,IN,46506,MARSHALL,(574) 546-2211,Critical Access Hospitals,Voluntary non-profit - Private,Yes,Y,Not Available,16,7,Not Available,Not Available,Not Available,Not Available,5,8,Not Available,Not Available,Not Available,Not Available,5,11,2,0,2,0,,8,8,,12,3,
151311.0,INDIANA UNIVERSITY HEALTH TIPTON HOSPITAL INC,1000 S MAIN ST,TIPTON,IN,46072,TIPTON,(765) 675-8500,Critical Access Hospitals,Voluntary non-profit - Other,Yes,,Not Available,16,7,2,0,2,0,,8,1,0,1,0,,11,6,0,6,0,,8,Not Available,5,12,7,
151322.0,PERRY COUNTY MEMORIAL HOSPITAL,8885 SR 237,TELL CITY,IN,47586,PERRY,(812) 547-7011,Critical Access Hospitals,Voluntary non-profit - Other,Yes,,3,,7,3,0,3,0,,8,Not Available,Not Available,Not Available,Not Available,5,11,5,1,4,0,,8,8,,12,6,
151332.0,DECATUR COUNTY MEMORIAL HOSPITAL,720 N LINCOLN ST,GREENSBURG,IN,47240,DECATUR,(812) 663-4331,Critical Access Hospitals,Government - Local,Yes,Y,3,,7,3,0,3,0,,8,1,0,1,0,,11,8,1,7,0,,8,8,,12,9,
154020.0,REGIONAL MENTAL HEALTH CENTER,8555 TAFT ST,MERRILLVILLE,IN,46410,LAKE,(219) 769-4005,Psychiatric,Voluntary non-profit - Private,Yes,,Not Available,19,Not Available,Not Available,Not Available,Not Available,Not Available,19,Not Available,Not Available,Not Available,Not Available,Not Available,19,Not Available,Not Available,Not Available,Not Available,Not Available,19,Not Available,Not Available,19,Not Available,Not Available,19
154054.0,HARSHA BEHAVIORAL CENTER INC,1980 E WOODSMALL DR,TERRE HAUTE,IN,47802,VIGO,(812) 298-8888,Psychiatric,Voluntary non-profit - Other,No,,Not Available,19,Not Available,Not Available,Not Available,Not Available,Not Available,19,Not Available,Not Available,Not Available,Not Available,Not Available,19,Not Available,Not Available,Not Available,Not Available,Not Available,19,Not Available,Not Available,19,Not Available,Not Available,19
154065.0,NEURO BEHAVIORAL HOSPITAL,9330 BROADWAY,CROWN POINT,IN,46307,LAKE,(574) 277-2630,Psychiatric,Proprietary,No,,Not Available,19,Not Available,Not Available,Not Available,Not Available,Not Available,19,Not Available,Not Available,Not Available,Not Available,Not Available,19,Not Available,Not Available,Not Available,Not Available,Not Available,19,Not Available,Not Available,19,Not Available,Not Available,19
160030.0,MARY GREELEY MEDICAL CENTER,1111 DUFF AVENUE,AMES,IA,50010,STORY,(515) 239-2011,Acute Care Hospitals,Government - Local,Yes,Y,4,,7,6,0,6,0,,8,7,0,7,0,,11,10,0,10,0,,8,8,,12,10,
160069.0,MERCYONE DUBUQUE MEDICAL CENTER,250 MERCY DRIVE,DUBUQUE,IA,52001,DUBUQUE,(563) 589-8000,Acute Care Hospitals,Voluntary non-profit - Church,Yes,Y,5,,7,7,0,7,0,,8,6,2,4,0,,11,7,2,5,0,,8,8,,12,10,
160117.0,FINLEY HOSPITAL,350 NORTH GRANDVIEW AVENUE,DUBUQUE,IA,52001,DUBUQUE,(563) 582-1881,Acute Care Hospitals,Voluntary non-profit - Private,Yes,Y,4,,7,5,0,5,0,,8,6,0,6,0,,11,7,0,7,0,,8,8,,12,10,
161306.0,JONES REGIONAL MEDICAL CENTER,1795 HIGHWAY 64 EAST,ANAMOSA,IA,52205,JONES,(319) 462-6131,Critical Access Hospitals,Voluntary non-profit - Private,Yes,,Not Available,16,7,2,0,2,0,,8,Not Available,Not Available,Not Available,Not Available,5,11,4,1,3,0,,8,8,,12,6,
161316.0,GUNDERSEN PALMER LUTHERAN HOSPITAL AND CLINICS,112 JEFFERSON STREET,WEST UNION,IA,52175,FAYETTE,(563) 422-3811,Critical Access Hospitals,Voluntary non-profit - Private,Yes,,Not Available,16,7,2,0,2,0,,8,Not Available,Not Available,Not Available,Not Available,5,11,3,0,3,0,,8,Not Available,5,12,6,
161326.0,MADISON COUNTY HEALTH CARE SYSTEM,300 WEST HUTCHINGS STREET,WINTERSET,IA,50273,MADISON,(515) 462-2373,Critical Access Hospitals,Government - Local,Yes,,Not Available,16,7,1,0,1,0,,8,Not Available,Not Available,Not Available,Not Available,5,11,3,0,3,0,,8,Not Available,5,12,5,
161336.0,HEGG MEMORIAL HEALTH CENTER,1202 21ST AVENUE,ROCK VALLEY,IA,51247,SIOUX,(712) 476-8000,Critical Access Hospitals,Voluntary non-profit - Private,Yes,,Not Available,16,7,1,0,1,0,,8,Not Available,Not Available,Not Available,Not Available,5,11,2,0,2,0,,8,Not Available,5,12,5,
161346.0,SIOUX CENTER HEALTH,1101 9TH STREET SE,SIOUX CENTER,IA,51250,SIOUX,(712) 722-1271,Critical Access Hospitals,Voluntary non-profit - Private,Yes,,Not Available,16,7,1,0,1,0,,8,Not Available,Not Available,Not Available,Not Available,5,11,5,0,5,0,,8,8,,12,5,
161356.0,HENRY COUNTY HEALTH CENTER,407 S WHITE ST,MOUNT PLEASANT,IA,52641,HENRY,(319) 385-3141,Critical Access Hospitals,Physician,Yes,,Not Available,16,7,1,0,1,0,,8,1,0,1,0,,11,2,0,2,0,,8,Not Available,5,12,3,
161366.0,SHENANDOAH MEDICAL CENTER,300 PERSHING AVENUE,SHENANDOAH,IA,51601,PAGE,(712) 246-1230,Critical Access Hospitals,Voluntary non-profit - Private,Yes,,Not Available,16,7,1,0,1,0,,8,Not Available,Not Available,Not Available,Not Available,5,11,5,0,5,0,,8,Not Available,5,12,6,
161376.0,CASS COUNTY MEMORIAL HOSPITAL,1501 EAST TENTH STREET,ATLANTIC,IA,50022,CASS,(712) 243-3250,Critical Access Hospitals,Government - Local,Yes,Y,4,,7,3,0,3,0,,8,3,0,3,0,,11,6,0,6,0,,8,8,,12,7,
164007.0,CLIVE BEHAVIORAL HEALTH,1450 NW 114TH STREET,CLIVE,IA,50325,POLK,(515) 553-6200,Psychiatric,Proprietary,No,,Not Available,19,Not Available,Not Available,Not Available,Not Available,Not Available,19,Not Available,Not Available,Not Available,Not Available,Not Available,19,Not Available,Not Available,Not Available,Not Available,Not Available,19,Not Available,Not Available,19,Not Available,Not Available,19
170027.0,PRATT REGIONAL MEDICAL CENTER,200 COMMODORE ST,PRATT,KS,67124,PRATT,(620) 450-1160,Acute Care Hospitals,Proprietary,Yes,Y,5,,7,3,0,3,0,,8,3,0,3,0,,11,6,1,5,0,,8,8,,12,10,
170120.0,LABETTE HEALTH,1902 SOUTH US HWY 59,PARSONS,KS,67357,LABETTE,(620) 421-4880,Acute Care Hospitals,Government - Local,Yes,Y,2,,7,3,0,2,1,,8,4,0,4,0,,11,7,1,6,0,,8,8,,12,11,
170185.0,SAINT LUKE'S SOUTH HOSPITAL,12300 METCALF AVENUE,OVERLAND PARK,KS,66213,JOHNSON,(913) 317-3303,Acute Care Hospitals,Voluntary non-profit - Other,Yes,,5,,7,5,0,5,0,,8,4,0,4,0,,11,8,1,7,0,,8,8,,12,10,
170199.0,MINIMALLY INVASIVE SURGERY HOSPITAL,11217 LAKEVIEW AVENUE,LENEXA,KS,66219,JOHNSON,(913) 322-7401,Acute Care Hospitals,Proprietary,No,,Not Available,16,7,Not Available,Not Available,Not Available,Not Available,5,8,1,0,1,0,,11,Not Available,Not Available,Not Available,Not Available,5,8,Not Available,5,12,2,
171303.0,LANE COUNTY HOSPITAL,235 WEST VINE  PO BOX 969,DIGHTON,KS,67839,LANE,(620) 397-5321,Critical Access Hospitals,Government - Hospital District or Authority,Yes,,Not Available,16,7,Not Available,Not Available,Not Available,Not Available,5,8,Not Available,Not Available,Not Available,Not Available,5,11,Not Available,Not Available,Not Available,Not Available,5,8,Not Available,5,12,3,
171314.0,F W HUSTON MEDICAL CENTER,408 DELAWARE STREET,WINCHESTER,KS,66097,JEFFERSON,(913) 774-4340,Critical Access Hospitals,Voluntary non-profit - Private,Yes,,Not Available,16,7,Not Available,Not Available,Not Available,Not Available,5,8,Not Available,Not Available,Not Available,Not Available,5,11,Not Available,Not Available,Not Available,Not Available,5,8,Not Available,5,12,2,
171325.0,GRAHAM COUNTY HOSPITAL,304 WEST PROUT STREET,HILL CITY,KS,67642,GRAHAM,(785) 421-2121,Critical Access Hospitals,Government - Local,Yes,,Not Available,16,7,1,0,1,0,,8,Not Available,Not Available,Not Available,Not Available,5,11,3,0,3,0,,8,Not Available,5,12,5,
171335.0,STEVENS COUNTY HOSPITAL,1006 SOUTH JACKSON STREET,HUGOTON,KS,67951,STEVENS,(620) 544-8511,Critical Access Hospitals,Government - Local,Yes,,Not Available,16,7,1,0,1,0,,8,Not Available,Not Available,Not Available,Not Available,5,11,3,0,3,0,,8,Not Available,5,12,4,
171347.0,SHERIDAN COUNTY HOSPITAL,826  18TH STREET,HOXIE,KS,67740,SHERIDAN,(785) 675-3281,Critical Access Hospitals,Government - Local,Yes,,Not Available,16,7,1,0,1,0,,8,Not Available,Not Available,Not Available,Not Available,5,11,2,0,2,0,,8,Not Available,5,12,3,
171357.0,HILLSBORO COMMUNITY HOSPITAL,101 INDUSTRIAL ROAD,HILLSBORO,KS,67063,MARION,(620) 947-3114,Critical Access Hospitals,Proprietary,No,,Not Available,16,7,1,0,1,0,,8,Not Available,Not Available,Not Available,Not Available,5,11,2,0,2,0,,8,Not Available,5,12,5,
171368.0,MINNEOLA DISTRICT HOSPITAL,212 MAIN,MINNEOLA,KS,67865,FORD,(620) 885-4264,Critical Access Hospitals,Government - Hospital District or Authority,Yes,,Not Available,16,7,1,0,1,0,,8,Not Available,Not Available,Not Available,Not Available,5,11,2,0,2,0,,8,Not Available,5,12,5,
171378.0,KINGMAN HEALTHCARE CENTER,750 W AVE D,KINGMAN,KS,67068,KINGMAN,(620) 532-3147,Critical Access Hospitals,Voluntary non-profit - Private,Yes,,Not Available,16,7,1,0,1,0,,8,Not Available,Not Available,Not Available,Not Available,5,11,2,0,2,0,,8,Not Available,5,12,5,
173300.0,CHILDREN'S MERCY SOUTH,5808 W 110TH STREET,OVERLAND PARK,KS,66211,JOHNSON,(913) 696-8000,Childrens,Voluntary non-profit - Private,No,,Not Available,19,Not Available,Not Available,Not Available,Not Available,Not Available,19,Not Available,Not Available,Not Available,Not Available,Not Available,19,Not Available,Not Available,Not Available,Not Available,Not Available,19,Not Available,Not Available,19,Not Available,Not Available,19
180005.0,HIGHLANDS ARH REGIONAL MEDICAL CENTER,5000 KENTUCKY ROUTE 321,PRESTONSBURG,KY,41653,FLOYD,(606) 886-8511,Acute Care Hospitals,Proprietary,Yes,Y,2,,7,5,0,5,0,,8,5,1,4,0,,11,9,0,8,1,,8,8,,12,9,
180020.0,MIDDLESBORO ARH HOSPITAL,3600 WEST CUMBERLAND AVENUE,MIDDLESBORO,KY,40965,BELL,(606) 242-1101,Acute Care Hospitals,Voluntary non-profit - Private,Yes,Y,2,,7,3,0,3,0,,8,2,0,2,0,,11,4,0,4,0,,8,8,,12,9,
180045.0,ST ELIZABETH FLORENCE,4900 HOUSTON ROAD,FLORENCE,KY,41042,BOONE,(859) 212-5220,Acute Care Hospitals,Voluntary non-profit - Private,Yes,,4,,7,6,0,6,0,,8,6,1,5,0,,11,6,0,5,1,,8,8,,12,10,
180069.0,TUG VALLEY ARH REGIONAL MEDICAL CENTER,260 HOSPITAL DRIVE,SOUTH WILLIAMSON,KY,41503,PIKE,(606) 237-1700,Acute Care Hospitals,Proprietary,Yes,,3,,7,3,0,3,0,,8,3,1,2,0,,11,5,0,3,2,,8,8,,12,8,
180102.0,MERCY HEALTH - LOURDES HOSPITAL,1530 LONE OAK ROAD,PADUCAH,KY,42003,MC CRACKEN,(270) 444-2444,Acute Care Hospitals,Voluntary non-profit - Church,Yes,Y,2,,7,7,0,7,0,,8,7,1,6,0,,11,11,0,11,0,,8,8,,12,12,
180132.0,LAKE CUMBERLAND REGIONAL HOSPITAL,305 LANGDON STREET,SOMERSET,KY,42503,PULASKI,(606) 679-7441,Acute Care Hospitals,Proprietary,Yes,Y,1,,7,6,0,6,0,,8,7,2,5,0,,11,7,0,6,1,,8,8,,12,12,
181305.0,ARH OUR LADY OF THE WAY,11203 MAIN STREET,MARTIN,KY,41649,FLOYD,(606) 285-6400,Critical Access Hospitals,Voluntary non-profit - Private,Yes,,Not Available,16,7,Not Available,Not Available,Not Available,Not Available,5,8,1,0,1,0,,11,2,0,1,1,,8,Not Available,5,12,8,
181317.0,CUMBERLAND COUNTY HOSPITAL,299 GLASGOW ROAD,BURKESVILLE,KY,42717,CUMBERLAND,(270) 864-2511,Critical Access Hospitals,Government - Local,Yes,,Not Available,16,7,1,0,1,0,,8,Not Available,Not Available,Not Available,Not Available,5,11,2,0,1,1,,8,Not Available,5,12,5,
181328.0,KNOX COUNTY HOSPITAL,80 HOSPITAL DRIVE,BARBOURVILLE,KY,40906,KNOX,(606) 546-4175,Critical Access Hospitals,Government - Local,Yes,,Not Available,16,7,2,0,2,0,,8,2,0,2,0,,11,4,0,3,1,,8,Not Available,5,12,8,
184007.0,THE BROOK HOSPITAL - DUPONT,1405 BROWNS LANE,LOUISVILLE,KY,40207,JEFFERSON,(502) 896-0495,Psychiatric,Voluntary non-profit - Private,No,,Not Available,19,Not Available,Not Available,Not Available,Not Available,Not Available,19,Not Available,Not Available,Not Available,Not Available,Not Available,19,Not Available,Not Available,Not Available,Not Available,Not Available,19,Not Available,Not Available,19,Not Available,Not Available,19
190006.0,OCHSNER UNIVERSITY HOSPITAL AND CLINICS,2390 WEST CONGRESS,LAFAYETTE,LA,70506,LAFAYETTE,(337) 261-6000,Acute Care Hospitals,Voluntary non-profit - Private,Yes,,1,,7,2,0,2,0,,8,4,1,2,1,,11,6,0,5,1,,8,8,,12,10,
190025.0,SAVOY MEDICAL CENTER,801 POINCIANA AVENUE,MAMOU,LA,70554,EVANGELINE,(337) 468-5261,Acute Care Hospitals,Voluntary non-profit - Other,Yes,,Not Available,16,7,1,0,1,0,,8,2,0,2,0,,11,5,0,5,0,,8,Not Available,5,12,8,
190046.0,TOURO INFIRMARY,1401 FOUCHER STREET,NEW ORLEANS,LA,70115,ORLEANS,(504) 897-8247,Acute Care Hospitals,Voluntary non-profit - Private,Yes,Y,3,,7,6,0,6,0,,8,8,1,6,1,,11,11,0,10,1,,8,8,,12,10,
190090.0,WINN PARISH MEDICAL CENTER,301 W BOUNDARY AVE,WINNFIELD,LA,71483,WINN,(318) 648-3000,Acute Care Hospitals,Proprietary,Yes,,Not Available,16,7,1,0,0,1,,8,Not Available,Not Available,Not Available,Not Available,5,11,3,0,3,0,,8,Not Available,5,12,8,
190128.0,WOMANS HOSPITAL,100 WOMAN'S WAY,BATON ROUGE,LA,70817,E. BATON ROUGE,(225) 927-1300,Acute Care Hospitals,Voluntary non-profit - Private,Yes,Y,3,,7,Not Available,Not Available,Not Available,Not Available,5,8,6,1,4,1,,11,5,0,5,0,,8,8,,12,8,
190183.0,LEONARD J CHABERT MEDICAL CENTER,1978 INDUSTRIAL BLVD,HOUMA,LA,70363,TERREBONNE,(985) 873-2200,Acute Care Hospitals,Voluntary non-profit - Other,Yes,,3,,7,2,0,2,0,,8,5,0,5,0,,11,7,0,6,1,,8,8,,12,8,
190255.0,PARK PLACE SURGICAL HOSPITAL,4811 AMBASSADOR CAFFERY PARKWAY,LAFAYETTE,LA,70508,LAFAYETTE,(337) 237-8119,Acute Care Hospitals,Physician,No,,Not Available,16,7,Not Available,Not Available,Not Available,Not Available,5,8,2,0,2,0,,11,2,1,1,0,,8,Not Available,5,12,4,
190302.0,"OMEGA HOSPITAL, LLC",2525 SEVERN AVENUE,METAIRIE,LA,70002,JEFFERSON,(504) 616-3897,Acute Care Hospitals,Physician,No,,Not Available,19,Not Available,Not Available,Not Available,Not Available,Not Available,19,Not Available,Not Available,Not Available,Not Available,Not Available,19,Not Available,Not Available,Not Available,Not Available,Not Available,19,Not Available,Not Available,19,Not Available,Not Available,19
191300.0,ST HELENA PARISH HOSPITAL,16874 HIGHWAY 43,GREENSBURG,LA,70441,ST. HELENA,(225) 222-6111,Critical Access Hospitals,Government - Hospital District or Authority,Yes,,Not Available,16,7,Not Available,Not Available,Not Available,Not Available,5,8,Not Available,Not Available,Not Available,Not Available,5,11,Not Available,Not Available,Not Available,Not Available,5,8,Not Available,5,12,4,
191311.0,BUNKIE GENERAL HOSPITAL,427 EVERGREEN STREET,BUNKIE,LA,71322,AVOYELLES,(318) 346-6681,Critical Access Hospitals,Government - Hospital District or Authority,Yes,,Not Available,16,7,Not Available,Not Available,Not Available,Not Available,5,8,Not Available,Not Available,Not Available,Not Available,5,11,Not Available,Not Available,Not Available,Not Available,5,8,Not Available,5,12,4,
191321.0,LALLIE KEMP MEDICAL CENTER,52579 HIGHWAY 51 SOUTH,INDEPENDENCE,LA,70443,TANGIPAHOA,(985) 878-1333,Critical Access Hospitals,Government - State,Yes,,Not Available,16,7,Not Available,Not Available,Not Available,Not Available,5,8,Not Available,Not Available,Not Available,Not Available,5,11,1,0,1,0,,8,Not Available,5,12,7,
194007.0,NORTHLAKE BEHAVIORAL HEALTH SYSTEM,23515 HIGHWAY 190,MANDEVILLE,LA,70470,ST. TAMMANY,(985) 626-6300,Psychiatric,Voluntary non-profit - Private,No,,Not Available,19,Not Available,Not Available,Not Available,Not Available,Not Available,19,Not Available,Not Available,Not Available,Not Available,Not Available,19,Not Available,Not Available,Not Available,Not Available,Not Available,19,Not Available,Not Available,19,Not Available,Not Available,19
194074.0,SERENITY SPRINGS SPECIALTY HOSPITAL,1495 FRAZIER ROAD,RUSTON,LA,71270,LINCOLN,(318) 202-3860,Psychiatric,Proprietary,No,,Not Available,19,Not Available,Not Available,Not Available,Not Available,Not Available,19,Not Available,Not Available,Not Available,Not Available,Not Available,19,Not Available,Not Available,Not Available,Not Available,Not Available,19,Not Available,Not Available,19,Not Available,Not Available,19
194088.0,"ST JAMES BEHAVIORAL HEALTH HOSPITAL, INC",3136 SOUTH ST LANDRY ROAD,GONZALES,LA,70737,ASCENSION,(225) 647-7524,Psychiatric,Physician,No,,Not Available,19,Not Available,Not Available,Not Available,Not Available,Not Available,19,Not Available,Not Available,Not Available,Not Available,Not Available,19,Not Available,Not Available,Not Available,Not Available,Not Available,19,Not Available,Not Available,19,Not Available,Not Available,19
194105.0,"APOLLO BEHAVIORAL HEALTH HOSPITAL, L L C",9938 AIRLINE HWY,BATON ROUGE,LA,70809,E. BATON ROUGE,(225) 663-2881,Psychiatric,Proprietary,No,,Not Available,19,Not Available,Not Available,Not Available,Not Available,Not Available,19,Not Available,Not Available,Not Available,Not Available,Not Available,19,Not Available,Not Available,Not Available,Not Available,Not Available,19,Not Available,Not Available,19,Not Available,Not Available,19
194118.0,MERCY BEHAVIORAL HOSPITAL,2810 US HWY 71 S,LECOMPTE,LA,71346,RAPIDES,(318) 443-4000,Psychiatric,Proprietary,No,,Not Available,19,Not Available,Not Available,Not Available,Not Available,Not Available,19,Not Available,Not Available,Not Available,Not Available,Not Available,19,Not Available,Not Available,Not Available,Not Available,Not Available,19,Not Available,Not Available,19,Not Available,Not Available,19
200031.0,CARY MEDICAL CENTER,"163 VAN BUREN RD, SUITE 1",CARIBOU,ME,4736,AROOSTOOK,(207) 498-3111,Acute Care Hospitals,Government - Local,Yes,Y,2,,7,4,0,4,0,,8,3,0,3,0,,11,8,0,7,1,,8,8,,12,9,
201302.0,LINCOLNHEALTH,35 MILES STREET,DAMARISCOTTA,ME,4543,LINCOLN,(207) 563-1234,Critical Access Hospitals,Voluntary non-profit - Private,Yes,Y,4,,7,4,0,4,0,,8,1,0,1,0,,11,4,0,4,0,,8,8,,12,8,
201312.0,MAINEHEALTH WALDO HOSPITAL,118 NORTHPORT AVE,BELFAST,ME,4915,WALDO,(207) 338-2500,Critical Access Hospitals,Voluntary non-profit - Private,Yes,Y,2,,7,3,0,3,0,,8,2,1,1,0,,11,6,0,6,0,,8,8,,12,7,
210001.0,MERITUS MEDICAL CENTER,11116 MEDICAL CAMPUS ROAD,HAGERSTOWN,MD,21742,WASHINGTON,(240) 313-9500,Acute Care Hospitals,Voluntary non-profit - Private,Yes,Y,2,,7,6,0,6,0,,8,8,1,5,2,,11,10,0,8,2,,8,8,,12,10,
210016.0,ADVENTIST HEALTHCARE WHITE OAK MEDICAL CENTER,11890 HEALING WAY,SILVER SPRING,MD,20904,MONTGOMERY,(240) 637-4000,Acute Care Hospitals,Voluntary non-profit - Private,Yes,Y,2,,7,7,0,7,0,,8,7,1,6,0,,11,9,0,6,3,,8,8,,12,10,
210030.0,UNIVERSITY OF MD SHORE MEDICAL CTR AT CHESTERTOWN,100 BROWN STREET,CHESTERTOWN,MD,21620,KENT,(410) 778-7668,Acute Care Hospitals,Voluntary non-profit - Private,Yes,,5,,7,3,0,3,0,,8,Not Available,Not Available,Not Available,Not Available,5,11,7,0,7,0,,8,Not Available,5,12,6,
210044.0,GREATER BALTIMORE MEDICAL CENTER,6701 NORTH  CHARLES STREET,BALTIMORE,MD,21204,BALTIMORE,(443) 849-2000,Acute Care Hospitals,Voluntary non-profit - Private,Yes,Y,4,,7,6,0,6,0,,8,8,2,5,1,,11,9,2,7,0,,8,8,,12,10,
210063.0,UNIVERSITY OF MD ST JOSEPH MEDICAL CENTER,7601 OSLER DRIVE,TOWSON,MD,21204,BALTIMORE,(410) 337-1000,Acute Care Hospitals,Voluntary non-profit - Private,Yes,Y,5,,7,7,1,6,0,,8,7,2,5,0,,11,9,1,8,0,,8,8,,12,11,
214018.0,SPRING GROVE HOSPITAL CENTER,55 WADE AVENUE,CATONSVILLE,MD,21228,BALTIMORE,(410) 402-6000,Psychiatric,Government - State,No,,Not Available,19,Not Available,Not Available,Not Available,Not Available,Not Available,19,Not Available,Not Available,Not Available,Not Available,Not Available,19,Not Available,Not Available,Not Available,Not Available,Not Available,19,Not Available,Not Available,19,Not Available,Not Available,19
220016.0,BAYSTATE FRANKLIN MEDICAL CENTER,164 HIGH STREET,GREENFIELD,MA,1301,FRANKLIN,(413) 773-0211,Acute Care Hospitals,Voluntary non-profit - Private,Yes,Y,4,,7,4,0,4,0,,8,3,1,2,0,,11,8,0,8,0,,8,8,,12,10,
220036.0,BOSTON MEDICAL CENTER-BRIGHTON,736 CAMBRIDGE STREET,BRIGHTON,MA,2135,SUFFOLK,(617) 789-3000,Acute Care Hospitals,Proprietary,Yes,Y,2,,7,7,0,6,1,,8,7,3,4,0,,11,9,1,5,3,,8,8,,12,10,
220071.0,MASSACHUSETTS GENERAL HOSPITAL,55 FRUIT STREET,BOSTON,MA,2114,SUFFOLK,(617) 726-2000,Acute Care Hospitals,Voluntary non-profit - Private,Yes,Y,5,,7,7,3,4,0,,8,8,2,6,0,,11,11,3,5,3,,8,8,,12,11,
220090.0,MILFORD REGIONAL MEDICAL CENTER,14 PROSPECT STREET,MILFORD,MA,1757,WORCESTER,(508) 473-1190,Acute Care Hospitals,Voluntary non-profit - Other,Yes,Y,3,,7,6,1,5,0,,8,7,1,6,0,,11,8,0,6,2,,8,8,,12,12,
220119.0,BRIGHAM AND WOMEN'S FAULKNER HOSPITAL,1153 CENTRE STREET,JAMAICA PLAIN,MA,2130,SUFFOLK,(617) 983-7000,Acute Care Hospitals,Voluntary non-profit - Private,Yes,,5,,7,5,4,1,0,,8,6,0,6,0,,11,9,1,8,0,,8,8,,12,11,
221303.0,ATHOL MEMORIAL HOSPITAL,2033 MAIN STREET,ATHOL,MA,1331,WORCESTER,(978) 249-3511,Critical Access Hospitals,Voluntary non-profit - Private,Yes,,4,,7,3,0,3,0,,8,1,0,1,0,,11,5,0,5,0,,8,Not Available,5,12,7,
224022.0,BOURNEWOOD HOSPITAL,300 SOUTH STREET,BROOKLINE,MA,2467,MIDDLESEX,(617) 469-0300,Psychiatric,Proprietary,No,,Not Available,19,Not Available,Not Available,Not Available,Not Available,Not Available,19,Not Available,Not Available,Not Available,Not Available,Not Available,19,Not Available,Not Available,Not Available,Not Available,Not Available,19,Not Available,Not Available,19,Not Available,Not Available,19
224044.0,WESTBOROUGH BEHAVIORAL HEALTHCARE HOSPITAL LLC,300 FRIBERG PARKWAY,WESTBOROUGH,MA,1581,WORCESTER,(508) 329-6300,Psychiatric,Proprietary,No,,Not Available,19,Not Available,Not Available,Not Available,Not Available,Not Available,19,Not Available,Not Available,Not Available,Not Available,Not Available,19,Not Available,Not Available,Not Available,Not Available,Not Available,19,Not Available,Not Available,19,Not Available,Not Available,19
230020.0,BEAUMONT HOSPITAL - DEARBORN,18101 OAKWOOD BLVD,DEARBORN,MI,48124,WAYNE,(313) 593-7125,Acute Care Hospitals,Voluntary non-profit - Private,Yes,Y,1,,7,7,1,6,0,,8,8,1,4,3,,11,11,0,8,3,,8,8,,12,10,
230038.0,SPECTRUM HEALTH,100 MICHIGAN ST NE,GRAND RAPIDS,MI,49503,KENT,(616) 391-1774,Acute Care Hospitals,Voluntary non-profit - Private,Yes,Y,5,,7,7,2,5,0,,8,8,3,5,0,,11,11,0,11,0,,8,8,,12,12,
230069.0,SAINT JOSEPH MERCY LIVINGSTON HOSPITAL,620 BYRON RD,HOWELL,MI,48843,LIVINGSTON,(517) 545-6000,Acute Care Hospitals,Voluntary non-profit - Other,Yes,,4,,7,4,0,4,0,,8,2,0,2,0,,11,8,0,8,0,,8,8,,12,10,
230092.0,HENRY FORD ALLEGIANCE HEALTH,205 N EAST AVE,JACKSON,MI,49201,JACKSON,(517) 788-4800,Acute Care Hospitals,Voluntary non-profit - Other,Yes,Y,3,,7,7,0,7,0,,8,7,2,5,0,,11,11,1,10,0,,8,8,,12,12,
230117.0,BORGESS MEDICAL CENTER,1521 GULL ROAD,KALAMAZOO,MI,49048,KALAMAZOO,(269) 226-7000,Acute Care Hospitals,Voluntary non-profit - Other,Yes,Y,3,,7,7,0,6,1,,8,7,2,5,0,,11,9,2,7,0,,8,8,,12,11,
230156.0,TRINITY HEALTH ANN ARBOR HOSPITAL,5301 E HURON RIVER DR,ANN ARBOR,MI,48106,WASHTENAW,(734) 712-3456,Acute Care Hospitals,Voluntary non-profit - Church,Yes,Y,4,,7,7,1,6,0,,8,8,1,6,1,,11,11,0,10,1,,8,8,,12,11,
230208.0,SPARROW CARSON HOSPITAL,406 EAST ELM ST,CARSON CITY,MI,48811,MONTCALM,(989) 584-3131,Acute Care Hospitals,Voluntary non-profit - Other,Yes,,4,,7,3,0,3,0,,8,2,0,2,0,,11,5,0,5,0,,8,8,,12,8,
230254.0,ASCENSION PROVIDENCE ROCHESTER HOSPITAL,1101 W UNIVERSITY DRIVE,ROCHESTER,MI,48307,OAKLAND,(248) 652-5000,Acute Care Hospitals,Voluntary non-profit - Private,Yes,Y,2,,7,7,0,7,0,,8,8,1,6,1,,11,9,0,8,1,,8,8,,12,9,
230301.0,SURGEONS CHOICE MEDICAL CENTER,22401 FOSTER WINTER DRIVE,SOUTHFIELD,MI,48075,OAKLAND,(248) 423-5110,Acute Care Hospitals,Proprietary,No,,Not Available,16,7,Not Available,Not Available,Not Available,Not Available,5,8,1,0,1,0,,11,2,0,2,0,,8,Not Available,5,12,3,
231307.0,BARAGA COUNTY MEMORIAL HOSPITAL,18341 US HIGHWAY 41,L' ANSE,MI,49946,BARAGA,(906) 524-3300,Critical Access Hospitals,Government - Local,Yes,,Not Available,16,7,1,0,1,0,,8,Not Available,Not Available,Not Available,Not Available,5,11,2,0,2,0,,8,Not Available,5,12,4,
231319.0,ASPIRUS KEWEENAW HOSPITAL AND CLINICS,205 OSCEOLA,LAURIUM,MI,49913,HOUGHTON,(906) 337-6500,Critical Access Hospitals,Voluntary non-profit - Private,Yes,Y,Not Available,16,7,2,0,2,0,,8,Not Available,Not Available,Not Available,Not Available,5,11,5,0,5,0,,8,Not Available,5,12,7,
231329.0,MCLAREN CARO REGION,401 N HOOPER ST,CARO,MI,48723,TUSCOLA,(989) 673-3141,Critical Access Hospitals,Voluntary non-profit - Private,Yes,,Not Available,16,7,Not Available,Not Available,Not Available,Not Available,5,8,Not Available,Not Available,Not Available,Not Available,5,11,1,0,1,0,,8,Not Available,5,12,4,
234006.0,PINE REST CHRISTIAN MENTAL HEALTH SERVICES,"300 - 68TH STREET, SE",GRAND RAPIDS,MI,49548,KENT,(616) 455-5000,Psychiatric,Government - Federal,No,,Not Available,19,Not Available,Not Available,Not Available,Not Available,Not Available,19,Not Available,Not Available,Not Available,Not Available,Not Available,19,Not Available,Not Available,Not Available,Not Available,Not Available,19,Not Available,Not Available,19,Not Available,Not Available,19
234041.0,THE CENTER FOR FORENSIC PSYCHIATRY,8303 PLATT ROAD,SALINE,MI,48176,WASHTENAW,(734) 429-2531,Psychiatric,Government - State,No,,Not Available,19,Not Available,Not Available,Not Available,Not Available,Not Available,19,Not Available,Not Available,Not Available,Not Available,Not Available,19,Not Available,Not Available,Not Available,Not Available,Not Available,19,Not Available,Not Available,19,Not Available,Not Available,19
240010.0,MAYO CLINIC HOSPITAL ROCHESTER,1216 SECOND STREET SOUTHWEST,ROCHESTER,MN,55902,OLMSTED,(507) 255-5123,Acute Care Hospitals,Voluntary non-profit - Church,Yes,Y,5,,7,7,7,0,0,,8,8,6,2,0,,11,11,4,7,0,,8,8,,12,11,
240043.0,MAYO CLINIC HEALTH SYSTEM - ALBERT LEA AND AUSTIN,404 WEST FOUNTAIN STREET,ALBERT LEA,MN,56007,FREEBORN,(507) 377-6490,Acute Care Hospitals,Voluntary non-profit - Private,Yes,Y,5,,7,4,2,2,0,,8,4,1,3,0,,11,9,1,8,0,,8,8,,12,11,
240069.0,OWATONNA HOSPITAL,2250 26TH STREET NORTHWEST,OWATONNA,MN,55060,STEELE,(507) 451-3850,Acute Care Hospitals,Voluntary non-profit - Other,Yes,Y,3,,7,2,0,2,0,,8,3,0,3,0,,11,6,1,5,0,,8,8,,12,10,
240101.0,ESSENTIA HEALTH ST MARYS - DETROIT LAKES,1027 WASHINGTON AVE,DETROIT LAKES,MN,56501,BECKER,(218) 847-0888,Acute Care Hospitals,Voluntary non-profit - Church,No,Y,4,,7,3,0,3,0,,8,2,1,1,0,,11,8,1,7,0,,8,8,,12,11,
240213.0,M HEALTH FAIRVIEW WOODWINDS HOSPITAL,1925 WOODWINDS DRIVE,WOODBURY,MN,55125,WASHINGTON,(651) 232-2185,Acute Care Hospitals,Voluntary non-profit - Private,Yes,Y,5,,7,3,0,3,0,,8,6,1,5,0,,11,9,0,9,0,,8,8,,12,11,
241309.0,ESSENTIA HEALTH SANDSTONE,705 LUNDORFF DRIVE SOUTH,SANDSTONE,MN,55072,PINE,(218) 786-1367,Critical Access Hospitals,Voluntary non-profit - Private,Yes,,Not Available,16,7,Not Available,Not Available,Not Available,Not Available,5,8,Not Available,Not Available,Not Available,Not Available,5,11,1,0,1,0,,8,Not Available,5,12,7,
241320.0,RIVERVIEW HOSPITAL,323 SOUTH MINNESOTA,CROOKSTON,MN,56716,POLK,(218) 281-9200,Critical Access Hospitals,Voluntary non-profit - Private,Yes,,Not Available,16,7,1,0,1,0,,8,Not Available,Not Available,Not Available,Not Available,5,11,2,0,2,0,,8,8,,12,5,
241332.0,WINDOM AREA HEALTH,"2150 HOSPITAL DRIVE, PO BOX 339",WINDOM,MN,56101,COTTONWOOD,(507) 831-2400,Critical Access Hospitals,Government - Local,Yes,,Not Available,16,7,Not Available,Not Available,Not Available,Not Available,5,8,1,0,1,0,,11,3,0,3,0,,8,Not Available,5,12,6,
241342.0,ORTONVILLE AREA HEALTH SERVICES,450 EASTVOLD AVE,ORTONVILLE,MN,56278,BIG STONE,(320) 839-2502,Critical Access Hospitals,Government - Local,Yes,Y,Not Available,16,7,1,0,1,0,,8,Not Available,Not Available,Not Available,Not Available,5,11,4,0,4,0,,8,Not Available,5,12,6,
241353.0,CUYUNA REGIONAL MEDICAL CENTER,320 EAST MAIN STREET,CROSBY,MN,56441,CROW WING,(218) 546-2300,Critical Access Hospitals,Government - Hospital District or Authority,Yes,Y,Not Available,16,7,1,0,1,0,,8,2,0,2,0,,11,6,0,6,0,,8,8,,12,7,
241363.0,STEVENS COMMUNITY MEDICAL CENTER,400 EAST FIRST STREET,MORRIS,MN,56267,STEVENS,(320) 589-1313,Critical Access Hospitals,Voluntary non-profit - Private,Yes,Y,Not Available,16,7,1,0,1,0,,8,1,0,1,0,,11,3,1,2,0,,8,8,,12,4,
241373.0,PERHAM HEALTH,1000 CONEY STREET WEST,PERHAM,MN,56573,OTTER TAIL,(218) 347-4500,Critical Access Hospitals,Government - Hospital District or Authority,Yes,,Not Available,16,7,2,0,2,0,,8,1,0,1,0,,11,5,0,5,0,,8,8,,12,8,
243302.0,CHILDREN'S HOSPITALS & CLINICS OF MN,2525 CHICAGO AVENUE SOUTH,MINNEAPOLIS,MN,55404,HENNEPIN,(612) 813-6112,Childrens,Voluntary non-profit - Private,Yes,,Not Available,19,Not Available,Not Available,Not Available,Not Available,Not Available,19,Not Available,Not Available,Not Available,Not Available,Not Available,19,Not Available,Not Available,Not Available,Not Available,Not Available,19,Not Available,Not Available,19,Not Available,Not Available,19
250001.0,UNIVERSITY OF MISSISSIPPI MED CENTER,2500 N STATE ST,JACKSON,MS,39216,HINDS,(601) 984-4100,Acute Care Hospitals,Government - State,Yes,Y,2,,7,7,0,6,1,,8,8,3,4,1,,11,11,0,10,1,,8,8,,12,10,
250025.0,NORTH MISSISSIPPI MEDICAL CENTER-GILMORE AMORY,1105 EARL FRYE BLVD,AMORY,MS,38821,MONROE,(662) 256-7111,Acute Care Hospitals,Proprietary,Yes,Y,4,,7,3,0,2,1,,8,4,1,3,0,,11,6,1,5,0,,8,8,,12,9,
250048.0,ST DOMINIC-JACKSON MEMORIAL HOSPITAL,969 LAKELAND DR,JACKSON,MS,39216,HINDS,(601) 200-2000,Acute Care Hospitals,Voluntary non-profit - Church,Yes,Y,1,,7,7,0,4,3,,8,8,2,6,0,,11,11,0,9,2,,8,8,,12,9,
250078.0,FORREST GENERAL HOSPITAL,6051 US HIGHWAY 49,HATTIESBURG,MS,39401,FORREST,(601) 288-7000,Acute Care Hospitals,Government - Local,Yes,Y,2,,7,7,0,6,1,,8,8,3,5,0,,11,11,0,10,1,,8,8,,12,10,
250099.0,GREENWOOD LEFLORE HOSPITAL,1401 RIVER RD,GREENWOOD,MS,38930,LEFLORE,(662) 459-7000,Acute Care Hospitals,Government - Local,Yes,,1,,7,5,0,5,0,,8,3,0,3,0,,11,7,0,7,0,,8,Not Available,5,12,11,
250138.0,MERIT HEALTH RIVER OAKS,1030 RIVER OAKS DRIVE,FLOWOOD,MS,39232,RANKIN,(601) 932-1030,Acute Care Hospitals,Proprietary,Yes,Y,1,,7,3,0,3,0,,8,6,0,6,0,,11,7,0,6,1,,8,8,,12,10,
250781.0,PANOLA MEDICAL CENTER,303 MEDICAL CENTER DRIVE,BATESVILLE,MS,38606,PANOLA,(662) 563-5611,Rural Emergency Hospital,Proprietary,Yes,,Not Available,19,Not Available,Not Available,Not Available,Not Available,Not Available,19,Not Available,Not Available,Not Available,Not Available,Not Available,19,Not Available,Not Available,Not Available,Not Available,Not Available,19,Not Available,Not Available,19,Not Available,Not Available,19
251308.0,PONTOTOC HEALTH SERVICE INC CAH,176 SOUTH MAIN STREET,PONTOTOC,MS,38863,PONTOTOC,(662) 489-5510,Critical Access Hospitals,Voluntary non-profit - Private,Yes,,Not Available,16,7,1,0,1,0,,8,1,0,1,0,,11,2,0,2,0,,8,Not Available,5,12,7,
251322.0,OCHSNER LAIRD HOSPITAL,25117 HIGHWAY 15,UNION,MS,39365,NESHOBA,(601) 774-8214,Critical Access Hospitals,Voluntary non-profit - Private,Yes,,Not Available,16,7,Not Available,Not Available,Not Available,Not Available,5,8,Not Available,Not Available,Not Available,Not Available,5,11,1,0,1,0,,8,Not Available,5,12,5,
251335.0,OCHSNER STENNIS MEMORIAL HOSPITAL,14365 HIGHWAY 16 WEST,DE KALB,MS,39328,KEMPER,(769) 486-1000,Critical Access Hospitals,Voluntary non-profit - Private,Yes,,Not Available,16,7,Not Available,Not Available,Not Available,Not Available,5,8,Not Available,Not Available,Not Available,Not Available,5,11,1,0,1,0,,8,Not Available,5,12,5,
254011.0,GULFPORT BEHAVIORAL HEALTH  SYSTEM,11150 US HIGHWAY 49 NORTH,GPT,MS,39503,HARRISON,(228) 831-1700,Psychiatric,Proprietary,No,,Not Available,19,Not Available,Not Available,Not Available,Not Available,Not Available,19,Not Available,Not Available,Not Available,Not Available,Not Available,19,Not Available,Not Available,Not Available,Not Available,Not Available,19,Not Available,Not Available,19,Not Available,Not Available,19
260022.0,NORTHEAST REGIONAL MEDICAL CENTER,315 S OSTEOPATHY,KIRKSVILLE,MO,63501,ADAIR,(660) 785-1000,Acute Care Hospitals,Proprietary,Yes,Y,3,,7,4,0,4,0,,8,3,0,3,0,,11,6,0,6,0,,8,8,,12,10,
260057.0,CAMERON REGIONAL MEDICAL CENTER,1600 E EVERGREEN,CAMERON,MO,64429,CLINTON,(816) 632-2101,Acute Care Hospitals,Voluntary non-profit - Private,Yes,,3,,7,3,0,2,1,,8,4,0,4,0,,11,7,1,5,1,,8,8,,12,10,
260081.0,SSM ST CLARE HEALTH CENTER,1015 BOWLES,FENTON,MO,63026,JEFFERSON,(636) 496-2000,Acute Care Hospitals,Voluntary non-profit - Private,Yes,Y,3,,7,6,0,6,0,,8,7,1,6,0,,11,8,0,8,0,,8,8,,12,10,
260108.0,MISSOURI BAPTIST MEDICAL CENTER,3015 N BALLAS RD,SAINT LOUIS,MO,63131,ST. LOUIS,(314) 996-5000,Acute Care Hospitals,Voluntary non-profit - Private,Yes,Y,4,,7,7,2,5,0,,8,8,3,5,0,,11,11,0,10,1,,8,8,,12,11,
260163.0,PARKLAND HEALTH CENTER,1101 W LIBERTY,FARMINGTON,MO,63640,ST. FRANCOIS,(573) 431-6005,Acute Care Hospitals,Voluntary non-profit - Private,Yes,Y,4,,7,4,0,4,0,,8,4,0,4,0,,11,8,1,7,0,,8,8,,12,11,
260193.0,ST MARY'S MEDICAL CENTER,201 NW R D MIZE RD,BLUE SPRINGS,MO,64014,JACKSON,(816) 228-5900,Acute Care Hospitals,Proprietary,Yes,,3,,7,5,1,4,0,,8,3,0,3,0,,11,7,0,6,1,,8,8,,12,9,
261305.0,PUTNAM COUNTY MEMORIAL HOSPITAL,"1926 OAK STREET,  PO BOX 389",UNIONVILLE,MO,63565,PUTNAM,(660) 947-2411,Critical Access Hospitals,Government - Local,Yes,,Not Available,16,7,1,0,1,0,,8,Not Available,Not Available,Not Available,Not Available,5,11,2,0,2,0,,8,Not Available,5,12,4,
261316.0,MERCY HOSPITAL AURORA,500 PORTER AVENUE,AURORA,MO,65605,LAWRENCE,(417) 678-2122,Critical Access Hospitals,Voluntary non-profit - Church,Yes,Y,Not Available,16,7,1,0,0,1,,8,1,0,1,0,,11,3,0,3,0,,8,8,,12,8,
261327.0,RAY COUNTY MEMORIAL HOSPITAL,904 WOLLARD BOULEVARD,RICHMOND,MO,64085,RAY,(816) 470-5432,Critical Access Hospitals,Government - Local,Yes,,Not Available,16,7,Not Available,Not Available,Not Available,Not Available,5,8,Not Available,Not Available,Not Available,Not Available,5,11,2,0,2,0,,8,Not Available,5,12,4,
261338.0,MERCY HOSPITAL CARTHAGE,3125 DR RUSSELL SMITH WAY,CARTHAGE,MO,64836,JASPER,(417) 358-8121,Critical Access Hospitals,Voluntary non-profit - Private,Yes,,Not Available,16,7,2,0,2,0,,8,2,0,2,0,,11,5,0,5,0,,8,8,,12,7,
264010.0,ST LOUIS FORENSIC TREATMENT CENTER,5400 ARSENAL ST,SAINT LOUIS,MO,63139,ST. LOUIS,(314) 644-8000,Psychiatric,Government - State,No,,Not Available,19,Not Available,Not Available,Not Available,Not Available,Not Available,19,Not Available,Not Available,Not Available,Not Available,Not Available,19,Not Available,Not Available,Not Available,Not Available,Not Available,19,Not Available,Not Available,19,Not Available,Not Available,19
270004.0,BILLINGS CLINIC,2800 10TH AVE N,BILLINGS,MT,59101,YELLOWSTONE,(406) 657-4000,Acute Care Hospitals,Voluntary non-profit - Private,Yes,Y,4,,7,7,0,6,1,,8,8,2,6,0,,11,11,1,10,0,,8,8,,12,12,
271300.0,POPLAR COMMUNITY HOSPITAL,211 H ST E,POPLAR,MT,59255,ROOSEVELT,(406) 768-6100,Critical Access Hospitals,Voluntary non-profit - Private,Yes,,Not Available,16,7,Not Available,Not Available,Not Available,Not Available,5,8,Not Available,Not Available,Not Available,Not Available,5,11,Not Available,Not Available,Not Available,Not Available,5,8,Not Available,5,12,2,
271310.0,GARFIELD COUNTY HEALTH CENTER,332 LEAVITT AVE,JORDAN,MT,59337,GARFIELD,(406) 557-2500,Critical Access Hospitals,Government - Local,Yes,,Not Available,16,7,Not Available,Not Available,Not Available,Not Available,5,8,Not Available,Not Available,Not Available,Not Available,5,11,Not Available,Not Available,Not Available,Not Available,5,8,Not Available,5,12,1,
271320.0,CABINET PEAKS MEDICAL CENTER,209 HEALTH PARK DR,LIBBY,MT,59923,LINCOLN,(406) 283-7000,Critical Access Hospitals,Voluntary non-profit - Private,Yes,,Not Available,16,7,2,0,2,0,,8,Not Available,Not Available,Not Available,Not Available,5,11,4,0,4,0,,8,8,,12,5,
271330.0,STILLWATER BILLINGS CLINIC,710 N 11TH ST,COLUMBUS,MT,59019,STILLWATER,(406) 322-5316,Critical Access Hospitals,Voluntary non-profit - Private,Yes,,Not Available,16,7,Not Available,Not Available,Not Available,Not Available,5,8,Not Available,Not Available,Not Available,Not Available,5,11,1,0,1,0,,8,Not Available,5,12,3,
271340.0,BITTERROOT HEALTH - DALY HOSPITAL,1200 WESTWOOD DR,HAMILTON,MT,59840,RAVALLI,(406) 363-2211,Critical Access Hospitals,Voluntary non-profit - Private,Yes,,4,,7,3,0,3,0,,8,1,0,1,0,,11,8,2,6,0,,8,8,,12,4,
274004.0,SHODAIR CHILDREN'S HOSPITAL,2755 COLONIAL DR,HELENA,MT,59601,LEWIS AND CLARK,(406) 444-7500,Psychiatric,Voluntary non-profit - Private,No,,Not Available,19,Not Available,Not Available,Not Available,Not Available,Not Available,19,Not Available,Not Available,Not Available,Not Available,Not Available,19,Not Available,Not Available,Not Available,Not Available,Not Available,19,Not Available,Not Available,19,Not Available,Not Available,19
280061.0,REGIONAL WEST MEDICAL CENTER,4021 AVE B,SCOTTSBLUFF,NE,69361,SCOTT BLUFF,(308) 635-3711,Acute Care Hospitals,Voluntary non-profit - Private,Yes,Y,1,,7,6,0,6,0,,8,5,1,4,0,,11,8,0,6,2,,8,8,,12,12,
280130.0,CHI HEALTH LAKESIDE,16901 LAKESIDE HILLS CT,OMAHA,NE,68130,DOUGLAS,(402) 717-8000,Acute Care Hospitals,Voluntary non-profit - Church,Yes,Y,5,,7,5,0,5,0,,8,7,1,6,0,,11,8,1,7,0,,8,8,,12,11,
281303.0,NIOBRARA VALLEY HOSPITAL,"P O BOX 118, 401 SOUTH 5TH STREET",LYNCH,NE,68746,BOYD,(402) 569-2451,Critical Access Hospitals,Voluntary non-profit - Private,Yes,,Not Available,16,7,Not Available,Not Available,Not Available,Not Available,5,8,Not Available,Not Available,Not Available,Not Available,5,11,Not Available,Not Available,Not Available,Not Available,5,8,Not Available,5,12,1,
281313.0,GOTHENBURG HEALTH,PO BOX 469 910 20TH ST,GOTHENBURG,NE,69138,DAWSON,(308) 537-3661,Critical Access Hospitals,Government - Hospital District or Authority,Yes,Y,Not Available,16,7,1,0,1,0,,8,Not Available,Not Available,Not Available,Not Available,5,11,2,0,2,0,,8,Not Available,5,12,5,
281325.0,BROWN COUNTY HOSPITAL,945 EAST ZERO ST,AINSWORTH,NE,69210,BROWN,(402) 387-2800,Critical Access Hospitals,Government - Local,Yes,,Not Available,16,7,Not Available,Not Available,Not Available,Not Available,5,8,Not Available,Not Available,Not Available,Not Available,5,11,2,0,2,0,,8,Not Available,5,12,3,
281336.0,YORK GENERAL HEALTH CARE SERVICES,2222 LINCOLN AVE,YORK,NE,68467,YORK,(402) 362-6671,Critical Access Hospitals,Voluntary non-profit - Private,Yes,,4,,7,3,0,3,0,,8,Not Available,Not Available,Not Available,Not Available,5,11,8,0,8,0,,8,8,,12,5,
281347.0,OSMOND GENERAL HOSPITAL,402 NORTH MAPLE ST,OSMOND,NE,68765,PIERCE,(402) 748-3393,Critical Access Hospitals,Voluntary non-profit - Private,Yes,,Not Available,16,7,1,0,1,0,,8,Not Available,Not Available,Not Available,Not Available,5,11,3,0,3,0,,8,Not Available,5,12,4,
281357.0,SIDNEY REGIONAL MEDICAL CENTER,1000 POLE CREEK CROSSING,SIDNEY,NE,69162,CHEYENNE,(308) 254-5825,Critical Access Hospitals,Voluntary non-profit - Private,Yes,,Not Available,16,7,1,0,1,0,,8,Not Available,Not Available,Not Available,Not Available,5,11,4,0,4,0,,8,8,,12,2,
283301.0,CHILDREN'S NEBRASKA,8200 DODGE ST,OMAHA,NE,68114,DOUGLAS,(402) 955-5400,Childrens,Voluntary non-profit - Private,Yes,,Not Available,19,Not Available,Not Available,Not Available,Not Available,Not Available,19,Not Available,Not Available,Not Available,Not Available,Not Available,19,Not Available,Not Available,Not Available,Not Available,Not Available,19,Not Available,Not Available,19,Not Available,Not Available,19
290019.0,CARSON TAHOE REGIONAL MEDICAL CENTER,1600 MEDICAL PARKWAY,CARSON CITY,NV,89703,CARSON CITY,(775) 445-8000,Acute Care Hospitals,Voluntary non-profit - Private,Yes,Y,3,,7,7,0,6,1,,8,7,0,7,0,,11,11,1,10,0,,8,8,,12,11,
290053.0,SAINT ROSE DOMINICAN HOSPITALS - SAN MARTIN CAMPUS,8280 W WARM SPRINGS ROAD,LAS VEGAS,NV,89113,CLARK,(702) 492-8509,Acute Care Hospitals,Voluntary non-profit - Private,Yes,,3,,7,7,0,7,0,,8,6,1,4,1,,11,8,0,8,0,,8,8,,12,8,
291306.0,CARSON VALLEY HEALTH,1107 HIGHWAY 395,GARDNERVILLE,NV,89410,DOUGLAS,(775) 782-1500,Critical Access Hospitals,Voluntary non-profit - Private,Yes,,4,,7,4,0,4,0,,8,Not Available,Not Available,Not Available,Not Available,5,11,7,0,7,0,,8,8,,12,6,
294010.0,SPRING MOUNTAIN SAHARA,5460 WEST SAHARA,LAS VEGAS,NV,89146,CLARK,(702) 853-3000,Psychiatric,Proprietary,No,,Not Available,19,Not Available,Not Available,Not Available,Not Available,Not Available,19,Not Available,Not Available,Not Available,Not Available,Not Available,19,Not Available,Not Available,Not Available,Not Available,Not Available,19,Not Available,Not Available,19,Not Available,Not Available,19
300014.0,FRISBIE MEMORIAL HOSPITAL,11 WHITEHALL ROAD,ROCHESTER,NH,3867,STRAFFORD,(603) 332-5211,Acute Care Hospitals,Proprietary,Yes,,2,,7,4,0,4,0,,8,2,0,2,0,,11,6,0,5,1,,8,8,,12,8,
301302.0,LITTLETON REGIONAL HEALTHCARE,600 ST JOHNSBURY ROAD,LITTLETON,NH,3561,GRAFTON,(603) 444-9000,Critical Access Hospitals,Voluntary non-profit - Private,Yes,,2,,7,3,0,3,0,,8,2,0,1,1,,11,8,0,8,0,,8,8,,12,9,
301312.0,HUGGINS HOSPITAL,240 SOUTH MAIN STREET,WOLFEBORO,NH,3894,CARROLL,(603) 569-7500,Critical Access Hospitals,Voluntary non-profit - Private,Yes,,3,,7,4,0,4,0,,8,2,0,2,0,,11,5,0,5,0,,8,8,,12,5,
310010.0,UNIVERSITY MEDICAL CENTER OF PRINCETON AT PLAINSBORO,ONE-FIVE PLAINSBORO ROAD,PLAINSBORO,NJ,8536,MIDDLESEX,(609) 853-6500,Acute Care Hospitals,Voluntary non-profit - Private,Yes,Y,3,,7,6,1,5,0,,8,8,3,5,0,,11,10,1,7,2,,8,8,,12,11,
310025.0,CAREPOINT HEALTH - BAYONNE MEDICAL CENTER,29 EAST 29TH ST,BAYONNE,NJ,7002,HUDSON,(201) 858-5000,Acute Care Hospitals,Voluntary non-profit - Private,No,,2,,7,6,0,6,0,,8,6,0,6,0,,11,8,0,7,1,,8,8,,12,10,
310041.0,COMMUNITY MEDICAL CENTER,99 RT 37 WEST,TOMS RIVER,NJ,8755,OCEAN,(732) 557-8000,Acute Care Hospitals,Voluntary non-profit - Private,Yes,Y,1,,7,6,0,4,2,,8,8,3,5,0,,11,10,0,6,4,,8,8,,12,11,
310058.0,BERGEN NEW BRIDGE MEDICAL CENTER,230 EAST RIDGEWOOD AVE,PARAMUS,NJ,7652,BERGEN,(201) 967-4000,Acute Care Hospitals,Voluntary non-profit - Private,Yes,,Not Available,"16, 23",7,1,0,1,0,,8,2,1,1,0,23,11,3,0,2,1,,8,Not Available,5,12,6,
310083.0,CAREWELL HEALTH MEDICAL CENTER,300 CENTRAL AVE,EAST ORANGE,NJ,7018,ESSEX,(973) 672-8400,Acute Care Hospitals,Proprietary,Yes,,1,,7,3,0,3,0,,8,4,1,3,0,,11,4,0,3,1,,8,8,,12,8,
310115.0,AHS HOSPITAL CORP,651 WILLOW GROVE ST,HACKETTSTOWN,NJ,7840,WARREN,(908) 852-5100,Acute Care Hospitals,Voluntary non-profit - Private,Yes,,3,,7,6,0,6,0,,8,3,0,3,0,,11,8,0,7,1,,8,8,,12,10,
314012.0,HACKENSACK MERIDIAN HEALTH CARRIER CLINIC,252 ROUTE 601,BELLE MEAD,NJ,8502,SOMERSET,(908) 281-1000,Psychiatric,Voluntary non-profit - Private,No,,Not Available,19,Not Available,Not Available,Not Available,Not Available,Not Available,19,Not Available,Not Available,Not Available,Not Available,Not Available,19,Not Available,Not Available,Not Available,Not Available,Not Available,19,Not Available,Not Available,19,Not Available,Not Available,19
320001.0,UNM HOSPITAL,2211 LOMAS BOULEVARD NE,ALBUQUERQUE,NM,87106,BERNALILLO,(505) 272-2111,Acute Care Hospitals,Government - State,Yes,Y,2,,7,6,0,6,0,,8,7,2,4,1,,11,9,1,7,1,,8,8,,12,10,
320022.0,PLAINS REGIONAL MEDICAL CENTER,"2100 N MARTIN LUTHER KING, JR, BLVD",CLOVIS,NM,88101,CURRY,(575) 769-6332,Acute Care Hospitals,Voluntary non-profit - Private,Yes,Y,2,,7,4,0,4,0,,8,3,0,3,0,,11,9,0,8,1,,8,8,,12,10,
320074.0,LOVELACE WESTSIDE HOSPITAL,10501 GOLF COURSE ROAD NW,ALBUQUERQUE,NM,87114,BERNALILLO,(505) 727-2001,Acute Care Hospitals,Proprietary,Yes,,Not Available,16,7,2,0,2,0,,8,2,0,2,0,,11,5,0,5,0,,8,8,,12,8,
321304.0,UNION COUNTY GENERAL HOSPITAL,300 WILSON STREET,CLAYTON,NM,88415,UNION,(575) 374-7001,Critical Access Hospitals,Government - Local,Yes,,Not Available,16,7,Not Available,Not Available,Not Available,Not Available,5,8,Not Available,Not Available,Not Available,Not Available,5,11,1,0,1,0,,8,Not Available,5,12,1,
324010.0,"BHC MESILLA VALLEY HOSPITAL, LLC",3751 DEL REY BOULEVARD,LAS CRUCES,NM,88012,DONA ANA,(575) 382-6614,Psychiatric,Proprietary,No,,Not Available,19,Not Available,Not Available,Not Available,Not Available,Not Available,19,Not Available,Not Available,Not Available,Not Available,Not Available,19,Not Available,Not Available,Not Available,Not Available,Not Available,19,Not Available,Not Available,19,Not Available,Not Available,19
330019.0,"NEW YORK COMMUNITY HOSPITAL OF BROOKLYN, INC.",2525 KINGS HIGHWAY,BROOKLYN,NY,11229,KINGS,(718) 692-5302,Acute Care Hospitals,Voluntary non-profit - Private,Yes,,1,,7,6,0,6,0,,8,2,0,2,0,,11,6,0,3,3,,8,8,,12,8,
330046.0,MOUNT SINAI WEST,1000 TENTH AVENUE,NEW YORK,NY,10019,NEW YORK,(212) 523-4000,Acute Care Hospitals,Voluntary non-profit - Church,Yes,Y,3,,7,7,3,4,0,,8,8,2,6,0,,11,11,0,9,2,,8,8,,12,10,
330073.0,UNITED MEMORIAL MEDICAL CENTER,127 NORTH STREET,BATAVIA,NY,14020,GENESEE,(585) 343-6030,Acute Care Hospitals,Voluntary non-profit - Private,Yes,Y,3,,7,3,0,3,0,,8,6,0,6,0,,11,9,0,8,1,,8,8,,12,9,
330100.0,NY EYE AND EAR INFIRMARY OF MOUNT SINAI,230 SECOND AVE,NEW YORK,NY,10003,NEW YORK,(212) 979-4000,Acute Care Hospitals,Voluntary non-profit - Private,No,,Not Available,16,7,Not Available,Not Available,Not Available,Not Available,5,8,Not Available,Not Available,Not Available,Not Available,5,11,1,0,1,0,,8,Not Available,5,12,3,
330125.0,ROCHESTER GENERAL HOSPITAL,1425 PORTLAND AVENUE,ROCHESTER,NY,14621,MONROE,(585) 922-4000,Acute Care Hospitals,Voluntary non-profit - Private,Yes,Y,1,,7,7,0,7,0,,8,8,2,5,1,,11,11,0,9,2,,8,8,,12,10,
330153.0,ELLIS HOSPITAL,1101 NOTT STREET,SCHENECTADY,NY,12308,SCHENECTADY,(518) 243-4196,Acute Care Hospitals,Voluntary non-profit - Private,Yes,Y,3,,7,7,0,7,0,,8,7,3,3,1,,11,11,1,9,1,,8,8,,12,10,
330181.0,NORTHWELL HOSPITAL GLEN COVE,101 ST ANDREWS LANE,GLEN COVE,NY,11542,NASSAU,(516) 674-7300,Acute Care Hospitals,Voluntary non-profit - Private,Yes,,5,,7,5,0,5,0,,8,3,1,2,0,,11,6,1,5,0,,8,8,,12,8,
330197.0,CANTON-POTSDAM HOSPITAL,50 LEROY STREET,POTSDAM,NY,13676,ST. LAWRENCE,(315) 265-3300,Acute Care Hospitals,Voluntary non-profit - Private,Yes,Y,2,,7,5,0,5,0,,8,4,0,4,0,,11,8,1,6,1,,8,8,,12,12,
330215.0,"ROME MEMORIAL HOSPITAL, INC",1500 NORTH JAMES STREET,ROME,NY,13440,ONEIDA,(315) 338-7000,Acute Care Hospitals,Voluntary non-profit - Private,Yes,Y,1,,7,3,0,3,0,,8,3,0,3,0,,11,6,0,5,1,,8,8,,12,10,
330234.0,WESTCHESTER MEDICAL CENTER,100 WOODS RD,VALHALLA,NY,10595,WESTCHESTER,(914) 493-7000,Acute Care Hospitals,Voluntary non-profit - Other,Yes,Y,1,,7,7,0,7,0,,8,8,3,4,1,,11,11,0,8,3,,8,8,,12,10,
330264.0,ST LUKE'S CORNWALL HOSPITAL,70 DUBOIS STREET,NEWBURGH,NY,12550,ORANGE,(845) 561-4400,Acute Care Hospitals,Voluntary non-profit - Other,Yes,Y,3,,7,6,0,6,0,,8,7,0,7,0,,11,8,0,7,1,,8,8,,12,10,
330304.0,WHITE PLAINS HOSPITAL CENTER,41 EAST POST R0AD,WHITE PLAINS,NY,10601,WESTCHESTER,(914) 681-0600,Acute Care Hospitals,Voluntary non-profit - Private,Yes,Y,5,,7,6,3,3,0,,8,8,5,3,0,,11,10,0,9,1,,8,8,,12,11,
330399.0,ST BARNABAS HOSPITAL,4422 THIRD AVENUE,BRONX,NY,10457,BRONX,(212) 960-9000,Acute Care Hospitals,Voluntary non-profit - Private,Yes,Y,1,,7,3,0,3,0,,8,6,2,3,1,,11,5,0,5,0,,8,8,,12,8,
331305.0,O'CONNOR HOSPITAL,460 ANDES ROAD,DELHI,NY,13753,DELAWARE,(607) 746-0300,Critical Access Hospitals,Voluntary non-profit - Private,Yes,,Not Available,16,7,Not Available,Not Available,Not Available,Not Available,5,8,Not Available,Not Available,Not Available,Not Available,5,11,2,0,2,0,,8,Not Available,5,12,6,
331318.0,"CARTHAGE AREA HOSPITAL, INC",1001 WEST STREET,CARTHAGE,NY,13619,JEFFERSON,(315) 493-1000,Critical Access Hospitals,Voluntary non-profit - Private,Yes,,Not Available,19,Not Available,Not Available,Not Available,Not Available,Not Available,19,Not Available,Not Available,Not Available,Not Available,Not Available,19,Not Available,Not Available,Not Available,Not Available,Not Available,19,Not Available,Not Available,19,Not Available,Not Available,19
334004.0,CREEDMOOR PSYCHIATRIC CENTER,80-45 WINCHESTER BLVD BLDG B,QUEENS VILLAGE,NY,11427,QUEENS,(718) 264-4000,Psychiatric,Government - State,No,,Not Available,19,Not Available,Not Available,Not Available,Not Available,Not Available,19,Not Available,Not Available,Not Available,Not Available,Not Available,19,Not Available,Not Available,Not Available,Not Available,Not Available,19,Not Available,Not Available,19,Not Available,Not Available,19
334043.0,SOUTH BEACH PSYCHIATRIC CENTER,777 SEAVIEW AVE,STATEN ISLAND,NY,10305,RICHMOND,(718) 667-2300,Psychiatric,Government - State,No,,Not Available,19,Not Available,Not Available,Not Available,Not Available,Not Available,19,Not Available,Not Available,Not Available,Not Available,Not Available,19,Not Available,Not Available,Not Available,Not Available,Not Available,19,Not Available,Not Available,19,Not Available,Not Available,19
334063.0,KINGSBORO PSYCHIATRIC HOSPITAL,681 CLARKSON AVENUE,BROOKLYN,NY,11203,KINGS,(718) 221-7395,Psychiatric,Government - State,No,,Not Available,19,Not Available,Not Available,Not Available,Not Available,Not Available,19,Not Available,Not Available,Not Available,Not Available,Not Available,19,Not Available,Not Available,Not Available,Not Available,Not Available,19,Not Available,Not Available,19,Not Available,Not Available,19
340010.0,UNC HEALTH CARE WAYNE,2700 WAYNE MEMORIAL DR,GOLDSBORO,NC,27534,WAYNE,(919) 736-1110,Acute Care Hospitals,Voluntary non-profit - Private,Yes,Y,3,,7,6,0,6,0,,8,6,1,5,0,,11,7,0,7,0,,8,8,,12,12,
340027.0,UNC LENOIR HEALTH CARE,100 AIRPORT RD,KINSTON,NC,28501,LENOIR,(252) 522-7000,Acute Care Hospitals,Voluntary non-profit - Private,Yes,Y,3,,7,5,0,5,0,,8,6,1,5,0,,11,5,0,5,0,,8,8,,12,9,
340050.0,SOUTHEASTERN REGIONAL MEDICAL CENTER,300 W 27 ST  PO BOX 1408,LUMBERTON,NC,28359,ROBESON,(910) 671-5000,Acute Care Hospitals,Voluntary non-profit - Private,Yes,Y,2,,7,6,0,6,0,,8,6,1,5,0,,11,9,0,7,2,,8,8,,12,11,
340075.0,"BLUE RIDGE HEALTHCARE HOSPITALS, INC",2201 S STERLING ST,MORGANTON,NC,28655,BURKE,(828) 580-5000,Acute Care Hospitals,Proprietary,Yes,Y,2,,7,6,0,6,0,,8,6,0,6,0,,11,8,0,8,0,,8,8,,12,11,
340107.0,VIDANT EDGECOMBE HOSPITAL,111 HOSPITAL DR,TARBORO,NC,27886,EDGECOMBE,(252) 641-7700,Acute Care Hospitals,Government - Local,Yes,Y,2,,7,4,0,4,0,,8,4,0,4,0,,11,8,0,7,1,,8,8,,12,10,
340127.0,GRANVILLE HEALTH SYSTEMS,1010 COLLEGE ST,OXFORD,NC,27565,GRANVILLE,(919) 690-3000,Acute Care Hospitals,Government - Local,Yes,Y,2,,7,3,0,2,1,,8,2,0,2,0,,11,5,1,4,0,,8,8,,12,10,
340148.0,NOVANT HEALTH MEDICAL PARK HOSPITAL,1950 S HAWTHORNE RD,WINSTON-SALEM,NC,27103,FORSYTH,(336) 718-0600,Acute Care Hospitals,Voluntary non-profit - Other,No,,4,,7,Not Available,Not Available,Not Available,Not Available,5,8,3,0,3,0,,11,4,0,4,0,,8,8,,12,3,
340183.0,NOVANT HEALTH HUNTERSVILLE MEDICAL CENTER,10030 GILEAD ROAD,HUNTERSVILLE,NC,28078,MECKLENBURG,(704) 316-4000,Acute Care Hospitals,Voluntary non-profit - Private,Yes,Y,4,,7,6,0,6,0,,8,7,1,6,0,,11,8,0,8,0,,8,8,,12,11,
341314.0,WASHINGTON COUNTY HOSP INC,958 US HWY 64 EAST,PLYMOUTH,NC,27962,WASHINGTON,(252) 793-4135,Critical Access Hospitals,Proprietary,Yes,,Not Available,16,7,1,0,1,0,,8,Not Available,Not Available,Not Available,Not Available,5,11,3,0,3,0,,8,Not Available,5,12,1,
341325.0,ASHE MEMORIAL HOSPITAL,200 HOSPITAL AVE,JEFFERSON,NC,28640,ASHE,(336) 246-7101,Critical Access Hospitals,Voluntary non-profit - Private,Yes,,3,,7,4,0,4,0,,8,Not Available,Not Available,Not Available,Not Available,5,11,8,1,7,0,,8,8,,12,4,
344025.0,BROUGHTON HOSPITAL,1000 S STERLING STREET,MORGANTON,NC,28655,BURKE,(828) 433-2111,Psychiatric,Government - State,No,,Not Available,19,Not Available,Not Available,Not Available,Not Available,Not Available,19,Not Available,Not Available,Not Available,Not Available,Not Available,19,Not Available,Not Available,Not Available,Not Available,Not Available,19,Not Available,Not Available,19,Not Available,Not Available,19
350006.0,TRINITY HOSPITALS,407 3RD ST SE,MINOT,ND,58701,WARD,(701) 857-5000,Acute Care Hospitals,Voluntary non-profit - Private,Yes,Y,3,,7,7,0,7,0,,8,6,3,3,0,,11,10,1,9,0,,8,8,,12,11,
351304.0,CHI ST ALEXIUS HEALTH TURTLE LAKE,220 5TH AVE W,TURTLE LAKE,ND,58575,MCLEAN,(701) 448-2331,Critical Access Hospitals,Voluntary non-profit - Church,Yes,,Not Available,16,7,Not Available,Not Available,Not Available,Not Available,5,8,Not Available,Not Available,Not Available,Not Available,5,11,Not Available,Not Available,Not Available,Not Available,5,8,Not Available,5,12,4,
351314.0,JACOBSON MEMORIAL HOSPITAL CARE CENTER,601 EAST ST N,ELGIN,ND,58533,GRANT,(701) 584-2792,Critical Access Hospitals,Voluntary non-profit - Private,Yes,,Not Available,16,7,1,0,1,0,,8,Not Available,Not Available,Not Available,Not Available,5,11,2,0,2,0,,8,Not Available,5,12,2,
351325.0,ST LUKE'S HOSPITAL,702 1ST ST SW,CROSBY,ND,58730,DIVIDE,(701) 965-6384,Critical Access Hospitals,Voluntary non-profit - Private,Yes,,Not Available,16,7,Not Available,Not Available,Not Available,Not Available,5,8,Not Available,Not Available,Not Available,Not Available,5,11,1,0,1,0,,8,Not Available,5,12,3,
351335.0,JAMESTOWN REGIONAL MEDICAL CENTER,2422 20TH ST SW,JAMESTOWN,ND,58401,STUTSMAN,(701) 252-1050,Critical Access Hospitals,Voluntary non-profit - Private,Yes,Y,3,,7,3,0,3,0,,8,1,0,1,0,,11,8,0,8,0,,8,8,,12,8,
360009.0,LIMA MEMORIAL HEALTH SYSTEM,1001 BELLEFONTAINE AVENUE,LIMA,OH,45804,ALLEN,(419) 998-4731,Acute Care Hospitals,Voluntary non-profit - Other,Yes,Y,4,,7,7,0,7,0,,8,6,1,5,0,,11,10,1,9,0,,8,8,,12,10,
360026.0,KETTERING HEALTH GREENE MEMORIAL,1141 NORTH MONROE DRIVE,XENIA,OH,45385,GREENE,(937) 352-2000,Acute Care Hospitals,Voluntary non-profit - Private,Yes,,Not Available,16,7,2,0,2,0,,8,Not Available,Not Available,Not Available,Not Available,5,11,3,0,3,0,,8,Not Available,5,12,7,
360048.0,UNIVERSITY OF TOLEDO MEDICAL CENTER,3000 ARLINGTON AVENUE,TOLEDO,OH,43614,LUCAS,(419) 383-3407,Acute Care Hospitals,Government - State,Yes,,3,,7,7,0,7,0,,8,6,1,5,0,,11,10,0,10,0,,8,8,,12,9,
360068.0,PROMEDICA TOLEDO HOSPITAL,2142 NORTH COVE BOULEVARD,TOLEDO,OH,43606,LUCAS,(419) 291-7463,Acute Care Hospitals,Voluntary non-profit - Private,Yes,Y,4,,7,7,1,6,0,,8,8,2,5,1,,11,11,1,10,0,,8,8,,12,12,
360082.0,EUCLID HOSPITAL,18901 LAKE SHORE BOULEVARD,EUCLID,OH,44119,CUYAHOGA,(216) 531-9000,Acute Care Hospitals,Voluntary non-profit - Other,No,,3,,7,4,0,4,0,,8,6,1,5,0,,11,7,0,6,1,,8,8,,12,8,
360098.0,LAKE HEALTH,7590 AUBURN ROAD,CONCORD,OH,44077,LAKE,(440) 953-9600,Acute Care Hospitals,Voluntary non-profit - Private,Yes,,3,,7,7,0,7,0,,8,7,0,7,0,,11,9,0,9,0,,8,8,,12,12,
360133.0,KETTERING HEALTH DAYTON,405 GRAND AVENUE,DAYTON,OH,45405,MONTGOMERY,(937) 723-3410,Acute Care Hospitals,Voluntary non-profit - Other,No,Y,2,,7,7,0,7,0,,8,7,2,4,1,,11,10,1,9,0,,8,8,,12,12,
360155.0,SOUTHWEST GENERAL HEALTH CENTER,18697 BAGLEY ROAD,MIDDLEBURG HEIGHTS,OH,44130,CUYAHOGA,(440) 816-8000,Acute Care Hospitals,Voluntary non-profit - Private,Yes,Y,4,,7,7,1,6,0,,8,7,1,5,1,,11,11,1,9,1,,8,8,,12,12,
360180.0,CLEVELAND CLINIC,9500 EUCLID AVENUE,CLEVELAND,OH,44195,CUYAHOGA,(216) 952-9829,Acute Care Hospitals,Voluntary non-profit - Private,Yes,Y,5,,7,7,4,3,0,,8,8,2,5,1,,11,11,2,8,1,,8,8,,12,11,
360236.0,MERCY HEALTH - CLERMONT HOSPITAL,3000 HOSPITAL DRIVE,BATAVIA,OH,45103,CLERMONT,(513) 732-8278,Acute Care Hospitals,Voluntary non-profit - Church,Yes,,4,,7,3,0,3,0,,8,6,1,5,0,,11,6,0,6,0,,8,8,,12,10,
360352.0,SURGICAL HOSPITAL AT SOUTHWOODS,7630 SOUTHERN BLVD,YOUNGSTOWN,OH,44512,MAHONING,(330) 729-8000,Acute Care Hospitals,Proprietary,No,,4,,7,Not Available,Not Available,Not Available,Not Available,5,8,4,0,4,0,,11,6,0,6,0,,8,8,,12,7,
360368.0,KETTERING HEALTH TROY,600 WEST MAIN STREET,TROY,OH,45373,MIAMI,(937) 980-7000,Acute Care Hospitals,Voluntary non-profit - Private,Yes,,4,,7,4,0,4,0,,8,2,0,2,0,,11,5,0,5,0,,8,8,,12,10,
361310.0,MERCY HEALTH - WILLARD HOSPITAL,1100 NEAL ZICK ROAD,WILLARD,OH,44890,HURON,(419) 964-5000,Critical Access Hospitals,Voluntary non-profit - Private,Yes,,Not Available,16,7,1,0,1,0,,8,Not Available,Not Available,Not Available,Not Available,5,11,5,0,5,0,,8,Not Available,5,12,8,
361321.0,"BARNESVILLE HOSPITAL ASSOCIATION, INC",639 WEST MAIN STREET,BARNESVILLE,OH,43713,BELMONT,(740) 425-3941,Critical Access Hospitals,Voluntary non-profit - Private,Yes,,Not Available,16,7,Not Available,Not Available,Not Available,Not Available,5,8,Not Available,Not Available,Not Available,Not Available,5,11,3,0,3,0,,8,Not Available,5,12,6,
361331.0,ADENA FAYETTE MEDICAL CENTER,1430 COLUMBUS AVENUE,WASHINGTON CH,OH,43160,FAYETTE,(740) 335-1210,Critical Access Hospitals,Government - Local,Yes,,3,,7,3,0,3,0,,8,1,0,1,0,,11,7,1,6,0,,8,Not Available,5,12,9,
363308.0,SHRINERS HOSPITALS FOR CHILDREN,"1 CHILDREN'S PLAZA, 2 WEST",DAYTON,OH,45404,MONTGOMERY,(513) 872-6000,Childrens,Voluntary non-profit - Private,No,,Not Available,19,Not Available,Not Available,Not Available,Not Available,Not Available,19,Not Available,Not Available,Not Available,Not Available,Not Available,19,Not Available,Not Available,Not Available,Not Available,Not Available,19,Not Available,Not Available,19,Not Available,Not Available,19
364038.0,BELMONT PINES HOSPITAL,615 CHURCHILL-HUBBARD RD,YOUNGSTOWN,OH,44505,MAHONING,(330) 545-7924,Psychiatric,Proprietary,No,,Not Available,19,Not Available,Not Available,Not Available,Not Available,Not Available,19,Not Available,Not Available,Not Available,Not Available,Not Available,19,Not Available,Not Available,Not Available,Not Available,Not Available,19,Not Available,Not Available,19,Not Available,Not Available,19
364053.0,HIGHLAND SPRINGS,4199 MILL POND DRIVE,BEACHWOOD,OH,44122,CUYAHOGA,(216) 206-8853,Psychiatric,Proprietary,No,,Not Available,19,Not Available,Not Available,Not Available,Not Available,Not Available,19,Not Available,Not Available,Not Available,Not Available,Not Available,19,Not Available,Not Available,Not Available,Not Available,Not Available,19,Not Available,Not Available,19,Not Available,Not Available,19
364063.0,GEORGETOWN BEHAVIORAL HOSPITAL,425 HOME STREET,GEORGETOWN,OH,45121,BROWN,(937) 483-4933,Psychiatric,Proprietary,No,,Not Available,19,Not Available,Not Available,Not Available,Not Available,Not Available,19,Not Available,Not Available,Not Available,Not Available,Not Available,19,Not Available,Not Available,Not Available,Not Available,Not Available,19,Not Available,Not Available,19,Not Available,Not Available,19
370014.0,ALLIANCEHEALTH DURANT,1800 UNIVERSITY BOULEVARD,DURANT,OK,74702,BRYAN,(405) 924-3080,Acute Care Hospitals,Proprietary,Yes,Y,1,,7,6,0,6,0,,8,7,0,7,0,,11,8,0,5,3,,8,8,,12,11,
370028.0,"INTEGRIS BAPTIST MEDICAL CENTER, INC",3300 NORTHWEST EXPRESSWAY,OKLAHOMA CITY,OK,73112,OKLAHOMA,(405) 949-3011,Acute Care Hospitals,Voluntary non-profit - Private,Yes,Y,3,,7,7,0,7,0,,8,8,3,4,1,,11,11,2,8,1,,8,8,,12,10,
370083.0,PUSHMATAHA HOSPITAL,510 EAST MAIN STREET,ANTLERS,OK,74523,PUSHMATAHA,(580) 298-3341,Acute Care Hospitals,Government - Hospital District or Authority,Yes,,Not Available,16,7,2,0,2,0,,8,Not Available,Not Available,Not Available,Not Available,5,11,3,0,3,0,,8,Not Available,5,12,6,
370113.0,INTEGRIS GROVE HOSPITAL,1001 EAST 18TH STREET,GROVE,OK,74344,DELAWARE,(918) 786-2243,Acute Care Hospitals,Voluntary non-profit - Private,Yes,Y,3,,7,5,0,5,0,,8,2,0,2,0,,11,8,0,8,0,,8,8,,12,10,
370180.0,CHICKASAW NATION MEDICAL CENTER,1921 STONECIPHER BLVD,ADA,OK,74820,PONTOTOC,(580) 436-3980,Acute Care Hospitals,Voluntary non-profit - Other,Yes,Y,5,,7,3,0,3,0,,8,3,0,3,0,,11,4,0,4,0,,8,8,,12,5,
370212.0,OKLAHOMA CENTER FOR ORTHOPAEDIC & MULTI-SP,8100 SOUTH WALKER BLDG C,OKLAHOMA CITY,OK,73139,OKLAHOMA,(405) 602-6500,Acute Care Hospitals,Physician,Yes,,Not Available,16,7,Not Available,Not Available,Not Available,Not Available,5,8,2,0,2,0,,11,4,1,3,0,,8,Not Available,5,12,7,
370234.0,"OKLAHOMA HEART HOSPITAL SOUTH, LLC",5200 EAST I-240 SERVICE ROAD,OKLAHOMA CITY,OK,73135,OKLAHOMA,(405) 628-6000,Acute Care Hospitals,Physician,Yes,,5,,7,6,0,6,0,,8,3,0,3,0,,11,7,2,5,0,,8,8,,12,9,
370779.0,STILLWATER MEDICAL - PERRY,501 N 14TH ST,PERRY,OK,73077,NOBLE,(580) 336-3541,Rural Emergency Hospital,Government - Hospital District or Authority,Yes,,Not Available,19,Not Available,Not Available,Not Available,Not Available,Not Available,19,Not Available,Not Available,Not Available,Not Available,Not Available,19,Not Available,Not Available,Not Available,Not Available,Not Available,19,Not Available,Not Available,19,Not Available,Not Available,19
371306.0,MERCY HOSPITAL MARIETTA,300 WANDA STREET,MARIETTA,OK,73448,LOVE,(580) 276-3347,Critical Access Hospitals,Government - Local,Yes,,Not Available,16,7,Not Available,Not Available,Not Available,Not Available,5,8,Not Available,Not Available,Not Available,Not Available,5,11,1,0,1,0,,8,Not Available,5,12,5,
371318.0,RURAL WELLNESS FAIRFAX HOSPITAL,40 HOSPITAL ROAD,FAIRFAX,OK,74637,OSAGE,(918) 642-3291,Critical Access Hospitals,Proprietary,Yes,,Not Available,16,7,Not Available,Not Available,Not Available,Not Available,5,8,Not Available,Not Available,Not Available,Not Available,5,11,1,0,1,0,,8,Not Available,5,12,3,
371329.0,FAIRVIEW REGIONAL MEDICAL CENTER AUTHORITY,523 EAST STATE ROAD,FAIRVIEW,OK,73737,MAJOR,(580) 227-3721,Critical Access Hospitals,Government - Hospital District or Authority,Yes,,Not Available,16,7,1,0,1,0,,8,Not Available,Not Available,Not Available,Not Available,5,11,2,1,1,0,,8,Not Available,5,12,5,
371340.0,MEMORIAL HOSPITAL OF TEXAS COUNTY AUTHORITY,520 MEDICAL DRIVE,GUYMON,OK,73942,TEXAS,(580) 338-6515,Critical Access Hospitals,Government - Hospital District or Authority,Yes,,Not Available,16,7,1,0,1,0,,8,Not Available,Not Available,Not Available,Not Available,5,11,3,0,2,1,,8,Not Available,5,12,6,
39013.0,WILKES BARRE VA MEDICAL CENTER,1111 EAST END BOULEVARD,WILKES-BARRE,PA,18711,LUZERNE,(570) 824-3521,Acute Care - Veterans Administration,Veterans Health Administration,Yes,,5,,7,4,0,4,0,,8,3,0,3,0,,11,5,3,2,0,,8,8,,12,5,
44017.0,VA MIDDLE TENNESSEE HEALTHCARE SYSTEM - MURFREESBORO,3400 LEBANON PIKE,MURFREESBORO,TN,37129,RUTHERFORD,(615) 867-6000,Acute Care - Veterans Administration,Veterans Health Administration,No,,Not Available,16,7,3,2,1,0,,8,1,0,1,0,,11,4,1,3,0,,8,Not Available,5,12,Not Available,5
46002.0,VA SALT LAKE CITY HEALTHCARE - GEORGE E. WAHLEN VA MEDICAL CENTER,500 FOOTHILL BLVD.,SALT LAKE CITY,UT,84148,SALT LAKE,(801) 584-1211,Acute Care - Veterans Administration,Veterans Health Administration,Yes,,5,,7,5,2,3,0,,8,4,0,4,0,,11,6,1,5,0,,8,8,,12,5,
51002.0,BECKLEY VA MEDICAL CENTER,200 VETERANS AVENUE,BECKLEY,WV,25801,RALEIGH,(304) 255-2121,Acute Care - Veterans Administration,Veterans Health Administration,Yes,,5,,7,3,0,3,0,,8,1,0,1,0,,11,4,2,2,0,,8,8,,12,5,
374006.0,CARL ALBERT COMMUNITY MENTAL HEALTH CENTER,1101 EAST MONROE,MCALESTER,OK,74501,PITTSBURG,(918) 426-7800,Psychiatric,Government - State,No,,Not Available,19,Not Available,Not Available,Not Available,Not Available,Not Available,19,Not Available,Not Available,Not Available,Not Available,Not Available,19,Not Available,Not Available,Not Available,Not Available,Not Available,19,Not Available,Not Available,19,Not Available,Not Available,19
380001.0,MID-COLUMBIA MEDICAL CENTER,1700 E 19TH STREET,THE DALLES,OR,97058,WASCO,(541) 296-1111,Acute Care Hospitals,Voluntary non-profit - Other,Yes,Y,3,,7,4,0,4,0,,8,2,0,2,0,,11,8,1,7,0,,8,8,,12,10,
380021.0,HILLSBORO MEDICAL CENTER,335 SE 8TH AVENUE,HILLSBORO,OR,97123,WASHINGTON,(503) 681-1111,Acute Care Hospitals,Voluntary non-profit - Private,Yes,Y,2,,7,5,0,5,0,,8,7,0,7,0,,11,8,0,8,0,,8,8,,12,10,
380052.0,SAINT ALPHONSUS MEDICAL CENTER ONTARIO,351 SW 9TH STREET,ONTARIO,OR,97914,MALHEUR,(541) 881-7000,Acute Care Hospitals,Voluntary non-profit - Church,Yes,Y,3,,7,3,0,3,0,,8,2,0,2,0,,11,8,0,8,0,,8,8,,12,10,
380102.0,SACRED HEART MEDICAL CENTER - RIVERBEND,3333 RIVERBEND DRIVE,SPRINGFIELD,OR,97477,LANE,(541) 222-7300,Acute Care Hospitals,Voluntary non-profit - Private,Yes,Y,4,,7,7,0,7,0,,8,8,3,5,0,,11,9,2,7,0,,8,8,,12,11,
381309.0,LAKE DISTRICT HOSPITAL,700 SOUTH J STREET,LAKEVIEW,OR,97630,LAKE,(541) 947-2114,Critical Access Hospitals,Government - Hospital District or Authority,Yes,,Not Available,16,7,1,0,1,0,,8,1,0,1,0,,11,2,0,2,0,,8,Not Available,5,12,6,
381319.0,ST ANTHONY HOSPITAL,2801 ST ANTHONY WAY,PENDLETON,OR,97801,UMATILLA,(541) 276-5121,Critical Access Hospitals,Voluntary non-profit - Church,Yes,Y,3,,7,4,0,3,1,,8,2,0,2,0,,11,8,0,7,1,,8,8,,12,10,
390001.0,GEISINGER-COMMUNITY MEDICAL CENTER,1822 MULBERRY STREET,SCRANTON,PA,18510,LACKAWANNA,(570) 703-8000,Acute Care Hospitals,Voluntary non-profit - Private,Yes,Y,3,,7,7,0,7,0,,8,7,1,6,0,,11,11,0,10,1,,8,8,,12,12,
390026.0,TEMPLE HEALTH - CHESTNUT HILL HOSPITAL,8835 GERMANTOWN AVENUE,PHILADELPHIA,PA,19118,PHILADELPHIA,(215) 248-8200,Acute Care Hospitals,Voluntary non-profit - Private,Yes,,2,,7,6,0,6,0,,8,7,1,5,1,,11,7,0,6,1,,8,8,,12,9,
390042.0,"WASHINGTON HOSPITAL, THE",155 WILSON AVENUE,WASHINGTON,PA,15301,WASHINGTON,(724) 225-7000,Acute Care Hospitals,Voluntary non-profit - Private,Yes,Y,3,,7,6,0,6,0,,8,8,1,6,1,,11,9,0,9,0,,8,8,,12,11,
390062.0,CONEMAUGH NASON MEDICAL CENTER,105 NASON DRIVE,ROARING SPRING,PA,16673,BLAIR,(814) 224-2141,Acute Care Hospitals,Voluntary non-profit - Other,Yes,,3,,7,3,0,3,0,,8,2,0,2,0,,11,6,0,6,0,,8,8,,12,7,
390090.0,WEST PENN HOSPITAL,4800 FRIENDSHIP AVENUE,PITTSBURGH,PA,15224,ALLEGHENY,(412) 578-5000,Acute Care Hospitals,Voluntary non-profit - Private,Yes,Y,3,,7,4,0,4,0,,8,7,1,4,2,,11,7,0,6,1,,8,8,,12,10,
390111.0,HOSPITAL OF UNIV OF PENNSYLVANIA,34TH & SPRUCE STS,PHILADELPHIA,PA,19104,PHILADELPHIA,(215) 662-3227,Acute Care Hospitals,Voluntary non-profit - Private,Yes,Y,5,,7,7,2,5,0,,8,7,3,4,0,,11,10,2,6,2,,8,8,,12,12,
390133.0,LEHIGH VALLEY HOSPITAL,1200 SOUTH CEDAR CREST BOULEVARD,ALLENTOWN,PA,18103,LEHIGH,(610) 402-8000,Acute Care Hospitals,Voluntary non-profit - Private,Yes,Y,4,,7,7,1,6,0,,8,8,1,7,0,,11,11,0,9,2,,8,8,,12,12,
390153.0,PAOLI HOSPITAL,255 WEST LANCASTER AVENUE,PAOLI,PA,19301,CHESTER,(610) 648-1000,Acute Care Hospitals,Voluntary non-profit - Private,Yes,Y,5,,7,6,2,4,0,,8,7,1,6,0,,11,10,0,9,1,,8,8,,12,10,
390179.0,CHESTER COUNTY HOSPITAL,701 EAST MARSHALL STREET,WEST CHESTER,PA,19380,CHESTER,(610) 431-5000,Acute Care Hospitals,Voluntary non-profit - Private,Yes,Y,4,,7,7,2,5,0,,8,8,2,6,0,,11,11,2,9,0,,8,8,,12,12,
390204.0,NAZARETH HOSPITAL,2601 HOLME AVE,PHILADELPHIA,PA,19152,PHILADELPHIA,(215) 335-6000,Acute Care Hospitals,Voluntary non-profit - Private,Yes,,2,,7,5,0,5,0,,8,5,0,5,0,,11,7,0,7,0,,8,8,,12,9,
390233.0,UPMC HANOVER,300 HIGHLAND AVE,HANOVER,PA,17331,YORK,(717) 637-3711,Acute Care Hospitals,Voluntary non-profit - Private,Yes,Y,3,,7,6,0,6,0,,8,6,0,6,0,,11,10,0,10,0,,8,8,,12,11,
390278.0,EAGLEVILLE HOSPITAL,100 EAGLEVILLE RD,EAGLEVILLE,PA,19403,MONTGOMERY,(610) 539-6000,Acute Care Hospitals,Voluntary non-profit - Private,No,,Not Available,16,7,Not Available,Not Available,Not Available,Not Available,5,8,2,1,1,0,,11,Not Available,Not Available,Not Available,Not Available,5,8,Not Available,5,12,1,
390328.0,UPMC EAST,2775 MOSSIDE BOULEVARD,MONROEVILLE,PA,15146,ALLEGHENY,(412) 357-3000,Acute Care Hospitals,Voluntary non-profit - Private,Yes,,4,,7,5,1,4,0,,8,7,0,7,0,,11,8,0,8,0,,8,8,,12,10,
390338.0,LEHIGH VALLEY HOSPITAL - DICKSON CITY,330 MAIN STREET,DICKSON CITY,PA,18519,LACKAWANNA,(570) 330-5000,Acute Care Hospitals,Voluntary non-profit - Private,Yes,,4,,7,1,0,1,0,,8,3,0,3,0,,11,3,0,3,0,,8,8,,12,7,
391307.0,PENN HIGHLANDS TYRONE,187 HOSPITAL DRIVE,TYRONE,PA,16686,BLAIR,(814) 684-1255,Critical Access Hospitals,Voluntary non-profit - Private,Yes,,Not Available,16,7,Not Available,Not Available,Not Available,Not Available,5,8,Not Available,Not Available,Not Available,Not Available,5,11,3,0,3,0,,8,Not Available,5,12,6,
393302.0,UPMC CHILDREN'S HOSPITAL OF PITTSBURGH,ONE CHILDREN'S HOSPITAL DRIVE,PITTSBURGH,PA,15224,ALLEGHENY,(412) 692-5325,Childrens,Voluntary non-profit - Other,Yes,,Not Available,19,Not Available,Not Available,Not Available,Not Available,Not Available,19,Not Available,Not Available,Not Available,Not Available,Not Available,19,Not Available,Not Available,Not Available,Not Available,Not Available,19,Not Available,Not Available,19,Not Available,Not Available,19
394016.0,WARREN STATE HOSPITAL,33 MAIN DRIVE,NORTH WARREN,PA,16365,WARREN,(814) 723-5500,Psychiatric,Government - State,No,,Not Available,19,Not Available,Not Available,Not Available,Not Available,Not Available,19,Not Available,Not Available,Not Available,Not Available,Not Available,19,Not Available,Not Available,Not Available,Not Available,Not Available,19,Not Available,Not Available,19,Not Available,Not Available,19
394049.0,BROOKE GLEN BEHAVIORAL HOSPITAL,7170 LAFAYETTE AVENUE,FORT WASHINGTON,PA,19034,MONTGOMERY,(215) 641-5300,Psychiatric,Voluntary non-profit - Private,No,,Not Available,19,Not Available,Not Available,Not Available,Not Available,Not Available,19,Not Available,Not Available,Not Available,Not Available,Not Available,19,Not Available,Not Available,Not Available,Not Available,Not Available,19,Not Available,Not Available,19,Not Available,Not Available,19
400001.0,PRESBYTERIAN COMMUNITY HOSPITAL,"1451 ASHFORD AVENUE, EL CONDADO",SAN JUAN,PR,907,SAN JUAN,(787) 721-2160,Acute Care Hospitals,Voluntary non-profit - Private,Yes,,Not Available,16,7,2,0,1,1,,8,1,0,1,0,,11,2,0,2,0,,8,Not Available,5,12,1,
400014.0,BELLA VISTA HOSPITAL,CARR 349 KM 2 7 CERRO LAS MESAS,MAYAGUEZ,PR,681,MAYAGUEZ,(787) 652-6045,Acute Care Hospitals,Voluntary non-profit - Church,Yes,,Not Available,16,7,Not Available,Not Available,Not Available,Not Available,5,8,4,1,2,1,,11,2,0,2,0,,8,Not Available,5,12,4,
400061.0,HOSPITAL UNIVERSITARIO DE ADULTO,BARRIO MONACILLOS CENTROMEDICO,RIO PIEDRAS,PR,927,SAN JUAN,(787) 754-0101,Acute Care Hospitals,Government - State,Yes,,Not Available,16,7,Not Available,Not Available,Not Available,Not Available,5,8,2,0,0,2,,11,1,0,1,0,,8,Not Available,5,12,2,
400110.0,HOSPITAL PAVIA YAUCO,ROAD 128 KM 1.0,YAUCO,PR,698,YAUCO,(787) 856-1000,Acute Care Hospitals,Proprietary,Yes,,Not Available,16,7,Not Available,Not Available,Not Available,Not Available,5,8,Not Available,Not Available,Not Available,Not Available,5,11,1,0,1,0,,8,Not Available,5,12,3,
400123.0,HOSPITAL PEREA,15 DR BASORA STREET,MAYAGUEZ,PR,681,MAYAGUEZ,(787) 834-0101,Acute Care Hospitals,Proprietary,Yes,,Not Available,16,7,Not Available,Not Available,Not Available,Not Available,5,8,Not Available,Not Available,Not Available,Not Available,5,11,1,0,1,0,,8,Not Available,5,12,2,
400136.0,HOSPITAL SAN ANTONIO INC,18 CALLE DR RAMOS E BETANCES N,MAYAGUEZ,PR,680,MAYAGUEZ,(787) 834-0050,Acute Care Hospitals,Proprietary,Yes,,Not Available,19,Not Available,Not Available,Not Available,Not Available,Not Available,19,Not Available,Not Available,Not Available,Not Available,Not Available,19,Not Available,Not Available,Not Available,Not Available,Not Available,19,Not Available,Not Available,19,Not Available,Not Available,19
410005.0,OUR LADY OF FATIMA HOSPITAL,200 HIGH SERVICE AVENUE,NORTH PROVIDENCE,RI,2904,PROVIDENCE,(401) 456-3000,Acute Care Hospitals,Proprietary,Yes,,4,,7,5,0,5,0,,8,3,1,2,0,,11,6,0,6,0,,8,8,,12,8,
414003.0,EMMA PENDLETON BRADLEY HOSPITAL,1011 VETERANS MEMORIAL PARKWAY,EAST PROVIDENCE,RI,2915,PROVIDENCE,(401) 432-1000,Psychiatric,Voluntary non-profit - Private,Yes,,Not Available,19,Not Available,Not Available,Not Available,Not Available,Not Available,19,Not Available,Not Available,Not Available,Not Available,Not Available,19,Not Available,Not Available,Not Available,Not Available,Not Available,19,Not Available,Not Available,19,Not Available,Not Available,19
420019.0,MUSC HEALTH CHESTER MEDICAL CENTER,1 MEDICAL PARK DRIVE,CHESTER,SC,29706,CHESTER,(803) 581-3151,Acute Care Hospitals,Proprietary,Yes,,Not Available,16,7,1,0,1,0,,8,2,0,2,0,,11,4,0,3,1,,8,Not Available,5,12,8,
420043.0,CHEROKEE MEDICAL CENTER,1530 N LIMESTONE ST,GAFFNEY,SC,29340,CHEROKEE,(864) 487-4271,Acute Care Hospitals,Government - Hospital District or Authority,Yes,,2,,7,3,0,3,0,,8,2,0,2,0,,11,5,0,5,0,,8,Not Available,5,12,9,
420072.0,HAMPTON REGIONAL MEDICAL CENTER,595 WEST CAROLINA AVENUE,VARNVILLE,SC,29944,HAMPTON,(803) 943-2771,Acute Care Hospitals,Voluntary non-profit - Private,Yes,,Not Available,16,7,2,0,2,0,,8,2,0,2,0,,11,4,1,3,0,,8,Not Available,5,12,8,
420091.0,MUSC HEALTH FLORENCE MEDICAL CENTER,805 PAMPLICO HWY BOX 100550,FLORENCE,SC,29505,FLORENCE,(843) 674-2500,Acute Care Hospitals,Government - State,Yes,Y,2,,7,7,0,7,0,,8,6,1,4,1,,11,10,0,10,0,,8,8,,12,10,
420109.0,MCLEOD HEALTH CLARENDON,10 EAST HOSPITAL STREET,MANNING,SC,29102,CLARENDON,(803) 435-8463,Acute Care Hospitals,Voluntary non-profit - Private,Yes,Y,3,,7,4,0,4,0,,8,2,0,2,0,,11,6,0,6,0,,8,8,,12,11,
424008.0,THREE RIVERS BEHAVIORAL HEALTH,2900 SUNSET BOULEVARD,WEST COLUMBIA,SC,29169,LEXINGTON,(803) 796-9911,Psychiatric,Proprietary,No,,Not Available,19,Not Available,Not Available,Not Available,Not Available,Not Available,19,Not Available,Not Available,Not Available,Not Available,Not Available,19,Not Available,Not Available,Not Available,Not Available,Not Available,19,Not Available,Not Available,19,Not Available,Not Available,19
430027.0,SANFORD USD MEDICAL CENTER,1305 W 18TH ST  POST OFFICE BOX 5039,SIOUX FALLS,SD,57117,MINNEHAHA,(605) 333-1000,Acute Care Hospitals,Voluntary non-profit - Private,Yes,Y,4,,7,7,0,7,0,,8,8,4,4,0,,11,11,1,10,0,,8,8,,12,11,
430098.0,PINE RIDGE IHS HOSPITAL,EAST HIGHWAY 18,PINE RIDGE,SD,57770,OGLALA LAKOTA COUNTY,(605) 867-5131,Acute Care Hospitals,Government - Federal,Yes,Y,Not Available,16,7,1,0,1,0,,8,1,0,1,0,,11,3,0,3,0,,8,Not Available,5,12,4,
431310.0,AVERA FLANDREAU HOSPITAL - CAH,214 NORTH PRAIRIE STREET,FLANDREAU,SD,57028,MOODY,(605) 997-2433,Critical Access Hospitals,Voluntary non-profit - Private,Yes,,Not Available,16,7,Not Available,Not Available,Not Available,Not Available,5,8,Not Available,Not Available,Not Available,Not Available,5,11,3,1,2,0,,8,Not Available,5,12,3,
431320.0,MONUMENT HEALTH LEAD-DEADWOOD HOSPITAL,61 CHARLES STREET,DEADWOOD,SD,57732,LAWRENCE,(605) 717-6000,Critical Access Hospitals,Voluntary non-profit - Private,Yes,,Not Available,16,7,Not Available,Not Available,Not Available,Not Available,5,8,Not Available,Not Available,Not Available,Not Available,5,11,1,0,1,0,,8,Not Available,5,12,5,
431330.0,AVERA ST BENEDICT HEALTH CENTER - CAH,401 WEST GLYNN DRIVE,PARKSTON,SD,57366,HUTCHINSON,(605) 928-3311,Critical Access Hospitals,Voluntary non-profit - Private,No,,Not Available,16,7,1,0,1,0,,8,1,0,1,0,,11,3,0,3,0,,8,Not Available,5,12,6,
431340.0,AVERA QUEEN OF PEACE,525 NORTH FOSTER STREET,MITCHELL,SD,57301,DAVISON,(605) 995-2000,Critical Access Hospitals,Voluntary non-profit - Private,Yes,Y,Not Available,16,7,Not Available,Not Available,Not Available,Not Available,5,8,Not Available,Not Available,Not Available,Not Available,5,11,1,0,1,0,,8,8,,12,9,
440011.0,BLOUNT MEMORIAL HOSPITAL,907 E LAMAR ALEXANDER PARKWAY,MARYVILLE,TN,37804,BLOUNT,(865) 983-7211,Acute Care Hospitals,Government - Local,Yes,Y,4,,7,6,0,6,0,,8,6,2,4,0,,11,9,0,9,0,,8,8,,12,12,
440032.0,HAWKINS COUNTY MEMORIAL HOSPITAL,851 LOCUST STREET,ROGERSVILLE,TN,37857,HAWKINS,(423) 921-7000,Acute Care Hospitals,Voluntary non-profit - Private,Yes,,Not Available,16,7,Not Available,Not Available,Not Available,Not Available,5,8,Not Available,Not Available,Not Available,Not Available,5,11,2,0,2,0,,8,Not Available,5,12,8,
440056.0,TENNOVA HEALTHCARE-JEFFERSON MEMORIAL HOSPITAL,110 HOSPITAL DRIVE,JEFFERSON CITY,TN,37760,JEFFERSON,(865) 471-2500,Acute Care Hospitals,Proprietary,Yes,,2,,7,4,0,4,0,,8,3,1,2,0,,11,6,1,5,0,,8,8,,12,10,
440073.0,MAURY REGIONAL HOSPITAL,1224 TROTWOOD AVE,COLUMBIA,TN,38401,MAURY,(931) 381-1111,Acute Care Hospitals,Government - Local,Yes,Y,3,,7,6,0,4,2,,8,7,1,6,0,,11,10,0,10,0,,8,8,,12,12,
440120.0,PHYSICIANS REGIONAL MEDICAL CENTER,7565 DANNAHER WAY POWELL,POWELL,TN,37849,KNOX,(865) 545-8000,Acute Care Hospitals,Proprietary,Yes,Y,3,,7,7,0,7,0,,8,7,3,4,0,,11,9,0,9,0,,8,8,,12,11,
440152.0,REGIONAL ONE HEALTH,877 JEFFERSON AVENUE,MEMPHIS,TN,38103,SHELBY,(901) 545-7928,Acute Care Hospitals,Government - Hospital District or Authority,Yes,Y,2,,7,1,0,1,0,,8,6,4,1,1,,11,5,0,5,0,,8,8,,12,9,
440185.0,AFFILIATE OF VITRUVIAN HEALTH,2305 CHAMBLISS AVE NW,CLEVELAND,TN,37311,BRADLEY,(423) 339-4100,Acute Care Hospitals,Proprietary,Yes,Y,2,,7,6,0,6,0,,8,7,1,6,0,,11,8,1,6,1,,8,8,,12,11,
440228.0,SAINT FRANCIS BARTLETT MEDICAL CENTER,2986 KATE BOND RD,BARTLETT,TN,38133,SHELBY,(901) 820-7050,Acute Care Hospitals,Proprietary,Yes,,2,,7,6,0,5,1,,8,5,1,4,0,,11,7,2,5,0,,8,8,,12,7,
441306.0,ERLANGER BLEDSOE HOSPITAL,71 WHEELERTOWN AVENUE,PIKEVILLE,TN,37367,BLEDSOE,(423) 447-2112,Critical Access Hospitals,Government - Hospital District or Authority,Yes,,Not Available,16,7,1,0,1,0,,8,Not Available,Not Available,Not Available,Not Available,5,11,2,1,1,0,,8,Not Available,5,12,6,
443302.0,ST JUDE CHILDRENS RESEARCH HOSPITAL,262 DANNY THOMAS PLACE,MEMPHIS,TN,38105,SHELBY,(901) 495-3300,Childrens,Voluntary non-profit - Private,No,,Not Available,19,Not Available,Not Available,Not Available,Not Available,Not Available,19,Not Available,Not Available,Not Available,Not Available,Not Available,19,Not Available,Not Available,Not Available,Not Available,Not Available,19,Not Available,Not Available,19,Not Available,Not Available,19
444014.0,MIDDLE TN MENTAL HEALTH INSTITUTE,221 STEWARTS FERRY PIKE,NASHVILLE,TN,37214,DAVIDSON,(615) 902-7565,Psychiatric,Government - State,No,,Not Available,19,Not Available,Not Available,Not Available,Not Available,Not Available,19,Not Available,Not Available,Not Available,Not Available,Not Available,19,Not Available,Not Available,Not Available,Not Available,Not Available,19,Not Available,Not Available,19,Not Available,Not Available,19
444031.0,KNOXVILLE CENTER FOR BEHAVIORAL MEDICINE,1240 TENNOVA MEDICAL WAY,KNOXVILLE,TN,37909,KNOX,(865) 323-7295,Psychiatric,Voluntary non-profit - Other,No,,Not Available,19,Not Available,Not Available,Not Available,Not Available,Not Available,19,Not Available,Not Available,Not Available,Not Available,Not Available,19,Not Available,Not Available,Not Available,Not Available,Not Available,19,Not Available,Not Available,19,Not Available,Not Available,19
450023.0,CITIZENS MEDICAL CENTER,2701 HOSPITAL DRIVE,VICTORIA,TX,77901,VICTORIA,(361) 573-9181,Acute Care Hospitals,Voluntary non-profit - Other,Yes,Y,3,,7,6,0,5,1,,8,6,2,4,0,,11,10,0,10,0,,8,8,,12,11,
450042.0,ASCENSION PROVIDENCE,6901 MEDICAL PARKWAY,WACO,TX,76712,MC LENNAN,(254) 751-4000,Acute Care Hospitals,Voluntary non-profit - Private,Yes,,2,,7,7,0,6,1,,8,7,4,3,0,,11,9,0,8,1,,8,8,,12,9,
450072.0,CHI ST LUKE'S HEALTH BRAZOSPORT,100 MEDICAL DRIVE,LAKE JACKSON,TX,77566,BRAZORIA,(979) 297-4411,Acute Care Hospitals,Voluntary non-profit - Private,Yes,,4,,7,5,0,5,0,,8,3,0,3,0,,11,8,0,7,1,,8,8,,12,9,
450102.0,CHRISTUS MOTHER FRANCES HOSPITAL,800 EAST DAWSON,TYLER,TX,75701,SMITH,(903) 593-8441,Acute Care Hospitals,Voluntary non-profit - Private,Yes,Y,4,,7,7,0,5,2,,8,8,3,5,0,,11,11,3,7,1,,8,8,,12,12,
450137.0,BAYLOR SCOTT AND WHITE ALL SAINTS MEDICAL CENTER,1400 EIGHTH AVE,FORT WORTH,TX,76104,TARRANT,(817) 926-2544,Acute Care Hospitals,Voluntary non-profit - Private,No,Y,4,,7,7,1,6,0,,8,7,2,5,0,,11,10,0,9,1,,8,8,,12,11,
450165.0,METHODIST HOSPITAL ATASCOSA,1905 HWY 97 EAST,JOURDANTON,TX,78026,ATASCOSA,(830) 769-3515,Acute Care Hospitals,Proprietary,Yes,,Not Available,16,7,2,0,2,0,,8,2,0,2,0,,11,4,0,4,0,,8,8,,12,8,
450211.0,CHI ST LUKES HEALTH MEMORIAL LUFKIN,1201 WEST FRANK STREET,LUFKIN,TX,75901,ANGELINA,(936) 634-8111,Acute Care Hospitals,Voluntary non-profit - Private,Yes,Y,3,,7,7,0,7,0,,8,6,1,5,0,,11,8,0,7,1,,8,8,,12,11,
450271.0,MEDICAL CITY DECATUR,609 MEDICAL CENTER DRIVE,DECATUR,TX,76234,WISE,(940) 627-5921,Acute Care Hospitals,Government - Hospital District or Authority,Yes,,Not Available,19,Not Available,Not Available,Not Available,Not Available,Not Available,19,Not Available,Not Available,Not Available,Not Available,Not Available,19,Not Available,Not Available,Not Available,Not Available,Not Available,19,Not Available,Not Available,19,Not Available,Not Available,19
450358.0,HOUSTON METHODIST HOSPITAL,6565 FANNIN,HOUSTON,TX,77030,HARRIS,(713) 790-2221,Acute Care Hospitals,Voluntary non-profit - Private,Yes,Y,5,,7,7,5,2,0,,8,8,4,4,0,,11,11,1,8,2,,8,8,,12,11,
450403.0,MEDICAL CENTER OF MCKINNEY,4500 MEDICAL CENTER DRIVE,MCKINNEY,TX,75069,COLLIN,(972) 547-8000,Acute Care Hospitals,Proprietary,Yes,Y,3,,7,6,0,6,0,,8,7,1,6,0,,11,8,0,7,1,,8,8,,12,11,
450465.0,MATAGORDA REGIONAL MEDICAL CENTER,104 7TH STREET,BAY CITY,TX,77414,MATAGORDA,(979) 245-6383,Acute Care Hospitals,Government - Hospital District or Authority,Yes,Y,4,,7,4,0,4,0,,8,2,0,2,0,,11,6,0,6,0,,8,8,,12,9,
450563.0,BAYLOR SCOTT & WHITE MEDICAL CENTER  GRAPEVINE,1650 W COLLEGE ST,GRAPEVINE,TX,76051,TARRANT,(817) 481-1588,Acute Care Hospitals,Voluntary non-profit - Private,Yes,Y,5,,7,6,2,4,0,,8,8,1,7,0,,11,8,1,6,1,,8,8,,12,10,
450617.0,HCA HOUSTON HEALTHCARE CLEAR LAKE,500 W MEDICAL CENTER BLVD,WEBSTER,TX,77598,HARRIS,(281) 332-2511,Acute Care Hospitals,Proprietary,Yes,Y,3,,7,7,1,6,0,,8,8,3,5,0,,11,9,0,7,2,,8,8,,12,9,
450654.0,STARR COUNTY MEMORIAL HOSPITAL,128  N FM RD 3167,RIO GRANDE CITY,TX,78582,STARR,(956) 487-5561,Acute Care Hospitals,Government - Hospital District or Authority,Yes,Y,Not Available,16,7,1,0,1,0,,8,1,0,1,0,,11,3,0,3,0,,8,Not Available,5,12,9,
450674.0,"WOMANS HOSPITAL OF TEXAS,THE",7600 FANNIN,HOUSTON,TX,77054,HARRIS,(713) 790-1234,Acute Care Hospitals,Proprietary,Yes,Y,3,,7,Not Available,Not Available,Not Available,Not Available,5,8,6,2,4,0,,11,2,0,2,0,,8,8,,12,7,
450702.0,LONGVIEW REGIONAL MEDICAL CENTER,2901 N FOURTH ST,LONGVIEW,TX,75605,GREGG,(903) 758-1818,Acute Care Hospitals,Proprietary,Yes,Y,3,,7,7,0,6,1,,8,7,3,4,0,,11,9,0,8,1,,8,8,,12,12,
450755.0,COVENANT HOSPITAL LEVELLAND,1900 COLLEGE AVE,LEVELLAND,TX,79336,HOCKLEY,(806) 894-4963,Acute Care Hospitals,Voluntary non-profit - Private,Yes,Y,Not Available,16,7,Not Available,Not Available,Not Available,Not Available,5,8,Not Available,Not Available,Not Available,Not Available,5,11,2,0,2,0,,8,Not Available,5,12,8,
450820.0,HOUSTON METHODIST SUGARLAND HOSPITAL,16655 SOUTHWEST FREEWAY,SUGAR LAND,TX,77479,FORT BEND,(281) 274-8000,Acute Care Hospitals,Voluntary non-profit - Private,Yes,Y,4,,7,7,3,4,0,,8,8,3,5,0,,11,11,1,7,3,,8,8,,12,12,
450847.0,MEMORIAL HERMANN KATY HOSPITAL,23900 KATY FREEWAY,KATY,TX,77494,FORT BEND,(281) 392-1111,Acute Care Hospitals,Voluntary non-profit - Private,Yes,Y,3,,7,6,0,6,0,,8,7,2,5,0,,11,7,0,7,0,,8,8,,12,12,
450867.0,ASCENSION SETON NORTHWEST,11113 RESEARCH BOULEVARD,AUSTIN,TX,78759,TRAVIS,(512) 324-6000,Acute Care Hospitals,Voluntary non-profit - Private,Yes,Y,4,,7,4,0,4,0,,8,6,1,5,0,,11,7,0,7,0,,8,8,,12,8,
450889.0,TEXAS INSTITUTE FOR SURGERY AT PRESBYTERIAN HOSPIT,7115 GREENVILLE AVENUE SUITE 100,DALLAS,TX,75231,DALLAS,(214) 647-5300,Acute Care Hospitals,Physician,Yes,,Not Available,16,7,Not Available,Not Available,Not Available,Not Available,5,8,2,0,2,0,,11,3,0,3,0,,8,8,,12,3,
451307.0,IRAAN GENERAL HOSPITAL,600 HIGHWAY 349 NORTH,IRAAN,TX,79744,PECOS,(432) 639-2575,Critical Access Hospitals,Government - Hospital District or Authority,Yes,,Not Available,16,7,Not Available,Not Available,Not Available,Not Available,5,8,Not Available,Not Available,Not Available,Not Available,5,11,Not Available,Not Available,Not Available,Not Available,5,8,Not Available,5,12,2,
451317.0,REFUGIO COUNTY MEMORIAL HOSPITAL,107 SWIFT STREET,REFUGIO,TX,78377,REFUGIO,(361) 526-2321,Critical Access Hospitals,Government - Hospital District or Authority,Yes,,Not Available,16,7,Not Available,Not Available,Not Available,Not Available,5,8,Not Available,Not Available,Not Available,Not Available,5,11,Not Available,Not Available,Not Available,Not Available,5,8,Not Available,5,12,2,
451330.0,MEDINA REGIONAL HOSPITAL,3100 AVENUE E,HONDO,TX,78861,MEDINA,(830) 426-7700,Critical Access Hospitals,Government - Hospital District or Authority,Yes,Y,Not Available,16,7,1,0,1,0,,8,Not Available,Not Available,Not Available,Not Available,5,11,2,0,2,0,,8,Not Available,5,12,3,
451341.0,HASKELL MEMORIAL HOSPITAL,1 NORTH AVENUE N  PO BOX 1117,HASKELL,TX,79521,HASKELL,(940) 864-2621,Critical Access Hospitals,Government - Hospital District or Authority,Yes,,Not Available,16,7,1,0,1,0,,8,Not Available,Not Available,Not Available,Not Available,5,11,1,0,1,0,,8,Not Available,5,12,3,
451352.0,HARDEMAN COUNTY MEMORIAL HOSPITAL,402 MERCER ST,QUANAH,TX,79252,HARDEMAN,(940) 663-2795,Critical Access Hospitals,Government - Hospital District or Authority,Yes,,Not Available,16,7,Not Available,Not Available,Not Available,Not Available,5,8,Not Available,Not Available,Not Available,Not Available,5,11,Not Available,Not Available,Not Available,Not Available,5,8,Not Available,5,12,3,
451364.0,OTTO KAISER MEMORIAL HOSPITAL,3349 S HIGHWAY 181,KENEDY,TX,78119,KARNES,(830) 583-3401,Critical Access Hospitals,Government - Hospital District or Authority,Yes,,Not Available,16,7,Not Available,Not Available,Not Available,Not Available,5,8,Not Available,Not Available,Not Available,Not Available,5,11,Not Available,Not Available,Not Available,Not Available,5,8,Not Available,5,12,4,
451375.0,LIBERTY DAYTON REGIONAL MEDICAL CENTER,1353 N TRAVIS ST,LIBERTY,TX,77575,LIBERTY,(936) 336-7316,Critical Access Hospitals,Government - Hospital District or Authority,Yes,,Not Available,16,7,Not Available,Not Available,Not Available,Not Available,5,8,Not Available,Not Available,Not Available,Not Available,5,11,1,0,1,0,,8,Not Available,5,12,5,
451386.0,MEMORIAL HOSPITAL,224 E SECOND STREET,DUMAS,TX,79029,MOORE,(806) 935-7171,Critical Access Hospitals,Government - Hospital District or Authority,Yes,,Not Available,16,7,Not Available,Not Available,Not Available,Not Available,5,8,Not Available,Not Available,Not Available,Not Available,5,11,5,0,4,1,,8,Not Available,5,12,7,
451397.0,BAYLOR SCOTT & WHITE HOSPITAL BRENHAM,700 MEDICAL PARKWAY,BRENHAM,TX,77833,WASHINGTON,(979) 836-6173,Critical Access Hospitals,Voluntary non-profit - Private,Yes,Y,Not Available,16,7,2,0,2,0,,8,Not Available,Not Available,Not Available,Not Available,5,11,2,1,1,0,,8,Not Available,5,12,8,
453311.0,SHRINERS HOSPITALS FOR CHILDREN,815 MARKET STREET,GALVESTON,TX,77550,GALVESTON,(409) 770-6600,Childrens,Voluntary non-profit - Private,No,,Not Available,19,Not Available,Not Available,Not Available,Not Available,Not Available,19,Not Available,Not Available,Not Available,Not Available,Not Available,19,Not Available,Not Available,Not Available,Not Available,Not Available,19,Not Available,Not Available,19,Not Available,Not Available,19
454006.0,TERRELL STATE HOSPITAL,1200 E BRIN STREET,TERRELL,TX,75160,KAUFMAN,(972) 524-6452,Psychiatric,Government - State,No,,Not Available,19,Not Available,Not Available,Not Available,Not Available,Not Available,19,Not Available,Not Available,Not Available,Not Available,Not Available,19,Not Available,Not Available,Not Available,Not Available,Not Available,19,Not Available,Not Available,19,Not Available,Not Available,19
454064.0,RIVER CREST HOSP,1636 HUNTERS GLEN ROAD,SAN ANGELO,TX,76904,TOM GREEN,(325) 949-5722,Psychiatric,Proprietary,No,,Not Available,19,Not Available,Not Available,Not Available,Not Available,Not Available,19,Not Available,Not Available,Not Available,Not Available,Not Available,19,Not Available,Not Available,Not Available,Not Available,Not Available,19,Not Available,Not Available,19,Not Available,Not Available,19
454103.0,KINGWOOD PINES HOSPITAL,2001 LADBROOK,KINGWOOD,TX,77339,HARRIS,(281) 358-1495,Psychiatric,Proprietary,No,,Not Available,19,Not Available,Not Available,Not Available,Not Available,Not Available,19,Not Available,Not Available,Not Available,Not Available,Not Available,19,Not Available,Not Available,Not Available,Not Available,Not Available,19,Not Available,Not Available,19,Not Available,Not Available,19
454121.0,AUSTIN OAKS HOSPITAL,1407 WEST STASSNEY LANE,AUSTIN,TX,78745,TRAVIS,(512) 383-8939,Psychiatric,Proprietary,No,,Not Available,19,Not Available,Not Available,Not Available,Not Available,Not Available,19,Not Available,Not Available,Not Available,Not Available,Not Available,19,Not Available,Not Available,Not Available,Not Available,Not Available,19,Not Available,Not Available,19,Not Available,Not Available,19
454133.0,CROSS CREEK HOSPITAL,8402 CROSS PARK DRIVE,AUSTIN,TX,78754,TRAVIS,(844) 572-4956,Psychiatric,Proprietary,No,,Not Available,19,Not Available,Not Available,Not Available,Not Available,Not Available,19,Not Available,Not Available,Not Available,Not Available,Not Available,19,Not Available,Not Available,Not Available,Not Available,Not Available,19,Not Available,Not Available,19,Not Available,Not Available,19
454150.0,OCEANS BEHAVIORAL HOSPITAL OF WACO,5931 CROSSLAKE PARKWAY,WACO,TX,76712,MC LENNAN,(254) 870-4874,Psychiatric,Proprietary,No,,Not Available,19,Not Available,Not Available,Not Available,Not Available,Not Available,19,Not Available,Not Available,Not Available,Not Available,Not Available,19,Not Available,Not Available,Not Available,Not Available,Not Available,19,Not Available,Not Available,19,Not Available,Not Available,19
460001.0,INTERMOUNTAIN HEALTH UTAH VALLEY HOSPITAL,1034 NORTH 500 WEST,PROVO,UT,84604,UTAH,(801) 373-7850,Acute Care Hospitals,Voluntary non-profit - Private,Yes,Y,5,,7,6,0,6,0,,8,8,4,4,0,,11,10,2,8,0,,8,8,,12,11,
460014.0,MOUNTAIN WEST MEDICAL CENTER,2055 NORTH MAIN STREET,TOOELE,UT,84074,TOOELE,(435) 843-3700,Acute Care Hospitals,Proprietary,Yes,Y,Not Available,16,7,2,0,2,0,,8,1,0,1,0,,11,6,0,5,1,,8,8,,12,10,
460042.0,LAKEVIEW HOSPITAL,630 EAST MEDICAL DRIVE,BOUNTIFUL,UT,84010,DAVIS,(801) 299-2200,Acute Care Hospitals,Voluntary non-profit - Other,Yes,,5,,7,4,0,4,0,,8,2,1,1,0,,11,4,2,2,0,,8,8,,12,9,
460061.0,INTERMOUNTAIN HEALTH LAYTON HOSPITAL,201 WEST LAYTON PARKWAY,LAYTON,UT,84041,DAVIS,(801) 543-6000,Acute Care Hospitals,Voluntary non-profit - Private,Yes,Y,Not Available,16,7,2,0,2,0,,8,2,0,2,0,,11,5,0,5,0,,8,8,,12,11,
461308.0,SAN JUAN HOSPITAL,380 WEST 100 NORTH,MONTICELLO,UT,84535,SAN JUAN,(435) 587-2116,Critical Access Hospitals,Voluntary non-profit - Other,Yes,,Not Available,16,7,Not Available,Not Available,Not Available,Not Available,5,8,1,0,1,0,,11,2,0,2,0,,8,Not Available,5,12,6,
470001.0,CENTRAL VERMONT MEDICAL CENTER,BOX 547,BARRE,VT,5641,WASHINGTON,(802) 371-4100,Acute Care Hospitals,Voluntary non-profit - Private,Yes,Y,2,,7,5,0,5,0,,8,4,0,3,1,,11,9,0,8,1,,8,8,,12,11,
471304.0,NORTH COUNTRY HOSPITAL AND HEALTH CENTER,189 PROUTY DRIVE,NEWPORT,VT,5855,ORLEANS,(802) 334-7331,Critical Access Hospitals,Voluntary non-profit - Private,Yes,,2,,7,5,0,4,1,,8,1,0,1,0,,11,6,0,6,0,,8,8,,12,3,
490005.0,WINCHESTER MEDICAL CENTER,1840 AMHERST ST,WINCHESTER,VA,22601,WINCHESTER CITY,(540) 536-8000,Acute Care Hospitals,Voluntary non-profit - Private,Yes,Y,4,,7,7,0,6,1,,8,7,2,5,0,,11,11,0,9,2,,8,8,,12,11,
490023.0,FAUQUIER HOSPITAL,500 HOSPITAL DRIVE,WARRENTON,VA,20186,FAUQUIER,(540) 316-5000,Acute Care Hospitals,Proprietary,Yes,Y,3,,7,5,0,5,0,,8,3,1,2,0,,11,7,1,6,0,,8,8,,12,11,
490044.0,SENTARA OBICI HOSPITAL,2800 GODWIN BOULEVARD,SUFFOLK,VA,23434,SUFFOLK CITY,(757) 934-4000,Acute Care Hospitals,Voluntary non-profit - Other,Yes,Y,4,,7,6,0,6,0,,8,8,1,7,0,,11,8,0,7,1,,8,8,,12,12,
490063.0,INOVA FAIRFAX HOSPITAL,3300 GALLOWS ROAD,FALLS CHURCH,VA,22042,FAIRFAX,(703) 698-1110,Acute Care Hospitals,Voluntary non-profit - Private,Yes,Y,5,,7,7,2,5,0,,8,8,4,4,0,,11,11,0,10,1,,8,8,,12,11,
490092.0,BON SECOURS SOUTHAMPTON MEMORIAL HOSPITAL,100 FAIRVIEW DRIVE - PO BOX 817,FRANKLIN,VA,23851,FRANKLIN CITY,(757) 569-6100,Acute Care Hospitals,Voluntary non-profit - Private,Yes,,3,,7,3,0,3,0,,8,2,0,2,0,,11,5,0,5,0,,8,8,,12,10,
490112.0,CJW MEDICAL CENTER,7101 JAHNKE ROAD,RICHMOND,VA,23225,RICHMOND CITY,(804) 483-0000,Acute Care Hospitals,Proprietary,Yes,,4,,7,7,2,5,0,,8,8,3,5,0,,11,11,0,10,1,,8,8,,12,11,
490126.0,LEWISGALE HOSPITAL ALLEGHANY,ONE ARH LANE - PO BOX 7,LOW MOOR,VA,24457,ALLEGHANY,(540) 862-6200,Acute Care Hospitals,Proprietary,Yes,,3,,7,4,0,4,0,,8,2,0,2,0,,11,6,2,4,0,,8,8,,12,11,
491302.0,CARILION GILES COMMUNITY HOSPITAL,159 HARTLEY WAY,PEARISBURG,VA,24134,GILES,(540) 921-6000,Critical Access Hospitals,Voluntary non-profit - Private,Yes,,4,,7,3,0,3,0,,8,1,0,1,0,,11,4,0,4,0,,8,8,,12,7,
494017.0,SOUTHERN VIRGINIA MENTAL HEALTH INSTITUTE,382 TAYLOR DRIVE,DANVILLE,VA,24541,DANVILLE CITY,(434) 799-6220,Psychiatric,Government - State,Yes,,Not Available,19,Not Available,Not Available,Not Available,Not Available,Not Available,19,Not Available,Not Available,Not Available,Not Available,Not Available,19,Not Available,Not Available,Not Available,Not Available,Not Available,19,Not Available,Not Available,19,Not Available,Not Available,19
500005.0,VIRGINIA MASON MEDICAL CENTER,925 SENECA ST,SEATTLE,WA,98101,KING,(206) 223-6600,Acute Care Hospitals,Voluntary non-profit - Private,Yes,Y,5,,7,7,1,6,0,,8,8,4,4,0,,11,11,1,10,0,,8,8,,12,11,
500025.0,SWEDISH MEDICAL CENTER / CHERRY HILL,500 17TH AVENUE,SEATTLE,WA,98122,KING,(206) 320-2000,Acute Care Hospitals,Voluntary non-profit - Church,Yes,,4,,7,6,1,5,0,,8,5,0,5,0,,11,6,0,6,0,,8,8,,12,9,
500044.0,DEACONESS MEDICAL CENTER,W 800 FIFTH AVENUE,SPOKANE,WA,99210,SPOKANE,(509) 473-5800,Acute Care Hospitals,Voluntary non-profit - Private,Yes,Y,3,,7,7,0,7,0,,8,7,3,4,0,,11,11,1,10,0,,8,8,,12,11,
500077.0,PROVIDENCE HOLY FAMILY HOSPITAL,5633 NORTH LIDGERWOOD,SPOKANE,WA,99208,SPOKANE,(509) 482-0111,Acute Care Hospitals,Voluntary non-profit - Private,Yes,Y,2,,7,6,0,6,0,,8,7,1,6,0,,11,9,0,8,1,,8,8,,12,10,
500150.0,LEGACY SALMON CREEK MEDICAL CENTER,2211 NE 139TH STREET,VANCOUVER,WA,98686,CLARK,(360) 487-1000,Acute Care Hospitals,Voluntary non-profit - Private,Yes,Y,4,,7,6,0,6,0,,8,7,1,6,0,,11,10,0,9,1,,8,8,,12,12,
501308.0,COULEE MEDICAL CENTER,411 FORTUYN ROAD,GRAND COULEE,WA,99133,GRANT,(509) 633-1753,Critical Access Hospitals,Government - Hospital District or Authority,Yes,,Not Available,16,7,1,0,1,0,,8,1,0,1,0,,11,1,0,1,0,,8,Not Available,5,12,7,
501318.0,OTHELLO COMMUNITY HOSPITAL,315 NORTH 14TH AVENUE,OTHELLO,WA,99344,ADAMS,(509) 488-2636,Critical Access Hospitals,Government - Local,Yes,,Not Available,16,7,Not Available,Not Available,Not Available,Not Available,5,8,Not Available,Not Available,Not Available,Not Available,5,11,1,0,1,0,,8,Not Available,5,12,2,
501328.0,MID VALLEY HOSPITAL & CLINIC,810 JASMINE STREET,OMAK,WA,98841,OKANOGAN,(509) 826-1760,Critical Access Hospitals,Government - Hospital District or Authority,Yes,,Not Available,16,7,1,0,1,0,,8,1,0,1,0,,11,2,0,2,0,,8,8,,12,8,
501338.0,SNOQUALMIE VALLEY HOSPITAL,9801 FRONTIER AVE SE,SNOQUALMIE,WA,98065,KING,(425) 831-2300,Critical Access Hospitals,Government - Hospital District or Authority,Yes,,Not Available,16,7,Not Available,Not Available,Not Available,Not Available,5,8,1,0,1,0,,11,Not Available,Not Available,Not Available,Not Available,5,8,Not Available,5,12,4,
504012.0,SMOKEY POINT BEHAVIORAL HOSPITAL,3955 156TH ST NE,MARYSVILLE,WA,98271,SNOHOMISH,(212) 243-5565,Psychiatric,Proprietary,No,,Not Available,19,Not Available,Not Available,Not Available,Not Available,Not Available,19,Not Available,Not Available,Not Available,Not Available,Not Available,19,Not Available,Not Available,Not Available,Not Available,Not Available,19,Not Available,Not Available,19,Not Available,Not Available,19
510012.0,RIVERS HEALTH,2520 VALLEY DRIVE,POINT PLEASANT,WV,25550,MASON,(304) 675-4340,Acute Care Hospitals,Voluntary non-profit - Private,Yes,,1,,7,3,0,3,0,,8,2,0,2,0,,11,6,0,5,1,,8,8,,12,8,
510050.0,"WHEELING HOSPITAL, INC",1 MEDICAL PARK,WHEELING,WV,26003,OHIO,(304) 243-3000,Acute Care Hospitals,Voluntary non-profit - Church,Yes,Y,1,,7,7,0,6,1,,8,7,0,7,0,,11,11,0,8,3,,8,8,,12,12,
511300.0,"BROADDUS HOSPITAL ASSOCIATION, INC",1 HEALTHCARE DRIVE MANSFIELD HILL,PHILIPPI,WV,26416,BARBOUR,(304) 457-1760,Critical Access Hospitals,Voluntary non-profit - Private,Yes,,Not Available,16,7,Not Available,Not Available,Not Available,Not Available,5,8,Not Available,Not Available,Not Available,Not Available,5,11,Not Available,Not Available,Not Available,Not Available,5,8,Not Available,5,12,5,
511312.0,PRESTON MEMORIAL HOSPITAL,150 MEMORIAL DRIVE,KINGWOOD,WV,26537,PRESTON,(304) 329-1400,Critical Access Hospitals,Proprietary,Yes,,Not Available,16,7,1,0,1,0,,8,1,0,1,0,,11,2,0,2,0,,8,Not Available,5,12,7,
511322.0,SUMMERSVILLE REGIONAL MEDICAL CENTER,400 FAIRVIEW HEIGHTS ROAD,SUMMERSVILLE,WV,26651,NICHOLAS,(304) 872-2891,Critical Access Hospitals,Voluntary non-profit - Private,Yes,,Not Available,16,7,Not Available,Not Available,Not Available,Not Available,5,8,Not Available,Not Available,Not Available,Not Available,5,11,Not Available,Not Available,Not Available,Not Available,5,8,Not Available,5,12,3,
520011.0,MARSHFIELD MEDICAL CENTER - RICE LAKE,1700 WEST STOUT STREET,RICE LAKE,WI,54868,BARRON,(715) 234-1515,Acute Care Hospitals,Voluntary non-profit - Private,Yes,Y,2,,7,3,0,3,0,,8,2,0,2,0,,11,7,0,6,1,,8,8,,12,10,
520041.0,ASPIRUS DIVINE SAVIOR HOSPITAL,2817 NEW PINERY ROAD,PORTAGE,WI,53901,COLUMBIA,(608) 742-4131,Acute Care Hospitals,Voluntary non-profit - Private,Yes,Y,3,,7,4,0,4,0,,8,2,0,2,0,,11,7,1,6,0,,8,8,,12,9,
520070.0,MAYO CLINIC HEALTH SYSTEM EAU CLAIRE HOSPITAL,1221 WHIPPLE ST,EAU CLAIRE,WI,54703,EAU CLAIRE,(715) 838-3311,Acute Care Hospitals,Voluntary non-profit - Private,Yes,Y,5,,7,7,1,6,0,,8,7,2,5,0,,11,11,1,10,0,,8,8,,12,11,
520095.0,SAUK PRAIRIE HOSPITAL,260 26TH STREET,PRAIRIE DU SAC,WI,53578,SAUK,(608) 643-3311,Acute Care Hospitals,Voluntary non-profit - Private,Yes,Y,5,,7,3,0,3,0,,8,3,0,3,0,,11,6,1,5,0,,8,8,,12,10,
520116.0,WATERTOWN MEMORIAL HOSPITAL,125 HOSPITAL DRIVE,WATERTOWN,WI,53098,DODGE,(920) 261-4210,Acute Care Hospitals,Voluntary non-profit - Private,Yes,Y,3,,7,5,0,4,1,,8,3,0,3,0,,11,7,1,6,0,,8,8,,12,10,
520198.0,AURORA MEDICAL CTR OSHKOSH,855 N WESTHAVEN DRIVE,OSHKOSH,WI,54904,WINNEBAGO,(920) 456-6000,Acute Care Hospitals,Voluntary non-profit - Private,Yes,Y,4,,7,5,0,5,0,,8,5,0,5,0,,11,8,0,8,0,,8,8,,12,12,
520215.0,MARSHFIELD MEDICAL CENTER - RIVER REGION,4100 STATE HIGHWAY 66,STEVENS POINT,WI,54482,PORTAGE,(715) 997-6000,Acute Care Hospitals,Voluntary non-profit - Private,Yes,,Not Available,16,7,Not Available,Not Available,Not Available,Not Available,5,8,Not Available,Not Available,Not Available,Not Available,5,11,4,0,4,0,,8,Not Available,5,12,6,
521311.0,ASPIRUS STANLEY HOSPITAL,1120 PINE ST,STANLEY,WI,54768,CHIPPEWA,(715) 644-5571,Critical Access Hospitals,Voluntary non-profit - Private,Yes,,Not Available,16,7,Not Available,Not Available,Not Available,Not Available,5,8,Not Available,Not Available,Not Available,Not Available,5,11,3,0,3,0,,8,Not Available,5,12,8,
521321.0,RIPON MEDICAL CENTER,845 PARKSIDE ST,RIPON,WI,54971,FOND DU LAC,(920) 748-3101,Critical Access Hospitals,Voluntary non-profit - Private,Yes,,Not Available,16,7,Not Available,Not Available,Not Available,Not Available,5,8,Not Available,Not Available,Not Available,Not Available,5,11,2,0,2,0,,8,8,,12,7,
521331.0,BURNETT MEDICAL CENTER,257 W ST GEORGE AVE,GRANTSBURG,WI,54840,BURNETT,(715) 463-5353,Critical Access Hospitals,Voluntary non-profit - Private,Yes,,Not Available,16,7,Not Available,Not Available,Not Available,Not Available,5,8,Not Available,Not Available,Not Available,Not Available,5,11,1,0,1,0,,8,Not Available,5,12,3,
521341.0,RICHLAND HOSPITAL,333 E SECOND ST,RICHLAND CENTER,WI,53581,RICHLAND,(608) 647-6321,Critical Access Hospitals,Voluntary non-profit - Private,Yes,,4,,7,3,0,3,0,,8,2,0,2,0,,11,5,0,5,0,,8,8,,12,5,
521351.0,REEDSBURG AREA MEDICAL CENTER,2000 N DEWEY AVE,REEDSBURG,WI,53959,SAUK,(608) 524-6487,Critical Access Hospitals,Voluntary non-profit - Private,Yes,,3,,7,3,0,3,0,,8,1,0,1,0,,11,3,0,3,0,,8,8,,12,3,
523302.0,CHILDRENS HOSPITAL OF WISCONSIN FOX VALLEY,130 SECOND ST,NEENAH,WI,54956,WINNEBAGO,(920) 969-7900,Childrens,Voluntary non-profit - Other,Yes,,Not Available,19,Not Available,Not Available,Not Available,Not Available,Not Available,19,Not Available,Not Available,Not Available,Not Available,Not Available,19,Not Available,Not Available,Not Available,Not Available,Not Available,19,Not Available,Not Available,19,Not Available,Not Available,19
524038.0,BELLIN PSYCHIATRIC CENTER,301 E ST JOSEPH ST,GREEN BAY,WI,54301,BROWN,(920) 433-3630,Psychiatric,Voluntary non-profit - Church,No,,Not Available,19,Not Available,Not Available,Not Available,Not Available,Not Available,19,Not Available,Not Available,Not Available,Not Available,Not Available,19,Not Available,Not Available,Not Available,Not Available,Not Available,19,Not Available,Not Available,19,Not Available,Not Available,19
530015.0,ST JOHNS MEDICAL CENTER,po box 428,JACKSON,WY,83001,TETON,(307) 733-3636,Acute Care Hospitals,Government - Hospital District or Authority,Yes,Y,4,,7,4,0,4,0,,8,2,0,2,0,,11,8,1,7,0,,8,8,,12,10,
531308.0,JOHNSON COUNTY HEALTHCARE CENTER,497 WEST LOTT,BUFFALO,WY,82834,JOHNSON,(307) 684-5521,Critical Access Hospitals,Government - Hospital District or Authority,No,,Not Available,16,7,1,0,0,1,,8,Not Available,Not Available,Not Available,Not Available,5,11,2,0,2,0,,8,Not Available,5,12,3,
531318.0,MEMORIAL HOSPITAL SWEETWATER COUNTY,1200 COLLEGE DRIVE,ROCK SPRINGS,WY,82901,SWEETWATER,(307) 362-3711,Critical Access Hospitals,Government - Hospital District or Authority,Yes,,Not Available,5,Not Available,Not Available,Not Available,Not Available,Not Available,5,Not Available,Not Available,Not Available,Not Available,Not Available,5,Not Available,Not Available,Not Available,Not Available,Not Available,5,Not Available,Not Available,5,Not Available,Not Available,5
670010.0,MAYHILL HOSPITAL,2809 SOUTH MAYHILL ROAD,DENTON,TX,76208,DENTON,(940) 239-3000,Acute Care Hospitals,Proprietary,No,,Not Available,16,7,Not Available,Not Available,Not Available,Not Available,5,8,1,0,1,0,,11,Not Available,Not Available,Not Available,Not Available,5,8,Not Available,5,12,2,
670053.0,ST LUKE'S SUGAR LAND HOSPITAL,1317 LAKE POINTE PARKWAY,SUGAR LAND,TX,77478,FORT BEND,(281) 637-7000,Acute Care Hospitals,Proprietary,Yes,Y,3,,7,2,0,2,0,,8,4,1,3,0,,11,5,0,4,1,,8,8,,12,9,
670071.0,TEXAS HEALTH HEART & VASCULAR HOSPITAL ARLINGTON,811 WRIGHT STREET,ARLINGTON,TX,76012,TARRANT,(817) 960-3500,Acute Care Hospitals,Proprietary,No,,4,,7,3,0,3,0,,8,3,0,3,0,,11,5,0,5,0,,8,8,,12,3,
670090.0,CRESCENT MEDICAL CENTER LANCASTER,2600 WEST PLEASANT RUN ROAD,LANCASTER,TX,75146,DALLAS,(972) 230-8888,Acute Care Hospitals,Physician,Yes,,4,,7,Not Available,Not Available,Not Available,Not Available,5,8,3,0,3,0,,11,3,0,3,0,,8,Not Available,5,12,4,
670115.0,CLEVELAND EMERGENCY HOSPITAL,"8901 FM 1960 BYPASS RD W, SUITE 105",HUMBLE,TX,77338,HARRIS,(281) 592-5400,Acute Care Hospitals,Proprietary,Yes,,Not Available,16,7,Not Available,Not Available,Not Available,Not Available,5,8,Not Available,Not Available,Not Available,Not Available,5,11,Not Available,Not Available,Not Available,Not Available,5,8,Not Available,5,12,Not Available,5
670135.0,"ALTUS HOUSTON HOSPITAL, LP",6011 W SAM HOUSTON PKWY SOUTH,HOUSTON,TX,77072,HARRIS,(713) 773-0556,Acute Care Hospitals,Proprietary,Yes,,Not Available,16,7,Not Available,Not Available,Not Available,Not Available,5,8,Not Available,Not Available,Not Available,Not Available,5,11,Not Available,Not Available,Not Available,Not Available,5,8,Not Available,5,12,Not Available,5
670320.0,EAST HOUSTON MEDICAL CENTER,15149 WALLISVILLE ROAD,HOUSTON,TX,77049,HARRIS,(281) 988-9800,Acute Care Hospitals,Proprietary,Yes,,Not Available,5,Not Available,Not Available,Not Available,Not Available,Not Available,5,Not Available,Not Available,Not Available,Not Available,Not Available,5,Not Available,Not Available,Not Available,Not Available,Not Available,5,Not Available,Not Available,5,Not Available,Not Available,5
670781.0,ANSON GENERAL HOSPITAL,101 AVENUE J,ANSON,TX,79501,JONES,(325) 823-3231,Rural Emergency Hospital,Government - Hospital District or Authority,Yes,,Not Available,19,Not Available,Not Available,Not Available,Not Available,Not Available,19,Not Available,Not Available,Not Available,Not Available,Not Available,19,Not Available,Not Available,Not Available,Not Available,Not Available,19,Not Available,Not Available,19,Not Available,Not Available,19
