facility_id,facility_name,address,city,state,zip_code,county,telephone_number,hospital_type,hospital_ownership,emergency_services,meets_criteria_for_birthing_friendly_designation,hospital_overall_rating,hospital_overall_rating_footnote,mort_group_measure_count,count_of_facility_mort_measures,count_of_mort_measures_better,count_of_mort_measures_no_different,count_of_mort_measures_worse,mort_group_footnote,safety_group_measure_count,count_of_facility_safety_measures,count_of_safety_measures_better,count_of_safety_measures_no_different,count_of_safety_measures_worse,safety_group_footnote,readm_group_measure_count,count_of_facility_readm_measures,count_of_readm_measures_better,count_of_readm_measures_no_different,count_of_readm_measures_worse,readm_group_footnote,pt_exp_group_measure_count,count_of_facility_pt_exp_measures,pt_exp_group_footnote,te_group_measure_count,count_of_facility_te_measures,te_group_footnote
1019.0,VA CENTRAL ALABAMA HEALTHCARE SYSTEM - MONTGOMERY,215 PERRY HILL ROAD,MONTGOMERY,AL,36109,MONTGOMERY,(334) 260-4100,Acute Care - Veterans Administration,Veterans Health Administration,Yes,,5,,7,3,0,3,0,,8,1,0,1,0,,11,4,2,2,0,,8,8,,12,4,
5020.0,NH Camp Pendleton,200 Mercy Cir,Camp Pendleton,CA,92055,SAN DIEGO,(760) 725-1288,Acute Care - Department of Defense,Department of Defense,Yes,,Not Available,22,Not Available,Not Available,Not Available,Not Available,Not Available,22,Not Available,Not Available,Not Available,Not Available,Not Available,22,Not Available,Not Available,Not Available,Not Available,Not Available,22,Not Available,Not Available,22,Not Available,Not Available,22
5128.0,VA GREATER LOS ANGELES HEALTHCARE SYSTEM,11301 WILSHIRE BLVD.,LOS ANGELES,CA,90073,LOS ANGELES,(310) 478-3711,Acute Care - Veterans Administration,Veterans Health Administration,Yes,,3,,7,5,2,3,0,,8,4,0,4,0,,11,6,0,3,3,,8,8,,12,6,
10006.0,NORTH ALABAMA MEDICAL CENTER,1701 VETERANS DRIVE,FLORENCE,AL,35630,LAUDERDALE,(256) 768-8400,Acute Care Hospitals,Proprietary,Yes,Y,2,,7,7,0,5,2,,8,8,3,5,0,,11,9,0,8,1,,8,8,,12,10,
10019.0,HELEN KELLER HOSPITAL,1300 SOUTH MONTGOMERY AVENUE,SHEFFIELD,AL,35660,COLBERT,(256) 386-4556,Acute Care Hospitals,Government - Hospital District or Authority,Yes,Y,2,,7,5,0,3,2,,8,7,0,6,1,,11,7,0,7,0,,8,8,,12,11,
10036.0,ANDALUSIA HEALTH,849 SOUTH THREE NOTCH STREET,ANDALUSIA,AL,36420,COVINGTON,(334) 222-8466,Acute Care Hospitals,Proprietary,Yes,Y,2,,7,4,0,4,0,,8,3,0,3,0,,11,7,0,6,1,,8,8,,12,9,
10056.0,ST VINCENT'S BIRMINGHAM,810 ST VINCENT'S DRIVE,BIRMINGHAM,AL,35205,JEFFERSON,(205) 939-7000,Acute Care Hospitals,Voluntary non-profit - Private,Yes,Y,3,,7,7,1,6,0,,8,8,2,6,0,,11,9,1,8,0,,8,8,,12,11,
10073.0,CLAY COUNTY HOSPITAL,83825 HIGHWAY 9    P O BOX 1270,ASHLAND,AL,36251,CLAY,(256) 354-2131,Acute Care Hospitals,Government - Hospital District or Authority,Yes,,Not Available,16,7,1,0,1,0,,8,Not Available,Not Available,Not Available,Not Available,5,11,3,0,3,0,,8,Not Available,5,12,8,
10092.0,DCH REGIONAL MEDICAL CENTER,809 UNIVERSITY BOULEVARD EAST,TUSCALOOSA,AL,35401,TUSCALOOSA,(205) 759-7111,Acute Care Hospitals,Government - Hospital District or Authority,Yes,Y,1,,7,7,0,6,1,,8,8,3,5,0,,11,11,0,8,3,,8,8,,12,12,
10108.0,PRATTVILLE BAPTIST HOSPITAL,124 S MEMORIAL DR,PRATTVILLE,AL,36067,AUTAUGA,(334) 361-4267,Acute Care Hospitals,Government - Hospital District or Authority,Yes,,3,,7,4,0,4,0,,8,3,0,3,0,,11,5,0,5,0,,8,8,,12,9,
10129.0,NORTH BALDWIN INFIRMARY,1815 HAND AVENUE,BAY MINETTE,AL,36507,BALDWIN,(251) 937-5521,Acute Care Hospitals,Voluntary non-profit - Private,Yes,Y,Not Available,16,7,2,0,2,0,,8,2,0,2,0,,11,6,0,5,1,,8,8,,12,9,
10158.0,RUSSELLVILLE HOSPITAL,15155 HIGHWAY 43,RUSSELLVILLE,AL,35653,FRANKLIN,(256) 332-1611,Acute Care Hospitals,Proprietary,Yes,,2,,7,2,0,2,0,,8,3,0,3,0,,11,6,0,6,0,,8,8,,12,8,
11032.0,Martin ACH (FT Benning),6600 Van Aalst Blvd,Fort Benning,GA,31905,CHATTAHOOCHEE,(762) 408-2604,Acute Care - Department of Defense,Department of Defense,Yes,,Not Available,22,Not Available,Not Available,Not Available,Not Available,Not Available,22,Not Available,Not Available,Not Available,Not Available,Not Available,22,Not Available,Not Available,Not Available,Not Available,Not Available,22,Not Available,Not Available,22,Not Available,Not Available,22
11309.0,WIREGRASS MEDICAL CENTER,1200 W MAPLE AVENUE,GENEVA,AL,36340,GENEVA,(334) 684-3655,Critical Access Hospitals,Government - Hospital District or Authority,Yes,,Not Available,19,Not Available,Not Available,Not Available,Not Available,Not Available,19,Not Available,Not Available,Not Available,Not Available,Not Available,19,Not Available,Not Available,Not Available,Not Available,Not Available,19,Not Available,Not Available,19,Not Available,Not Available,19
14007.0,HINES VA MEDICAL CENTER,5000 SOUTH 5TH AVENUE,HINES,IL,60141,COOK,(708) 202-8387,Acute Care - Veterans Administration,Veterans Health Administration,Yes,,2,,7,5,3,2,0,,8,4,0,3,1,,11,6,0,3,3,,8,8,,12,6,
15004.0,VA N. INDIANA HEALTHCARE SYSTEM,1700 E. 38TH STREET,MARION,IN,46953,GRANT,(765) 674-3321,Acute Care - Veterans Administration,Veterans Health Administration,Yes,,5,,7,3,0,3,0,,8,Not Available,Not Available,Not Available,Not Available,5,11,4,3,1,0,,8,8,,12,4,
19047.0,SOUTHEAST LOUISIANA VETERANS HEALTH CARE SYSTEM,2400 CANAL STREET,NEW ORLEANS,LA,70119,ORLEANS,(800) 935-8387,Acute Care - Veterans Administration,Veterans Health Administration,Yes,,4,,7,4,2,2,0,,8,3,0,3,0,,11,5,0,3,2,,8,8,,12,5,
20024.0,CENTRAL PENINSULA GENERAL HOSPITAL,250 HOSPITAL PLACE,SOLDOTNA,AK,99669,KENAI PENINSULA,(907) 262-4404,Acute Care Hospitals,Voluntary non-profit - Other,Yes,Y,1,,7,5,0,5,0,,8,4,0,4,0,,11,9,0,7,2,,8,8,,12,11,
21307.0,CORDOVA COMMUNITY MEDICAL CENTER,PO BOX 160 - 602 CHASE AVENUE,CORDOVA,AK,99574,VALDEZ-CORDOVA,(907) 424-8000,Critical Access Hospitals,Government - Local,Yes,,Not Available,16,7,Not Available,Not Available,Not Available,Not Available,5,8,Not Available,Not Available,Not Available,Not Available,5,11,Not Available,Not Available,Not Available,Not Available,5,8,Not Available,5,12,2,
22010.0,VA BOSTON HEALTHCARE SYSTEM - JAMAICA PLAIN,150 S. HUNTINGTON AVENUE,JAMAICA PLAIN,MA,2130,SUFFOLK,(617) 232-9500,Acute Care - Veterans Administration,Veterans Health Administration,Yes,,4,,7,4,2,2,0,,8,3,0,3,0,,11,6,0,4,2,,8,8,,12,6,
25042.0,VA GULF COAST HEALTHCARE SYSTEM,400 VETERANS AVENUE,BILOXI,MS,39531,HARRISON,(228) 523-5000,Acute Care - Veterans Administration,Veterans Health Administration,Yes,,5,,7,3,0,3,0,,8,1,0,1,0,,11,4,1,3,0,,8,8,,12,5,
29002.0,VA SIERRA NEVADA HEALTHCARE SYSTEM,975 KIRMAN AVENUE,RENO,NV,89502,WASHOE,(775) 328-1263,Acute Care - Veterans Administration,Veterans Health Administration,Yes,,5,,7,4,1,3,0,,8,3,0,3,0,,11,6,0,6,0,,8,8,,12,5,
30016.0,BANNER CASA GRANDE MEDICAL CENTER,1800 EAST FLORENCE BOULEVARD,CASA GRANDE,AZ,85122,PINAL,(520) 381-6300,Acute Care Hospitals,Voluntary non-profit - Other,Yes,Y,2,,7,5,0,5,0,,8,6,1,5,0,,11,7,0,6,1,,8,8,,12,10,
30061.0,BANNER BOSWELL MEDICAL CENTER,13632 N 99TH AVE,SUN CITY,AZ,85351,MARICOPA,(623) 832-4000,Acute Care Hospitals,Voluntary non-profit - Other,Yes,,3,,7,7,0,7,0,,8,7,2,4,1,,11,9,0,7,2,,8,8,,12,10,
30084.0,CHINLE COMPREHENSIVE HEALTH CARE FACILITY,"US HWY 191, HOSPITAL ROAD",CHINLE,AZ,86503,APACHE,(928) 674-7001,Acute Care Hospitals,Government - Federal,Yes,Y,Not Available,16,7,1,0,1,0,,8,2,0,2,0,,11,3,0,2,1,,8,Not Available,5,12,5,
30105.0,BANNER HEART HOSPITAL,6750 EAST BAYWOOD AVENUE,MESA,AZ,85206,MARICOPA,(480) 854-5050,Acute Care Hospitals,Voluntary non-profit - Private,No,,3,,7,5,0,5,0,,8,4,0,4,0,,11,6,1,5,0,,8,8,,12,3,
30119.0,MERCY GILBERT MEDICAL CENTER,3555 SOUTH VAL VISTA DRIVE,GILBERT,AZ,85297,MARICOPA,(480) 728-8000,Acute Care Hospitals,Voluntary non-profit - Church,Yes,Y,5,,7,6,0,6,0,,8,8,1,7,0,,11,10,0,10,0,,8,8,,12,11,
30147.0,BANNER OCOTILLO MEDICAL CENTER,1405 SOUTH ALMA SCHOOL ROAD,CHANDLER,AZ,85286,MARICOPA,(480) 256-7000,Acute Care Hospitals,Voluntary non-profit - Private,Yes,Y,2,,7,3,0,3,0,,8,2,0,2,0,,11,6,0,5,1,,8,8,,12,8,
31304.0,PAGE HOSPITAL,501 NORTH NAVAJO DRIVE,PAGE,AZ,86040,COCONINO,(928) 645-2424,Critical Access Hospitals,Government - Hospital District or Authority,Yes,Y,Not Available,16,7,Not Available,Not Available,Not Available,Not Available,5,8,Not Available,Not Available,Not Available,Not Available,5,11,1,0,1,0,,8,Not Available,5,12,8,
31317.0,LA PAZ REGIONAL HOSPITAL,1200 WEST MOHAVE ROAD,PARKER,AZ,85344,LAPAZ,(928) 669-9201,Critical Access Hospitals,Voluntary non-profit - Private,Yes,,Not Available,16,7,1,0,1,0,,8,Not Available,Not Available,Not Available,Not Available,5,11,2,0,2,0,,8,8,,12,2,
33017.0,VA NEW YORK HARBOR HEALTHCARE SYSTEM - NY DIV.,423 EAST 23RD STREET,NEW YORK,NY,10010,NEW YORK,(212) 686-7500,Acute Care - Veterans Administration,Veterans Health Administration,Yes,,2,,7,5,1,4,0,,8,2,0,2,0,,11,6,0,4,2,,8,8,,12,6,
34013.0,"ST. LUKE'S BEHAVIORAL HOSPITAL, LP",1800 EAST VAN BUREN,PHOENIX,AZ,85006,MARICOPA,(602) 251-8535,Psychiatric,Proprietary,No,,Not Available,19,Not Available,Not Available,Not Available,Not Available,Not Available,19,Not Available,Not Available,Not Available,Not Available,Not Available,19,Not Available,Not Available,Not Available,Not Available,Not Available,19,Not Available,Not Available,19,Not Available,Not Available,19
34027.0,CHANGEPOINT PSYCHIATRIC HOSPITAL,1920 WEST COMMERCE DRIVE,LAKESIDE,AZ,85929,NAVAJO,(928) 368-4110,Psychiatric,Voluntary non-profit - Private,No,,Not Available,19,Not Available,Not Available,Not Available,Not Available,Not Available,19,Not Available,Not Available,Not Available,Not Available,Not Available,19,Not Available,Not Available,Not Available,Not Available,Not Available,19,Not Available,Not Available,19,Not Available,Not Available,19
34038.0,"PHOENIX MEDICAL PSYCHIATRIC HOSPITAL, LLC",1346 EAST MCDOWELL ROAD,PHOENIX,AZ,85006,MARICOPA,(833) 312-0320,Psychiatric,Proprietary,No,,Not Available,19,Not Available,Not Available,Not Available,Not Available,Not Available,19,Not Available,Not Available,Not Available,Not Available,Not Available,19,Not Available,Not Available,Not Available,Not Available,Not Available,19,Not Available,Not Available,19,Not Available,Not Available,19
37014.0,OKLAHOMA CITY VA MEDICAL CENTER,921 NE 13TH STREET,OKLAHOMA CITY,OK,73104,OKLAHOMA,(405) 270-0501,Acute Care - Veterans Administration,Veterans Health Administration,Yes,,2,,7,5,1,4,0,,8,3,0,1,2,,11,5,0,5,0,,8,8,,12,5,
40018.0,BAPTIST HEALTH - VAN BUREN,211 CRAWFORD MEMORIAL DRIVE,VAN BUREN,AR,72956,CRAWFORD,(479) 474-3401,Acute Care Hospitals,Voluntary non-profit - Private,Yes,,Not Available,16,7,Not Available,Not Available,Not Available,Not Available,5,8,Not Available,Not Available,Not Available,Not Available,5,11,Not Available,Not Available,Not Available,Not Available,5,8,Not Available,5,12,5,
40050.0,OUACHITA COUNTY MEDICAL CENTER,638 CALIFORNIA AVENUE,CAMDEN,AR,71701,OUACHITA,(870) 836-1000,Acute Care Hospitals,Voluntary non-profit - Private,Yes,Y,1,,7,3,0,3,0,,8,2,0,2,0,,11,4,0,3,1,,8,8,,12,9,
40084.0,SALINE MEMORIAL HOSPITAL,1 MEDICAL PARK DRIVE,BENTON,AR,72015,SALINE,(501) 776-6000,Acute Care Hospitals,Proprietary,Yes,Y,2,,7,6,0,6,0,,8,5,0,5,0,,11,8,0,8,0,,8,8,,12,10,
40154.0,BAPTIST HEALTH MEDICAL CENTER- CONWAY,1555 EXCHANGE AVENUE,CONWAY,AR,72032,FAULKNER,(501) 585-2000,Acute Care Hospitals,Voluntary non-profit - Private,Yes,Y,3,,7,5,0,5,0,,8,4,1,3,0,,11,8,0,7,1,,8,8,,12,11,
41302.0,DARDANELLE REGIONAL MEDICAL CENTER,200 NORTH THIRD STREET,DARDANELLE,AR,72834,YELL,(479) 229-4677,Critical Access Hospitals,Government - Local,Yes,,Not Available,16,7,1,0,1,0,,8,Not Available,Not Available,Not Available,Not Available,5,11,2,0,2,0,,8,Not Available,5,12,6,
41313.0,OZARK HEALTH,2500 HIGHWAY 65 SOUTH,CLINTON,AR,72031,VAN BUREN,(501) 745-7000,Critical Access Hospitals,Voluntary non-profit - Private,Yes,,Not Available,16,7,1,0,1,0,,8,Not Available,Not Available,Not Available,Not Available,5,11,4,0,4,0,,8,Not Available,5,12,6,
41328.0,CHICOT MEMORIAL MEDICAL CENTER,2729 SOUTH HIGHWAY 65 & 82,LAKE VILLAGE,AR,71653,CHICOT,(870) 265-5351,Critical Access Hospitals,Voluntary non-profit - Private,Yes,,Not Available,16,7,1,0,1,0,,8,Not Available,Not Available,Not Available,Not Available,5,11,3,0,3,0,,8,Not Available,5,12,4,
44005.0,BRIDGEWAY HOSPITAL,21 BRIDGEWAY ROAD,NORTH LITTLE ROCK,AR,72113,PULASKI,(501) 771-1500,Psychiatric,Proprietary,No,,Not Available,19,Not Available,Not Available,Not Available,Not Available,Not Available,19,Not Available,Not Available,Not Available,Not Available,Not Available,19,Not Available,Not Available,Not Available,Not Available,Not Available,19,Not Available,Not Available,19,Not Available,Not Available,19
50006.0,PROVIDENCE ST JOSEPH HOSPITAL,2700 DOLBEER ST,EUREKA,CA,95501,HUMBOLDT,(707) 445-8121,Acute Care Hospitals,Voluntary non-profit - Private,Yes,Y,3,,7,7,0,7,0,,8,7,1,6,0,,11,11,2,9,0,,8,8,,12,12,
50026.0,GROSSMONT HOSPITAL,5555 GROSSMONT CENTER DRIVE BOX 58,LA MESA,CA,91942,SAN DIEGO,(619) 465-0711,Acute Care Hospitals,Government - Hospital District or Authority,Yes,Y,3,,7,7,1,5,1,,8,7,3,4,0,,11,9,0,8,1,,8,8,,12,10,
50047.0,CALIFORNIA PACIFIC MEDICAL CENTER- VAN NESS CAMPUS,1101 VAN NESS AVENUE,SAN FRANCISCO,CA,94109,SAN FRANCISCO,(415) 600-6000,Acute Care Hospitals,Voluntary non-profit - Private,Yes,Y,3,,7,7,1,6,0,,8,6,2,3,1,,11,10,0,9,1,,8,8,,12,11,
50070.0,KAISER FOUNDATION HOSPITAL - SOUTH SAN FRANCISCO,1200 EL CAMINO REAL,SOUTH SAN FRANCISCO,CA,94080,SAN MATEO,(650) 742-3200,Acute Care Hospitals,Voluntary non-profit - Private,Yes,,5,,7,Not Available,Not Available,Not Available,Not Available,5,8,6,1,5,0,,11,1,0,1,0,,8,8,,12,5,
50089.0,COMMUNITY HOSPITAL OF SAN BERNARDINO,1805 MEDICAL CENTER DRIVE,SAN BERNARDINO,CA,92411,SAN BERNARDINO,(909) 887-6333,Acute Care Hospitals,Voluntary non-profit - Private,Yes,Y,3,,7,2,0,2,0,,8,5,0,5,0,,11,3,0,3,0,,8,8,,12,9,
50107.0,MARIAN REGIONAL MEDICAL CENTER,1400 E CHURCH ST,SANTA MARIA,CA,93454,SANTA BARBARA,(805) 739-3100,Acute Care Hospitals,Voluntary non-profit - Church,Yes,Y,2,,7,7,0,6,1,,8,7,1,5,1,,11,11,0,10,1,,8,8,,12,11,
50124.0,USC VERDUGO HILLS HOSPITAL,1812 VERDUGO BLVD,GLENDALE,CA,91208,LOS ANGELES,(818) 790-7100,Acute Care Hospitals,Voluntary non-profit - Private,Yes,Y,3,,7,5,1,4,0,,8,6,0,6,0,,11,7,1,5,1,,8,8,,12,11,
50136.0,PETALUMA VALLEY HOSPITAL,400 N MCDOWELL BLVD,PETALUMA,CA,94954,SONOMA,(707) 778-1111,Acute Care Hospitals,Voluntary non-profit - Other,Yes,Y,4,,7,5,0,5,0,,8,3,0,3,0,,11,7,0,7,0,,8,8,,12,9,
50159.0,VENTURA COUNTY MEDICAL CENTER,300 HILLMONT AVENUE,VENTURA,CA,93003,VENTURA,(805) 652-6075,Acute Care Hospitals,Government - Local,Yes,Y,2,,7,4,0,4,0,,8,7,0,7,0,,11,9,0,9,0,,8,8,,12,9,
50195.0,WASHINGTON HOSPITAL,2000 MOWRY AVE,FREMONT,CA,94538,ALAMEDA,(510) 797-1111,Acute Care Hospitals,Government - Hospital District or Authority,Yes,Y,3,,7,7,0,7,0,,8,7,2,5,0,,11,11,1,7,3,,8,8,,12,9,
50232.0,FRENCH HOSPITAL MEDICAL CENTER,1911 JOHNSON AVE,SAN LUIS OBISPO,CA,93401,SAN LUIS OBISPO,(805) 543-5353,Acute Care Hospitals,Voluntary non-profit - Private,Yes,Y,5,,7,7,0,7,0,,8,6,2,4,0,,11,9,1,8,0,,8,8,,12,12,
50254.0,MARSHALL MEDICAL CENTER,1100 MARSHALL WAY,PLACERVILLE,CA,95667,EL DORADO,(530) 622-1441,Acute Care Hospitals,Voluntary non-profit - Private,Yes,Y,3,,7,5,0,5,0,,8,5,0,5,0,,11,9,1,8,0,,8,8,,12,12,
50283.0,STANFORD HEALTH CARE TRI-VALLEY,5555 WEST LAS POSITAS BOULEVARD,PLEASANTON,CA,94588,ALAMEDA,(925) 847-3000,Acute Care Hospitals,Voluntary non-profit - Private,Yes,Y,4,,7,7,0,7,0,,8,7,1,6,0,,11,9,1,8,0,,8,8,,12,11,
50308.0,EL CAMINO HOSPITAL,2500 GRANT ROAD,MOUNTAIN VIEW,CA,94040,SANTA CLARA,(650) 940-7000,Acute Care Hospitals,Government - Hospital District or Authority,Yes,Y,4,,7,7,2,5,0,,8,8,2,6,0,,11,11,1,10,0,,8,8,,12,11,
50336.0,ADVENTIST HEALTH LODI MEMORIAL,975 S FAIRMONT AVENUE,LODI,CA,95240,SAN JOAQUIN,(209) 334-3411,Acute Care Hospitals,Voluntary non-profit - Other,Yes,Y,3,,7,6,0,6,0,,8,6,2,4,0,,11,6,1,5,0,,8,8,,12,10,
50373.0,LOS ANGELES GENERAL MEDICAL CENTER,"2051 MARENGO ST, ROOM C2K100",LOS ANGELES,CA,90033,LOS ANGELES,(323) 226-2800,Acute Care Hospitals,Government - Local,Yes,Y,2,,7,6,0,6,0,,8,6,3,3,0,,11,7,0,7,0,,8,8,,12,9,
50411.0,KAISER FOUNDATION HOSPITAL - SOUTH BAY,25825 SOUTH VERMONT AVENUE,HARBOR CITY,CA,90710,LOS ANGELES,(310) 325-5111,Acute Care Hospitals,Voluntary non-profit - Other,No,Y,4,,7,Not Available,Not Available,Not Available,Not Available,5,8,6,1,5,0,,11,2,0,2,0,,8,8,,12,6,
50455.0,ADVENTIST HEALTH BAKERSFIELD,2615 CHESTER AVENUE,BAKERSFIELD,CA,93301,KERN,(661) 395-3000,Acute Care Hospitals,Voluntary non-profit - Private,Yes,Y,1,,7,6,0,4,2,,8,6,1,5,0,,11,9,0,9,0,,8,8,,12,12,
50498.0,SUTTER AUBURN FAITH HOSPITAL,11815 EDUCATION STREET,AUBURN,CA,95603,PLACER,(530) 888-4500,Acute Care Hospitals,Voluntary non-profit - Private,Yes,,4,,7,6,0,6,0,,8,5,1,4,0,,11,9,0,8,1,,8,8,,12,10,
50528.0,MEMORIAL HOSPITAL LOS BANOS,520 WEST I ST,LOS BANOS,CA,93635,MERCED,(209) 826-0591,Acute Care Hospitals,Voluntary non-profit - Private,Yes,Y,Not Available,16,7,2,0,2,0,,8,2,0,2,0,,11,4,1,3,0,,8,8,,12,10,
50567.0,PROVIDENCE MISSION HOSPITAL,27700 MEDICAL CENTER RD,MISSION VIEJO,CA,92691,ORANGE,(949) 364-1400,Acute Care Hospitals,Voluntary non-profit - Private,Yes,Y,4,,7,7,0,7,0,,8,7,3,4,0,,11,11,2,9,0,,8,8,,12,12,
50599.0,UNIVERSITY OF CALIFORNIA DAVIS MEDICAL CENTER,2315 STOCKTON BOULEVARD,SACRAMENTO,CA,95817,SACRAMENTO,(916) 734-2011,Acute Care Hospitals,Government - Hospital District or Authority,Yes,Y,3,,7,7,3,4,0,,8,8,0,6,2,,11,11,0,11,0,,8,8,,12,11,
50663.0,LOS ANGELES COMMUNITY HOSPITAL,4081 E OLYMPIC BLVD,LOS ANGELES,CA,90023,LOS ANGELES,(323) 267-0477,Acute Care Hospitals,Proprietary,Yes,,2,,7,3,2,1,0,,8,5,1,3,1,,11,5,0,4,1,,8,8,,12,7,
50697.0,PATIENTS' HOSPITAL OF REDDING,2900 EUREKA WAY,REDDING,CA,96001,SHASTA,(530) 225-8700,Acute Care Hospitals,Proprietary,No,,Not Available,16,7,Not Available,Not Available,Not Available,Not Available,5,8,1,0,1,0,,11,Not Available,Not Available,Not Available,Not Available,5,8,Not Available,5,12,2,
50735.0,WHITTIER HOSPITAL MEDICAL CENTER,9080 COLIMA RD,WHITTIER,CA,90605,LOS ANGELES,(562) 945-3561,Acute Care Hospitals,Proprietary,Yes,Y,2,,7,2,0,2,0,,8,4,1,3,0,,11,5,0,4,1,,8,8,,12,9,
50748.0,KAISER FOUNDATION HOSPITAL MANTECA,1777 WEST YOSEMITE AVE,MANTECA,CA,95337,SAN JOAQUIN,(209) 825-3700,Acute Care Hospitals,Voluntary non-profit - Private,Yes,Y,4,,7,Not Available,Not Available,Not Available,Not Available,5,8,6,2,4,0,,11,1,0,1,0,,8,8,,12,6,
50769.0,HOAG ORTHOPEDIC INSTITUTE,16250 SAND CANYON AVENUE,IRVINE,CA,92618,ORANGE,(949) 727-5000,Acute Care Hospitals,Proprietary,No,,Not Available,16,7,1,0,1,0,,8,2,0,2,0,,11,3,1,2,0,,8,8,,12,3,
50782.0,CASA COLINA HOSPITAL,255 E BONITA AVE,POMONA,CA,91767,LOS ANGELES,(909) 596-7733,Acute Care Hospitals,Voluntary non-profit - Private,No,,3,,7,2,0,2,0,,8,4,0,4,0,,11,6,1,5,0,,8,8,,12,4,
51304.0,JOHN C FREMONT HEALTHCARE DISTRICT,5189 HOSPITAL ROAD,MARIPOSA,CA,95338,MARIPOSA,(209) 966-3631,Critical Access Hospitals,Government - Hospital District or Authority,Yes,,Not Available,16,7,2,0,2,0,,8,Not Available,Not Available,Not Available,Not Available,5,11,3,0,3,0,,8,Not Available,5,12,5,
51315.0,TRINITY HOSPITAL,60 EASTER AVENUE,WEAVERVILLE,CA,96093,TRINITY,(530) 623-5541,Critical Access Hospitals,Government - Hospital District or Authority,Yes,,Not Available,16,7,Not Available,Not Available,Not Available,Not Available,5,8,Not Available,Not Available,Not Available,Not Available,5,11,2,0,2,0,,8,Not Available,5,12,4,
51326.0,PLUMAS DISTRICT HOSPITAL,1065 BUCKS LAKE ROAD,QUINCY,CA,95971,PLUMAS,(530) 283-2121,Critical Access Hospitals,Government - Hospital District or Authority,Yes,,Not Available,16,7,Not Available,Not Available,Not Available,Not Available,5,8,Not Available,Not Available,Not Available,Not Available,5,11,2,0,2,0,,8,Not Available,5,12,7,
51336.0,SOUTHERN MONTEREY COUNTY MEMORIAL HOSPITAL,300 CANAL STREET,KING CITY,CA,93930,MONTEREY,(831) 385-6000,Critical Access Hospitals,Voluntary non-profit - Other,Yes,,Not Available,16,7,Not Available,Not Available,Not Available,Not Available,5,8,Not Available,Not Available,Not Available,Not Available,5,11,1,0,1,0,,8,Not Available,5,12,7,
53306.0,CHILDREN'S HOSPITAL AT MISSION,"27700 MEDICAL CENTER RD, 5TH FLOOR",MISSION VIEJO,CA,92691,ORANGE,(949) 365-2408,Childrens,Voluntary non-profit - Private,Yes,,Not Available,19,Not Available,Not Available,Not Available,Not Available,Not Available,19,Not Available,Not Available,Not Available,Not Available,Not Available,19,Not Available,Not Available,Not Available,Not Available,Not Available,19,Not Available,Not Available,19,Not Available,Not Available,19
54074.0,ADVENTIST HEALTH VALLEJO,525 OREGON ST,VALLEJO,CA,94590,SOLANO,(707) 648-2200,Psychiatric,Voluntary non-profit - Private,No,,Not Available,19,Not Available,Not Available,Not Available,Not Available,Not Available,19,Not Available,Not Available,Not Available,Not Available,Not Available,19,Not Available,Not Available,Not Available,Not Available,Not Available,19,Not Available,Not Available,19,Not Available,Not Available,19
54111.0,CANYON RIDGE HOSPITAL,5353 G STREET,CHINO,CA,91710,SAN BERNARDINO,(909) 590-3700,Psychiatric,Proprietary,No,,Not Available,19,Not Available,Not Available,Not Available,Not Available,Not Available,19,Not Available,Not Available,Not Available,Not Available,Not Available,19,Not Available,Not Available,Not Available,Not Available,Not Available,19,Not Available,Not Available,19,Not Available,Not Available,19
54146.0,TELECARE HERITAGE PSYCHIATRIC HEALTH FACILITY,"2633 E 27TH STREET, BUILDING B",OAKLAND,CA,94601,ALAMEDA,(510) 535-5115,Psychiatric,Proprietary,No,,Not Available,19,Not Available,Not Available,Not Available,Not Available,Not Available,19,Not Available,Not Available,Not Available,Not Available,Not Available,19,Not Available,Not Available,Not Available,Not Available,Not Available,19,Not Available,Not Available,19,Not Available,Not Available,19
54157.0,GLENDORA  HOSPITAL,150 WEST ROUTE 66,GLENDORA,CA,91740,LOS ANGELES,(626) 852-5050,Psychiatric,Voluntary non-profit - Private,No,,Not Available,19,Not Available,Not Available,Not Available,Not Available,Not Available,19,Not Available,Not Available,Not Available,Not Available,Not Available,19,Not Available,Not Available,Not Available,Not Available,Not Available,19,Not Available,Not Available,19,Not Available,Not Available,19
60010.0,POUDRE VALLEY HOSPITAL,1024 S LEMAY AVE,FORT COLLINS,CO,80524,LARIMER,(970) 495-7000,Acute Care Hospitals,Voluntary non-profit - Private,Yes,Y,5,,7,6,1,5,0,,8,7,4,3,0,,11,10,2,8,0,,8,8,,12,10,
60027.0,BOULDER COMMUNITY HEALTH,4747 ARAPAHOE AVENUE,BOULDER,CO,80304,BOULDER,(303) 440-2273,Acute Care Hospitals,Voluntary non-profit - Private,Yes,Y,4,,7,7,0,7,0,,8,7,1,6,0,,11,9,0,9,0,,8,8,,12,11,
60065.0,HCA HEALTHONE MOUNTAIN RIDGE,9191 GRANT ST,THORNTON,CO,80229,ADAMS,(303) 451-7800,Acute Care Hospitals,Voluntary non-profit - Private,Yes,Y,2,,7,5,0,5,0,,8,6,1,5,0,,11,6,0,6,0,,8,8,,12,11,
60113.0,"LITTLETON ADVENTIST HOSPITAL, CENTURA HEALTH",7700 S BROADWAY,LITTLETON,CO,80122,ARAPAHOE,(303) 730-8900,Acute Care Hospitals,Voluntary non-profit - Church,Yes,Y,4,,7,6,0,6,0,,8,7,2,5,0,,11,8,0,7,1,,8,8,,12,10,
60129.0,UCHEALTH BROOMFIELD HOSPITAL,11820 DESTINATION DR,BROOMFIELD,CO,80021,JEFFERSON,(303) 464-4500,Acute Care Hospitals,Proprietary,Yes,,5,,7,Not Available,Not Available,Not Available,Not Available,5,8,3,0,3,0,,11,3,0,3,0,,8,Not Available,5,12,6,
61305.0,MELISSA MEMORIAL HOSPITAL,1001 E JOHNSON ST,HOLYOKE,CO,80734,PHILLIPS,(970) 854-2241,Critical Access Hospitals,Government - Hospital District or Authority,Yes,,Not Available,16,7,Not Available,Not Available,Not Available,Not Available,5,8,Not Available,Not Available,Not Available,Not Available,5,11,1,0,1,0,,8,Not Available,5,12,5,
61315.0,YUMA DISTRICT HOSPITAL,1000 W 8TH AVE,YUMA,CO,80759,YUMA,(970) 848-5405,Critical Access Hospitals,Government - Hospital District or Authority,Yes,,Not Available,16,7,Not Available,Not Available,Not Available,Not Available,5,8,Not Available,Not Available,Not Available,Not Available,5,11,1,0,1,0,,8,Not Available,5,12,3,
61325.0,EASTERN RIO BLANCO COUNTY HEALTH SERVICE DISTRICT,100 PIONEERS MEDICAL CENTER DR,MEEKER,CO,81641,RIO BLANCO,(970) 878-5047,Critical Access Hospitals,Government - Hospital District or Authority,Yes,,Not Available,16,7,1,0,1,0,,8,1,0,1,0,,11,3,0,3,0,,8,8,,12,5,
64003.0,COLORADO MENTAL HEALTH HOSPITAL IN FORT LOGAN,3520 W OXFORD AVE,DENVER,CO,80236,DENVER,(303) 866-7080,Psychiatric,Voluntary non-profit - Other,No,,Not Available,19,Not Available,Not Available,Not Available,Not Available,Not Available,19,Not Available,Not Available,Not Available,Not Available,Not Available,19,Not Available,Not Available,Not Available,Not Available,Not Available,19,Not Available,Not Available,19,Not Available,Not Available,19
70003.0,DAY KIMBALL HOSPITAL,320 POMFRET STREET,PUTNAM,CT,6260,WINDHAM,(860) 928-6541,Acute Care Hospitals,Voluntary non-profit - Private,Yes,Y,3,,7,4,0,4,0,,8,3,0,3,0,,11,9,0,8,1,,8,8,,12,10,
70017.0,MIDSTATE MEDICAL CENTER,435 LEWIS AVENUE,MERIDEN,CT,6450,NEW HAVEN,(203) 694-8200,Acute Care Hospitals,Voluntary non-profit - Private,Yes,Y,4,,7,6,0,6,0,,8,7,2,5,0,,11,7,0,7,0,,8,8,,12,10,
70031.0,GRIFFIN HOSPITAL,130 DIVISION ST,DERBY,CT,6418,NEW HAVEN,(203) 732-7500,Acute Care Hospitals,Voluntary non-profit - Other,Yes,Y,4,,7,5,0,5,0,,8,7,1,6,0,,11,9,0,7,2,,8,8,,12,11,
74012.0,SOUTHWEST CONNECTICUT MENTAL HEALTH SYSTEM,1635 CENTRAL AVE,BRIDGEPORT,CT,6610,FAIRFIELD,(203) 551-7461,Psychiatric,Government - State,No,,Not Available,19,Not Available,Not Available,Not Available,Not Available,Not Available,19,Not Available,Not Available,Not Available,Not Available,Not Available,19,Not Available,Not Available,Not Available,Not Available,Not Available,19,Not Available,Not Available,19,Not Available,Not Available,19
80009.0,"BAYHEALTH HOSPITAL, SUSSEX CAMPUS",100 WELLNESS WAY,MILFORD,DE,19963,SUSSEX,(302) 422-3311,Acute Care Hospitals,Voluntary non-profit - Private,Yes,Y,3,,7,5,0,5,0,,8,6,1,5,0,,11,9,1,8,0,,8,8,,12,11,
90005.0,SIBLEY MEMORIAL HOSPITAL,5255 LOUGHBORO RD NW,WASHINGTON,DC,20016,THE DISTRICT,(202) 537-4680,Acute Care Hospitals,Voluntary non-profit - Other,Yes,Y,3,,7,6,1,5,0,,8,8,1,6,1,,11,9,0,9,0,,8,8,,12,11,
100008.0,BAPTIST HOSPITAL OF MIAMI,8900 N KENDALL DR,MIAMI,FL,33176,MIAMI-DADE,(786) 596-1960,Acute Care Hospitals,Voluntary non-profit - Private,Yes,Y,4,,7,7,2,5,0,,8,7,3,3,1,,11,10,0,8,2,,8,8,,12,11,
100028.0,PARRISH MEDICAL CENTER,951 N WASHINGTON AVE,TITUSVILLE,FL,32796,BREVARD,(321) 268-6111,Acute Care Hospitals,Government - Hospital District or Authority,Yes,Y,1,,7,6,0,6,0,,8,7,0,7,0,,11,8,1,7,0,,8,8,,12,10,
100044.0,CLEVELAND CLINIC MARTIN NORTH HOSPITAL,200 SE HOSPITAL AVE,STUART,FL,34994,MARTIN,(772) 287-5200,Acute Care Hospitals,Voluntary non-profit - Private,Yes,Y,2,,7,7,0,7,0,,8,7,2,5,0,,11,11,0,9,2,,8,8,,12,11,
100055.0,ADVENTHEALTH NORTH PINELLAS,1395 S PINELLAS AVE,TARPON SPRINGS,FL,34689,PINELLAS,(813) 615-7219,Acute Care Hospitals,Voluntary non-profit - Other,Yes,,3,,7,6,0,6,0,,8,5,0,5,0,,11,8,0,7,1,,8,8,,12,8,
100075.0,ST JOSEPHS HOSPITAL,3001 W MARTIN LUTHER KING JR BLVD,TAMPA,FL,33607,HILLSBOROUGH,(813) 870-4398,Acute Care Hospitals,Voluntary non-profit - Church,Yes,Y,4,,7,7,1,6,0,,8,7,3,4,0,,11,10,0,9,1,,8,8,,12,11,
100099.0,ADVENTHEALTH LAKE WALES,410 S 11TH ST,LAKE WALES,FL,33853,POLK,(863) 676-1433,Acute Care Hospitals,Proprietary,Yes,,3,,7,5,0,5,0,,8,3,1,2,0,,11,6,0,5,1,,8,8,,12,8,
100124.0,SANTA ROSA MEDICAL CENTER,6002 BERRYHILL RD,MILTON,FL,32570,SANTA ROSA,(850) 626-7762,Acute Care Hospitals,Proprietary,Yes,Y,4,,7,5,0,5,0,,8,6,0,6,0,,11,7,0,7,0,,8,8,,12,10,
100137.0,ADVENTHEALTH HEART OF FLORIDA,40100 HWY 27,DAVENPORT,FL,33837,POLK,(863) 422-4971,Acute Care Hospitals,Proprietary,Yes,Y,2,,7,6,0,6,0,,8,7,1,6,0,,11,8,0,7,1,,8,8,,12,9,
100167.0,HCA FLORIDA MERCY HOSPITAL,401 NW 42ND AVE,PLANTATION,FL,33317,BROWARD,(954) 587-5010,Acute Care Hospitals,Voluntary non-profit - Private,Yes,Y,1,,7,6,1,5,0,,8,8,2,6,0,,11,7,0,2,5,,8,8,,12,9,
100187.0,PALMETTO GENERAL HOSPITAL,2001 W 68TH ST,HIALEAH,FL,33016,MIAMI-DADE,(305) 823-5000,Acute Care Hospitals,Proprietary,Yes,Y,2,,7,6,0,6,0,,8,7,1,6,0,,11,7,0,7,0,,8,8,,12,8,
100217.0,ORLANDO HEALTH SEBASTIAN RIVER HOSPITAL,13695 US HWY 1,SEBASTIAN,FL,32958,INDIAN RIVER,(772) 589-3187,Acute Care Hospitals,Voluntary non-profit - Private,Yes,,3,,7,6,1,5,0,,8,6,1,5,0,,11,8,0,8,0,,8,8,,12,8,
100238.0,HCA FLORIDA NORTHSIDE HOSPITAL,6000 49TH ST N,SAINT PETERSBURG,FL,33709,PINELLAS,(727) 521-5121,Acute Care Hospitals,Proprietary,Yes,,1,,7,7,1,6,0,,8,6,2,4,0,,11,9,0,8,1,,8,8,,12,8,
100256.0,HCA FLORIDA BAYONET POINT HOSPITAL,14000 FIVAY RD,HUDSON,FL,34667,PASCO,(727) 819-2929,Acute Care Hospitals,Proprietary,Yes,,2,,7,7,1,6,0,,8,7,1,6,0,,11,8,0,8,0,,8,8,,12,7,
100275.0,WELLINGTON REGIONAL MEDICAL CENTER,10101 FOREST HILL BLVD,WELLINGTON,FL,33414,PALM BEACH,(561) 798-8500,Acute Care Hospitals,Proprietary,Yes,Y,1,,7,6,0,6,0,,8,8,2,6,0,,11,8,0,6,2,,8,8,,12,9,
100290.0,"VILLAGES REGIONAL HOSPITAL, THE",1451 EL CAMINO REAL,THE VILLAGES,FL,32159,LAKE,(352) 751-8000,Acute Care Hospitals,Voluntary non-profit - Private,Yes,,2,,7,6,0,6,0,,8,7,1,6,0,,11,8,1,5,2,,8,8,,12,8,
100315.0,VIERA HOSPITAL,8745 N WICKHAM RD,MELBOURNE,FL,32940,BREVARD,(321) 434-9000,Acute Care Hospitals,Voluntary non-profit - Private,Yes,Y,5,,7,6,0,6,0,,8,7,1,6,0,,11,7,2,5,0,,8,8,,12,9,
100361.0,ASCENSION ST VINCENT'S ST JOHNS COUNTY,205 TRINITY WAY,ST. JOHNS,FL,32259,ST. JOHNS,(904) 450-6020,Acute Care Hospitals,Voluntary non-profit - Private,Yes,,Not Available,16,7,1,0,1,0,,8,2,0,2,0,,11,2,0,2,0,,8,8,,12,6,
101308.0,NORTHWEST FLORIDA COMMUNITY HOSPITAL,1360 BRICKYARD RD,CHIPLEY,FL,32428,WASHINGTON,(850) 638-1610,Critical Access Hospitals,Voluntary non-profit - Private,Yes,,1,,7,3,0,2,1,,8,Not Available,Not Available,Not Available,Not Available,5,11,5,0,3,2,,8,Not Available,5,12,4,
104000.0,FLORIDA STATE HOSPITAL UNIT 14 PSYCH,100 N MAIN ST,CHATTAHOOCHEE,FL,32324,GADSDEN,(850) 663-7536,Psychiatric,Government - State,No,,Not Available,19,Not Available,Not Available,Not Available,Not Available,Not Available,19,Not Available,Not Available,Not Available,Not Available,Not Available,19,Not Available,Not Available,Not Available,Not Available,Not Available,19,Not Available,Not Available,19,Not Available,Not Available,19
104057.0,SPRINGBROOK HOSPITAL,7007 GROVE RD,BROOKSVILLE,FL,34609,HERNANDO,(352) 596-4306,Psychiatric,Voluntary non-profit - Private,No,,Not Available,19,Not Available,Not Available,Not Available,Not Available,Not Available,19,Not Available,Not Available,Not Available,Not Available,Not Available,19,Not Available,Not Available,Not Available,Not Available,Not Available,19,Not Available,Not Available,19,Not Available,Not Available,19
104075.0,NORTH TAMPA BEHAVIORAL HEALTH,29910 SR 56,WESLEY CHAPEL,FL,33543,PASCO,(813) 333-0000,Psychiatric,Proprietary,No,,Not Available,19,Not Available,Not Available,Not Available,Not Available,Not Available,19,Not Available,Not Available,Not Available,Not Available,Not Available,19,Not Available,Not Available,Not Available,Not Available,Not Available,19,Not Available,Not Available,19,Not Available,Not Available,19
110003.0,Memorial Satilla Health,1900 TEBEAU STREET,WAYCROSS,GA,31501,WARE,(912) 287-2500,Acute Care Hospitals,Voluntary non-profit - Private,Yes,,3,,7,5,0,4,1,,8,6,1,5,0,,11,7,0,7,0,,8,8,,12,12,
110023.0,ADVENTHEALTH GORDON,1035 RED BUD ROAD,CALHOUN,GA,30701,GORDON,(706) 629-2895,Acute Care Hospitals,Voluntary non-profit - Church,No,Y,3,,7,6,0,6,0,,8,6,1,3,2,,11,8,0,8,0,,8,8,,12,10,
110035.0,WELLSTAR KENNESTONE REGIONAL MEDICAL CENTER,677 CHURCH STREET,MARIETTA,GA,30060,COBB,(770) 793-5000,Acute Care Hospitals,Government - Hospital District or Authority,Yes,Y,4,,7,7,2,5,0,,8,8,3,5,0,,11,11,1,10,0,,8,8,,12,11,
110051.0,UNION GENERAL HOSPITAL,35 HOSPITAL ROAD,BLAIRSVILLE,GA,30512,UNION,(706) 745-2111,Acute Care Hospitals,Government - Local,No,Y,4,,7,3,0,3,0,,8,5,0,5,0,,11,7,0,6,1,,8,8,,12,11,
110079.0,GRADY MEMORIAL HOSPITAL,"80 JESSE HILL, JR DRIVE SE",ATLANTA,GA,30303,FULTON,(404) 616-1000,Acute Care Hospitals,Voluntary non-profit - Private,Yes,Y,2,,7,6,0,5,1,,8,7,3,3,1,,11,8,0,7,1,,8,8,,12,10,
110101.0,"SOUTHWELL MEDICAL, A CAMPUS OF TRMC",260 MJ TAYLOR ROAD,ADEL,GA,31620,COOK,(229) 896-8077,Acute Care Hospitals,Proprietary,No,,Not Available,16,7,Not Available,Not Available,Not Available,Not Available,5,8,1,0,1,0,,11,3,0,3,0,,8,Not Available,5,12,5,
110125.0,FAIRVIEW PARK HOSPITAL,200 INDUSTRIAL BOULEVARD,DUBLIN,GA,31021,LAURENS,(478) 274-3100,Acute Care Hospitals,Proprietary,Yes,Y,4,,7,6,0,6,0,,8,6,3,3,0,,11,7,0,7,0,,8,8,,12,10,
110164.0,"COLISEUM MEDICAL CENTERS, LLC, DBA",350 HOSPITAL DRIVE,MACON,GA,31217,BIBB,(478) 765-7000,Acute Care Hospitals,Voluntary non-profit - Private,Yes,Y,3,,7,7,0,7,0,,8,7,1,6,0,,11,8,0,6,2,,8,8,,12,10,
110200.0,PIEDMONT COLUMBUS REGIONAL NORTHSIDE,100 FRIST COURT,COLUMBUS,GA,31909,MUSCOGEE,(706) 494-2101,Acute Care Hospitals,Proprietary,No,,5,,7,5,0,5,0,,8,6,2,4,0,,11,7,0,7,0,,8,8,,12,8,
110236.0,CHI MEMORIAL HOSPITAL- GEORGIA,100 GROSS CRESCENT CIRCLE,FORT OGLETHORPE,GA,30742,CATOOSA,(770) 874-5400,Acute Care Hospitals,Voluntary non-profit - Private,Yes,,Not Available,16,7,2,0,2,0,,8,Not Available,Not Available,Not Available,Not Available,5,11,4,0,4,0,,8,Not Available,5,12,10,
111306.0,EFFINGHAM HEALTH SYSTEM,459 GA HIGHWAY 119 SOUTH,SPRINGFIELD,GA,31329,EFFINGHAM,(912) 754-0160,Critical Access Hospitals,Government - Hospital District or Authority,Yes,,Not Available,16,7,1,0,1,0,,8,Not Available,Not Available,Not Available,Not Available,5,11,6,0,6,0,,8,Not Available,5,12,9,
111320.0,HIGGINS GENERAL HOSPITAL,200 ALLEN MEMORIAL DRIVE,BREMEN,GA,30110,HARALSON,(770) 812-2000,Critical Access Hospitals,Government - Hospital District or Authority,No,,Not Available,16,7,1,0,1,0,,8,1,0,1,0,,11,3,0,2,1,,8,Not Available,5,12,7,
111332.0,ARCHBOLD BROOKS,903 N COURT STREET,QUITMAN,GA,31643,BROOKS,(912) 263-4171,Critical Access Hospitals,Government - Hospital District or Authority,Yes,,Not Available,16,7,Not Available,Not Available,Not Available,Not Available,5,8,Not Available,Not Available,Not Available,Not Available,5,11,Not Available,Not Available,Not Available,Not Available,5,8,Not Available,5,12,3,
114010.0,PEACHFORD BEHAVIORAL HEALTH SYSTEM OF ATLANTA,2151 PEACHFORD ROAD,ATLANTA,GA,30338,DE KALB,(770) 455-3200,Psychiatric,Proprietary,Yes,,Not Available,19,Not Available,Not Available,Not Available,Not Available,Not Available,19,Not Available,Not Available,Not Available,Not Available,Not Available,19,Not Available,Not Available,Not Available,Not Available,Not Available,19,Not Available,Not Available,19,Not Available,Not Available,19
114037.0,RIDGEVIEW INSTITUTE MONROE,709 BREEDLOVE DRIVE,MONROE,GA,30655,WALTON,(678) 635-8730,Psychiatric,Proprietary,No,,Not Available,19,Not Available,Not Available,Not Available,Not Available,Not Available,19,Not Available,Not Available,Not Available,Not Available,Not Available,19,Not Available,Not Available,Not Available,Not Available,Not Available,19,Not Available,Not Available,19,Not Available,Not Available,19
120026.0,PALI MOMI MEDICAL CENTER,98-1079 MOANALUA ROAD,AIEA,HI,96701,HONOLULU,(808) 486-6000,Acute Care Hospitals,Proprietary,Yes,,4,,7,5,1,3,1,,8,6,1,5,0,,11,8,0,6,2,,8,8,,12,9,
121308.0,KULA HOSPITAL,100 KEOKEA PLACE,KULA,HI,96790,MAUI,(808) 878-1221,Critical Access Hospitals,Voluntary non-profit - Private,Yes,,Not Available,16,7,Not Available,Not Available,Not Available,Not Available,5,8,Not Available,Not Available,Not Available,Not Available,5,11,Not Available,Not Available,Not Available,Not Available,5,8,Not Available,5,12,3,
130018.0,EASTERN IDAHO REGIONAL MEDICAL CENTER,3100 CHANNING WAY,IDAHO FALLS,ID,83404,BONNEVILLE,(208) 529-6111,Acute Care Hospitals,Proprietary,Yes,Y,3,,7,7,0,7,0,,8,7,1,6,0,,11,11,2,9,0,,8,8,,12,11,
130779.0,CASCADE MEDICAL CENTER,402 LAKE CASCADE PARKWAY,CASCADE,ID,83611,VALLEY,(208) 382-4242,Rural Emergency Hospital,Government - Hospital District or Authority,Yes,,Not Available,19,Not Available,Not Available,Not Available,Not Available,Not Available,19,Not Available,Not Available,Not Available,Not Available,Not Available,19,Not Available,Not Available,Not Available,Not Available,Not Available,19,Not Available,Not Available,19,Not Available,Not Available,19
131312.0,ST LUKE'S MCCALL,1000 STATE STREET,MCCALL,ID,83638,VALLEY,(208) 630-2395,Critical Access Hospitals,Proprietary,Yes,Y,Not Available,16,7,Not Available,Not Available,Not Available,Not Available,5,8,Not Available,Not Available,Not Available,Not Available,5,11,4,0,4,0,,8,Not Available,5,12,6,
131322.0,FRANKLIN COUNTY MEDICAL CENTER,44 NORTH FIRST EAST,PRESTON,ID,83263,FRANKLIN,(208) 852-0137,Critical Access Hospitals,Voluntary non-profit - Other,Yes,,Not Available,16,7,2,0,2,0,,8,Not Available,Not Available,Not Available,Not Available,5,11,5,0,5,0,,8,8,,12,6,
134017.0,COTTONWOOD CREEK BEHAVIORAL HOSPITAL,2131 s bonito way,MERIDIAN,ID,83642,ADA,(208) 202-4700,Psychiatric,Proprietary,No,,Not Available,19,Not Available,Not Available,Not Available,Not Available,Not Available,19,Not Available,Not Available,Not Available,Not Available,Not Available,19,Not Available,Not Available,Not Available,Not Available,Not Available,19,Not Available,Not Available,19,Not Available,Not Available,19
140018.0,MT SINAI HOSPITAL MEDICAL CENTER,15TH STREET AT CALIFORNIA,CHICAGO,IL,60608,COOK,(773) 542-2000,Acute Care Hospitals,Voluntary non-profit - Private,Yes,Y,1,,7,6,0,6,0,,8,6,1,4,1,,11,7,0,7,0,,8,8,,12,8,
140053.0,ST JOHNS HOSPITAL,800 E CARPENTER ST,SPRINGFIELD,IL,62769,SANGAMON,(217) 544-6464,Acute Care Hospitals,Voluntary non-profit - Church,Yes,Y,3,,7,7,0,7,0,,8,6,2,3,1,,11,10,0,8,2,,8,8,,12,10,
140080.0,SAINT FRANCIS HOSPITAL-EVANSTON,355 RIDGE AVE,EVANSTON,IL,60202,COOK,(847) 316-4000,Acute Care Hospitals,Voluntary non-profit - Church,Yes,,2,,7,6,0,6,0,,8,6,2,4,0,,11,9,0,7,2,,8,8,,12,9,
140101.0,MORRIS HOSPITAL & HEALTHCARE CENTERS,150 W HIGH ST,MORRIS,IL,60450,GRUNDY,(815) 942-2932,Acute Care Hospitals,Voluntary non-profit - Private,Yes,Y,3,,7,5,0,5,0,,8,5,0,5,0,,11,8,0,8,0,,8,8,,12,12,
140122.0,ADVENTIST HINSDALE HOSPITAL,120 NORTH OAK ST,HINSDALE,IL,60521,DU PAGE,(630) 856-9000,Acute Care Hospitals,Voluntary non-profit - Private,Yes,Y,4,,7,7,1,6,0,,8,7,1,6,0,,11,8,0,7,1,,8,8,,12,12,
140150.0,UNIVERSITY OF ILLINOIS HOSPITAL AND CLINICS,1740 WEST TAYLOR ST SUITE 1400,CHICAGO,IL,60612,COOK,(312) 996-3900,Acute Care Hospitals,Government - State,Yes,Y,2,,7,6,0,6,0,,8,8,1,6,1,,11,9,0,8,1,,8,8,,12,10,
140177.0,JACKSON PARK HOSPITAL,7531 S STONY ISLAND AVE,CHICAGO,IL,60649,COOK,(773) 947-7500,Acute Care Hospitals,Voluntary non-profit - Private,Yes,,Not Available,16,7,2,0,2,0,,8,2,1,1,0,,11,3,0,2,1,,8,Not Available,5,12,6,
140191.0,INGALLS MEMORIAL HOSPITAL,1 INGALLS DRIVE,HARVEY,IL,60426,COOK,(708) 333-2300,Acute Care Hospitals,Physician,Yes,Y,1,,7,6,1,5,0,,8,7,1,6,0,,11,9,0,7,2,,8,8,,12,11,
140217.0,SAINT JOSEPH HOSPITAL-ELGIN,77 N AIRLITE STREET,ELGIN,IL,60123,KANE,(847) 695-3200,Acute Care Hospitals,Voluntary non-profit - Church,Yes,,2,,7,5,0,5,0,,8,4,0,4,0,,11,8,1,6,1,,8,8,,12,8,
140258.0,ALEXIAN BROTHERS MEDICAL CENTER 1,800 BIESTERFIELD RD,ELK GROVE VILLAGE,IL,60007,COOK,(847) 437-5500,Acute Care Hospitals,Voluntary non-profit - Private,Yes,Y,4,,7,7,1,6,0,,8,8,1,7,0,,11,11,1,9,1,,8,8,,12,10,
140292.0,UCHICAGO MEDICINE ADVENTHEALTH GLENOAKS,701 WINTHROP AVENUE,GLENDALE HEIGHTS,IL,60139,DU PAGE,(630) 545-8000,Acute Care Hospitals,Voluntary non-profit - Other,Yes,,2,,7,5,0,5,0,,8,5,1,4,0,,11,6,0,6,0,,8,8,,12,9,
141305.0,MEMORIAL HOSPITAL,1454 N COUNTY ROAD 2050 E,CARTHAGE,IL,62321,HANCOCK,(217) 357-8500,Critical Access Hospitals,Voluntary non-profit - Private,Yes,,Not Available,16,7,2,0,2,0,,8,1,0,1,0,,11,4,0,4,0,,8,8,,12,5,
141316.0,CARLE HOOPESTON REGIONAL HEALTH CENTER,701 EAST ORANGE STREET,HOOPESTON,IL,60942,VERMILION,(217) 283-5531,Critical Access Hospitals,Voluntary non-profit - Private,Yes,,Not Available,16,7,1,0,1,0,,8,Not Available,Not Available,Not Available,Not Available,5,11,3,0,3,0,,8,8,,12,3,
141326.0,HAMILTON MEMORIAL HOSPITAL,611 S MARSHALL AVENUE,MCLEANSBORO,IL,62859,HAMILTON,(618) 643-2361,Critical Access Hospitals,Government - Hospital District or Authority,Yes,,3,,7,3,0,3,0,,8,Not Available,Not Available,Not Available,Not Available,5,11,5,0,5,0,,8,Not Available,5,12,7,
141336.0,ST JOSEPH'S HOSPITAL,12866 TROXLER AVENUE,HIGHLAND,IL,62249,MADISON,(618) 651-2600,Critical Access Hospitals,Voluntary non-profit - Church,Yes,,2,,7,3,0,3,0,,8,2,0,2,0,,11,6,0,6,0,,8,8,,12,6,
141346.0,FAYETTE COUNTY HOSPITAL,650 W TAYLOR ST,VANDALIA,IL,62471,FAYETTE,(618) 283-1231,Critical Access Hospitals,Voluntary non-profit - Other,Yes,,Not Available,16,7,2,0,2,0,,8,Not Available,Not Available,Not Available,Not Available,5,11,4,1,3,0,,8,Not Available,5,12,3,
143300.0,ANN & ROBERT H LURIE CHILDRENS HOSPITAL OF CHICAGO,"225 E CHICAGO AVE, BOX 140",CHICAGO,IL,60611,COOK,(312) 227-4000,Childrens,Voluntary non-profit - Private,Yes,,Not Available,19,Not Available,Not Available,Not Available,Not Available,Not Available,19,Not Available,Not Available,Not Available,Not Available,Not Available,19,Not Available,Not Available,Not Available,Not Available,Not Available,19,Not Available,Not Available,19,Not Available,Not Available,19
144031.0,ALEXIAN BROTHERS BEHAVIORAL HLTH HOSP,1650 MOON LAKE BLVD,HOFFMAN ESTATES,IL,60169,COOK,(847) 882-1600,Psychiatric,Voluntary non-profit - Church,No,,Not Available,19,Not Available,Not Available,Not Available,Not Available,Not Available,19,Not Available,Not Available,Not Available,Not Available,Not Available,19,Not Available,Not Available,Not Available,Not Available,Not Available,19,Not Available,Not Available,19,Not Available,Not Available,19
150001.0,JOHNSON MEMORIAL HOSPITAL,1125 W JEFFERSON ST,FRANKLIN,IN,46131,JOHNSON,(317) 736-3300,Acute Care Hospitals,Government - Local,Yes,Y,5,,7,4,0,4,0,,8,3,1,2,0,,11,7,1,6,0,,8,8,,12,11,
150015.0,FRANCISCAN HEALTH MICHIGAN CITY,3500 FRANCISCAN WAY,MICHIGAN CITY,IN,46360,LA PORTE,(219) 879-8511,Acute Care Hospitals,Voluntary non-profit - Church,Yes,Y,3,,7,6,0,6,0,,8,7,1,6,0,,11,10,0,9,1,,8,8,,12,11,
150035.0,NORTHWEST HEALTH - PORTER,85 EAST US HWY 6,VALPARAISO,IN,46383,PORTER,(219) 983-8300,Acute Care Hospitals,Proprietary,Yes,Y,2,,7,7,0,6,1,,8,7,1,6,0,,11,11,0,9,2,,8,8,,12,12,
150057.0,FRANCISCAN HEALTH MOORESVILLE,1201 HADLEY RD,MOORESVILLE,IN,46158,MORGAN,(317) 831-1160,Acute Care Hospitals,Voluntary non-profit - Church,Yes,Y,5,,7,3,0,3,0,,8,5,1,4,0,,11,8,0,8,0,,8,8,,12,11,
150082.0,DEACONESS HOSPITAL INC,600 MARY ST,EVANSVILLE,IN,47747,VANDERBURGH,(812) 450-5000,Acute Care Hospitals,Voluntary non-profit - Private,Yes,,2,,7,7,0,5,2,,8,7,4,3,0,,11,11,0,10,1,,8,8,,12,11,
150102.0,NORTHWEST HEALTH - STARKE,102 E CULVER RD,KNOX,IN,46534,STARKE,(574) 772-6231,Acute Care Hospitals,Proprietary,Yes,Y,3,,7,3,0,3,0,,8,Not Available,Not Available,Not Available,Not Available,5,11,5,0,5,0,,8,Not Available,5,12,8,
150146.0,PARKVIEW NOBLE HOSPITAL,401 SAWYER RD,KENDALLVILLE,IN,46755,NOBLE,(260) 347-8700,Acute Care Hospitals,Voluntary non-profit - Private,Yes,Y,4,,7,3,0,3,0,,8,2,0,2,0,,11,5,0,5,0,,8,8,,12,9,
150166.0,PINNACLE HOSPITAL,9301 CONNECTICUT DR,CROWN POINT,IN,46307,LAKE,(219) 756-2100,Acute Care Hospitals,Physician,No,,Not Available,16,7,Not Available,Not Available,Not Available,Not Available,5,8,2,0,2,0,,11,4,0,3,1,,8,8,,12,3,
150193.0,FRANCISCAN HEALTH ORTHOPEDIC HOSPITAL CARMEL,10777 N ILLINOIS ST,CARMEL,IN,46032,HAMILTON,(317) 528-5400,Acute Care Hospitals,Voluntary non-profit - Church,No,,Not Available,16,7,Not Available,Not Available,Not Available,Not Available,5,8,1,0,1,0,,11,2,0,2,0,,8,8,,12,3,
151309.0,ASCENSION ST VINCENT CLAY,1206 E NATIONAL AVE,BRAZIL,IN,47834,CLAY,(812) 442-2500,Critical Access Hospitals,Voluntary non-profit - Private,Yes,,Not Available,16,7,Not Available,Not Available,Not Available,Not Available,5,8,Not Available,Not Available,Not Available,Not Available,5,11,2,0,2,0,,8,Not Available,5,12,6,
151319.0,GIBSON GENERAL HOSPITAL,1808 SHERMAN DR,PRINCETON,IN,47670,GIBSON,(812) 385-3401,Critical Access Hospitals,Voluntary non-profit - Private,Yes,,Not Available,16,7,1,0,1,0,,8,Not Available,Not Available,Not Available,Not Available,5,11,2,0,2,0,,8,Not Available,5,12,5,
151330.0,ADAMS MEMORIAL HOSPITAL,1100 MERCER AVE,DECATUR,IN,46733,ADAMS,(260) 724-2145,Critical Access Hospitals,Government - Local,Yes,Y,Not Available,5,7,Not Available,Not Available,Not Available,Not Available,5,8,Not Available,Not Available,Not Available,Not Available,5,11,Not Available,Not Available,Not Available,Not Available,5,8,Not Available,5,12,Not Available,5
154018.0,RICHMOND STATE HOSPITAL,498 NW 18TH ST,RICHMOND,IN,47374,WAYNE,(765) 966-0511,Psychiatric,Proprietary,Yes,,Not Available,19,Not Available,Not Available,Not Available,Not Available,Not Available,19,Not Available,Not Available,Not Available,Not Available,Not Available,19,Not Available,Not Available,Not Available,Not Available,Not Available,19,Not Available,Not Available,19,Not Available,Not Available,19
154051.0,WELLSTONE REGIONAL HOSPITAL,2700 VISSING PARK RD,JEFFERSONVILLE,IN,47130,CLARK,(812) 284-8000,Psychiatric,Proprietary,Yes,,Not Available,19,Not Available,Not Available,Not Available,Not Available,Not Available,19,Not Available,Not Available,Not Available,Not Available,Not Available,19,Not Available,Not Available,Not Available,Not Available,Not Available,19,Not Available,Not Available,19,Not Available,Not Available,19
154063.0,"NEUROPSYCHIATRIC HOSPITAL OF INDIANAPOLIS, LLC","6720 PARKDALE PLACE, SUITE 100",INDIANAPOLIS,IN,46254,MARION,(317) 744-9200,Psychiatric,Proprietary,No,,Not Available,19,Not Available,Not Available,Not Available,Not Available,Not Available,19,Not Available,Not Available,Not Available,Not Available,Not Available,19,Not Available,Not Available,Not Available,Not Available,Not Available,19,Not Available,Not Available,19,Not Available,Not Available,19
160028.0,CHI HEALTH MERCY COUNCIL BLUFFS,800 MERCY DRIVE,COUNCIL BLUFFS,IA,51503,POTTAWATTAMIE,(712) 328-5000,Acute Care Hospitals,Voluntary non-profit - Private,Yes,Y,3,,7,4,0,4,0,,8,4,1,3,0,,11,6,0,5,1,,8,8,,12,10,
160064.0,MERCYONE NORTH IOWA MEDICAL CENTER,1000 FOURTH STREET SW,MASON CITY,IA,50401,CERRO GORDO,(641) 428-7000,Acute Care Hospitals,Voluntary non-profit - Private,Yes,Y,3,,7,7,0,7,0,,8,7,2,5,0,,11,11,0,9,2,,8,8,,12,11,
160110.0,ALLEN HOSPITAL,1825 LOGAN AVENUE,WATERLOO,IA,50703,BLACK HAWK,(319) 235-3941,Acute Care Hospitals,Voluntary non-profit - Private,Yes,Y,3,,7,7,0,6,1,,8,7,1,6,0,,11,11,0,11,0,,8,8,,12,10,
161304.0,CHI HEALTH - MERCY CORNING,603 ROSARY DRIVE,CORNING,IA,50841,ADAMS,(641) 322-3121,Critical Access Hospitals,Voluntary non-profit - Church,Yes,,Not Available,16,7,2,0,2,0,,8,Not Available,Not Available,Not Available,Not Available,5,11,2,0,2,0,,8,Not Available,5,12,6,
161314.0,GUTHRIE COUNTY HOSPITAL,710 NORTH 12TH STREET,GUTHRIE CENTER,IA,50115,GUTHRIE,(641) 747-2201,Critical Access Hospitals,Voluntary non-profit - Other,Yes,,Not Available,16,7,Not Available,Not Available,Not Available,Not Available,5,8,Not Available,Not Available,Not Available,Not Available,5,11,2,0,2,0,,8,Not Available,5,12,5,
161324.0,GEORGE C GRAPE COMMUNITY HOSPITAL,2959 US HIGHWAY 275,HAMBURG,IA,51640,FREMONT,(712) 382-1515,Critical Access Hospitals,Voluntary non-profit - Private,Yes,,Not Available,16,7,Not Available,Not Available,Not Available,Not Available,5,8,Not Available,Not Available,Not Available,Not Available,5,11,2,0,2,0,,8,Not Available,5,12,3,
161334.0,HUMBOLDT COUNTY MEMORIAL HOSPITAL,1000 NORTH 15TH STREET,HUMBOLDT,IA,50548,HUMBOLDT,(515) 332-4200,Critical Access Hospitals,Voluntary non-profit - Other,Yes,,Not Available,16,7,1,0,1,0,,8,Not Available,Not Available,Not Available,Not Available,5,11,3,0,3,0,,8,Not Available,5,12,5,
161344.0,WASHINGTON COUNTY HOSPITAL AND CLINICS,400 EAST POLK STREET,WASHINGTON,IA,52353,WASHINGTON,(319) 653-5481,Critical Access Hospitals,Government - Local,Yes,,Not Available,16,7,2,0,2,0,,8,Not Available,Not Available,Not Available,Not Available,5,11,4,1,3,0,,8,Not Available,5,12,3,
161354.0,HORN MEMORIAL HOSPITAL,701 E 2ND ST,IDA GROVE,IA,51445,IDA,(712) 364-3311,Critical Access Hospitals,Voluntary non-profit - Private,Yes,,Not Available,16,7,1,0,1,0,,8,Not Available,Not Available,Not Available,Not Available,5,11,3,0,3,0,,8,Not Available,5,12,5,
161364.0,JEFFERSON COUNTY HEALTH CENTER,2000 S MAIN,FAIRFIELD,IA,52556,JEFFERSON,(641) 472-4111,Critical Access Hospitals,Government - Local,Yes,,Not Available,16,7,2,0,2,0,,8,1,0,1,0,,11,6,0,5,1,,8,8,,12,7,
161374.0,MYRTUE MEDICAL CENTER,1213 GARFIELD AVENUE,HARLAN,IA,51537,SHELBY,(712) 755-5161,Critical Access Hospitals,Voluntary non-profit - Other,Yes,Y,4,,7,3,0,3,0,,8,1,0,1,0,,11,4,1,3,0,,8,8,,12,9,
164003.0,MENTAL HEALTH INSTITUTE,2277 IOWA AVENUE,INDEPENDENCE,IA,50644,BUCHANAN,(319) 334-2583,Psychiatric,Government - State,No,,Not Available,19,Not Available,Not Available,Not Available,Not Available,Not Available,19,Not Available,Not Available,Not Available,Not Available,Not Available,19,Not Available,Not Available,Not Available,Not Available,Not Available,19,Not Available,Not Available,19,Not Available,Not Available,19
170020.0,HUTCHINSON REGIONAL MEDICAL CENTER INC,1701 E 23RD AVENUE,HUTCHINSON,KS,67502,RENO,(620) 665-2001,Acute Care Hospitals,Voluntary non-profit - Private,Yes,Y,3,,7,7,0,6,1,,8,7,1,5,1,,11,11,1,10,0,,8,8,,12,9,
170105.0,MCPHERSON HOSPITAL,1000 HOSPITAL DRIVE,MCPHERSON,KS,67460,MCPHERSON,(620) 241-2250,Acute Care Hospitals,Voluntary non-profit - Private,Yes,Y,5,,7,3,0,3,0,,8,3,0,3,0,,11,6,0,6,0,,8,8,,12,9,
170182.0,MENORAH MEDICAL CENTER,5721 WEST 119TH STREET,OVERLAND PARK,KS,66209,JOHNSON,(913) 498-6773,Acute Care Hospitals,Proprietary,Yes,,4,,7,6,0,6,0,,8,7,1,6,0,,11,10,1,9,0,,8,8,,12,11,
170197.0,KANSAS MEDICAL CENTER LLC,1124 WEST 21ST STREET,ANDOVER,KS,67002,BUTLER,(316) 300-4000,Acute Care Hospitals,Proprietary,Yes,,2,,7,5,0,5,0,,8,4,1,3,0,,11,8,0,8,0,,8,8,,12,8,
171300.0,GRISELL MEMORIAL HOSPITAL,210 SOUTH VERMONT AVENUE,RANSOM,KS,67572,NESS,(785) 731-2231,Critical Access Hospitals,Government - Hospital District or Authority,Yes,,Not Available,16,7,Not Available,Not Available,Not Available,Not Available,5,8,1,0,1,0,,11,Not Available,Not Available,Not Available,Not Available,5,8,Not Available,5,12,3,
171312.0,COMANCHE COUNTY HOSPITAL,202 S FRISCO STREET,COLDWATER,KS,67029,COMANCHE,(620) 582-2144,Critical Access Hospitals,Government - Local,Yes,,Not Available,16,7,Not Available,Not Available,Not Available,Not Available,5,8,Not Available,Not Available,Not Available,Not Available,5,11,1,0,1,0,,8,Not Available,5,12,2,
171323.0,STAFFORD COUNTY HOSPITAL,502 S BUCKEYE,STAFFORD,KS,67578,STAFFORD,(620) 234-5221,Critical Access Hospitals,Government - Local,Yes,,Not Available,16,7,Not Available,Not Available,Not Available,Not Available,5,8,Not Available,Not Available,Not Available,Not Available,5,11,Not Available,Not Available,Not Available,Not Available,5,8,Not Available,5,12,3,
171333.0,CLARA BARTON HOSPITAL,250 W 9TH STREET,HOISINGTON,KS,67544,BARTON,(620) 653-2114,Critical Access Hospitals,Voluntary non-profit - Private,Yes,,Not Available,16,7,2,0,2,0,,8,Not Available,Not Available,Not Available,Not Available,5,11,3,0,3,0,,8,8,,12,6,
171345.0,PAWNEE VALLEY COMMUNITY HOSPITAL,923 CARROLL AVENUE,LARNED,KS,67550,PAWNEE,(620) 285-3162,Critical Access Hospitals,Voluntary non-profit - Private,Yes,,Not Available,16,7,1,0,1,0,,8,Not Available,Not Available,Not Available,Not Available,5,11,2,0,2,0,,8,Not Available,5,12,6,
171355.0,TREGO COUNTY LEMKE MEMORIAL HOSPITAL,320 N THIRTEENTH ST,WAKEENEY,KS,67672,TREGO,(785) 743-2182,Critical Access Hospitals,Government - Local,Yes,,Not Available,16,7,1,0,1,0,,8,Not Available,Not Available,Not Available,Not Available,5,11,3,0,3,0,,8,Not Available,5,12,4,
171365.0,HANOVER HOSPITAL,205 S HANOVER STREET,HANOVER,KS,66945,WASHINGTON,(785) 337-2214,Critical Access Hospitals,Government - Hospital District or Authority,Yes,,Not Available,16,7,Not Available,Not Available,Not Available,Not Available,5,8,Not Available,Not Available,Not Available,Not Available,5,11,1,0,1,0,,8,Not Available,5,12,3,
171376.0,GIRARD MEDICAL CENTER,302 NORTH HOSPITAL DRIVE,GIRARD,KS,66743,CRAWFORD,(620) 724-8291,Critical Access Hospitals,Government - Hospital District or Authority,Yes,,Not Available,16,7,1,0,1,0,,8,Not Available,Not Available,Not Available,Not Available,5,11,3,0,3,0,,8,Not Available,5,12,6,
171386.0,MORTON COUNTY HOSPITAL,445 HILLTOP STREET,ELKHART,KS,67950,MORTON,(620) 697-2141,Critical Access Hospitals,Government - Local,Yes,,Not Available,16,7,Not Available,Not Available,Not Available,Not Available,5,8,Not Available,Not Available,Not Available,Not Available,5,11,Not Available,Not Available,Not Available,Not Available,5,8,Not Available,5,12,Not Available,5
180002.0,WHITESBURG ARH HOSPITAL,240 HOSPITAL ROAD,WHITESBURG,KY,41858,LETCHER,(606) 633-3500,Acute Care Hospitals,Voluntary non-profit - Other,Yes,Y,3,,7,4,0,4,0,,8,3,0,3,0,,11,5,0,5,0,,8,8,,12,9,
180018.0,ST CLAIRE REGIONAL MEDICAL CENTER,222 MEDICAL CIRCLE,MOREHEAD,KY,40351,ROWAN,(606) 783-6500,Acute Care Hospitals,Government - Federal,Yes,Y,4,,7,5,0,5,0,,8,5,1,4,0,,11,9,0,8,1,,8,8,,12,10,
180043.0,MANCHESTER MEMORIAL HOSPITAL,210 MARIE LANGDON DRIVE,MANCHESTER,KY,40962,CLAY,(606) 598-5104,Acute Care Hospitals,Voluntary non-profit - Church,Yes,Y,Not Available,16,7,2,0,2,0,,8,2,0,1,1,,11,5,0,4,1,,8,8,,12,8,
180066.0,The Medical Center at Russellville,1625 NASHVILLE STREET,RUSSELLVILLE,KY,42276,LOGAN,(270) 726-4011,Acute Care Hospitals,Proprietary,Yes,,Not Available,16,7,2,0,2,0,,8,1,0,1,0,,11,4,0,2,2,,8,Not Available,5,12,8,
180093.0,BAPTIST HEALTH DEACONESS MADISONVILLE,900 HOSPITAL DRIVE,MADISONVILLE,KY,42431,HOPKINS,(270) 825-5100,Acute Care Hospitals,Voluntary non-profit - Private,Yes,Y,3,,7,7,0,5,2,,8,6,1,5,0,,11,10,1,9,0,,8,8,,12,12,
180128.0,THREE RIVERS MEDICAL CENTER,2485 HIGHWAY 644,LOUISA,KY,41230,LAWRENCE,(606) 638-9451,Acute Care Hospitals,Proprietary,Yes,,2,,7,3,0,3,0,,8,2,0,2,0,,11,6,0,6,0,,8,8,,12,8,
181302.0,THE JAMES B. HAGGIN MEMORIAL HOSPITAL,464 LINDEN AVENUE,HARRODSBURG,KY,40330,MERCER,(859) 734-5441,Critical Access Hospitals,Voluntary non-profit - Other,Yes,Y,Not Available,16,7,1,0,1,0,,8,1,0,1,0,,11,3,0,3,0,,8,Not Available,5,12,7,
181315.0,EPHRAIM MCDOWELL FORT LOGAN HOSPITAL,110 METKER TRAIL,STANFORD,KY,40484,LINCOLN,(606) 365-4600,Critical Access Hospitals,Voluntary non-profit - Private,Yes,Y,Not Available,16,7,1,0,1,0,,8,1,0,1,0,,11,2,0,2,0,,8,8,,12,7,
181325.0,JANE TODD CRAWFORD HOSPITAL,290 INDUSTRIAL PARK ROAD,GREENSBURG,KY,42743,GREEN,(270) 932-4211,Critical Access Hospitals,Voluntary non-profit - Private,Yes,,Not Available,16,7,Not Available,Not Available,Not Available,Not Available,5,8,2,0,2,0,,11,1,0,1,0,,8,Not Available,5,12,5,
184004.0,EASTERN STATE HOSPITAL,1350 BULL LEA ROAD,LEXINGTON,KY,40511,FAYETTE,(859) 246-8000,Psychiatric,Voluntary non-profit - Private,No,,Not Available,19,Not Available,Not Available,Not Available,Not Available,Not Available,19,Not Available,Not Available,Not Available,Not Available,Not Available,19,Not Available,Not Available,Not Available,Not Available,Not Available,19,Not Available,Not Available,19,Not Available,Not Available,19
190004.0,THIBODAUX REGIONAL MEDICAL CENTER,602 N ACADIA ROAD,THIBODAUX,LA,70301,LAFOURCHE,(985) 447-5500,Acute Care Hospitals,Voluntary non-profit - Private,Yes,Y,3,,7,6,0,4,2,,8,5,0,5,0,,11,10,0,10,0,,8,8,,12,10,
190019.0,CHRISTUS ST FRANCES CABRINI HOSPITAL,3330 MASONIC DRIVE,ALEXANDRIA,LA,71301,RAPIDES,(318) 487-1122,Acute Care Hospitals,Voluntary non-profit - Private,Yes,Y,2,,7,7,0,7,0,,8,7,1,5,1,,11,10,0,9,1,,8,8,,12,11,
190044.0,ACADIA GENERAL HOSPITAL,1305 CROWLEY RAYNE HIGHWAY,CROWLEY,LA,70526,ACADIA,(337) 783-3222,Acute Care Hospitals,Voluntary non-profit - Private,Yes,,3,,7,3,0,3,0,,8,6,0,6,0,,11,9,0,9,0,,8,8,,12,8,
190086.0,NORTHERN LOUISIANA MEDICAL CENTER,401 EAST VAUGHN AVENUE,RUSTON,LA,71270,LINCOLN,(318) 254-2100,Acute Care Hospitals,Proprietary,Yes,Y,3,,7,5,0,4,1,,8,3,2,1,0,,11,7,1,6,0,,8,8,,12,11,
190118.0,DESOTO REGIONAL HEALTH SYSTEM,207 JEFFERSON STREET,MANSFIELD,LA,71052,DE SOTO,(318) 872-4610,Acute Care Hospitals,Voluntary non-profit - Private,Yes,,Not Available,16,7,1,0,1,0,,8,Not Available,Not Available,Not Available,Not Available,5,11,4,0,4,0,,8,Not Available,5,12,7,
190167.0,MERCY REGIONAL MEDICAL CENTER,800 E MAIN,VILLE PLATTE,LA,70586,EVANGELINE,(337) 363-5684,Acute Care Hospitals,Proprietary,Yes,,3,,7,4,0,4,0,,8,2,0,2,0,,11,6,0,6,0,,8,8,,12,10,
190245.0,MONROE SURGICAL HOSPITAL,2408 BROADMOOR BLVD,MONROE,LA,71201,OUACHITA,(318) 410-0002,Acute Care Hospitals,Proprietary,No,,Not Available,16,7,Not Available,Not Available,Not Available,Not Available,5,8,1,0,1,0,,11,3,0,3,0,,8,Not Available,5,12,6,
190298.0,CHRISTUS CENTRAL LOUISIANA SURGICAL HOSPITAL,651 NORTH BOLTON AVE,ALEXANDRIA,LA,71301,RAPIDES,(318) 449-6400,Acute Care Hospitals,Proprietary,No,,Not Available,16,7,Not Available,Not Available,Not Available,Not Available,5,8,2,0,2,0,,11,4,0,4,0,,8,8,,12,6,
190319.0,ALEXANDRIA EMERGENCY HOSPITAL,5900 COLISEUM BLVD,ALEXANDRIA,LA,71303,RAPIDES,(318) 386-8110,Acute Care Hospitals,Proprietary,Yes,,Not Available,19,Not Available,Not Available,Not Available,Not Available,Not Available,19,Not Available,Not Available,Not Available,Not Available,Not Available,19,Not Available,Not Available,Not Available,Not Available,Not Available,19,Not Available,Not Available,19,Not Available,Not Available,19
191309.0,HOOD MEMORIAL HOSPITAL,301 W WALNUT STREET,AMITE,LA,70422,TANGIPAHOA,(985) 748-9485,Critical Access Hospitals,Government - Hospital District or Authority,Yes,,Not Available,16,7,Not Available,Not Available,Not Available,Not Available,5,8,Not Available,Not Available,Not Available,Not Available,5,11,Not Available,Not Available,Not Available,Not Available,5,8,Not Available,5,12,2,
191319.0,ACADIA ST LANDRY,810 SOUTH BROADWAY STREET,CHURCH POINT,LA,70525,ACADIA,(337) 684-5435,Critical Access Hospitals,Government - Hospital District or Authority,Yes,,Not Available,16,7,Not Available,Not Available,Not Available,Not Available,5,8,Not Available,Not Available,Not Available,Not Available,5,11,Not Available,Not Available,Not Available,Not Available,5,8,Not Available,5,12,Not Available,5
192010.0,INTENSIVE SPECIALTY HOSPITAL,1800 IRVING PLACE,SHREVEPORT,LA,71101,CADDO,(318) 425-4096,Long-term,Proprietary,No,,Not Available,19,Not Available,Not Available,Not Available,Not Available,Not Available,19,Not Available,Not Available,Not Available,Not Available,Not Available,19,Not Available,Not Available,Not Available,Not Available,Not Available,19,Not Available,Not Available,19,Not Available,Not Available,19
194069.0,GREENBRIER BEHAVIORAL HEALTH,201 GREENBRIAR BLVD,COVINGTON,LA,70433,ST. TAMMANY,(985) 893-2970,Psychiatric,Proprietary,No,,Not Available,19,Not Available,Not Available,Not Available,Not Available,Not Available,19,Not Available,Not Available,Not Available,Not Available,Not Available,19,Not Available,Not Available,Not Available,Not Available,Not Available,19,Not Available,Not Available,19,Not Available,Not Available,19
194086.0,OCEANS BEHAVIORAL HOSPITAL OF BATON ROUGE,11135 FLORIDA BLVD,BATON ROUGE,LA,70815,E. BATON ROUGE,(225) 356-7030,Psychiatric,Proprietary,No,,Not Available,19,Not Available,Not Available,Not Available,Not Available,Not Available,19,Not Available,Not Available,Not Available,Not Available,Not Available,19,Not Available,Not Available,Not Available,Not Available,Not Available,19,Not Available,Not Available,19,Not Available,Not Available,19
194102.0,BEACON BEHAVIORAL HOSPITAL - LUTCHER,2471 LOUISIANA AVE,LUTCHER,LA,70071,ST. JAMES,(225) 258-6103,Psychiatric,Proprietary,No,,Not Available,19,Not Available,Not Available,Not Available,Not Available,Not Available,19,Not Available,Not Available,Not Available,Not Available,Not Available,19,Not Available,Not Available,Not Available,Not Available,Not Available,19,Not Available,Not Available,19,Not Available,Not Available,19
194116.0,LOUISIANA BEHAVIORAL HEALTH,9320 LINWOOD AVENUE,SHREVEPORT,LA,71106,CADDO,(318) 644-8830,Psychiatric,Proprietary,No,,Not Available,19,Not Available,Not Available,Not Available,Not Available,Not Available,19,Not Available,Not Available,Not Available,Not Available,Not Available,19,Not Available,Not Available,Not Available,Not Available,Not Available,19,Not Available,Not Available,19,Not Available,Not Available,19
200021.0,MID COAST HOSPITAL,123 MEDICAL CENTER DRIVE,BRUNSWICK,ME,4011,CUMBERLAND,(207) 729-0181,Acute Care Hospitals,Voluntary non-profit - Private,Yes,Y,2,,7,5,0,5,0,,8,6,0,5,1,,11,7,0,7,0,,8,8,,12,11,
201300.0,NORTHERN LIGHT BLUE HILL MEMORIAL HOSPITAL,57 WATER STREET,BLUE HILL,ME,4614,HANCOCK,(207) 374-2836,Critical Access Hospitals,Voluntary non-profit - Private,Yes,,Not Available,16,7,2,0,2,0,,8,1,0,1,0,,11,5,0,5,0,,8,Not Available,5,12,6,
201310.0,BRIDGTON HOSPITAL,10 HOSPITAL DRIVE,BRIDGTON,ME,4009,CUMBERLAND,(207) 647-6000,Critical Access Hospitals,Voluntary non-profit - Private,Yes,,Not Available,16,7,2,0,2,0,,8,1,0,1,0,,11,3,1,2,0,,8,8,,12,6,
204006.0,NORTHERN LIGHT ACADIA HOSPITAL,268 STILLWATER AVE,BANGOR,ME,4401,PENOBSCOT,(207) 973-6100,Psychiatric,Voluntary non-profit - Private,No,,Not Available,19,Not Available,Not Available,Not Available,Not Available,Not Available,19,Not Available,Not Available,Not Available,Not Available,Not Available,19,Not Available,Not Available,Not Available,Not Available,Not Available,19,Not Available,Not Available,19,Not Available,Not Available,19
210012.0,SINAI HOSPITAL OF BALTIMORE,2401 WEST BELVEDERE AVENUE,BALTIMORE,MD,21215,BALTIMORE CITY,(410) 601-9000,Acute Care Hospitals,Voluntary non-profit - Private,Yes,Y,2,,7,7,0,7,0,,8,8,1,5,2,,11,11,0,10,1,,8,8,,12,10,
210028.0,MEDSTAR SAINT MARY'S HOSPITAL,25500 POINT LOOKOUT ROAD,LEONARDTOWN,MD,20650,ST. MARYS,(301) 475-6001,Acute Care Hospitals,Voluntary non-profit - Private,Yes,Y,4,,7,6,0,6,0,,8,7,1,6,0,,11,9,0,8,1,,8,8,,12,10,
210040.0,NORTHWEST HOSPITAL CENTER,5401 OLD COURT ROAD,RANDALLSTOWN,MD,21133,BALTIMORE,(410) 521-2200,Acute Care Hospitals,Voluntary non-profit - Private,Yes,,2,,7,6,0,6,0,,8,7,1,6,0,,11,10,0,9,1,,8,8,,12,9,
210061.0,ATLANTIC GENERAL HOSPITAL,9733 HEALTHWAY DRIVE,BERLIN,MD,21811,WORCESTER,(410) 641-1100,Acute Care Hospitals,Voluntary non-profit - Private,Yes,,3,,7,5,0,5,0,,8,5,0,5,0,,11,8,0,8,0,,8,8,,12,7,
214004.0,SPRINGFIELD HOSPITAL CENTER,6655 SYKESVILLE ROAD,SYKESVILLE,MD,21784,CARROLL,(410) 970-7000,Psychiatric,Government - State,No,,Not Available,19,Not Available,Not Available,Not Available,Not Available,Not Available,19,Not Available,Not Available,Not Available,Not Available,Not Available,19,Not Available,Not Available,Not Available,Not Available,Not Available,19,Not Available,Not Available,19,Not Available,Not Available,19
220012.0,CAPE COD HOSPITAL,27 PARK STREET,HYANNIS,MA,2601,BARNSTABLE,(508) 771-1800,Acute Care Hospitals,Voluntary non-profit - Private,Yes,Y,3,,7,7,0,7,0,,8,7,0,7,0,,11,11,0,9,2,,8,8,,12,12,
220033.0,NORTHEAST HOSPITAL CORPORATION,85 HERRICK STREET,BEVERLY,MA,1915,ESSEX,(978) 922-3000,Acute Care Hospitals,Voluntary non-profit - Private,Yes,Y,3,,7,6,2,4,0,,8,7,1,6,0,,11,10,0,10,0,,8,8,,12,12,
220066.0,MERCY MEDICAL CTR,271 CAREW STREET,SPRINGFIELD,MA,1104,HAMPDEN,(413) 748-9000,Acute Care Hospitals,Voluntary non-profit - Private,Yes,Y,2,,7,6,0,5,1,,8,7,1,5,1,,11,9,0,9,0,,8,8,,12,10,
220086.0,BETH ISRAEL DEACONESS MEDICAL CENTER,330 BROOKLINE AVENUE,BOSTON,MA,2215,SUFFOLK,(617) 667-7000,Acute Care Hospitals,Voluntary non-profit - Private,Yes,Y,4,,7,7,3,4,0,,8,8,3,4,1,,11,11,0,6,5,,8,8,,12,11,
220111.0,GOOD SAMARITAN MEDICAL CENTER,235 NORTH PEARL STREET,BROCKTON,MA,2301,PLYMOUTH,(508) 427-3000,Acute Care Hospitals,Proprietary,Yes,Y,1,,7,6,2,4,0,,8,7,1,6,0,,11,8,0,5,3,,8,8,,12,12,
221300.0,MARTHA'S VINEYARD HOSPITAL INC,"ONE HOSPITAL ROAD, FIRST FL, WING 5,  PO BOX 1477",OAK BLUFFS,MA,2557,DUKES,(508) 693-0410,Critical Access Hospitals,Voluntary non-profit - Private,Yes,Y,4,,7,3,0,3,0,,8,1,0,1,0,,11,7,0,7,0,,8,8,,12,8,
224018.0,ARBOUR HUMAN RESOURCE INSTITUTE,227 BABCOCK STREET,BROOKLINE,MA,2446,NORFOLK,(617) 731-3200,Psychiatric,Proprietary,No,,Not Available,19,Not Available,Not Available,Not Available,Not Available,Not Available,19,Not Available,Not Available,Not Available,Not Available,Not Available,19,Not Available,Not Available,Not Available,Not Available,Not Available,19,Not Available,Not Available,19,Not Available,Not Available,19
224041.0,SOUTHCOAST BEHAVIORAL HEALTH,581 FAUNCE CORNER ROAD,DARTMOUTH,MA,2747,BRISTOL,(615) 861-6000,Psychiatric,Proprietary,No,,Not Available,19,Not Available,Not Available,Not Available,Not Available,Not Available,19,Not Available,Not Available,Not Available,Not Available,Not Available,19,Not Available,Not Available,Not Available,Not Available,Not Available,19,Not Available,Not Available,19,Not Available,Not Available,19
230017.0,BRONSON METHODIST HOSPITAL,601 JOHN STREET,KALAMAZOO,MI,49007,KALAMAZOO,(269) 341-6000,Acute Care Hospitals,Voluntary non-profit - Private,Yes,Y,4,,7,7,0,7,0,,8,8,1,7,0,,11,11,0,11,0,,8,8,,12,10,
230036.0,MYMICHIGAN MEDICAL CENTER ALPENA,1501 W CHISHOLM ST,ALPENA,MI,49707,ALPENA,(989) 356-7390,Acute Care Hospitals,Proprietary,Yes,Y,5,,7,4,0,4,0,,8,5,0,5,0,,11,9,0,9,0,,8,8,,12,12,
230059.0,MERCY HEALTH SAINT MARY'S,200 JEFFERSON AVENUE SE,GRAND RAPIDS,MI,49503,KENT,(616) 685-5000,Acute Care Hospitals,Voluntary non-profit - Church,Yes,Y,4,,7,6,0,6,0,,8,7,1,5,1,,11,9,1,8,0,,8,8,,12,11,
230081.0,MUNSON HEALTHCARE CADILLAC HOSPITAL,400 HOBART ST,CADILLAC,MI,49601,WEXFORD,(231) 876-7400,Acute Care Hospitals,Voluntary non-profit - Church,Yes,Y,4,,7,4,0,4,0,,8,4,1,3,0,,11,9,0,9,0,,8,8,,12,11,
230108.0,UP HEALTH SYSTEM PORTAGE,500 CAMPUS DRIVE,HANCOCK,MI,49930,HOUGHTON,(906) 483-1000,Acute Care Hospitals,Voluntary non-profit - Other,Yes,Y,Not Available,16,7,2,0,2,0,,8,2,0,2,0,,11,7,1,6,0,,8,8,,12,11,
230146.0,WYANDOTTE HOSPITAL AND MEDICAL CENTER,2333 BIDDLE AVE,WYANDOTTE,MI,48192,WAYNE,(734) 246-6000,Acute Care Hospitals,Voluntary non-profit - Private,Yes,Y,2,,7,6,0,6,0,,8,7,2,5,0,,11,9,0,7,2,,8,8,,12,11,
230197.0,ASCENSION GENESYS HOSPITAL,ONE GENESYS PARKWAY,GRAND BLANC,MI,48439,GENESEE,(810) 606-6050,Acute Care Hospitals,Voluntary non-profit - Church,Yes,Y,2,,7,7,0,7,0,,8,8,2,6,0,,11,9,0,8,1,,8,8,,12,10,
230241.0,ASCENSION RIVER DISTRICT HOSPITAL,4100 RIVER RD,EAST CHINA,MI,48054,ST. CLAIR,(810) 329-7111,Acute Care Hospitals,Government - Hospital District or Authority,Yes,,3,,7,3,0,3,0,,8,1,0,1,0,,11,6,0,6,0,,8,8,,12,8,
230279.0,ASCENSION BRIGHTON CENTER FOR RECOVERY,12851 GRAND RIVER RD,BRIGHTON,MI,48116,LIVINGSTON,(810) 227-1211,Acute Care Hospitals,Voluntary non-profit - Private,No,,Not Available,16,7,Not Available,Not Available,Not Available,Not Available,5,8,1,0,1,0,,11,1,0,1,0,,8,Not Available,5,12,2,
231305.0,SAINT MARY'S STANDISH COMMUNITY HOSPITAL,805 W CEDAR ST,STANDISH,MI,48658,ARENAC,(989) 846-3400,Critical Access Hospitals,Voluntary non-profit - Church,Yes,,Not Available,16,7,2,0,2,0,,8,Not Available,Not Available,Not Available,Not Available,5,11,4,0,4,0,,8,8,,12,6,
231316.0,HILLS & DALES GENERAL HOSPITAL,4675 HILL STREET,CASS CITY,MI,48726,TUSCOLA,(989) 872-2121,Critical Access Hospitals,Voluntary non-profit - Private,Yes,,Not Available,16,7,1,0,1,0,,8,1,0,1,0,,11,2,0,2,0,,8,8,,12,6,
231327.0,UNIVERSITY OF MICHIGAN HEALTH - SPARROW EATON,321 E HARRIS STREET,CHARLOTTE,MI,48813,EATON,(517) 543-1050,Critical Access Hospitals,Voluntary non-profit - Other,Yes,,Not Available,16,7,2,0,2,0,,8,1,0,1,0,,11,5,0,5,0,,8,8,,12,7,
231340.0,MCLAREN THUMB REGION,1100 S VAN DYKE RD,BAD AXE,MI,48413,HURON,(989) 269-9521,Critical Access Hospitals,Voluntary non-profit - Private,Yes,,Not Available,16,7,Not Available,Not Available,Not Available,Not Available,5,8,Not Available,Not Available,Not Available,Not Available,5,11,2,0,2,0,,8,Not Available,5,12,3,
234038.0,BCA STONECREST CENTER,15000 GRATIOT AVENUE,DETROIT,MI,48205,WAYNE,(313) 245-0600,Psychiatric,Proprietary,No,,Not Available,19,Not Available,Not Available,Not Available,Not Available,Not Available,19,Not Available,Not Available,Not Available,Not Available,Not Available,19,Not Available,Not Available,Not Available,Not Available,Not Available,19,Not Available,Not Available,19,Not Available,Not Available,19
240004.0,HENNEPIN COUNTY MEDICAL CENTER,701 PARK AVENUE,MINNEAPOLIS,MN,55415,HENNEPIN,(612) 873-6422,Acute Care Hospitals,Government - Local,Yes,Y,3,,7,6,0,6,0,,8,6,2,4,0,,11,8,0,8,0,,8,8,,12,10,
240038.0,ALLINA UNITED HOSPITAL,333 NORTH SMITH AVENUE,SAINT PAUL,MN,55102,RAMSEY,(763) 236-8205,Acute Care Hospitals,Voluntary non-profit - Private,Yes,Y,3,,7,7,0,7,0,,8,8,3,5,0,,11,11,0,11,0,,8,8,,12,10,
240064.0,GRAND ITASCA CLINIC AND HOSPITAL,1601 GOLF COURSE ROAD,GRAND RAPIDS,MN,55744,ITASCA,(218) 326-3401,Acute Care Hospitals,Voluntary non-profit - Private,Yes,Y,4,,7,3,0,3,0,,8,2,0,2,0,,11,7,0,7,0,,8,8,,12,12,
240093.0,MAYO CLINIC HEALTH SYSTEM - MANKATO,1025 MARSH STREET,MANKATO,MN,56002,BLUE EARTH,(507) 625-4031,Acute Care Hospitals,Voluntary non-profit - Private,Yes,Y,5,,7,6,2,4,0,,8,7,1,6,0,,11,10,3,7,0,,8,8,,12,11,
240207.0,M HEALTH FAIRVIEW RIDGES HOSPITAL,201 EAST NICOLLET BOULEVARD,BURNSVILLE,MN,55337,DAKOTA,(952) 892-2000,Acute Care Hospitals,Voluntary non-profit - Church,Yes,Y,4,,7,6,1,5,0,,8,6,2,4,0,,11,7,0,7,0,,8,8,,12,11,
241306.0,OLIVIA HOSPITAL & CLINIC,100 HEALTHY WAY,OLIVIA,MN,56277,RENVILLE,(320) 523-1261,Critical Access Hospitals,Voluntary non-profit - Private,Yes,,Not Available,16,7,1,0,1,0,,8,1,0,1,0,,11,3,0,3,0,,8,Not Available,5,12,7,
241318.0,ELY - BLOOMENSON COMMUNITY HOSPITAL,328 WEST CONAN STREET,ELY,MN,55731,ST. LOUIS,(218) 365-3271,Critical Access Hospitals,Voluntary non-profit - Private,Yes,,Not Available,16,7,Not Available,Not Available,Not Available,Not Available,5,8,Not Available,Not Available,Not Available,Not Available,5,11,2,0,2,0,,8,Not Available,5,12,5,
241329.0,LAKEWOOD HEALTH SYSTEM,49725 COUNTY ROAD 83,STAPLES,MN,56479,TODD,(218) 894-1515,Critical Access Hospitals,Voluntary non-profit - Other,Yes,,Not Available,16,7,1,0,1,0,,8,1,0,1,0,,11,4,0,4,0,,8,8,,12,7,
241340.0,ESSENTIA HEALTH NORTHERN PINES MEDICAL CENTER,5211 HIGHWAY 110,AURORA,MN,55705,ST. LOUIS,(218) 229-4222,Critical Access Hospitals,Voluntary non-profit - Private,Yes,,Not Available,16,7,Not Available,Not Available,Not Available,Not Available,5,8,Not Available,Not Available,Not Available,Not Available,5,11,1,0,1,0,,8,Not Available,5,12,7,
241350.0,ESSENTIA HEALTH MOOSE LAKE,4572 COUNTY ROAD 61,MOOSE LAKE,MN,55767,CARLTON,(218) 786-1367,Critical Access Hospitals,Government - Hospital District or Authority,Yes,Y,Not Available,16,7,Not Available,Not Available,Not Available,Not Available,5,8,Not Available,Not Available,Not Available,Not Available,5,11,2,0,2,0,,8,8,,12,8,
241361.0,MAYO CLINIC HEALTH SYSTEM NEW PRAGUE,301 2ND STREET NORTHEAST,NEW PRAGUE,MN,56071,SCOTT,(952) 758-4431,Critical Access Hospitals,Voluntary non-profit - Private,Yes,,Not Available,16,7,2,0,2,0,,8,2,0,2,0,,11,5,0,4,1,,8,8,,12,7,
241371.0,SANFORD LUVERNE MEDICAL CENTER,1600 N KNISS AVENUE P O BOX 1019,LUVERNE,MN,56156,ROCK,(507) 283-2321,Critical Access Hospitals,Voluntary non-profit - Private,Yes,,Not Available,16,7,1,0,1,0,,8,Not Available,Not Available,Not Available,Not Available,5,11,2,0,1,1,,8,Not Available,5,12,5,
241381.0,SANFORD THIEF RIVER FALLS MEDICAL CENTER,3001 SANFORD PARKWAY,THIEF RIVER FALLS,MN,56701,PENNINGTON,(218) 683-2652,Critical Access Hospitals,Voluntary non-profit - Private,Yes,Y,Not Available,16,7,1,0,1,0,,8,1,0,1,0,,11,5,1,4,0,,8,8,,12,6,
244017.0,COMMUNITY BEHAVIORAL HEALTH HOSPITAL ROCHESTER,251 WOOD LAKE DRIVE SOUTHEAST,ROCHESTER,MN,55904,OLMSTED,(507) 206-2561,Psychiatric,Government - State,No,,Not Available,19,Not Available,Not Available,Not Available,Not Available,Not Available,19,Not Available,Not Available,Not Available,Not Available,Not Available,19,Not Available,Not Available,Not Available,Not Available,Not Available,19,Not Available,Not Available,19,Not Available,Not Available,19
250019.0,MEMORIAL HOSPITAL AT GULFPORT,4500 13TH STREET,GULFPORT,MS,39502,HARRISON,(228) 867-4000,Acute Care Hospitals,Government - Local,Yes,Y,3,,7,7,0,7,0,,8,8,1,6,1,,11,11,0,10,1,,8,8,,12,12,
250043.0,NESHOBA COUNTY GENERAL HOSPITAL,1001 HOLLAND AVENUE,PHILADELPHIA,MS,39350,NESHOBA,(601) 663-1200,Acute Care Hospitals,Government - Local,Yes,,4,,7,3,0,3,0,,8,1,0,1,0,,11,5,0,5,0,,8,Not Available,5,12,7,
250072.0,MERIT HEALTH CENTRAL,1850 CHADWICK DR,JACKSON,MS,39204,HINDS,(601) 376-1000,Acute Care Hospitals,Proprietary,Yes,Y,1,,7,5,0,5,0,,8,4,1,3,0,,11,6,0,6,0,,8,8,,12,9,
250096.0,CROSSGATES RIVER OAKS HOSPITAL,350 CROSSGATES BLVD,BRANDON,MS,39042,RANKIN,(601) 825-2811,Acute Care Hospitals,Proprietary,Yes,,1,,7,3,0,3,0,,8,2,0,2,0,,11,6,0,5,1,,8,8,,12,8,
250134.0,WHITFIELD MEDICAL SURGICAL HOSPITAL,"3550 HWY 468 W, BLDG 60",WHITFIELD,MS,39193,RANKIN,(601) 351-8023,Acute Care Hospitals,Government - State,No,,Not Available,16,7,1,0,1,0,,8,Not Available,Not Available,Not Available,Not Available,5,11,2,0,2,0,,8,Not Available,5,12,2,
250174.0,"ALLIANCE HEALTHCARE SYSTEM, INC",1430 MS HIGHWAY 4 E,HOLLY SPRINGS,MS,38635,MARSHALL,(662) 252-1212,Acute Care Hospitals,Proprietary,No,,Not Available,19,Not Available,Not Available,Not Available,Not Available,Not Available,19,Not Available,Not Available,Not Available,Not Available,Not Available,19,Not Available,Not Available,Not Available,Not Available,Not Available,19,Not Available,Not Available,19,Not Available,Not Available,19
251305.0,LAWRENCE COUNTY HOSPITAL CAH,1065 EAST BROAD ST,MONTICELLO,MS,39654,LAWRENCE,(601) 587-4051,Critical Access Hospitals,Government - Local,Yes,,Not Available,16,7,1,0,1,0,,8,Not Available,Not Available,Not Available,Not Available,5,11,2,0,2,0,,8,Not Available,5,12,1,
251319.0,HOLMES COUNTY HOSPITAL AND CLINICS,239 BOWLING GREEN ROAD,LEXINGTON,MS,39095,HOLMES,(662) 834-1321,Critical Access Hospitals,Government - State,Yes,,Not Available,16,7,1,0,1,0,,8,Not Available,Not Available,Not Available,Not Available,5,11,2,0,2,0,,8,Not Available,5,12,6,
251333.0,PEARL RIVER COUNTY HOSPITAL,305 WEST MOODY STREET,POPLARVILLE,MS,39470,PEARL RIVER,(601) 795-4543,Critical Access Hospitals,Government - Local,Yes,,Not Available,16,7,Not Available,Not Available,Not Available,Not Available,5,8,Not Available,Not Available,Not Available,Not Available,5,11,Not Available,Not Available,Not Available,Not Available,5,8,Not Available,5,12,3,
254009.0,NORTH MISSISSIPPI STATE HOSPITAL,1937 BRIAR RIDGE RD,TUPELO,MS,38804,LEE,(662) 690-4200,Psychiatric,Government - State,No,,Not Available,19,Not Available,Not Available,Not Available,Not Available,Not Available,19,Not Available,Not Available,Not Available,Not Available,Not Available,19,Not Available,Not Available,Not Available,Not Available,Not Available,19,Not Available,Not Available,19,Not Available,Not Available,19
260017.0,PHELPS COUNTY REGIONAL MEDICAL CENTER,1000 W 10TH ST,ROLLA,MO,65401,PHELPS,(573) 458-8899,Acute Care Hospitals,Government - Local,Yes,Y,2,,7,6,0,5,1,,8,7,2,4,1,,11,10,0,9,1,,8,8,,12,12,
260048.0,TRUMAN MEDICAL CENTER HOSPITAL HILL,2301 HOLMES STREET,KANSAS CITY,MO,64108,JACKSON,(816) 404-1000,Acute Care Hospitals,Voluntary non-profit - Private,Yes,Y,3,,7,3,0,3,0,,8,7,1,5,1,,11,7,0,7,0,,8,8,,12,9,
260077.0,MERCY HOSPITAL SOUTH,10010 KENNERLY ROAD,SAINT LOUIS,MO,63128,ST. LOUIS,(314) 525-1000,Acute Care Hospitals,Voluntary non-profit - Private,Yes,Y,3,,7,7,0,7,0,,8,7,2,5,0,,11,11,1,9,1,,8,8,,12,12,
260104.0,SSM HEALTH DEPAUL HOSPITAL ST LOUIS,12303 DEPAUL DRIVE,BRIDGETON,MO,63044,ST. LOUIS,(314) 344-6000,Acute Care Hospitals,Voluntary non-profit - Church,Yes,Y,3,,7,7,1,6,0,,8,8,3,5,0,,11,11,1,10,0,,8,8,,12,10,
260160.0,MERCY HOSPITAL STODDARD,1200 N ONE MILE RD,DEXTER,MO,63841,STODDARD,(573) 624-5566,Acute Care Hospitals,Voluntary non-profit - Private,Yes,,3,,7,3,0,3,0,,8,Not Available,Not Available,Not Available,Not Available,5,11,7,0,7,0,,8,Not Available,5,12,9,
260190.0,LEE'S SUMMIT MEDICAL CENTER,2100 SE BLUE PARKWAY,LEES SUMMIT,MO,64063,JACKSON,(816) 282-5000,Acute Care Hospitals,Proprietary,Yes,,3,,7,6,0,6,0,,8,7,1,6,0,,11,9,0,9,0,,8,8,,12,10,
261302.0,MADISON MEDICAL CENTER,611 W MAIN ST,FREDERICKTOWN,MO,63645,MADISON,(573) 781-3341,Critical Access Hospitals,Voluntary non-profit - Other,Yes,,Not Available,16,7,1,0,0,1,,8,Not Available,Not Available,Not Available,Not Available,5,11,3,0,3,0,,8,Not Available,5,12,4,
261313.0,MACON COUNTY SAMARITAN MEMORIAL HOSPITAL,1205 NORTH MISSOURI ST,MACON,MO,63552,MACON,(660) 385-8700,Critical Access Hospitals,Government - Local,Yes,,Not Available,16,7,1,0,1,0,,8,Not Available,Not Available,Not Available,Not Available,5,11,3,0,3,0,,8,Not Available,5,12,3,
261324.0,CASS REGIONAL MEDICAL CENTER,2800 E ROCK HAVEN ROAD,HARRISONVILLE,MO,64701,CASS,(816) 380-5888,Critical Access Hospitals,Government - Local,Yes,,Not Available,16,7,2,0,2,0,,8,1,0,1,0,,11,7,0,7,0,,8,8,,12,7,
261336.0,IRON COUNTY MEDICAL CENTER,301 NORTH HIGHWAY 21,PILOT KNOB,MO,63663,IRON,(573) 546-1260,Critical Access Hospitals,Government - Hospital District or Authority,Yes,,Not Available,16,7,1,0,1,0,,8,Not Available,Not Available,Not Available,Not Available,5,11,2,0,2,0,,8,Not Available,5,12,4,
264007.0,NORTHWEST MISSOURI PSYCHIATRIC REHAB CTR,3505 FREDERICK AVENUE,SAINT JOSEPH,MO,64502,BUCHANAN,(816) 387-2300,Psychiatric,Government - State,No,,Not Available,19,Not Available,Not Available,Not Available,Not Available,Not Available,19,Not Available,Not Available,Not Available,Not Available,Not Available,19,Not Available,Not Available,Not Available,Not Available,Not Available,19,Not Available,Not Available,19,Not Available,Not Available,19
264035.0,MARYLAND HEIGHTS CENTER FOR BEHAVIORAL HEALTH,11100 AYSHIRE DR,MARYLAND HEIGHTS,MO,63043,ST. LOUIS,(314) 528-2700,Psychiatric,Voluntary non-profit - Other,No,,Not Available,19,Not Available,Not Available,Not Available,Not Available,Not Available,19,Not Available,Not Available,Not Available,Not Available,Not Available,19,Not Available,Not Available,Not Available,Not Available,Not Available,19,Not Available,Not Available,19,Not Available,Not Available,19
270074.0,P H S INDIAN HOSPITAL AT BROWNING - BLACKFEET,"760 HOSPITAL CIRCLE, POST OFFICE BOX 760",BROWNING,MT,59417,GLACIER,(406) 338-8917,Acute Care Hospitals,Government - Federal,Yes,Y,Not Available,16,7,Not Available,Not Available,Not Available,Not Available,5,8,Not Available,Not Available,Not Available,Not Available,5,11,1,0,1,0,,8,Not Available,5,12,4,
271308.0,ROOSEVELT MEDICAL CENTER,818 2ND AVE E,CULBERTSON,MT,59218,ROOSEVELT,(406) 787-6401,Critical Access Hospitals,Voluntary non-profit - Private,Yes,,Not Available,16,7,Not Available,Not Available,Not Available,Not Available,5,8,Not Available,Not Available,Not Available,Not Available,5,11,Not Available,Not Available,Not Available,Not Available,5,8,Not Available,5,12,1,
271318.0,BARRETT HOSPITAL & HEALTHCARE,600 MT HWY 91 S,DILLON,MT,59725,BEAVERHEAD,(406) 683-3000,Critical Access Hospitals,Government - Hospital District or Authority,Yes,Y,Not Available,16,7,2,0,2,0,,8,1,0,1,0,,11,5,1,4,0,,8,Not Available,5,12,9,
271328.0,LOGAN HEALTH - SHELBY,640 PARK AVE,SHELBY,MT,59474,TOOLE,(406) 434-3200,Critical Access Hospitals,Voluntary non-profit - Private,Yes,,Not Available,16,7,Not Available,Not Available,Not Available,Not Available,5,8,Not Available,Not Available,Not Available,Not Available,5,11,1,0,1,0,,8,Not Available,5,12,2,
271338.0,BIG HORN HOSPITAL,17 N MILES,HARDIN,MT,59034,BIG HORN,(406) 665-2310,Critical Access Hospitals,Voluntary non-profit - Private,Yes,,Not Available,16,7,Not Available,Not Available,Not Available,Not Available,5,8,Not Available,Not Available,Not Available,Not Available,5,11,Not Available,Not Available,Not Available,Not Available,5,8,Not Available,5,12,3,
271348.0,NORTHERN MONTANA HOSPITAL,30 13TH ST,HAVRE,MT,59501,HILL,(406) 265-2211,Critical Access Hospitals,Voluntary non-profit - Private,Yes,,Not Available,16,7,Not Available,Not Available,Not Available,Not Available,5,8,Not Available,Not Available,Not Available,Not Available,5,11,Not Available,Not Available,Not Available,Not Available,5,8,Not Available,5,12,5,
280059.0,TWELVE CLANS UNITY HOSPITAL,225 S BLUFF STREET,WINNEBAGO,NE,68071,THURSTON,(402) 878-2231,Acute Care Hospitals,Tribal,Yes,,Not Available,16,7,Not Available,Not Available,Not Available,Not Available,5,8,Not Available,Not Available,Not Available,Not Available,5,11,Not Available,Not Available,Not Available,Not Available,5,8,Not Available,5,12,Not Available,5
280128.0,CHI HEALTH NEBRASKA HEART,7500 SOUTH 91ST ST,LINCOLN,NE,68526,LANCASTER,(402) 328-3000,Acute Care Hospitals,Voluntary non-profit - Private,No,,3,,7,3,0,3,0,,8,2,0,2,0,,11,5,0,5,0,,8,8,,12,4,
281301.0,FILLMORE COUNTY HOSPITAL,"P O BOX 193, 1900 F STREET",GENEVA,NE,68361,FILLMORE,(402) 759-3167,Critical Access Hospitals,Government - Local,Yes,,Not Available,16,7,1,0,1,0,,8,1,0,1,0,,11,4,0,4,0,,8,Not Available,5,12,6,
281311.0,FRANKLIN COUNTY MEMORIAL HOSPITAL,1406 Q ST,FRANKLIN,NE,68939,FRANKLIN,(308) 425-6221,Critical Access Hospitals,Government - Local,Yes,,Not Available,16,7,Not Available,Not Available,Not Available,Not Available,5,8,Not Available,Not Available,Not Available,Not Available,5,11,Not Available,Not Available,Not Available,Not Available,5,8,Not Available,5,12,4,
281323.0,CHI HEALTH SCHUYLER,104 WEST 17TH ST,SCHUYLER,NE,68661,COLFAX,(402) 352-2441,Critical Access Hospitals,Voluntary non-profit - Private,Yes,,Not Available,16,7,Not Available,Not Available,Not Available,Not Available,5,8,Not Available,Not Available,Not Available,Not Available,5,11,1,0,1,0,,8,Not Available,5,12,5,
281334.0,BOONE COUNTY HEALTH CENTER,"P O BOX 151, 723 WEST FAIRVIEW ST",ALBION,NE,68620,BOONE,(402) 395-2191,Critical Access Hospitals,Government - Local,Yes,Y,3,,7,3,0,3,0,,8,Not Available,Not Available,Not Available,Not Available,5,11,6,0,6,0,,8,8,,12,5,
281345.0,PROVIDENCE MEDICAL CENTER,1200 PROVIDENCE RD,WAYNE,NE,68787,WAYNE,(402) 375-3800,Critical Access Hospitals,Voluntary non-profit - Private,Yes,Y,Not Available,16,7,2,0,1,1,,8,Not Available,Not Available,Not Available,Not Available,5,11,4,0,4,0,,8,Not Available,5,12,6,
281355.0,OGALLALA COMMUNITY HOSPITAL,2601 NORTH SPRUCE ST,OGALLALA,NE,69153,KEITH,(308) 284-4011,Critical Access Hospitals,Government - Hospital District or Authority,Yes,Y,Not Available,16,7,1,0,1,0,,8,Not Available,Not Available,Not Available,Not Available,5,11,3,0,3,0,,8,Not Available,5,12,7,
281365.0,JENNIE M MELHAM MEMORIAL MEDICAL CENTER,145 MEMORIAL DRIVE,BROKEN BOW,NE,68822,CUSTER,(308) 872-4100,Critical Access Hospitals,Voluntary non-profit - Private,Yes,,Not Available,16,7,2,0,2,0,,8,Not Available,Not Available,Not Available,Not Available,5,11,4,0,4,0,,8,Not Available,5,12,5,
290009.0,SAINT MARY'S REGIONAL MEDICAL CENTER,235 W 6TH ST,RENO,NV,89503,WASHOE,(775) 770-3000,Acute Care Hospitals,Proprietary,Yes,,3,,7,7,0,7,0,,8,7,1,6,0,,11,11,0,10,1,,8,8,,12,8,
290047.0,SOUTHERN HILLS HOSPITAL AND MEDICAL CENTER,9300 WEST SUNSET RD,LAS VEGAS,NV,89148,CLARK,(702) 880-2100,Acute Care Hospitals,Proprietary,Yes,Y,4,,7,6,2,4,0,,8,7,1,6,0,,11,8,0,8,0,,8,8,,12,9,
291303.0,BATTLE MOUNTAIN GENERAL HOSPITAL,535 SOUTH HUMBOLDT STREET,BATTE MTN,NV,89820,LANDER,(775) 635-2550,Critical Access Hospitals,Government - Hospital District or Authority,Yes,,Not Available,16,7,Not Available,Not Available,Not Available,Not Available,5,8,Not Available,Not Available,Not Available,Not Available,5,11,Not Available,Not Available,Not Available,Not Available,5,8,Not Available,5,12,3,
294000.0,DINI-TOWNSEND HOSPITAL AT NNMH,480 GALLETTI WAY,SPARKS,NV,89431,WASHOE,(775) 688-2001,Psychiatric,Government - State,No,,Not Available,19,Not Available,Not Available,Not Available,Not Available,Not Available,19,Not Available,Not Available,Not Available,Not Available,Not Available,19,Not Available,Not Available,Not Available,Not Available,Not Available,19,Not Available,Not Available,19,Not Available,Not Available,19
300011.0,ST JOSEPH HOSPITAL,172 KINSLEY ST,NASHUA,NH,3060,HILLSBOROUGH,(603) 882-3000,Acute Care Hospitals,Voluntary non-profit - Other,Yes,Y,4,,7,5,0,5,0,,8,7,1,6,0,,11,10,0,10,0,,8,8,,12,10,
301300.0,UPPER CONNECTICUT VALLEY HOSPITAL,181 CORLISS LANE,COLEBROOK,NH,3576,COOS,(603) 237-4971,Critical Access Hospitals,Voluntary non-profit - Private,Yes,,Not Available,16,7,Not Available,Not Available,Not Available,Not Available,5,8,Not Available,Not Available,Not Available,Not Available,5,11,1,0,1,0,,8,Not Available,5,12,4,
301310.0,ANDROSCOGGIN VALLEY HOSPITAL,59 PAGE HILL ROAD,BERLIN,NH,3570,COOS,(603) 752-2200,Critical Access Hospitals,Voluntary non-profit - Private,Yes,,4,,7,3,0,3,0,,8,2,1,1,0,,11,4,0,4,0,,8,Not Available,5,12,8,
310008.0,HOLY NAME MEDICAL CENTER,718 TEANECK RD,TEANECK,NJ,7666,BERGEN,(201) 833-3000,Acute Care Hospitals,Voluntary non-profit - Private,Yes,Y,4,,7,6,0,6,0,,8,8,3,4,1,,11,10,0,8,2,,8,8,,12,10,
310022.0,WEST JERSEY HOSPITAL,100 BOWMAN DRIVE,VOORHEES,NJ,8043,CAMDEN,(856) 247-3000,Acute Care Hospitals,Voluntary non-profit - Private,Yes,Y,3,,7,6,0,6,0,,8,8,4,4,0,,11,8,0,6,2,,8,8,,12,11,
310039.0,RARITAN BAY MEDICAL CENTER,530 NEW BRUNSWICK AVE,PERTH AMBOY,NJ,8861,MIDDLESEX,(732) 324-5000,Acute Care Hospitals,Voluntary non-profit - Private,Yes,Y,3,,7,6,0,6,0,,8,6,2,4,0,,11,7,0,6,1,,8,8,,12,9,
310054.0,HACKENSACK MERIDIAN MOUNTAINSIDE MEDICAL,1 BAY AVENUE,MONTCLAIR,NJ,7042,ESSEX,(973) 429-6000,Acute Care Hospitals,Proprietary,Yes,Y,3,,7,6,1,5,0,,8,7,1,6,0,,11,10,0,10,0,,8,8,,12,10,
310075.0,MONMOUTH MEDICAL CENTER,300 SECOND AVENUE,LONG BRANCH,NJ,7740,MONMOUTH,(732) 222-5200,Acute Care Hospitals,Voluntary non-profit - Private,Yes,Y,3,,7,6,0,6,0,,8,8,2,6,0,,11,10,0,9,1,,8,8,,12,10,
310112.0,BAYSHORE MEDICAL CENTER,727 N BEERS ST,HOLMDEL,NJ,7733,MONMOUTH,(732) 739-5900,Acute Care Hospitals,Voluntary non-profit - Private,Yes,,3,,7,6,0,6,0,,8,6,2,4,0,,11,8,0,6,2,,8,8,,12,8,
314005.0,ANCORA PSYCH HOSP,ANCORA BRANCH,HAMMONTON,NJ,8037,ATLANTIC,(609) 561-1700,Psychiatric,Government - State,No,,Not Available,19,Not Available,Not Available,Not Available,Not Available,Not Available,19,Not Available,Not Available,Not Available,Not Available,Not Available,19,Not Available,Not Available,Not Available,Not Available,Not Available,19,Not Available,Not Available,19,Not Available,Not Available,19
314024.0,HUDSON COUNTY MEADOWVIEW PSYCHIATRIC H,595 COUNTY AVENUE,SECAUCUS,NJ,7094,HUDSON,(201) 369-5252,Psychiatric,Government - Local,No,,Not Available,19,Not Available,Not Available,Not Available,Not Available,Not Available,19,Not Available,Not Available,Not Available,Not Available,Not Available,19,Not Available,Not Available,Not Available,Not Available,Not Available,19,Not Available,Not Available,19,Not Available,Not Available,19
320018.0,MEMORIAL MEDICAL CENTER,2450 SOUTH TELSHOR BLVD,LAS CRUCES,NM,88011,DONA ANA,(575) 522-8641,Acute Care Hospitals,Proprietary,Yes,Y,1,,7,7,0,5,2,,8,5,1,4,0,,11,10,0,9,1,,8,8,,12,10,
320063.0,CARLSBAD MEDICAL CENTER,2430 WEST PIERCE STREET,CARLSBAD,NM,88220,EDDY,(575) 887-4570,Acute Care Hospitals,Voluntary non-profit - Other,Yes,Y,2,,7,4,0,4,0,,8,3,0,3,0,,11,7,0,6,1,,8,8,,12,10,
321301.0,SOCORRO GENERAL HOSPITAL,1202 HIGHWAY 60 WEST,SOCORRO,NM,87801,SOCORRO,(575) 835-1140,Critical Access Hospitals,Voluntary non-profit - Private,Yes,Y,Not Available,16,7,1,0,1,0,,8,Not Available,Not Available,Not Available,Not Available,5,11,2,0,2,0,,8,Not Available,5,12,7,
321312.0,ALTA VISTA REGIONAL HOSPITAL,104 LEGION DRIVE,LAS VEGAS,NM,87701,SAN MIGUEL,(505) 426-3930,Critical Access Hospitals,Proprietary,Yes,,Not Available,16,7,Not Available,Not Available,Not Available,Not Available,5,8,Not Available,Not Available,Not Available,Not Available,5,11,Not Available,Not Available,Not Available,Not Available,5,8,Not Available,5,12,1,
330013.0,ALBANY MEDICAL CENTER HOSPITAL,"43 NEW SCOTLAND AVENUE, MAIL CODE 34",ALBANY,NY,12208,ALBANY,(518) 262-2400,Acute Care Hospitals,Voluntary non-profit - Private,Yes,Y,2,,7,7,0,6,1,,8,8,3,4,1,,11,11,1,9,1,,8,8,,12,10,
330044.0,WYNN HOSPITAL,1656 CHAMPLIN AVENUE,UTICA,NY,13503,ONEIDA,(315) 624-6002,Acute Care Hospitals,Voluntary non-profit - Private,Yes,Y,1,,7,5,0,4,1,,8,6,1,4,1,,11,8,0,7,1,,8,8,,12,10,
330060.0,"CARTHAGE AREA HOSPITAL, INC",1001 WEST ST,CARTHAGE,NY,13619,JEFFERSON,(315) 493-1000,Acute Care Hospitals,Voluntary non-profit - Private,Yes,,Not Available,19,Not Available,Not Available,Not Available,Not Available,Not Available,19,Not Available,Not Available,Not Available,Not Available,Not Available,19,Not Available,Not Available,Not Available,Not Available,Not Available,19,Not Available,Not Available,19,Not Available,Not Available,19
330094.0,COLUMBIA MEMORIAL HOSPITAL,71 PROSPECT AVENUE,HUDSON,NY,12534,COLUMBIA,(518) 828-7601,Acute Care Hospitals,Voluntary non-profit - Private,Yes,,2,,7,4,0,4,0,,8,6,0,5,1,,11,9,0,9,0,,8,8,,12,10,
330115.0,ONEIDA HEALTH HOSPITAL,321 GENESEE STREET,ONEIDA,NY,13421,MADISON,(315) 363-6000,Acute Care Hospitals,Voluntary non-profit - Private,Yes,Y,3,,7,3,0,2,1,,8,5,0,5,0,,11,8,0,7,1,,8,8,,12,9,
330144.0,IRA DAVENPORT MEMORIAL HOSPITAL,7571 STATE ROUTE 54,BATH,NY,14810,STEUBEN,(607) 776-8500,Acute Care Hospitals,Voluntary non-profit - Private,Yes,,Not Available,16,7,Not Available,Not Available,Not Available,Not Available,5,8,Not Available,Not Available,Not Available,Not Available,5,11,2,0,2,0,,8,Not Available,5,12,8,
330175.0,GUTHRIE CORTLAND REGIONAL MEDICAL CENTER,134 HOMER AVENUE,CORTLAND,NY,13045,CORTLAND,(607) 756-3501,Acute Care Hospitals,Voluntary non-profit - Private,Yes,Y,3,,7,3,1,2,0,,8,3,1,2,0,,11,8,0,7,1,,8,8,,12,11,
330195.0,LONG ISLAND JEWISH MEDICAL CENTER,270 - 05 76TH AVENUE,NEW HYDE PARK,NY,11040,NASSAU,(718) 470-7000,Acute Care Hospitals,Voluntary non-profit - Private,Yes,Y,3,,7,6,2,4,0,,8,8,3,5,0,,11,10,1,5,4,,8,8,,12,11,
330211.0,CLAXTON-HEPBURN MEDICAL CENTER,214 KING STREET,OGDENSBURG,NY,13669,ST. LAWRENCE,(315) 393-3600,Acute Care Hospitals,Voluntary non-profit - Private,Yes,Y,3,,7,3,0,3,0,,8,4,0,4,0,,11,8,0,8,0,,8,8,,12,9,
330231.0,QUEENS HOSPITAL CENTER,82-68 164TH STREET,JAMAICA,NY,11432,QUEENS,(718) 883-3000,Acute Care Hospitals,Voluntary non-profit - Other,Yes,Y,2,,7,4,0,4,0,,8,6,3,3,0,,11,4,0,3,1,,8,8,,12,9,
330259.0,MERCY MEDICAL CENTER,1000 NORTH VILLAGE AVENUE,ROCKVILLE CENTRE,NY,11571,NASSAU,(516) 705-2525,Acute Care Hospitals,Voluntary non-profit - Church,Yes,Y,3,,7,5,0,4,1,,8,7,3,4,0,,11,9,0,8,1,,8,8,,12,10,
330285.0,STRONG MEMORIAL HOSPITAL,601 ELMWOOD AVE,ROCHESTER,NY,14642,MONROE,(585) 275-2121,Acute Care Hospitals,Voluntary non-profit - Private,Yes,Y,2,,7,7,0,7,0,,8,7,1,4,2,,11,10,1,7,2,,8,8,,12,12,
330395.0,ST JOHN'S EPISCOPAL HOSPITAL AT SOUTH SHORE,327 BEACH 19TH STREET,FAR ROCKAWAY,NY,11691,QUEENS,(718) 869-7000,Acute Care Hospitals,Voluntary non-profit - Private,Yes,Y,1,,7,5,0,4,1,,8,5,0,4,1,,11,5,0,2,3,,8,8,,12,9,
331303.0,GARNET HEALTH MEDICAL CENTER CATSKILLS,8081 STATE ROUTE 97,CALLICOON,NY,12723,SULLIVAN,(845) 887-5530,Critical Access Hospitals,Voluntary non-profit - Private,Yes,,Not Available,16,7,Not Available,Not Available,Not Available,Not Available,5,8,Not Available,Not Available,Not Available,Not Available,5,11,Not Available,Not Available,Not Available,Not Available,5,8,Not Available,5,12,6,
331316.0,"COMMUNITY MEMORIAL HOSPITAL, INC",150 BROAD STREET,HAMILTON,NY,13346,MADISON,(315) 824-1100,Critical Access Hospitals,Voluntary non-profit - Private,Yes,,3,,7,3,0,3,0,,8,1,0,1,0,,11,7,0,7,0,,8,8,,12,5,
334002.0,FOUR WINDS,800 CROSS RIVER RD,KATONAH,NY,10536,WESTCHESTER,(914) 763-8151,Psychiatric,Proprietary,No,,Not Available,19,Not Available,Not Available,Not Available,Not Available,Not Available,19,Not Available,Not Available,Not Available,Not Available,Not Available,19,Not Available,Not Available,Not Available,Not Available,Not Available,19,Not Available,Not Available,19,Not Available,Not Available,19
334026.0,"BRUNSWICK HOSPITAL CENTER, INC.",81 LOUDEN AVE,AMITYVILLE,NY,11701,SUFFOLK,(516) 789-7000,Psychiatric,Proprietary,No,,Not Available,19,Not Available,Not Available,Not Available,Not Available,Not Available,19,Not Available,Not Available,Not Available,Not Available,Not Available,19,Not Available,Not Available,Not Available,Not Available,Not Available,19,Not Available,Not Available,19,Not Available,Not Available,19
334060.0,KIRBY FORENSIC PSYCHIATRIC CENTER,WARD ISLAND,NEW YORK,NY,10035,NEW YORK,(212) 427-9003,Psychiatric,Government - State,No,,Not Available,19,Not Available,Not Available,Not Available,Not Available,Not Available,19,Not Available,Not Available,Not Available,Not Available,Not Available,19,Not Available,Not Available,Not Available,Not Available,Not Available,19,Not Available,Not Available,19,Not Available,Not Available,19
340004.0,HIGH POINT REGIONAL HEALTH SYSTEM,601 N ELM ST,HIGH POINT,NC,27261,GUILFORD,(336) 878-6000,Acute Care Hospitals,Voluntary non-profit - Private,Yes,Y,2,,7,6,0,6,0,,8,8,1,7,0,,11,10,0,10,0,,8,8,,12,10,
340023.0,ADVENTHEALTH HENDERSONVILLE,100 HOSPITAL DRIVE,HENDERSONVILLE,NC,28792,HENDERSON,(828) 684-8501,Acute Care Hospitals,Voluntary non-profit - Private,Yes,Y,4,,7,4,0,4,0,,8,5,0,5,0,,11,9,0,9,0,,8,8,,12,10,
340047.0,NORTH CAROLINA BAPTIST HOSPITAL,MEDICAL CENTER BOULEVARD,WINSTON-SALEM,NC,27157,FORSYTH,(336) 716-2011,Acute Care Hospitals,Voluntary non-profit - Private,Yes,Y,3,,7,7,0,7,0,,8,8,2,5,1,,11,11,0,11,0,,8,8,,12,11,
340070.0,ALAMANCE REGIONAL MEDICAL CENTER,1240 HUFFMAN MILL RD,BURLINGTON,NC,27216,ALAMANCE,(336) 538-7000,Acute Care Hospitals,Voluntary non-profit - Private,Yes,Y,2,,7,6,0,6,0,,8,7,1,6,0,,11,10,0,9,1,,8,8,,12,11,
340098.0,ATRIUM HEALTH PINEVILLE,10628 PARK RD,CHARLOTTE,NC,28210,MECKLENBURG,(704) 379-5000,Acute Care Hospitals,Government - Hospital District or Authority,Yes,Y,3,,7,7,1,6,0,,8,7,2,5,0,,11,9,0,8,1,,8,8,,12,11,
340123.0,RANDOLPH HOSPITAL,364 WHITE OAK STREET,ASHEBORO,NC,27203,RANDOLPH,(336) 625-5151,Acute Care Hospitals,Voluntary non-profit - Private,Yes,Y,3,,7,4,0,4,0,,8,3,0,3,0,,11,6,0,6,0,,8,8,,12,10,
340145.0,ATRIUM HEALTH LINCOLN,433 MCALISTER RD,LINCOLNTON,NC,28092,LINCOLN,(980) 212-2000,Acute Care Hospitals,Government - Hospital District or Authority,Yes,Y,4,,7,5,0,5,0,,8,5,1,4,0,,11,6,0,6,0,,8,8,,12,11,
340171.0,NOVANT HEALTH MATTHEWS MEDICAL CENTER,1500 MATTHEWS TWNSHP PRKWY BOX 3310,MATTHEWS,NC,28106,MECKLENBURG,(704) 384-6500,Acute Care Hospitals,Voluntary non-profit - Other,Yes,Y,4,,7,6,0,6,0,,8,8,1,7,0,,11,8,0,6,2,,8,8,,12,11,
341307.0,PENDER MEMORIAL HOSPITAL,507 E FREMONT ST,BURGAW,NC,28425,PENDER,(910) 300-4004,Critical Access Hospitals,Government - Local,Yes,,Not Available,16,7,Not Available,Not Available,Not Available,Not Available,5,8,Not Available,Not Available,Not Available,Not Available,5,11,1,0,1,0,,8,Not Available,5,12,4,
341323.0,CHARLES A CANNON JR MEMORIAL HOSPITAL,434 HOSPITAL DRIVE,LINVILLE,NC,28646,AVERY,(828) 737-7000,Critical Access Hospitals,Voluntary non-profit - Private,Yes,,Not Available,16,7,1,0,1,0,,8,Not Available,Not Available,Not Available,Not Available,5,11,3,1,2,0,,8,Not Available,5,12,6,
344016.0,BRYNN MARR HOSP,192 VILLAGE DRIVE,JACKSONVILLE,NC,28540,ONSLOW,(919) 577-1400,Psychiatric,Government - Federal,Yes,,Not Available,19,Not Available,Not Available,Not Available,Not Available,Not Available,19,Not Available,Not Available,Not Available,Not Available,Not Available,19,Not Available,Not Available,Not Available,Not Available,Not Available,19,Not Available,Not Available,19,Not Available,Not Available,19
344036.0,IREDELL DAVIS BEHAVIORAL HEALTH HOSPITAL,557 Brookdale Drive,STATESVILLE,NC,28677,IREDELL,(704) 873-0281,Psychiatric,Proprietary,Yes,,Not Available,19,Not Available,Not Available,Not Available,Not Available,Not Available,19,Not Available,Not Available,Not Available,Not Available,Not Available,19,Not Available,Not Available,Not Available,Not Available,Not Available,19,Not Available,Not Available,19,Not Available,Not Available,19
351302.0,MCKENZIE COUNTY HEALTHCARE SYSTEMS INC,709 4TH AVE NE,WATFORD CITY,ND,58854,MCKENZIE,(701) 842-3000,Critical Access Hospitals,Voluntary non-profit - Private,Yes,,Not Available,16,7,Not Available,Not Available,Not Available,Not Available,5,8,1,0,1,0,,11,2,0,2,0,,8,Not Available,5,12,5,
351312.0,NORTHWOOD DEACONESS HEALTH CENTER,PO BOX 190,NORTHWOOD,ND,58267,GRAND FORKS,(701) 587-6060,Critical Access Hospitals,Voluntary non-profit - Church,Yes,,Not Available,16,7,Not Available,Not Available,Not Available,Not Available,5,8,Not Available,Not Available,Not Available,Not Available,5,11,1,0,1,0,,8,Not Available,5,12,5,
351323.0,CAVALIER COUNTY MEMORIAL HOSPITAL ASSOCIATION,909 2ND ST,LANGDON,ND,58249,CAVALIER,(701) 256-6100,Critical Access Hospitals,Voluntary non-profit - Private,Yes,,Not Available,16,7,1,0,1,0,,8,Not Available,Not Available,Not Available,Not Available,5,11,3,0,3,0,,8,Not Available,5,12,5,
351333.0,CHI ST ALEXIUS HEALTH DEVILS LAKE,1031 7TH ST NE,DEVILS LAKE,ND,58301,RAMSEY,(701) 662-2131,Critical Access Hospitals,Voluntary non-profit - Private,Yes,Y,Not Available,16,7,2,0,2,0,,8,Not Available,Not Available,Not Available,Not Available,5,11,4,1,3,0,,8,Not Available,5,12,8,
360006.0,RIVERSIDE METHODIST HOSPITAL,3535 OLENTANGY RIVER RD,COLUMBUS,OH,43214,FRANKLIN,(614) 566-5000,Acute Care Hospitals,Voluntary non-profit - Private,Yes,Y,4,,7,7,0,7,0,,8,8,3,5,0,,11,11,3,8,0,,8,8,,12,12,
360020.0,SUMMA HEALTH SYSTEM,525 EAST MARKET STREET,AKRON,OH,44309,SUMMIT,(330) 375-3000,Acute Care Hospitals,Voluntary non-profit - Private,Yes,Y,2,,7,7,0,7,0,,8,7,1,6,0,,11,10,0,8,2,,8,8,,12,10,
360041.0,PARMA COMMUNITY GENERAL HOSPITAL,7007 POWERS BOULEVARD,PARMA,OH,44129,CUYAHOGA,(440) 743-3000,Acute Care Hospitals,Voluntary non-profit - Private,No,,4,,7,7,0,7,0,,8,7,1,6,0,,11,11,0,11,0,,8,8,,12,10,
360065.0,FISHER-TITUS HOSPITAL,272 BENEDICT AVENUE,NORWALK,OH,44857,HURON,(419) 668-8101,Acute Care Hospitals,Voluntary non-profit - Private,Yes,Y,4,,7,5,0,5,0,,8,5,0,5,0,,11,10,2,8,0,,8,8,,12,11,
360079.0,KETTERING HEALTH MAIN CAMPUS,3535 SOUTHERN BOULEVARD,KETTERING,OH,45429,MONTGOMERY,(937) 298-4331,Acute Care Hospitals,Voluntary non-profit - Church,Yes,Y,3,,7,7,0,7,0,,8,7,4,2,1,,11,8,0,7,1,,8,8,,12,10,
360095.0,BLANCHARD VALLEY HOSPITAL,1900 SOUTH MAIN STREET,FINDLAY,OH,45840,HANCOCK,(419) 423-4500,Acute Care Hospitals,Voluntary non-profit - Other,No,Y,3,,7,7,0,6,1,,8,7,1,6,0,,11,11,2,8,1,,8,8,,12,11,
360131.0,ALLIANCE COMMUNITY HOSPITAL,200 EAST STATE STREET,ALLIANCE,OH,44601,STARK,(330) 596-6000,Acute Care Hospitals,Voluntary non-profit - Private,Yes,,4,,7,3,0,3,0,,8,2,1,1,0,,11,6,1,5,0,,8,8,,12,9,
360150.0,SUMMA WESTERN RESERVE HOSPITAL,1900 23RD STREET,CUYAHOGA FALLS,OH,44223,SUMMIT,(330) 971-7000,Acute Care Hospitals,Voluntary non-profit - Other,Yes,,4,,7,4,0,4,0,,8,4,1,3,0,,11,8,0,7,1,,8,8,,12,9,
360175.0,CLINTON MEMORIAL HOSPITAL,610 WEST MAIN STREET,WILMINGTON,OH,45177,CLINTON,(937) 382-9335,Acute Care Hospitals,Government - Local,No,Y,2,,7,5,0,5,0,,8,2,0,2,0,,11,8,0,8,0,,8,8,,12,10,
360230.0,HILLCREST HOSPITAL,6780 MAYFIELD ROAD,MAYFIELD HEIGHTS,OH,44124,CUYAHOGA,(440) 312-4500,Acute Care Hospitals,Voluntary non-profit - Private,No,Y,5,,7,7,3,4,0,,8,7,3,4,0,,11,11,0,11,0,,8,8,,12,12,
360348.0,DUBLIN METHODIST HOSPITAL,7500 HOSPITAL AVENUE,DUBLIN,OH,43016,FRANKLIN,(614) 544-8273,Acute Care Hospitals,Voluntary non-profit - Private,Yes,Y,3,,7,5,0,5,0,,8,7,1,6,0,,11,6,0,6,0,,8,8,,12,10,
360365.0,AVITA ONTARIO,715 RICHLAND MALL,ONTARIO,OH,44906,RICHLAND,(419) 462-4534,Acute Care Hospitals,Voluntary non-profit - Private,Yes,Y,3,,7,3,0,3,0,,8,2,0,2,0,,11,5,0,5,0,,8,8,,12,10,
361308.0,UNIVERSITY HOSPITALS CONNEAUT MEDICAL CENTER,158 WEST MAIN ROAD,CONNEAUT,OH,44030,ASHTABULA,(440) 593-1131,Critical Access Hospitals,Voluntary non-profit - Other,Yes,,Not Available,16,7,2,0,2,0,,8,Not Available,Not Available,Not Available,Not Available,5,11,5,0,5,0,,8,Not Available,5,12,7,
361319.0,SELBY GENERAL HOSPITAL,1106 COLEGATE DRIVE,MARIETTA,OH,45750,WASHINGTON,(740) 568-2000,Critical Access Hospitals,Voluntary non-profit - Private,Yes,,Not Available,16,7,Not Available,Not Available,Not Available,Not Available,5,8,1,0,1,0,,11,3,0,3,0,,8,8,,12,6,
361329.0,WYANDOT MEMORIAL HOSPITAL,885 NORTH SANDUSKY AVENUE,UPPER SANDUSKY,OH,43351,WYANDOT,(419) 294-4991,Critical Access Hospitals,Government - Hospital District or Authority,Yes,,4,,7,3,0,3,0,,8,1,0,1,0,,11,9,0,9,0,,8,8,,12,3,
363305.0,NATIONWIDE CHILDREN'S HOSPITAL,700 CHILDREN'S DRIVE,COLUMBUS,OH,43205,FRANKLIN,(614) 722-2000,Childrens,Voluntary non-profit - Private,Yes,,Not Available,19,Not Available,Not Available,Not Available,Not Available,Not Available,19,Not Available,Not Available,Not Available,Not Available,Not Available,19,Not Available,Not Available,Not Available,Not Available,Not Available,19,Not Available,Not Available,19,Not Available,Not Available,19
364035.0,SUMMIT BEHAVIORAL HEALTHCARE,1101 SUMMIT ROAD,CINCINNATI,OH,45237,HAMILTON,(513) 948-3940,Psychiatric,Government - State,No,,Not Available,19,Not Available,Not Available,Not Available,Not Available,Not Available,19,Not Available,Not Available,Not Available,Not Available,Not Available,19,Not Available,Not Available,Not Available,Not Available,Not Available,19,Not Available,Not Available,19,Not Available,Not Available,19
364051.0,BECKETT SPRINGS,8614 SHEPHERD FARM DRIVE,WEST CHESTER,OH,45069,BUTLER,(513) 942-9500,Psychiatric,Proprietary,No,,Not Available,19,Not Available,Not Available,Not Available,Not Available,Not Available,19,Not Available,Not Available,Not Available,Not Available,Not Available,19,Not Available,Not Available,Not Available,Not Available,Not Available,19,Not Available,Not Available,19,Not Available,Not Available,19
364061.0,RIVER VISTA HEALTH AND WELLNESS LLC,1599 ALUM CREEK DRIVE,COLUMBUS,OH,43209,FRANKLIN,(614) 643-5454,Psychiatric,Proprietary,No,,Not Available,19,Not Available,Not Available,Not Available,Not Available,Not Available,19,Not Available,Not Available,Not Available,Not Available,Not Available,19,Not Available,Not Available,Not Available,Not Available,Not Available,19,Not Available,Not Available,19,Not Available,Not Available,19
370008.0,NORMAN REGIONAL,3300 HEALTHPLEX PKWY,NORMAN,OK,73072,CLEVELAND,(405) 307-1050,Acute Care Hospitals,Government - Hospital District or Authority,Yes,Y,3,,7,7,0,5,2,,8,8,2,6,0,,11,11,1,10,0,,8,8,,12,12,
370025.0,SAINT FRANCIS HOSPITAL MUSKOGEE,300 ROCKEFELLER DRIVE,MUSKOGEE,OK,74401,MUSKOGEE,(918) 682-5501,Acute Care Hospitals,Voluntary non-profit - Private,Yes,Y,4,,7,6,2,4,0,,8,7,1,6,0,,11,10,0,9,1,,8,8,,12,12,
370057.0,MUSCOGEE (CREEK) NATION MEDICAL CENTER,1401 MORRIS DRIVE,OKMULGEE,OK,74447,OKMULGEE,(918) 756-4233,Acute Care Hospitals,Tribal,Yes,,Not Available,16,7,1,0,1,0,,8,Not Available,Not Available,Not Available,Not Available,5,11,3,0,3,0,,8,Not Available,5,12,8,
370106.0,INTEGRIS SOUTHWEST MEDICAL CENTER,4401 SOUTH WESTERN AVENUE,OKLAHOMA CITY,OK,73109,OKLAHOMA,(405) 636-7000,Acute Care Hospitals,Voluntary non-profit - Private,Yes,Y,3,,7,7,1,6,0,,8,6,3,2,1,,11,10,1,9,0,,8,8,,12,11,
370173.0,CLAREMORE INDIAN HOSPITAL,101 SOUTH MOORE AVE,CLAREMORE,OK,74017,ROGERS,(918) 341-8430,Acute Care Hospitals,Government - Federal,Yes,Y,Not Available,16,7,Not Available,Not Available,Not Available,Not Available,5,8,Not Available,Not Available,Not Available,Not Available,5,11,1,0,1,0,,8,8,,12,5,
370210.0,"OKLAHOMA SURGICAL HOSPITAL, LLC","2408 EAST 81ST STREET, SUITE 300",TULSA,OK,74137,TULSA,(918) 477-5000,Acute Care Hospitals,Physician,Yes,,4,,7,1,0,1,0,,8,5,1,4,0,,11,6,1,4,1,,8,8,,12,9,
370227.0,ST JOHN OWASSO,12451 EAST 100TH STREET NORTH,OWASSO,OK,74055,TULSA,(918) 274-5100,Acute Care Hospitals,Voluntary non-profit - Private,Yes,Y,Not Available,16,7,2,0,2,0,,8,2,0,2,0,,11,5,0,5,0,,8,8,,12,8,
370246.0,CARRUS LAKESIDE HOSPITAL,700 WEST 7TH STREET,BRISTOW,OK,74010,CREEK,(918) 367-2215,Acute Care Hospitals,Proprietary,Yes,,Not Available,5,Not Available,Not Available,Not Available,Not Available,Not Available,5,Not Available,Not Available,Not Available,Not Available,Not Available,5,Not Available,Not Available,Not Available,Not Available,Not Available,5,Not Available,Not Available,5,Not Available,Not Available,5
371304.0,MERCY HOSPITAL TISHOMINGO INC,1000 SOUTH BYRD ST,TISHOMINGO,OK,73460,JOHNSTON,(580) 371-2327,Critical Access Hospitals,Voluntary non-profit - Church,Yes,,Not Available,16,7,Not Available,Not Available,Not Available,Not Available,5,8,Not Available,Not Available,Not Available,Not Available,5,11,Not Available,Not Available,Not Available,Not Available,5,8,Not Available,5,12,4,
371316.0,RURAL WELLNESS STROUD HOSPITAL,2308 HIGHWAY 66 WEST,STROUD,OK,74079,LINCOLN,(918) 968-3571,Critical Access Hospitals,Proprietary,Yes,,Not Available,16,7,Not Available,Not Available,Not Available,Not Available,5,8,Not Available,Not Available,Not Available,Not Available,5,11,Not Available,Not Available,Not Available,Not Available,5,8,Not Available,5,12,2,
371327.0,OKEENE MUNICIPAL HOSPITAL,207 EAST F STREET,OKEENE,OK,73763,BLAINE,(580) 822-4417,Critical Access Hospitals,Government - Local,Yes,,Not Available,16,7,Not Available,Not Available,Not Available,Not Available,5,8,Not Available,Not Available,Not Available,Not Available,5,11,2,0,2,0,,8,Not Available,5,12,3,
371337.0,EASTERN OKLAHOMA MEDICAL CENTER,105 WALL STREET,POTEAU,OK,74953,LE FLORE,(918) 647-8161,Critical Access Hospitals,Government - Local,Yes,,Not Available,16,7,2,0,2,0,,8,Not Available,Not Available,Not Available,Not Available,5,11,3,1,2,0,,8,Not Available,5,12,4,
39009.0,PHILADELPHIA VA MEDICAL CENTER,3900 WOODLAND AVENUE,PHILADELPHIA,PA,19104,PHILADELPHIA,(215) 823-5857,Acute Care - Veterans Administration,Veterans Health Administration,Yes,,5,,7,5,3,2,0,,8,4,1,3,0,,11,6,0,6,0,,8,8,,12,5,
44013.0,MEMPHIS VA MEDICAL CENTER,116 N Pauline St,MEMPHIS,TN,38105,SHELBY,(901) 523-8990,Acute Care - Veterans Administration,Veterans Health Administration,Yes,,3,,7,5,3,2,0,,8,3,0,3,0,,11,5,0,4,1,,8,8,,12,6,
45086.0,TEMPLE VA MEDICAL CENTER (VA CENTRAL TEXAS HEALTHCARE SYSTEM),1901 VETERANS MEMORIAL DRIVE,TEMPLE,TX,76504,BELL,(254) 778-4811,Acute Care - Veterans Administration,Veterans Health Administration,Yes,,4,,7,5,1,4,0,,8,3,0,3,0,,11,6,1,5,0,,8,8,,12,6,
50011.0,SPOKANE VA MEDICAL CENTER,4815 N. ASSEMBLY STREET,SPOKANE,WA,99205,SPOKANE,(509) 434-7000,Acute Care - Veterans Administration,Veterans Health Administration,Yes,,5,,7,3,0,3,0,,8,Not Available,Not Available,Not Available,Not Available,5,11,4,2,2,0,,8,8,,12,4,
53005.0,SHERIDAN VA MEDICAL CENTER,1898 FORT ROAD,SHERIDAN,WY,82801,SHERIDAN,(307) 672-1675,Acute Care - Veterans Administration,Veterans Health Administration,No,,Not Available,16,7,Not Available,Not Available,Not Available,Not Available,5,8,Not Available,Not Available,Not Available,Not Available,5,11,1,0,1,0,,8,Not Available,5,12,2,
374026.0,TULSA CENTER FOR BEHAVIORAL HEALTH,2323 S HARVARD AVE,TULSA,OK,74114,TULSA,(918) 293-2140,Psychiatric,Government - State,No,,Not Available,19,Not Available,Not Available,Not Available,Not Available,Not Available,19,Not Available,Not Available,Not Available,Not Available,Not Available,19,Not Available,Not Available,Not Available,Not Available,Not Available,19,Not Available,Not Available,19,Not Available,Not Available,19
380018.0,ASANTE ROGUE REGIONAL MEDICAL CENTER,2825 E BARNETT ROAD,MEDFORD,OR,97504,JACKSON,(541) 789-7000,Acute Care Hospitals,Voluntary non-profit - Private,Yes,Y,4,,7,7,1,6,0,,8,6,1,5,0,,11,11,2,9,0,,8,8,,12,12,
380050.0,SKY LAKES MEDICAL CENTER,2865 DAGGETT AVENUE,KLAMATH FALLS,OR,97601,KLAMATH,(541) 882-6311,Acute Care Hospitals,Voluntary non-profit - Private,Yes,,3,,7,6,0,5,1,,8,7,2,4,1,,11,10,2,8,0,,8,8,,12,12,
380090.0,BAY AREA HOSPITAL,1775 THOMPSON ROAD,COOS BAY,OR,97420,COOS,(541) 269-8111,Acute Care Hospitals,Government - Hospital District or Authority,Yes,,2,,7,6,0,6,0,,8,6,0,5,1,,11,10,0,10,0,,8,8,,12,10,
381307.0,HARNEY DISTRICT HOSPITAL,557 W WASHINGTON STREET,BURNS,OR,97720,HARNEY,(541) 573-7281,Critical Access Hospitals,Government - Hospital District or Authority,Yes,Y,Not Available,16,7,1,0,1,0,,8,Not Available,Not Available,Not Available,Not Available,5,11,3,0,3,0,,8,Not Available,5,12,7,
381317.0,ADVENTIST HEALTH TILLAMOOK,1000 THIRD STREET,TILLAMOOK,OR,97141,TILLAMOOK,(503) 815-2260,Critical Access Hospitals,Voluntary non-profit - Church,Yes,,4,,7,3,0,3,0,,8,2,0,2,0,,11,6,0,6,0,,8,8,,12,5,
384008.0,OREGON STATE HOSPITAL DISTINCT PART,2600 CENTER STREET NE,SALEM,OR,97310,MARION,(503) 945-2800,Psychiatric,Government - State,No,,Not Available,19,Not Available,Not Available,Not Available,Not Available,Not Available,19,Not Available,Not Available,Not Available,Not Available,Not Available,19,Not Available,Not Available,Not Available,Not Available,Not Available,19,Not Available,Not Available,19,Not Available,Not Available,19
390016.0,UPMC JAMESON,1211 WILMINGTON AVENUE,NEW CASTLE,PA,16105,LAWRENCE,(724) 656-4100,Acute Care Hospitals,Voluntary non-profit - Other,Yes,,3,,7,5,0,5,0,,8,7,1,6,0,,11,10,0,10,0,,8,8,,12,11,
390039.0,UPMC SOMERSET,225 SOUTH CENTER AVENUE,SOMERSET,PA,15501,SOMERSET,(814) 443-5000,Acute Care Hospitals,Voluntary non-profit - Private,Yes,,4,,7,4,0,4,0,,8,4,0,4,0,,11,8,0,8,0,,8,8,,12,9,
390057.0,GRAND VIEW HEALTH,700 LAWN AVENUE,SELLERSVILLE,PA,18960,BUCKS,(215) 453-4000,Acute Care Hospitals,Voluntary non-profit - Other,Yes,Y,5,,7,6,0,6,0,,8,7,0,7,0,,11,8,0,8,0,,8,8,,12,11,
390079.0,ROBERT PACKER HOSPITAL,ONE GUTHRIE SQUARE,SAYRE,PA,18840,BRADFORD,(570) 888-6666,Acute Care Hospitals,Voluntary non-profit - Private,Yes,Y,2,,7,7,0,7,0,,8,7,2,5,0,,11,11,0,10,1,,8,8,,12,11,
390107.0,UPMC PASSAVANT,9100 BABCOCK BOULEVARD,PITTSBURGH,PA,15237,ALLEGHENY,(412) 367-6700,Acute Care Hospitals,Voluntary non-profit - Private,Yes,,4,,7,7,0,6,1,,8,7,3,4,0,,11,11,1,10,0,,8,8,,12,9,
390125.0,WAYNE MEMORIAL HOSPITAL,601 PARK STREET,HONESDALE,PA,18431,WAYNE,(570) 253-8100,Acute Care Hospitals,Voluntary non-profit - Private,Yes,Y,2,,7,5,0,5,0,,8,4,0,4,0,,11,7,1,6,0,,8,8,,12,9,
390150.0,UPMC GREENE,350 BONAR AVENUE,WAYNESBURG,PA,15370,GREENE,(724) 627-2602,Acute Care Hospitals,Voluntary non-profit - Private,Yes,,Not Available,16,7,Not Available,Not Available,Not Available,Not Available,5,8,Not Available,Not Available,Not Available,Not Available,5,11,2,0,2,0,,8,Not Available,5,12,7,
390174.0,THOMAS JEFFERSON UNIVERSITY HOSPITAL,111 SOUTH 11TH STREET,PHILADELPHIA,PA,19107,PHILADELPHIA,(215) 955-6000,Acute Care Hospitals,Voluntary non-profit - Private,Yes,Y,3,,7,7,3,4,0,,8,8,1,7,0,,11,11,1,7,3,,8,8,,12,11,
390201.0,LEHIGH VALLEY HOSPITAL - POCONO,206 EAST BROWN STREET,EAST STROUDSBURG,PA,18301,MONROE,(570) 421-4000,Acute Care Hospitals,Voluntary non-profit - Private,Yes,Y,3,,7,7,0,7,0,,8,7,1,6,0,,11,11,0,10,1,,8,8,,12,12,
390228.0,ST CLAIR HOSPITAL,1000 BOWER HILL ROAD,PITTSBURGH,PA,15243,ALLEGHENY,(412) 942-4000,Acute Care Hospitals,Voluntary non-profit - Private,Yes,Y,4,,7,7,0,7,0,,8,7,3,4,0,,11,11,1,10,0,,8,8,,12,11,
390270.0,GEISINGER WYOMING VALLEY MEDICAL CENTER,1000 EAST MOUNTAIN BOULEVARD,WILKES BARRE,PA,18711,LUZERNE,(570) 826-7300,Acute Care Hospitals,Voluntary non-profit - Private,Yes,Y,4,,7,7,1,6,0,,8,7,2,5,0,,11,11,0,11,0,,8,8,,12,11,
390326.0,ST LUKE'S HOSPITAL - ANDERSON CAMPUS,1872 ST LUKE'S BLVD,EASTON,PA,18045,NORTHAMPTON,(484) 503-3000,Acute Care Hospitals,Voluntary non-profit - Private,No,Y,5,,7,6,1,5,0,,8,7,2,5,0,,11,10,0,9,1,,8,8,,12,11,
390336.0,PENN STATE HEALTH HAMPDEN MEDICAL CENTER,2200 GOOD HOPE ROAD,ENOLA,PA,17025,CUMBERLAND,(717) 981-9000,Acute Care Hospitals,Voluntary non-profit - Private,Yes,Y,Not Available,16,7,2,0,2,0,,8,2,0,2,0,,11,4,0,3,1,,8,8,,12,8,
391305.0,TROY COMMUNITY HOSPITAL,275 GUTHRIE DRIVE,TROY,PA,16947,BRADFORD,(570) 297-2121,Critical Access Hospitals,Voluntary non-profit - Private,Yes,,3,,7,3,0,3,0,,8,1,0,1,0,,11,5,0,5,0,,8,8,,12,8,
391317.0,CONEMAUGH MINERS MEDICAL CENTER,290 HAIDA AVENUE,HASTINGS,PA,16646,CAMBRIA,(814) 247-3100,Critical Access Hospitals,Proprietary,Yes,,Not Available,16,7,Not Available,Not Available,Not Available,Not Available,5,8,Not Available,Not Available,Not Available,Not Available,5,11,2,0,2,0,,8,8,,12,7,
394012.0,CLARKS SUMMIT STATE HOSPITAL,1451 HILLSIDE DRIVE,CLARKS SUMMIT,PA,18411,LACKAWANNA,(570) 586-2011,Psychiatric,Government - State,No,,Not Available,19,Not Available,Not Available,Not Available,Not Available,Not Available,19,Not Available,Not Available,Not Available,Not Available,Not Available,19,Not Available,Not Available,Not Available,Not Available,Not Available,19,Not Available,Not Available,19,Not Available,Not Available,19
394040.0,MEADOWS PSYCHIATRIC CENTER,132 MEADOWS DRIVE,CENTRE HALL,PA,16828,CENTRE,(814) 364-2161,Psychiatric,Proprietary,Yes,,Not Available,19,Not Available,Not Available,Not Available,Not Available,Not Available,19,Not Available,Not Available,Not Available,Not Available,Not Available,19,Not Available,Not Available,Not Available,Not Available,Not Available,19,Not Available,Not Available,19,Not Available,Not Available,19
394058.0,BERWICK HOSPITAL CENTER,701 EAST 16TH STREET,BERWICK,PA,18603,COLUMBIA,(570) 759-5000,Psychiatric,Proprietary,No,,Not Available,19,Not Available,Not Available,Not Available,Not Available,Not Available,19,Not Available,Not Available,Not Available,Not Available,Not Available,19,Not Available,Not Available,Not Available,Not Available,Not Available,19,Not Available,Not Available,19,Not Available,Not Available,19
400012.0,HOSPITAL ONCOLOGICO DR ISAAC GONZALEZ MARTINEZ,BO. MONACILLOS 150 AVE AMERICO MIRANDA,SAN JUAN,PR,936,SAN JUAN,(787) 763-4149,Acute Care Hospitals,Voluntary non-profit - Private,No,,Not Available,16,7,Not Available,Not Available,Not Available,Not Available,5,8,Not Available,Not Available,Not Available,Not Available,5,11,1,0,1,0,,8,Not Available,5,12,Not Available,5
400044.0,HOSPITAL EPISCOPAL SAN LUCAS II,917 AVE TITO CASTRO,PONCE,PR,716,PONCE,(787) 844-2080,Acute Care Hospitals,Voluntary non-profit - Private,Yes,,Not Available,16,7,2,0,2,0,,8,Not Available,Not Available,Not Available,Not Available,5,11,2,0,1,1,,8,Not Available,5,12,4,
400106.0,METROPOLITAN HOSPITAL,CARRETERA 21 1785 URB LAS LOMAS,SAN JUAN,PR,915,SAN JUAN,(787) 782-9999,Acute Care Hospitals,Proprietary,Yes,,Not Available,16,7,Not Available,Not Available,Not Available,Not Available,5,8,Not Available,Not Available,Not Available,Not Available,5,11,1,0,1,0,,8,Not Available,5,12,1,
400120.0,HOSPITAL PAVIA CAGUAS,URB MARIOLGA 100 AVE LUIS MUNOZ MARIN,CAGUAS,PR,725,CAGUAS,(787) 620-9770,Acute Care Hospitals,Proprietary,Yes,,Not Available,16,7,2,0,2,0,,8,2,0,0,2,,11,2,0,2,0,,8,8,,12,Not Available,5
400134.0,THE SAN JORGE HOSPITAL INC,258 SAN JORGE STREET,SAN JUAN,PR,912,SAN JUAN,(904) 425-1023,Acute Care Hospitals,Proprietary,Yes,,Not Available,16,7,Not Available,Not Available,Not Available,Not Available,5,8,Not Available,Not Available,Not Available,Not Available,5,11,Not Available,Not Available,Not Available,Not Available,5,8,Not Available,5,12,Not Available,5
404009.0,CENTRO DE SALUD CONDUCTUAL MENONITA-CIMA,CARR ESTATAL 14 INTERIOR SARGENTO GERARDO SANTIAGO,AIBONITO,PR,705,AIBONITO,(787) 714-2462,Psychiatric,Voluntary non-profit - Private,No,,Not Available,19,Not Available,Not Available,Not Available,Not Available,Not Available,19,Not Available,Not Available,Not Available,Not Available,Not Available,19,Not Available,Not Available,Not Available,Not Available,Not Available,19,Not Available,Not Available,19,Not Available,Not Available,19
410013.0,WESTERLY HOSPITAL,25 WELLS STREET,WESTERLY,RI,2891,WASHINGTON,(401) 596-6000,Acute Care Hospitals,Voluntary non-profit - Private,Yes,,5,,7,4,0,4,0,,8,4,0,4,0,,11,8,0,8,0,,8,8,,12,9,
420015.0,PRISMA HEALTH BAPTIST EASLEY HOSPITAL,200 FLEETWOOD DRIVE,EASLEY,SC,29640,PICKENS,(864) 442-7606,Acute Care Hospitals,Voluntary non-profit - Private,Yes,,2,,7,4,0,4,0,,8,6,1,5,0,,11,6,0,6,0,,8,8,,12,9,
420037.0,PRISMA HEALTH HILLCREST HOSPITAL,741 SOUTH EAST MAIN STREET,SIMPSONVILLE,SC,29681,GREENVILLE,(864) 454-6100,Acute Care Hospitals,Voluntary non-profit - Private,Yes,,4,,7,3,0,3,0,,8,3,0,3,0,,11,6,1,5,0,,8,8,,12,10,
420070.0,PRISMA HEALTH TUOMEY HOSPITAL,129 N WASHINGTON ST,SUMTER,SC,29150,SUMTER,(803) 774-8900,Acute Care Hospitals,Voluntary non-profit - Private,Yes,Y,2,,7,5,0,4,1,,8,6,1,5,0,,11,6,0,5,1,,8,8,,12,11,
420087.0,ROPER HOSPITAL,316 CALHOUN ST,CHARLESTON,SC,29401,CHARLESTON,(843) 724-2800,Acute Care Hospitals,Voluntary non-profit - Private,Yes,,4,,7,7,0,7,0,,8,8,2,6,0,,11,11,1,9,1,,8,8,,12,10,
420107.0,MCLEOD HEALTH CHERAW,711 CHESTERFIELD HIGHWAY,CHERAW,SC,29520,CHESTERFIELD,(843) 537-7881,Acute Care Hospitals,Voluntary non-profit - Private,Yes,,3,,7,3,0,3,0,,8,2,1,1,0,,11,6,0,5,1,,8,8,,12,9,
424006.0,PALMETTO LOWCOUNTRY BEHAVIORAL HEALTH,2777 SPEISSEGGER DRIVE,CHARLESTON,SC,29405,CHARLESTON,(843) 747-5830,Psychiatric,Proprietary,No,,Not Available,19,Not Available,Not Available,Not Available,Not Available,Not Available,19,Not Available,Not Available,Not Available,Not Available,Not Available,19,Not Available,Not Available,Not Available,Not Available,Not Available,19,Not Available,Not Available,19,Not Available,Not Available,19
430015.0,AVERA ST MARY'S HOSPITAL,801 E SIOUX,PIERRE,SD,57501,HUGHES,(605) 224-3100,Acute Care Hospitals,Voluntary non-profit - Private,Yes,Y,3,,7,4,0,4,0,,8,3,0,3,0,,11,9,0,9,0,,8,8,,12,10,
430095.0,AVERA HEART HOSPITAL OF SOUTH DAKOTA,4500 W 69TH ST,SIOUX FALLS,SD,57108,LINCOLN,(605) 977-7000,Acute Care Hospitals,Proprietary,Yes,,5,,7,4,0,4,0,,8,2,1,1,0,,11,5,1,4,0,,8,8,,12,7,
431308.0,EUREKA COMMUNITY HEALTH SERVICES - CAH,200 J AVE POST OFFICE BOX 517,EUREKA,SD,57437,MC PHERSON,(605) 284-2661,Critical Access Hospitals,Voluntary non-profit - Other,Yes,,Not Available,16,7,Not Available,Not Available,Not Available,Not Available,5,8,Not Available,Not Available,Not Available,Not Available,5,11,2,0,2,0,,8,Not Available,5,12,3,
431318.0,BOWDLE HOSPITAL - CAH,8001 W 5TH  POST OFFICE BOX 556,BOWDLE,SD,57428,EDMUNDS,(605) 285-6146,Critical Access Hospitals,Government - Local,Yes,,Not Available,16,7,Not Available,Not Available,Not Available,Not Available,5,8,Not Available,Not Available,Not Available,Not Available,5,11,Not Available,Not Available,Not Available,Not Available,5,8,Not Available,5,12,2,
431328.0,PIONEER MEMORIAL HOSPITAL - CAH,315 N WASHINGTON AVE  POST OFFICE BOX 368,VIBORG,SD,57070,TURNER,(605) 326-5161,Critical Access Hospitals,Voluntary non-profit - Private,Yes,,Not Available,16,7,Not Available,Not Available,Not Available,Not Available,5,8,Not Available,Not Available,Not Available,Not Available,5,11,Not Available,Not Available,Not Available,Not Available,5,8,Not Available,5,12,3,
431338.0,AVERA GREGORY HOSPITAL,110 S LOGAN AVE,GREGORY,SD,57533,GREGORY,(605) 835-8394,Critical Access Hospitals,Voluntary non-profit - Private,Yes,,Not Available,16,7,2,0,2,0,,8,Not Available,Not Available,Not Available,Not Available,5,11,4,0,4,0,,8,Not Available,5,12,5,
440008.0,HENDERSON COUNTY COMMUNITY HOSPITAL,200 W CHURCH ST,LEXINGTON,TN,38351,HENDERSON,(731) 968-1801,Acute Care Hospitals,Proprietary,Yes,,Not Available,16,7,Not Available,Not Available,Not Available,Not Available,5,8,2,0,2,0,,11,2,0,2,0,,8,8,,12,5,
440030.0,MORRISTOWN HAMBLEN HOSPITAL ASSOCIATION,908 W 4TH NORTH ST,MORRISTOWN,TN,37814,HAMBLEN,(423) 492-6900,Acute Care Hospitals,Government - Local,Yes,Y,2,,7,5,0,5,0,,8,6,2,4,0,,11,9,0,9,0,,8,8,,12,9,
440050.0,GREENEVILLE COMMUNITY HOSPITAL,1420 TUSCULUM BOULEVARD,GREENEVILLE,TN,37745,GREENE,(423) 639-3151,Acute Care Hospitals,Voluntary non-profit - Private,Yes,Y,3,,7,6,0,6,0,,8,6,1,5,0,,11,6,0,6,0,,8,8,,12,12,
440068.0,STARR REGIONAL MEDICAL CENTER ATHENS,1114 W MADISON AVE,ATHENS,TN,37371,MC MINN,(423) 745-1411,Acute Care Hospitals,Proprietary,Yes,Y,3,,7,4,0,3,1,,8,4,0,4,0,,11,8,0,8,0,,8,8,,12,11,
440110.0,FORT LOUDOUN MEDICAL CENTER,550 FORT LOUDON MEDICAL CENTER DR,LENOIR CITY,TN,37772,LOUDON,(865) 271-6000,Acute Care Hospitals,Voluntary non-profit - Other,Yes,,5,,7,4,0,4,0,,8,3,0,3,0,,11,6,0,6,0,,8,8,,12,9,
440150.0,TRISTAR SUMMIT MEDICAL CENTER,5655 FRIST BLVD,HERMITAGE,TN,37076,DAVIDSON,(615) 316-3000,Acute Care Hospitals,Proprietary,Yes,Y,2,,7,6,0,6,0,,8,7,3,3,1,,11,8,0,8,0,,8,8,,12,10,
440183.0,ST FRANCIS HOSPITAL,5959 PARK AVE,MEMPHIS,TN,38119,SHELBY,(901) 765-1000,Acute Care Hospitals,Proprietary,Yes,Y,2,,7,7,0,7,0,,8,8,2,6,0,,11,10,0,9,1,,8,8,,12,9,
440218.0,SAINT THOMAS HOSPITAL FOR SPINAL SURGERY,2011 MURPHY AVENUE,NASHVILLE,TN,37203,DAVIDSON,(615) 515-8200,Acute Care Hospitals,Voluntary non-profit - Other,No,,Not Available,16,7,Not Available,Not Available,Not Available,Not Available,5,8,2,0,2,0,,11,3,1,2,0,,8,8,,12,3,
441304.0,JOHNSON COUNTY COMMUNITY HOSPITAL,1901 S SHADY ST,MOUNTAIN CITY,TN,37683,JOHNSON,(423) 727-1110,Critical Access Hospitals,Voluntary non-profit - Private,Yes,,Not Available,16,7,Not Available,Not Available,Not Available,Not Available,5,8,Not Available,Not Available,Not Available,Not Available,5,11,Not Available,Not Available,Not Available,Not Available,5,8,Not Available,5,12,3,
441322.0,HOUSTON COUNTY COMMUNITY HOSPITAL,5001 EAST MAIN STREET,ERIN,TN,37061,HOUSTON,(931) 289-4211,Critical Access Hospitals,Government - Local,Yes,,Not Available,16,7,Not Available,Not Available,Not Available,Not Available,5,8,1,0,0,1,,11,1,0,1,0,,8,Not Available,5,12,4,
444008.0,WESTERN MENTAL HEALTH INSTITUTE,11100 OLD HWY 64 WEST,BOLIVAR,TN,38008,HARDEMAN,(731) 228-2000,Psychiatric,Government - Local,No,,Not Available,19,Not Available,Not Available,Not Available,Not Available,Not Available,19,Not Available,Not Available,Not Available,Not Available,Not Available,19,Not Available,Not Available,Not Available,Not Available,Not Available,19,Not Available,Not Available,19,Not Available,Not Available,19
444029.0,PINEWOOD SPRINGS,1001 N JAMES CAMPBELL BLVD,COLUMBIA,TN,38401,MAURY,(931) 777-6000,Psychiatric,Proprietary,No,,Not Available,19,Not Available,Not Available,Not Available,Not Available,Not Available,19,Not Available,Not Available,Not Available,Not Available,Not Available,19,Not Available,Not Available,Not Available,Not Available,Not Available,19,Not Available,Not Available,19,Not Available,Not Available,19
450018.0,UNIVERSITY OF TEXAS MEDICAL BRANCH GALVESTON,301 UNIVERSITY BOULEVARD,GALVESTON,TX,77555,GALVESTON,(409) 772-1011,Acute Care Hospitals,Government - State,Yes,Y,3,,7,7,2,5,0,,8,7,1,6,0,,11,10,0,7,3,,8,8,,12,12,
450039.0,JPS HEALTH NETWORK,1500 S MAIN ST,FORT WORTH,TX,76104,TARRANT,(817) 921-3431,Acute Care Hospitals,Government - Hospital District or Authority,Yes,Y,4,,7,5,0,5,0,,8,7,1,6,0,,11,8,0,8,0,,8,8,,12,10,
450064.0,TEXAS HEALTH ARLINGTON MEMORIAL HOSPITAL,800 W RANDOL MILL RD,ARLINGTON,TX,76012,TARRANT,(817) 548-6200,Acute Care Hospitals,Voluntary non-profit - Private,No,Y,2,,7,6,0,6,0,,8,6,1,5,0,,11,6,0,6,0,,8,8,,12,10,
450097.0,HCA HOUSTON HEALTHCARE SOUTHEAST,4000 SPENCER HWY,PASADENA,TX,77504,HARRIS,(713) 359-1000,Acute Care Hospitals,Proprietary,Yes,Y,3,,7,6,0,6,0,,8,7,2,5,0,,11,6,0,6,0,,8,8,,12,10,
450133.0,MIDLAND MEMORIAL HOSPITAL,400 ROSALIND REDFERN GROVER PARKWAY,MIDLAND,TX,79701,MIDLAND,(432) 685-1111,Acute Care Hospitals,Government - Hospital District or Authority,Yes,Y,1,,7,7,0,4,3,,8,6,2,4,0,,11,8,1,5,2,,8,8,,12,12,
450162.0,GRACE SURGICAL HOSPITAL,2412 50TH ST,LUBBOCK,TX,79412,LUBBOCK,(806) 788-4000,Acute Care Hospitals,Voluntary non-profit - Private,Yes,,3,,7,Not Available,Not Available,Not Available,Not Available,5,8,3,0,3,0,,11,4,0,4,0,,8,Not Available,5,12,7,
450209.0,NORTHWEST TEXAS HOSPITAL,1501 S  COULTER ST,AMARILLO,TX,79106,POTTER,(806) 354-1110,Acute Care Hospitals,Voluntary non-profit - Private,Yes,Y,3,,7,7,0,7,0,,8,7,2,5,0,,11,8,2,6,0,,8,8,,12,10,
450241.0,FAITH COMMUNITY HOSPITAL,215 CHISHOLM TRAIL,JACKSBORO,TX,76458,JACK,(940) 567-6633,Acute Care Hospitals,Government - Hospital District or Authority,Yes,Y,Not Available,16,7,1,0,1,0,,8,1,0,1,0,,11,2,0,2,0,,8,Not Available,5,12,7,
450351.0,TEXAS HEALTH HARRIS METHODIST HOSPITAL STEPHENVILL,411 N BELKNAP ST,STEPHENVILLE,TX,76401,ERATH,(254) 965-1500,Acute Care Hospitals,Voluntary non-profit - Other,Yes,Y,Not Available,16,7,2,0,2,0,,8,2,0,2,0,,11,5,1,4,0,,8,8,,12,10,
450399.0,BROWNFIELD REGIONAL MEDICAL CENTER,705 EAST FELT STREET,BROWNFIELD,TX,79316,TERRY,(806) 637-8252,Acute Care Hospitals,Government - Hospital District or Authority,Yes,,Not Available,16,7,1,0,1,0,,8,Not Available,Not Available,Not Available,Not Available,5,11,2,0,2,0,,8,Not Available,5,12,8,
450460.0,TYLER COUNTY HOSPITAL,1100 WEST BLUFF,WOODVILLE,TX,75979,TYLER,(409) 283-8141,Acute Care Hospitals,Government - Hospital District or Authority,Yes,,Not Available,16,7,1,0,1,0,,8,Not Available,Not Available,Not Available,Not Available,5,11,2,0,2,0,,8,Not Available,5,12,5,
450537.0,METHODIST RICHARDSON MEDICAL CENTER,2831 E PRESIDENT GEORGE BUSH HIGHWAY,RICHARDSON,TX,75082,COLLIN,(469) 204-1000,Acute Care Hospitals,Government - Hospital District or Authority,Yes,Y,4,,7,7,0,7,0,,8,6,3,3,0,,11,10,0,9,1,,8,8,,12,11,
450604.0,HILL COUNTRY MEMORIAL HOSPITAL,1020 SOUTH STATE HIGHWAY 16,FREDERICKSBURG,TX,78624,GILLESPIE,(830) 997-4353,Acute Care Hospitals,Proprietary,Yes,Y,4,,7,2,0,2,0,,8,4,1,3,0,,11,6,1,5,0,,8,8,,12,12,
450651.0,MEDICAL CITY PLANO,3901 W 15TH ST,PLANO,TX,75075,COLLIN,(972) 596-6800,Acute Care Hospitals,Proprietary,Yes,Y,2,,7,7,1,6,0,,8,8,2,6,0,,11,9,0,7,2,,8,8,,12,10,
450670.0,HCA HOUSTON HEALTHCARE TOMBALL,605 HOLDERRIETH,TOMBALL,TX,77375,HARRIS,(281) 351-7500,Acute Care Hospitals,Proprietary,Yes,Y,2,,7,7,0,6,1,,8,7,3,4,0,,11,8,0,6,2,,8,8,,12,9,
450694.0,EL CAMPO MEMORIAL HOSPITAL,303 SANDY CORNER RD,EL CAMPO,TX,77437,WHARTON,(979) 578-5251,Acute Care Hospitals,Voluntary non-profit - Other,Yes,,Not Available,16,7,2,0,2,0,,8,1,0,1,0,,11,4,1,3,0,,8,8,,12,9,
450743.0,TEXAS HEALTH PRESBYTERIAN HOSPITAL DENTON,3000 N I-35,DENTON,TX,76201,DENTON,(940) 898-7000,Acute Care Hospitals,Voluntary non-profit - Private,Yes,Y,5,,7,7,0,7,0,,8,6,1,5,0,,11,8,1,7,0,,8,8,,12,11,
450808.0,NORTHWEST HILLS SURGICAL HOSPITAL,6818 AUSTIN CTR BLVD SUITE 100,AUSTIN,TX,78731,TRAVIS,(512) 346-1994,Acute Care Hospitals,Voluntary non-profit - Private,Yes,,Not Available,16,7,Not Available,Not Available,Not Available,Not Available,5,8,1,0,1,0,,11,3,0,3,0,,8,8,,12,4,
450840.0,TEXAS HEALTH PRESBYTERIAN HOSPITAL ALLEN,1105 CENTRAL EXPRESSWAY NORTH,ALLEN,TX,75013,COLLIN,(972) 747-1000,Acute Care Hospitals,Government - Federal,Yes,Y,5,,7,5,0,4,1,,8,4,1,3,0,,11,8,1,7,0,,8,8,,12,9,
450864.0,BAYLOR SCOTT & WHITE TEXAS SPINE & JOINT HOSPITAL,1814 ROSELAND BOULEVARD,TYLER,TX,75701,SMITH,(903) 525-3300,Acute Care Hospitals,Physician,Yes,,5,,7,Not Available,Not Available,Not Available,Not Available,5,8,3,0,3,0,,11,3,1,1,1,,8,8,,12,6,
450885.0,BAYLOR SCOTT &  WHITE MEDICAL CENTER - CENTENNIAL,12505 LEBANON ROAD,FRISCO,TX,75035,COLLIN,(972) 963-3333,Acute Care Hospitals,Voluntary non-profit - Other,Yes,Y,5,,7,5,0,5,0,,8,3,0,3,0,,11,7,0,7,0,,8,8,,12,10,
451305.0,BURLESON ST JOSEPH HEALTH CENTER,1101 WOODSON DRIVE,CALDWELL,TX,77836,BURLESON,(979) 567-3245,Critical Access Hospitals,Voluntary non-profit - Private,Yes,,Not Available,16,7,Not Available,Not Available,Not Available,Not Available,5,8,Not Available,Not Available,Not Available,Not Available,5,11,Not Available,Not Available,Not Available,Not Available,5,8,Not Available,5,12,5,
451315.0,NORTH RUNNELS HOSPITAL,7821 EAST HIGHWAY 153,WINTERS,TX,79567,RUNNELS,(375) 754-4553,Critical Access Hospitals,Government - Hospital District or Authority,Yes,,Not Available,16,7,1,0,1,0,,8,Not Available,Not Available,Not Available,Not Available,5,11,2,1,1,0,,8,Not Available,5,12,2,
451328.0,RICELAND MEDICAL CENTER,538 BROADWAY,WINNIE,TX,77665,CHAMBERS,(409) 296-6000,Critical Access Hospitals,Proprietary,Yes,,Not Available,16,7,Not Available,Not Available,Not Available,Not Available,5,8,Not Available,Not Available,Not Available,Not Available,5,11,Not Available,Not Available,Not Available,Not Available,5,8,Not Available,5,12,Not Available,5
451339.0,THROCKMORTON COUNTY MEMORIAL HOSPITAL,802 N MINTER AVENUE,THROCKMORTON,TX,76483,THROCKMORTON,(940) 849-2151,Critical Access Hospitals,Government - Local,Yes,,Not Available,19,Not Available,Not Available,Not Available,Not Available,Not Available,19,Not Available,Not Available,Not Available,Not Available,Not Available,19,Not Available,Not Available,Not Available,Not Available,Not Available,19,Not Available,Not Available,19,Not Available,Not Available,19
451350.0,PLAINS MEMORIAL HOSPITAL,310 WEST HALSELL STREET,DIMMITT,TX,79027,CASTRO,(806) 647-2191,Critical Access Hospitals,Government - Local,No,,Not Available,16,7,1,0,1,0,,8,Not Available,Not Available,Not Available,Not Available,5,11,1,0,1,0,,8,Not Available,5,12,2,
451362.0,CLAY COUNTY MEMORIAL HOSPITAL,310 W SOUTH STREET,HENRIETTA,TX,76365,CLAY,(940) 538-5621,Critical Access Hospitals,Government - Local,Yes,,Not Available,16,7,Not Available,Not Available,Not Available,Not Available,5,8,Not Available,Not Available,Not Available,Not Available,5,11,2,1,1,0,,8,Not Available,5,12,1,
451373.0,WARD MEMORIAL HOSPITAL,406 SOUTH GARY ST,MONAHANS,TX,79756,WARD,(432) 943-2511,Critical Access Hospitals,Government - Local,Yes,,Not Available,16,7,1,0,1,0,,8,Not Available,Not Available,Not Available,Not Available,5,11,2,0,2,0,,8,Not Available,5,12,4,
451384.0,COGDELL MEMORIAL HOSPITAL,1700 COGDELL BLVD,SNYDER,TX,79549,SCURRY,(325) 574-7437,Critical Access Hospitals,Government - Hospital District or Authority,Yes,,Not Available,16,7,1,0,1,0,,8,1,0,1,0,,11,3,0,3,0,,8,Not Available,5,12,7,
451395.0,HILL REGIONAL HOSPITAL,101 CIRCLE DRIVE,HILLSBORO,TX,76645,HILL,(254) 580-8500,Critical Access Hospitals,Voluntary non-profit - Private,Yes,,4,,7,3,0,2,1,,8,1,0,1,0,,11,5,0,5,0,,8,8,,12,2,
453309.0,HEALTHBRIDGE CHILDRENS'S HOSPITAL OF HOUSTON,2929 WOODLAND PARK DRIVE,HOUSTON,TX,77082,HARRIS,(281) 293-7774,Childrens,Voluntary non-profit - Private,No,,Not Available,19,Not Available,Not Available,Not Available,Not Available,Not Available,19,Not Available,Not Available,Not Available,Not Available,Not Available,19,Not Available,Not Available,Not Available,Not Available,Not Available,19,Not Available,Not Available,19,Not Available,Not Available,19
453321.0,DRISCOLL CHILDREN'S HOSPITAL RIO GRANDE VALLEY,2820 W MICHAELANGELO DRIVE,EDINBURG,TX,78539,HIDALGO,(361) 694-5041,Childrens,Voluntary non-profit - Private,Yes,,Not Available,19,Not Available,Not Available,Not Available,Not Available,Not Available,19,Not Available,Not Available,Not Available,Not Available,Not Available,19,Not Available,Not Available,Not Available,Not Available,Not Available,19,Not Available,Not Available,19,Not Available,Not Available,19
454050.0,GLEN OAKS HOSPITAL,301 E DIVISION BOX 1885,GREENVILLE,TX,75401,HUNT,(903) 454-6000,Psychiatric,Proprietary,No,,Not Available,19,Not Available,Not Available,Not Available,Not Available,Not Available,19,Not Available,Not Available,Not Available,Not Available,Not Available,19,Not Available,Not Available,Not Available,Not Available,Not Available,19,Not Available,Not Available,19,Not Available,Not Available,19
454100.0,EL PASO PSYCHIATRIC CENTER,4615 ALAMEDA AVENUE,EL PASO,TX,79905,EL PASO,(915) 532-2202,Psychiatric,Government - State,No,,Not Available,19,Not Available,Not Available,Not Available,Not Available,Not Available,19,Not Available,Not Available,Not Available,Not Available,Not Available,19,Not Available,Not Available,Not Available,Not Available,Not Available,19,Not Available,Not Available,19,Not Available,Not Available,19
454118.0,LONE STAR BEHAVIORAL HEALTH CYPRESS,16303 GRANT ROAD,CYPRESS,TX,77429,HARRIS,(281) 516-6186,Psychiatric,Proprietary,No,,Not Available,19,Not Available,Not Available,Not Available,Not Available,Not Available,19,Not Available,Not Available,Not Available,Not Available,Not Available,19,Not Available,Not Available,Not Available,Not Available,Not Available,19,Not Available,Not Available,19,Not Available,Not Available,19
454131.0,WESTPARK SPRINGS LLC,6902 S PEEK ROAD,RICHMOND,TX,77407,FORT BEND,(832) 535-2770,Psychiatric,Proprietary,Yes,,Not Available,19,Not Available,Not Available,Not Available,Not Available,Not Available,19,Not Available,Not Available,Not Available,Not Available,Not Available,19,Not Available,Not Available,Not Available,Not Available,Not Available,19,Not Available,Not Available,19,Not Available,Not Available,19
454148.0,PERIMETER BEHAVIORAL HOSPITAL OF ARLINGTON,7000 US HIGHWAY 287,ARLINGTON,TX,76001,TARRANT,(817) 662-6341,Psychiatric,Proprietary,No,,Not Available,19,Not Available,Not Available,Not Available,Not Available,Not Available,19,Not Available,Not Available,Not Available,Not Available,Not Available,19,Not Available,Not Available,Not Available,Not Available,Not Available,19,Not Available,Not Available,19,Not Available,Not Available,19
454158.0,VOYAGES BEHAVIORAL HEALTH OF CONROE,1317 S LOOP 336 WEST,CONROE,TX,77304,MONTGOMERY,(936) 242-0409,Psychiatric,Proprietary,No,,Not Available,19,Not Available,Not Available,Not Available,Not Available,Not Available,19,Not Available,Not Available,Not Available,Not Available,Not Available,19,Not Available,Not Available,Not Available,Not Available,Not Available,19,Not Available,Not Available,19,Not Available,Not Available,19
460011.0,CASTLEVIEW HOSPITAL,300 NORTH HOSPITAL DRIVE,PRICE,UT,84501,CARBON,(435) 637-4800,Acute Care Hospitals,Proprietary,Yes,Y,3,,7,2,0,2,0,,8,3,0,3,0,,11,6,2,4,0,,8,8,,12,11,
460039.0,BEAR RIVER VALLEY HOSPITAL,905 NORTH 1000 WEST,TREMONTON,UT,84337,BOX ELDER,(435) 207-4500,Acute Care Hospitals,Voluntary non-profit - Private,Yes,Y,Not Available,16,7,Not Available,Not Available,Not Available,Not Available,5,8,Not Available,Not Available,Not Available,Not Available,5,11,2,0,2,0,,8,Not Available,5,12,9,
460058.0,RIVERTON HOSPITAL,3741 WEST 12600 SOUTH,RIVERTON,UT,84065,SALT LAKE,(801) 285-4000,Acute Care Hospitals,Voluntary non-profit - Private,Yes,Y,4,,7,2,0,2,0,,8,3,0,3,0,,11,5,0,5,0,,8,8,,12,11,
461306.0,GUNNISON VALLEY HOSPITAL,64 EAST 100 NORTH,GUNNISON,UT,84634,SANPETE,(435) 528-2114,Critical Access Hospitals,Voluntary non-profit - Other,Yes,,Not Available,16,7,1,0,1,0,,8,1,0,1,0,,11,5,1,4,0,,8,Not Available,5,12,4,
464013.0,SALT LAKE BEHAVIORAL HEALTH,3802 SOUTH 700 EAST,SALT LAKE CITY,UT,84106,SALT LAKE,(801) 264-6000,Psychiatric,Proprietary,No,,Not Available,19,Not Available,Not Available,Not Available,Not Available,Not Available,19,Not Available,Not Available,Not Available,Not Available,Not Available,19,Not Available,Not Available,Not Available,Not Available,Not Available,19,Not Available,Not Available,19,Not Available,Not Available,19
471302.0,MT ASCUTNEY HOSPITAL,289 COUNTY ROAD,WINDSOR,VT,5089,WINDSOR,(802) 674-6711,Critical Access Hospitals,Voluntary non-profit - Private,Yes,,Not Available,16,7,2,0,2,0,,8,1,0,1,0,,11,3,0,3,0,,8,8,,12,2,
490002.0,RUSSELL COUNTY HOSPITAL,58 CARROLL STREET,LEBANON,VA,24266,RUSSELL,(276) 883-8000,Acute Care Hospitals,Voluntary non-profit - Private,Yes,,3,,7,3,0,3,0,,8,1,0,1,0,,11,4,0,4,0,,8,8,,12,7,
490021.0,CENTRA HEALTH -  LYNCHBURG GEN HOSPITAL,1901 TATE SPRINGS ROAD,LYNCHBURG,VA,24501,LYNCHBURG CITY,(434) 200-4789,Acute Care Hospitals,Voluntary non-profit - Private,Yes,Y,3,,7,7,0,7,0,,8,8,2,5,1,,11,11,1,8,2,,8,8,,12,10,
490042.0,CARILION NEW RIVER VALLEY MEDICAL CENTER,2900 LAMB CIRCLE,CHRISTIANSBURG,VA,24073,MONTGOMERY,(540) 731-2000,Acute Care Hospitals,Voluntary non-profit - Private,Yes,Y,4,,7,6,0,6,0,,8,6,1,5,0,,11,9,0,9,0,,8,8,,12,12,
490059.0,BON SECOURS ST MARYS HOSPITAL,5801 BREMO RD,RICHMOND,VA,23226,RICHMOND CITY,(804) 285-2011,Acute Care Hospitals,Voluntary non-profit - Private,Yes,Y,3,,7,7,1,6,0,,8,8,2,5,1,,11,11,2,9,0,,8,8,,12,11,
490089.0,CARILION FRANKLIN MEMORIAL HOSPITAL,180 FLOYD AVENUE,ROCKY MOUNT,VA,24151,FRANKLIN,(540) 483-5277,Acute Care Hospitals,Voluntary non-profit - Private,Yes,,4,,7,4,0,4,0,,8,2,0,2,0,,11,6,0,6,0,,8,8,,12,9,
490110.0,LEWISGALE HOSPITAL MONTGOMERY,3700 SOUTH MAIN STREET,BLACKSBURG,VA,24060,MONTGOMERY,(540) 951-1111,Acute Care Hospitals,Proprietary,Yes,,3,,7,6,0,6,0,,8,7,0,7,0,,11,8,1,6,1,,8,8,,12,11,
490120.0,CHESAPEAKE GENERAL HOSPITAL,"736 BATTLEFIELD BLVD, NORTH",CHESAPEAKE,VA,23320,CHESAPEAKE CITY,(757) 312-8121,Acute Care Hospitals,Government - Hospital District or Authority,Yes,Y,3,,7,6,2,4,0,,8,8,2,6,0,,11,8,0,6,2,,8,8,,12,10,
490145.0,STONESPRINGS HOSPITAL CENTER,24440 STONE SPRINGS BOULEVARD,DULLES,VA,20166,LOUDOUN,(571) 349-4000,Acute Care Hospitals,Proprietary,Yes,Y,3,,7,3,0,3,0,,8,2,0,2,0,,11,5,1,4,0,,8,8,,12,8,
493301.0,CHILDRENS HOSPITAL OF THE KINGS DAUGHTERS INC,601 CHILDREN'S LANE,NORFOLK,VA,23507,NORFOLK CITY,(757) 668-9647,Childrens,Voluntary non-profit - Private,Yes,,Not Available,19,Not Available,Not Available,Not Available,Not Available,Not Available,19,Not Available,Not Available,Not Available,Not Available,Not Available,19,Not Available,Not Available,Not Available,Not Available,Not Available,19,Not Available,Not Available,19,Not Available,Not Available,19
500002.0,PROVIDENCE ST MARY MEDICAL CENTER,401 W POPLAR ST,WALLA WALLA,WA,99362,WALLA WALLA,(509) 522-5900,Acute Care Hospitals,Voluntary non-profit - Private,Yes,Y,3,,7,6,0,6,0,,8,6,1,5,0,,11,10,0,10,0,,8,8,,12,12,
500021.0,ST CLARE HOSPITAL,11315 BRIDGEPORT WAY S W,LAKEWOOD,WA,98499,PIERCE,(253) 588-1711,Acute Care Hospitals,Voluntary non-profit - Church,Yes,,5,,7,4,0,4,0,,8,6,2,4,0,,11,7,1,6,0,,8,8,,12,9,
500039.0,HARRISON MEDICAL CENTER,1800 NW MYHRE RD,SILVERDALE,WA,98383,KITSAP,(360) 377-3911,Acute Care Hospitals,Voluntary non-profit - Private,Yes,Y,4,,7,7,0,6,1,,8,7,2,5,0,,11,11,1,10,0,,8,8,,12,12,
500064.0,HARBORVIEW MEDICAL CENTER,325 9TH AVENUE,SEATTLE,WA,98104,KING,(206) 744-9535,Acute Care Hospitals,Government - Local,Yes,,1,,7,6,0,5,1,,8,6,0,3,3,,11,6,0,4,2,,8,8,,12,9,
500139.0,CAPITAL MEDICAL CENTER,3900 CAPITAL MALL DR SW,OLYMPIA,WA,98502,THURSTON,(360) 956-2550,Acute Care Hospitals,Voluntary non-profit - Private,Yes,Y,4,,7,5,0,5,0,,8,6,1,5,0,,11,8,0,8,0,,8,8,,12,8,
501305.0,LINCOLN HOSPITAL,10 NICHOLS STREET,DAVENPORT,WA,99122,LINCOLN,(509) 725-7101,Critical Access Hospitals,Government - Hospital District or Authority,Yes,,Not Available,16,7,1,0,1,0,,8,Not Available,Not Available,Not Available,Not Available,5,11,2,0,2,0,,8,Not Available,5,12,1,
501316.0,KLICKITAT VALLEY HOSPITAL,310 SOUTH ROOSEVELT,GOLDENDALE,WA,98620,KLICKITAT,(509) 773-4022,Critical Access Hospitals,Government - Hospital District or Authority,Yes,,Not Available,16,7,Not Available,Not Available,Not Available,Not Available,5,8,Not Available,Not Available,Not Available,Not Available,5,11,1,0,1,0,,8,Not Available,5,12,4,
501326.0,PROVIDENCE MOUNT CARMEL HOSPITAL,982 EAST COLUMBIA,COLVILLE,WA,99114,STEVENS,(509) 684-2561,Critical Access Hospitals,Voluntary non-profit - Church,Yes,Y,3,,7,3,0,3,0,,8,Not Available,Not Available,Not Available,Not Available,5,11,5,1,4,0,,8,Not Available,5,12,9,
501336.0,MASON GENERAL HOSPITAL & FAMILY OF CLINICS,901 MT VIEW DRIVE,SHELTON,WA,98584,MASON,(360) 426-1611,Critical Access Hospitals,Government - Hospital District or Authority,Yes,,1,,7,5,0,5,0,,8,1,0,1,0,,11,4,0,4,0,,8,8,,12,8,
504008.0,LOURDES COUNSELING CENTER,1175 CARONDELET DRIVE,RICHLAND,WA,99352,BENTON,(509) 943-9104,Psychiatric,Voluntary non-profit - Private,No,,Not Available,19,Not Available,Not Available,Not Available,Not Available,Not Available,19,Not Available,Not Available,Not Available,Not Available,Not Available,19,Not Available,Not Available,Not Available,Not Available,Not Available,19,Not Available,Not Available,19,Not Available,Not Available,19
510007.0,ST MARYS MEDICAL CENTER,2900 1ST AVENUE,HUNTINGTON,WV,25702,CABELL,(304) 526-1234,Acute Care Hospitals,Voluntary non-profit - Church,Yes,,2,,7,7,0,6,1,,8,7,2,4,1,,11,11,0,9,2,,8,8,,12,11,
510046.0,PRINCETON COMMUNITY HOSPITAL,122 12TH STREET,PRINCETON,WV,24740,MERCER,(304) 487-7000,Acute Care Hospitals,Government - Local,Yes,Y,1,,7,6,0,5,1,,8,7,0,6,1,,11,9,0,9,0,,8,8,,12,11,
510093.0,MON HEALTH MARION,140 MIDDLETOWN LOOP,WHITEHALL,WV,26554,MARION,(304) 333-1150,Acute Care Hospitals,Voluntary non-profit - Private,Yes,,Not Available,16,7,Not Available,Not Available,Not Available,Not Available,5,8,Not Available,Not Available,Not Available,Not Available,5,11,1,0,1,0,,8,Not Available,5,12,5,
511310.0,SUMMERS COUNTY ARH HOSPITAL,115 SUMMERS HOSPITAL ROAD,HINTON,WV,25951,SUMMERS,(304) 466-1000,Critical Access Hospitals,Voluntary non-profit - Private,Yes,,Not Available,16,7,1,0,1,0,,8,1,0,1,0,,11,1,0,1,0,,8,Not Available,5,12,6,
511320.0,JACKSON GENERAL HOSPITAL,122 PINNELL ST,RIPLEY,WV,25271,JACKSON,(304) 372-2731,Critical Access Hospitals,Voluntary non-profit - Private,Yes,,3,,7,3,0,3,0,,8,2,0,2,0,,11,4,0,4,0,,8,8,,12,6,
520008.0,WAUKESHA MEMORIAL HOSPITAL,725 AMERICAN AVE,WAUKESHA,WI,53188,WAUKESHA,(262) 928-1000,Acute Care Hospitals,Voluntary non-profit - Private,Yes,Y,5,,7,7,0,7,0,,8,7,2,5,0,,11,10,1,9,0,,8,8,,12,12,
520037.0,MARSHFIELD MEDICAL CENTER,611 ST JOSEPH AVE,MARSHFIELD,WI,54449,WOOD,(715) 387-9963,Acute Care Hospitals,Voluntary non-profit - Church,Yes,Y,2,,7,7,0,7,0,,8,7,2,4,1,,11,11,0,11,0,,8,8,,12,10,
520063.0,ST JOSEPHS COMMUNITY HOSPITAL WEST BEND,3200 PLEASANT VALLEY ROAD,WEST BEND,WI,53095,WASHINGTON,(262) 334-5533,Acute Care Hospitals,Voluntary non-profit - Private,Yes,Y,3,,7,4,0,4,0,,8,4,0,4,0,,11,9,0,9,0,,8,8,,12,11,
520089.0,UNITYPOINT HEALTH - MERITER,202 S PARK ST,MADISON,WI,53715,DANE,(608) 417-6210,Acute Care Hospitals,Voluntary non-profit - Private,Yes,Y,4,,7,6,2,4,0,,8,7,1,5,1,,11,9,0,8,1,,8,8,,12,11,
520109.0,MILE BLUFF MEDICAL CENTER,1050 DIVISION ST,MAUSTON,WI,53948,JUNEAU,(608) 847-6161,Acute Care Hospitals,Proprietary,Yes,Y,Not Available,16,7,2,0,2,0,,8,2,0,2,0,,11,7,0,7,0,,8,8,,12,11,
520194.0,ORTHOPAEDIC HOSPITAL OF WISCONSIN,475 W RIVER WOODS PKWY,GLENDALE,WI,53212,MILWAUKEE,(414) 961-6803,Acute Care Hospitals,Physician,No,,Not Available,16,7,Not Available,Not Available,Not Available,Not Available,5,8,2,0,2,0,,11,3,0,3,0,,8,8,,12,3,
520213.0,FROEDTERT COMMUNITY HOSPITAL,4805 S MOORLAND RD,NEW BERLIN,WI,53151,WAUKESHA,(262) 796-0001,Acute Care Hospitals,Voluntary non-profit - Private,Yes,,Not Available,16,7,1,0,1,0,,8,Not Available,Not Available,Not Available,Not Available,5,11,2,0,2,0,,8,8,,12,7,
521309.0,GUNDERSEN MOUNDVIEW HOSPITAL AND CLINICS,402 W LAKE ST,FRIENDSHIP,WI,53934,ADAMS,(608) 339-3331,Critical Access Hospitals,Voluntary non-profit - Private,Yes,,Not Available,16,7,Not Available,Not Available,Not Available,Not Available,5,8,Not Available,Not Available,Not Available,Not Available,5,11,1,0,1,0,,8,Not Available,5,12,3,
521319.0,EDGERTON HOSPITAL AND HEALTH SERVICES,11101 N SHERMAN ROAD,EDGERTON,WI,53534,ROCK,(608) 884-3441,Critical Access Hospitals,Voluntary non-profit - Private,Yes,,Not Available,16,7,Not Available,Not Available,Not Available,Not Available,5,8,Not Available,Not Available,Not Available,Not Available,5,11,Not Available,Not Available,Not Available,Not Available,5,8,Not Available,5,12,2,
521329.0,ST MARYS HOSPITAL SUPERIOR,3500 TOWER AVE,SUPERIOR,WI,54880,DOUGLAS,(715) 817-7000,Critical Access Hospitals,Voluntary non-profit - Private,Yes,,Not Available,16,7,Not Available,Not Available,Not Available,Not Available,5,8,1,0,1,0,,11,1,0,1,0,,8,8,,12,7,
521339.0,ASPIRUS MERRILL HOSPITAL,601 S CENTER AVE,MERRILL,WI,54452,LINCOLN,(715) 536-5511,Critical Access Hospitals,Voluntary non-profit - Church,Yes,,Not Available,16,7,1,0,1,0,,8,Not Available,Not Available,Not Available,Not Available,5,11,3,0,3,0,,8,Not Available,5,12,7,
521349.0,RIVER FALLS AREA HOSPITAL,1629 E DIVISION ST,RIVER FALLS,WI,54022,PIERCE,(715) 307-6000,Critical Access Hospitals,Voluntary non-profit - Private,Yes,,Not Available,16,7,1,0,1,0,,8,Not Available,Not Available,Not Available,Not Available,5,11,3,0,3,0,,8,8,,12,7,
521359.0,TAMARACK HEALTH ASHLAND MEDICAL CENTER,1615 MAPLE LANE,ASHLAND,WI,54806,ASHLAND,(715) 685-5500,Critical Access Hospitals,Voluntary non-profit - Private,Yes,Y,3,,7,4,0,4,0,,8,2,0,2,0,,11,8,0,7,1,,8,8,,12,10,
524025.0,FOND DU LAC COUNTY ACUTE PSYCH UNIT,459 E FIRST ST,FOND DU LAC,WI,54935,FOND DU LAC,(920) 929-3500,Psychiatric,Government - Local,Yes,,Not Available,19,Not Available,Not Available,Not Available,Not Available,Not Available,19,Not Available,Not Available,Not Available,Not Available,Not Available,19,Not Available,Not Available,Not Available,Not Available,Not Available,19,Not Available,Not Available,19,Not Available,Not Available,19
530012.0,BANNER WYOMING MEDICAL CENTER,1233 EAST 2ND ST,CASPER,WY,82601,NATRONA,(307) 577-7201,Acute Care Hospitals,Government - Local,Yes,Y,3,,7,7,0,6,1,,8,7,1,6,0,,11,9,0,9,0,,8,8,,12,9,
531306.0,WASHAKIE MEDICAL CENTER,400 SOUTH 15TH STREET,WORLAND,WY,82401,WASHAKIE,(307) 347-3221,Critical Access Hospitals,Government - Local,Yes,Y,Not Available,16,7,2,0,2,0,,8,Not Available,Not Available,Not Available,Not Available,5,11,5,1,4,0,,8,Not Available,5,12,7,
531316.0,MEMORIAL HOSPITAL OF CARBON COUNTY,2221 WEST ELM STREET,RAWLINS,WY,82301,CARBON,(307) 324-2221,Critical Access Hospitals,Government - Local,Yes,,Not Available,16,7,Not Available,Not Available,Not Available,Not Available,5,8,Not Available,Not Available,Not Available,Not Available,5,11,2,0,2,0,,8,Not Available,5,12,5,
670006.0,THE HOSPITAL AT WESTLAKE MEDICAL CENTER,"5656 BEE CAVES ROAD, SUITE M-302",AUSTIN,TX,78746,TRAVIS,(512) 327-0000,Acute Care Hospitals,Physician,Yes,,Not Available,16,7,Not Available,Not Available,Not Available,Not Available,5,8,2,0,2,0,,11,4,0,4,0,,8,8,,12,3,
670047.0,THE HOSPITALS OF PROVIDENCE - EAST CAMPUS,3280 JOE BATTLE BLVD,EL PASO,TX,79938,EL PASO,(915) 856-7349,Acute Care Hospitals,Proprietary,Yes,Y,2,,7,5,0,5,0,,8,6,2,4,0,,11,6,1,4,1,,8,8,,12,9,
670068.0,TEXAS HEALTH PRESBYTERIAN HOSPITAL FLOWER MOUND,4400 LONG PRAIRIE ROAD,FLOWER MOUND,TX,75028,DENTON,(972) 419-1530,Acute Care Hospitals,Proprietary,Yes,Y,4,,7,4,0,4,0,,8,7,0,7,0,,11,7,0,7,0,,8,8,,12,10,
670085.0,TEXAS HEALTH HARRIS METHODIST HOSPITAL ALLIANCE,10864 TEXAS HEALTH TRAIL,FORT WORTH,TX,76244,TARRANT,(682) 212-2004,Acute Care Hospitals,Voluntary non-profit - Private,Yes,Y,4,,7,5,0,4,1,,8,7,1,6,0,,11,7,1,6,0,,8,8,,12,10,
670109.0,ALTUS BAYTOWN HOSPITAL,1626 W BAKER ROAD,BAYTOWN,TX,77521,HARRIS,(281) 837-7600,Acute Care Hospitals,Proprietary,Yes,,Not Available,16,7,Not Available,Not Available,Not Available,Not Available,5,8,1,0,1,0,,11,Not Available,Not Available,Not Available,Not Available,5,8,Not Available,5,12,Not Available,5
670132.0,METHODIST SOUTHLAKE MEDICAL CENTER,421 E STATE HIGHWAY 114,SOUTHLAKE,TX,76092,TARRANT,(878) 654-4400,Acute Care Hospitals,Proprietary,Yes,,4,,7,Not Available,Not Available,Not Available,Not Available,5,8,3,0,3,0,,11,3,0,3,0,,8,Not Available,5,12,6,
670309.0,TEXAS HEALTH HOSPITAL MANSFIELD,2300 LONE STAR ROAD,MANSFIELD,TX,76063,TARRANT,(682) 341-5000,Acute Care Hospitals,Proprietary,Yes,Y,Not Available,16,7,2,0,2,0,,8,2,0,2,0,,11,5,0,5,0,,8,8,,12,9,
670779.0,CROSBYTON CLINIC HOSPITAL,710 WEST MAIN STREET,CROSBYTON,TX,79322,CROSBY,(806) 675-2382,Rural Emergency Hospital,Voluntary non-profit - Private,Yes,,Not Available,19,Not Available,Not Available,Not Available,Not Available,Not Available,19,Not Available,Not Available,Not Available,Not Available,Not Available,19,Not Available,Not Available,Not Available,Not Available,Not Available,19,Not Available,Not Available,19,Not Available,Not Available,19
