facility_id,facility_name,address,city,state,zip_code,county,telephone_number,hospital_type,hospital_ownership,emergency_services,meets_criteria_for_birthing_friendly_designation,hospital_overall_rating,hospital_overall_rating_footnote,mort_group_measure_count,count_of_facility_mort_measures,count_of_mort_measures_better,count_of_mort_measures_no_different,count_of_mort_measures_worse,mort_group_footnote,safety_group_measure_count,count_of_facility_safety_measures,count_of_safety_measures_better,count_of_safety_measures_no_different,count_of_safety_measures_worse,safety_group_footnote,readm_group_measure_count,count_of_facility_readm_measures,count_of_readm_measures_better,count_of_readm_measures_no_different,count_of_readm_measures_worse,readm_group_footnote,pt_exp_group_measure_count,count_of_facility_pt_exp_measures,pt_exp_group_footnote,te_group_measure_count,count_of_facility_te_measures,te_group_footnote
4010.0,VA CENTRAL AR. VETERANS HEALTHCARE SYSTEM LR,4300 WEST SEVENTH STREET,LITTLE ROCK,AR,72205,PULASKI,(501) 257-1000,Acute Care - Veterans Administration,Veterans Health Administration,Yes,,3,,7,5,1,4,0,,8,3,0,3,0,,11,5,0,3,2,,8,8,,12,6,
5114.0,VA SAN DIEGO HEALTHCARE SYSTEM,3350 LA JOLLA VILLAGE DRIVE,SAN DIEGO,CA,92161,SAN DIEGO,(858) 552-8585,Acute Care - Veterans Administration,Veterans Health Administration,Yes,,5,,7,5,2,3,0,,8,4,0,4,0,,11,6,0,5,1,,8,8,,12,6,
10001.0,SOUTHEAST HEALTH MEDICAL CENTER,1108 ROSS CLARK CIRCLE,DOTHAN,AL,36301,HOUSTON,(334) 793-8701,Acute Care Hospitals,Government - Hospital District or Authority,Yes,Y,4,,7,7,0,7,0,,8,7,3,4,0,,11,11,0,11,0,,8,8,,12,11,
10016.0,SHELBY BAPTIST MEDICAL CENTER,1000 FIRST STREET NORTH,ALABASTER,AL,35007,SHELBY,(205) 620-8100,Acute Care Hospitals,Voluntary non-profit - Private,Yes,,2,,7,7,0,7,0,,8,7,1,5,1,,11,9,0,8,1,,8,8,,12,8,
10034.0,COMMUNITY HOSPITAL INC,805 FRIENDSHIP ROAD,TALLASSEE,AL,36078,ELMORE,(334) 283-6541,Acute Care Hospitals,Voluntary non-profit - Private,Yes,,Not Available,16,7,Not Available,Not Available,Not Available,Not Available,5,8,Not Available,Not Available,Not Available,Not Available,5,11,2,0,2,0,,8,Not Available,5,12,6,
10052.0,LAKE MARTIN COMMUNITY HOSPITAL,201 MARIARDEN ROAD,DADEVILLE,AL,36853,TALLAPOOSA,(256) 825-7821,Acute Care Hospitals,Proprietary,Yes,,Not Available,16,7,1,0,1,0,,8,Not Available,Not Available,Not Available,Not Available,5,11,2,0,2,0,,8,8,,12,6,
10065.0,RUSSELL MEDICAL CENTER,3316 HIGHWAY 280,ALEXANDER CITY,AL,35010,TALLAPOOSA,(256) 329-7100,Acute Care Hospitals,Voluntary non-profit - Private,Yes,Y,3,,7,4,0,4,0,,8,4,0,4,0,,11,9,1,8,0,,8,8,,12,10,
10090.0,"USA HEALTH HCA PROVIDENCE HOSPITAL, LLC",6801 AIRPORT BOULEVARD,MOBILE,AL,36608,MOBILE,(251) 633-1000,Acute Care Hospitals,Voluntary non-profit - Church,Yes,Y,3,,7,7,0,7,0,,8,7,2,5,0,,11,9,0,8,1,,8,8,,12,9,
10103.0,PRINCETON BAPTIST MEDICAL CENTER,701 PRINCETON AVENUE SOUTHWEST,BIRMINGHAM,AL,35211,JEFFERSON,(205) 783-3800,Acute Care Hospitals,Voluntary non-profit - Church,Yes,,3,,7,7,1,5,1,,8,7,2,5,0,,11,9,0,9,0,,8,8,,12,10,
10126.0,TROY REGIONAL MEDICAL CENTER,1330 HIGHWAY 231 SOUTH,TROY,AL,36081,PIKE,(334) 670-5000,Acute Care Hospitals,Government - Federal,Yes,,Not Available,16,7,2,0,2,0,,8,2,0,2,0,,11,4,0,4,0,,8,8,,12,8,
10150.0,THE HEALTH CARE AUTHORITY OF THE CITY OF GREENVILLE- LV STABLER HOSPITAL,29 L V STABLER DRIVE,GREENVILLE,AL,36037,BUTLER,(334) 382-2200,Acute Care Hospitals,Proprietary,Yes,,Not Available,16,7,1,0,1,0,,8,2,0,2,0,,11,3,0,3,0,,8,Not Available,5,12,8,
11030.0,AUGUSTA VA MEDICAL CENTER,1 FREEDOM WAY,AUGUSTA,GA,30904,RICHMOND,(706) 823-2201,Acute Care - Veterans Administration,Veterans Health Administration,Yes,,3,,7,5,2,3,0,,8,4,0,4,0,,11,6,0,5,1,,8,8,,12,5,
11307.0,MEDICAL CENTER BARBOUR,820 W WASHINGTON ST,EUFAULA,AL,36027,BARBOUR,(334) 688-7271,Critical Access Hospitals,Government - Hospital District or Authority,Yes,,Not Available,5,Not Available,Not Available,Not Available,Not Available,Not Available,5,Not Available,Not Available,Not Available,Not Available,Not Available,5,Not Available,Not Available,Not Available,Not Available,Not Available,5,Not Available,Not Available,5,Not Available,Not Available,5
14006.0,MOUNTAIN VIEW HOSPITAL,3201 SCENIC HIGHWAY,GADSDEN,AL,35902,ETOWAH,(256) 546-9265,Psychiatric,Proprietary,No,,Not Available,19,Not Available,Not Available,Not Available,Not Available,Not Available,19,Not Available,Not Available,Not Available,Not Available,Not Available,19,Not Available,Not Available,Not Available,Not Available,Not Available,19,Not Available,Not Available,19,Not Available,Not Available,19
14034.0,NORTH CHICAGO VA MEDICAL CENTER,3001 GREENBAY ROAD,NORTH CHICAGO,IL,60064,LAKE,(847) 688-1900,Acute Care - Veterans Administration,Veterans Health Administration,Yes,,4,,7,3,2,1,0,,8,1,0,1,0,,11,4,0,4,0,,8,8,,12,5,
18007.0,LEXINGTON VA MEDICAL CENTER,1101 VETERANS DRIVE,LEXINGTON,KY,40502,FAYETTE,(859) 233-4511,Acute Care - Veterans Administration,Veterans Health Administration,Yes,,4,,7,4,1,3,0,,8,3,0,3,0,,11,6,1,4,1,,8,8,,12,5,
20017.0,ALASKA REGIONAL HOSPITAL,2801 DEBARR ROAD,ANCHORAGE,AK,99508,ANCHORAGE,(907) 276-1131,Acute Care Hospitals,Proprietary,Yes,Y,2,,7,7,0,7,0,,8,7,2,5,0,,11,9,0,6,3,,8,8,,12,9,
21305.0,SEARHC WRANGELL MEDICAL CENTER-CAH,232 WOOD STREET,WRANGELL,AK,99929,WRANGELL CITY AND BOROUGH,(907) 874-7000,Critical Access Hospitals,Tribal,Yes,,Not Available,16,7,Not Available,Not Available,Not Available,Not Available,5,8,Not Available,Not Available,Not Available,Not Available,5,11,1,0,1,0,,8,Not Available,5,12,3,
22001.0,BEDFORD VA MEDICAL CENTER,200 SPRINGS ROAD,BEDFORD,MA,1730,MIDDLESEX,(781) 275-7500,Acute Care - Veterans Administration,Veterans Health Administration,No,,Not Available,16,7,Not Available,Not Available,Not Available,Not Available,5,8,Not Available,Not Available,Not Available,Not Available,5,11,Not Available,Not Available,Not Available,Not Available,5,8,Not Available,5,12,2,
24003.0,MINNEAPOLIS VA MEDICAL CENTER,ONE VETERANS DRIVE,MINNEAPOLIS,MN,55417,HENNEPIN,(612) 725-2000,Acute Care - Veterans Administration,Veterans Health Administration,Yes,,5,,7,5,2,3,0,,8,4,1,3,0,,11,6,1,4,1,,8,8,,12,6,
28006.0,OMAHA VA MEDICAL CENTER (VA NEBRASKA WESTERN IOWA HEALTHCARE SYSTEM),4101 WOOLWORTH AVENUE,OMAHA,NE,68105,DOUGLAS,(402) 346-8800,Acute Care - Veterans Administration,Veterans Health Administration,Yes,,5,,7,5,1,4,0,,8,4,0,3,1,,11,6,2,4,0,,8,8,,12,5,
30013.0,YUMA REGIONAL MEDICAL CENTER,2400 SOUTH AVENUE A,YUMA,AZ,85364,YUMA,(928) 336-7600,Acute Care Hospitals,Voluntary non-profit - Private,Yes,Y,2,,7,7,0,7,0,,8,8,1,7,0,,11,11,0,10,1,,8,8,,12,12,
30043.0,CANYON VISTA MEDICAL CENTER,5700 EAST HIGHWAY 90,SIERRA VISTA,AZ,85635,COCHISE,(520) 263-2220,Acute Care Hospitals,Voluntary non-profit - Other,Yes,Y,2,,7,5,0,5,0,,8,5,1,4,0,,11,8,0,7,1,,8,8,,12,11,
30078.0,PHOENIX INDIAN MEDICAL CENTER,4212 NORTH 16TH STREET,PHOENIX,AZ,85016,MARICOPA,(602) 263-1200,Acute Care Hospitals,Government - Federal,No,,Not Available,16,7,Not Available,Not Available,Not Available,Not Available,5,8,2,0,2,0,,11,1,0,1,0,,8,8,,12,3,
30101.0,WESTERN ARIZONA REGIONAL MEDICAL CENTER,2735 SILVER CREEK ROAD,BULLHEAD CITY,AZ,86442,MOHAVE,(928) 763-2273,Acute Care Hospitals,Proprietary,Yes,,2,,7,6,0,6,0,,8,4,0,4,0,,11,7,1,6,0,,8,8,,12,10,
30115.0,BANNER ESTRELLA MEDICAL CENTER,9201 WEST THOMAS ROAD,PHOENIX,AZ,85037,MARICOPA,(623) 327-4000,Acute Care Hospitals,Voluntary non-profit - Private,Yes,Y,3,,7,7,0,7,0,,8,7,1,6,0,,11,8,1,6,1,,8,8,,12,10,
30139.0,DIGNITY HEALTH ARIZONA GENERAL HOSPITAL,9130 EAST ELLIOT ROAD,MESA,AZ,85212,MARICOPA,(480) 410-4500,Acute Care Hospitals,Voluntary non-profit - Private,Yes,,3,,7,3,0,3,0,,8,2,0,2,0,,11,5,0,5,0,,8,8,,12,8,
31301.0,BENSON HOSPITAL,450 SOUTH OCOTILLO AVENUE,BENSON,AZ,85602,COCHISE,(520) 586-2261,Critical Access Hospitals,Voluntary non-profit - Private,Yes,,Not Available,16,7,Not Available,Not Available,Not Available,Not Available,5,8,Not Available,Not Available,Not Available,Not Available,5,11,1,0,1,0,,8,Not Available,5,12,4,
31314.0,COBRE VALLEY REGIONAL MEDICAL CENTER,5880 SOUTH HOSPITAL DRIVE,GLOBE,AZ,85501,GILA,(928) 402-1122,Critical Access Hospitals,Voluntary non-profit - Private,Yes,,3,,7,4,0,4,0,,8,Not Available,Not Available,Not Available,Not Available,5,11,9,0,9,0,,8,8,,12,7,
33015.0,VA HUDSON VALLEY HEALTHCARE SYSTEM,2094 ALBANY POST ROAD,MONTROSE,NY,10548,WESTCHESTER,(914) 737-4400,Acute Care - Veterans Administration,Veterans Health Administration,No,,5,,7,3,0,3,0,,8,Not Available,Not Available,Not Available,Not Available,5,11,4,0,4,0,,8,Not Available,5,12,3,
34012.0,DURHAM VA MEDICAL CENTER,508 FULTON STREET,DURHAM,NC,27705,DURHAM,(919) 286-0411,Acute Care - Veterans Administration,Veterans Health Administration,Yes,,4,,7,5,1,4,0,,8,4,0,4,0,,11,6,1,4,1,,8,8,,12,6,
34025.0,THE HEALING PLACE,181 WHIPPLE ST,PRESCOTT,AZ,86301,YAVAPAI,(928) 445-5211,Psychiatric,Proprietary,No,,Not Available,19,Not Available,Not Available,Not Available,Not Available,Not Available,19,Not Available,Not Available,Not Available,Not Available,Not Available,19,Not Available,Not Available,Not Available,Not Available,Not Available,19,Not Available,Not Available,19,Not Available,Not Available,19
34035.0,AVENIR BEHAVIORAL HEALTH CENTER,16561 NORTH PARKVIEW PLACE,SURPRISE,AZ,85374,MARICOPA,(480) 229-9894,Psychiatric,Proprietary,No,,Not Available,19,Not Available,Not Available,Not Available,Not Available,Not Available,19,Not Available,Not Available,Not Available,Not Available,Not Available,19,Not Available,Not Available,Not Available,Not Available,Not Available,19,Not Available,Not Available,19,Not Available,Not Available,19
36008.0,CHILLICOTHE VA MEDICAL CENTER,17273 STATE ROUTE 104,CHILLICOTHE,OH,45601,ROSS,(740) 773-1141,Acute Care - Veterans Administration,Veterans Health Administration,No,,Not Available,16,7,1,0,1,0,,8,Not Available,Not Available,Not Available,Not Available,5,11,1,0,1,0,,8,Not Available,5,12,3,
40016.0,UAMS MEDICAL CENTER,4301 WEST MARKHAM STREET MAIL SLOT 612,LITTLE ROCK,AR,72205,PULASKI,(501) 686-5000,Acute Care Hospitals,Government - State,Yes,Y,2,,7,6,0,6,0,,8,8,1,7,0,,11,10,1,7,2,,8,8,,12,12,
40039.0,ARKANSAS METHODIST MEDICAL CENTER,900 WEST KINGSHIGHWAY,PARAGOULD,AR,72450,GREENE,(870) 239-7000,Acute Care Hospitals,Voluntary non-profit - Private,Yes,Y,2,,7,5,0,5,0,,8,3,0,3,0,,11,8,0,7,1,,8,8,,12,10,
40076.0,BAPTIST HEALTH MEDICAL CENTER-HOT SPRINGS COUNTY,1001 SCHNEIDER DRIVE,MALVERN,AR,72104,HOT SPRING,(501) 332-1000,Acute Care Hospitals,Voluntary non-profit - Private,Yes,,Not Available,16,7,1,0,1,0,,8,1,0,1,0,,11,2,0,2,0,,8,Not Available,5,12,8,
40147.0,ARKANSAS SURGICAL HOSPITAL,5201 NORTH SHORE DRIVE,NO LITTLE ROCK,AR,72118,PULASKI,(501) 748-8000,Acute Care Hospitals,Physician,Yes,,Not Available,16,7,Not Available,Not Available,Not Available,Not Available,5,8,2,0,2,0,,11,3,1,1,1,,8,8,,12,4,
40783.0,"DEWITT HOSPITAL & NURSING HOME, INC",1641 WHITEHEAD DRIVE,DE WITT,AR,72042,ARKANSAS,(870) 946-3571,Rural Emergency Hospital,Voluntary non-profit - Private,Yes,,Not Available,19,Not Available,Not Available,Not Available,Not Available,Not Available,19,Not Available,Not Available,Not Available,Not Available,Not Available,19,Not Available,Not Available,Not Available,Not Available,Not Available,19,Not Available,Not Available,19,Not Available,Not Available,19
41311.0,HOWARD MEMORIAL HOSPITAL,130 MEDICAL CIRCLE,NASHVILLE,AR,71852,HOWARD,(870) 845-4400,Critical Access Hospitals,Voluntary non-profit - Private,Yes,,Not Available,16,7,2,0,2,0,,8,Not Available,Not Available,Not Available,Not Available,5,11,4,0,4,0,,8,8,,12,5,
41326.0,DELTA MEMORIAL HOSPITAL,811 HIGHWAY 65 SOUTH,DUMAS,AR,71639,DESHA,(870) 382-4303,Critical Access Hospitals,Voluntary non-profit - Private,Yes,Y,Not Available,16,7,1,0,1,0,,8,Not Available,Not Available,Not Available,Not Available,5,11,2,0,2,0,,8,Not Available,5,12,3,
43301.0,"ARKANSAS CHILDREN'S NORTHWEST, INC",2601 GENE GEORGE BOULEVARD,SPRINGDALE,AR,72762,WASHINGTON,(479) 725-6800,Childrens,Voluntary non-profit - Private,Yes,,Not Available,19,Not Available,Not Available,Not Available,Not Available,Not Available,19,Not Available,Not Available,Not Available,Not Available,Not Available,19,Not Available,Not Available,Not Available,Not Available,Not Available,19,Not Available,Not Available,19,Not Available,Not Available,19
44022.0,CONWAY BEHAVIORAL HEALTH,2255 STURGIS ROAD,CONWAY,AR,72034,FAULKNER,(501) 205-0011,Psychiatric,Proprietary,No,,Not Available,19,Not Available,Not Available,Not Available,Not Available,Not Available,19,Not Available,Not Available,Not Available,Not Available,Not Available,19,Not Available,Not Available,Not Available,Not Available,Not Available,19,Not Available,Not Available,19,Not Available,Not Available,19
50024.0,PARADISE VALLEY HOSPITAL,2400 EAST 4TH ST,NATIONAL CITY,CA,91950,SAN DIEGO,(619) 470-4321,Acute Care Hospitals,Proprietary,Yes,,3,,7,5,0,5,0,,8,4,1,3,0,,11,4,0,4,0,,8,8,,12,8,
50043.0,ALTA BATES SUMMIT MEDICAL CENTER,350 HAWTHORNE AVENUE,OAKLAND,CA,94609,ALAMEDA,(510) 655-4000,Acute Care Hospitals,Voluntary non-profit - Private,Yes,,5,,7,7,1,6,0,,8,7,4,3,0,,11,11,2,9,0,,8,8,,12,10,
50067.0,OAK VALLEY HOSPITAL DISTRICT,350 S OAK AVE,OAKDALE,CA,95361,STANISLAUS,(209) 847-3011,Acute Care Hospitals,Government - Hospital District or Authority,Yes,,Not Available,16,7,2,0,2,0,,8,1,0,1,0,,11,4,0,4,0,,8,Not Available,5,12,7,
50082.0,ST JOHNS REGIONAL MEDICAL CENTER,1600 N ROSE AVE,OXNARD,CA,93030,VENTURA,(805) 988-2500,Acute Care Hospitals,Voluntary non-profit - Private,Yes,Y,3,,7,7,1,6,0,,8,7,1,6,0,,11,11,0,10,1,,8,8,,12,11,
50103.0,ADVENTIST HEALTH WHITE MEMORIAL,1720 CESAR E CHAVEZ AVENUE,LOS ANGELES,CA,90033,LOS ANGELES,(323) 268-5000,Acute Care Hospitals,Voluntary non-profit - Church,No,Y,3,,7,5,0,5,0,,8,7,2,5,0,,11,7,0,7,0,,8,8,,12,9,
50121.0,ADVENTIST HEALTH HANFORD,115 MALL DRIVE,HANFORD,CA,93230,KINGS,(559) 582-9000,Acute Care Hospitals,Voluntary non-profit - Church,Yes,Y,2,,7,6,0,6,0,,8,7,1,6,0,,11,7,0,7,0,,8,8,,12,10,
50133.0,ADVENTIST HEALTH AND RIDEOUT,726 4TH ST,MARYSVILLE,CA,95901,YUBA,(530) 749-4300,Acute Care Hospitals,Government - Federal,Yes,Y,2,,7,7,1,5,1,,8,7,2,5,0,,11,11,0,8,3,,8,8,,12,11,
50152.0,SAINT FRANCIS MEMORIAL HOSPITAL,900 HYDE ST,SAN FRANCISCO,CA,94109,SAN FRANCISCO,(415) 353-6000,Acute Care Hospitals,Voluntary non-profit - Private,Yes,,2,,7,4,0,4,0,,8,6,1,5,0,,11,7,0,6,1,,8,8,,12,9,
50192.0,ADVENTIST HEALTH REEDLEY,372 W CYPRESS AVE,REEDLEY,CA,93654,FRESNO,(559) 638-8155,Acute Care Hospitals,Voluntary non-profit - Private,No,Y,Not Available,16,7,Not Available,Not Available,Not Available,Not Available,5,8,1,0,1,0,,11,1,0,1,0,,8,8,,12,8,
50230.0,GARDEN GROVE HOSPITAL & MEDICAL CENTER,12601 GARDEN GROVE BLVD,GARDEN GROVE,CA,92843,ORANGE,(714) 537-5160,Acute Care Hospitals,Proprietary,Yes,,3,,7,4,0,4,0,,8,4,1,3,0,,11,5,0,4,1,,8,8,,12,8,
50245.0,ARROWHEAD REGIONAL MEDICAL CENTER,400 NORTH PEPPER AVENUE,COLTON,CA,92324,SAN BERNARDINO,(909) 580-1000,Acute Care Hospitals,Government - Local,Yes,Y,2,,7,3,0,3,0,,8,7,1,6,0,,11,6,0,6,0,,8,8,,12,10,
50280.0,MERCY MEDICAL CENTER REDDING,"2175 ROSALINE AVE, CLAIRMONT HGTS",REDDING,CA,96001,SHASTA,(530) 225-6102,Acute Care Hospitals,Voluntary non-profit - Private,Yes,Y,2,,7,7,0,6,1,,8,7,2,4,1,,11,11,2,7,2,,8,8,,12,11,
50301.0,ADVENTIST HEALTH UKIAH VALLEY,275 HOSPITAL DRIVE,UKIAH,CA,95482,MENDOCINO,(707) 462-3111,Acute Care Hospitals,Voluntary non-profit - Private,Yes,Y,4,,7,5,0,5,0,,8,5,0,5,0,,11,9,1,7,1,,8,8,,12,11,
50334.0,SALINAS VALLEY MEMORIAL HOSPITAL,450 EAST ROMIE LANE,SALINAS,CA,93901,MONTEREY,(831) 757-4333,Acute Care Hospitals,Voluntary non-profit - Other,Yes,Y,4,,7,7,1,6,0,,8,6,1,5,0,,11,10,1,9,0,,8,8,,12,10,
50360.0,MARINHEALTH MEDICAL CENTER,250 BON AIR ROAD,GREENBRAE,CA,94904,MARIN,(415) 925-7900,Acute Care Hospitals,Government - Hospital District or Authority,Yes,Y,4,,7,7,2,5,0,,8,7,1,6,0,,11,11,2,9,0,,8,8,,12,12,
50396.0,SANTA BARBARA COTTAGE HOSPITAL,400 WEST PUEBLO,SANTA BARBARA,CA,93105,SANTA BARBARA,(805) 682-7111,Acute Care Hospitals,Voluntary non-profit - Private,Yes,Y,5,,7,7,1,6,0,,8,8,2,6,0,,11,11,2,9,0,,8,8,,12,12,
50444.0,MERCY MEDICAL CENTER,333 MERCY AVENUE,MERCED,CA,95340,MERCED,(209) 564-5000,Acute Care Hospitals,Voluntary non-profit - Private,Yes,Y,2,,7,6,0,5,1,,8,6,2,4,0,,11,9,0,8,1,,8,8,,12,9,
50492.0,CLOVIS COMMUNITY MEDICAL CENTER,2755 HERNDON AVE,CLOVIS,CA,93611,FRESNO,(559) 324-4000,Acute Care Hospitals,Voluntary non-profit - Private,Yes,Y,2,,7,6,0,5,1,,8,7,1,6,0,,11,10,1,8,1,,8,8,,12,10,
50523.0,SUTTER DELTA MEDICAL CENTER,3901 LONE TREE WAY,ANTIOCH,CA,94509,CONTRA COSTA,(925) 779-7200,Acute Care Hospitals,Voluntary non-profit - Private,Yes,Y,3,,7,6,0,6,0,,8,6,0,6,0,,11,7,0,7,0,,8,8,,12,10,
50557.0,MEMORIAL MEDICAL CENTER,1700 COFFEE RD,MODESTO,CA,95355,STANISLAUS,(209) 526-4500,Acute Care Hospitals,Voluntary non-profit - Private,Yes,Y,2,,7,7,0,6,1,,8,7,2,4,1,,11,11,0,9,2,,8,8,,12,10,
50590.0,METHODIST HOSPITAL OF SACRAMENTO,7500 HOSPITAL DRIVE,SACRAMENTO,CA,95823,SACRAMENTO,(916) 423-6010,Acute Care Hospitals,Voluntary non-profit - Private,Yes,Y,3,,7,5,0,5,0,,8,5,1,4,0,,11,6,0,5,1,,8,8,,12,10,
50636.0,PALOMAR MEDICAL CENTER POWAY,15615 POMERADO ROAD,POWAY,CA,92064,SAN DIEGO,(858) 485-6511,Acute Care Hospitals,Government - Hospital District or Authority,Yes,,4,,7,4,0,4,0,,8,5,1,4,0,,11,6,0,6,0,,8,8,,12,10,
50690.0,KAISER FOUNDATION HOSPITAL-SANTA ROSA,401 BICENTENNIAL WAY,SANTA ROSA,CA,95403,SONOMA,(707) 571-4000,Acute Care Hospitals,Voluntary non-profit - Private,Yes,Y,4,,7,Not Available,Not Available,Not Available,Not Available,5,8,6,1,5,0,,11,1,0,1,0,,8,8,,12,6,
50723.0,KAISER FOUNDATION HOSPITAL - BALDWIN PARK,1011 BALDWIN PARK BLVD,BALDWIN PARK,CA,91706,LOS ANGELES,(626) 851-1011,Acute Care Hospitals,Voluntary non-profit - Other,No,Y,2,,7,Not Available,Not Available,Not Available,Not Available,5,8,6,0,6,0,,11,1,0,1,0,,8,8,,12,6,
50746.0,ORANGE COUNTY GLOBAL MEDICAL CENTER,1001 NORTH TUSTIN AVENUE,SANTA ANA,CA,92705,ORANGE,(714) 953-3500,Acute Care Hospitals,Proprietary,Yes,Y,2,,7,5,0,5,0,,8,5,0,5,0,,11,3,0,3,0,,8,8,,12,7,
50766.0,SUTTER SURGICAL HOSPITAL - NORTH VALLEY,455 PLUMAS BLVD,YUBA CITY,CA,95991,SUTTER,(530) 749-5700,Acute Care Hospitals,Physician,No,,Not Available,16,7,Not Available,Not Available,Not Available,Not Available,5,8,2,0,2,0,,11,3,0,3,0,,8,Not Available,5,12,3,
50779.0,"MARTIN LUTHER KING, JR. COMMUNITY HOSPITAL",1680 EAST 120TH STREET,LOS ANGELES,CA,90059,LOS ANGELES,(424) 835-6808,Acute Care Hospitals,Voluntary non-profit - Private,Yes,Y,3,,7,2,0,2,0,,8,6,1,5,0,,11,4,0,3,1,,8,8,,12,9,
51302.0,SOUTHERN INYO HOSPITAL,501 EAST LOCUST STREET,LONE PINE,CA,93545,INYO,(760) 876-5501,Critical Access Hospitals,Government - Hospital District or Authority,Yes,,Not Available,16,7,Not Available,Not Available,Not Available,Not Available,5,8,Not Available,Not Available,Not Available,Not Available,5,11,Not Available,Not Available,Not Available,Not Available,5,8,Not Available,5,12,2,
51312.0,MOUNTAINS COMMUNITY HOSPITAL,29101 HOSPITAL ROAD,LAKE ARROWHEAD,CA,92352,SAN BERNARDINO,(909) 336-3651,Critical Access Hospitals,Government - Hospital District or Authority,Yes,,Not Available,16,7,Not Available,Not Available,Not Available,Not Available,5,8,Not Available,Not Available,Not Available,Not Available,5,11,1,0,1,0,,8,Not Available,5,12,4,
51324.0,NORTHERN INYO HOSPITAL,150 PIONEER LANE,BISHOP,CA,93514,INYO,(760) 873-5811,Critical Access Hospitals,Government - Hospital District or Authority,Yes,Y,Not Available,16,7,2,0,2,0,,8,Not Available,Not Available,Not Available,Not Available,5,11,3,1,1,1,,8,Not Available,5,12,9,
51334.0,COMMUNITY MEMORIAL HOSPITAL - OJAI,1306 MARICOPA HWY,OJAI,CA,93023,VENTURA,(805) 646-1401,Critical Access Hospitals,Voluntary non-profit - Private,Yes,,Not Available,16,7,Not Available,Not Available,Not Available,Not Available,5,8,Not Available,Not Available,Not Available,Not Available,5,11,1,0,1,0,,8,Not Available,5,12,4,
53304.0,CHILDREN'S HOSPITAL OF ORANGE COUNTY,1201 W LA VETA AVE,ORANGE,CA,92868,ORANGE,(714) 997-3000,Childrens,Voluntary non-profit - Other,No,,Not Available,19,Not Available,Not Available,Not Available,Not Available,Not Available,19,Not Available,Not Available,Not Available,Not Available,Not Available,19,Not Available,Not Available,Not Available,Not Available,Not Available,19,Not Available,Not Available,19,Not Available,Not Available,19
54055.0,COLLEGE HOSPITAL,10802 COLLEGE PL,CERRITOS,CA,90703,LOS ANGELES,(562) 924-9581,Psychiatric,Proprietary,No,,Not Available,19,Not Available,Not Available,Not Available,Not Available,Not Available,19,Not Available,Not Available,Not Available,Not Available,Not Available,19,Not Available,Not Available,Not Available,Not Available,Not Available,19,Not Available,Not Available,19,Not Available,Not Available,19
54104.0,HERITAGE OAKS HOSPITAL,4250 AUBURN BLVD,SACRAMENTO,CA,95841,SACRAMENTO,(916) 489-3336,Psychiatric,Proprietary,Yes,,Not Available,19,Not Available,Not Available,Not Available,Not Available,Not Available,19,Not Available,Not Available,Not Available,Not Available,Not Available,19,Not Available,Not Available,Not Available,Not Available,Not Available,19,Not Available,Not Available,19,Not Available,Not Available,19
54144.0,UCSF LANGLEY PORTER PSYCHIATRIC HOSPITAL AND CLINICS,401 PARNASSUS AVENUE,SAN FRANCISCO,CA,94143,SAN FRANCISCO,(415) 476-7000,Psychiatric,Government - State,No,,Not Available,19,Not Available,Not Available,Not Available,Not Available,Not Available,19,Not Available,Not Available,Not Available,Not Available,Not Available,19,Not Available,Not Available,Not Available,Not Available,Not Available,19,Not Available,Not Available,19,Not Available,Not Available,19
54154.0,SAN JOSE BEHAVIORAL HEALTH,455 SILICON VALLEY BOULEVARD,SAN JOSE,CA,95138,SANTA CLARA,(669) 234-5959,Psychiatric,Proprietary,No,,Not Available,19,Not Available,Not Available,Not Available,Not Available,Not Available,19,Not Available,Not Available,Not Available,Not Available,Not Available,19,Not Available,Not Available,Not Available,Not Available,Not Available,19,Not Available,Not Available,19,Not Available,Not Available,19
60008.0,SAN LUIS VALLEY REGIONAL  MEDICAL CENTER,106 BLANCA AVE,ALAMOSA,CO,81101,ALAMOSA,(719) 587-1202,Acute Care Hospitals,Voluntary non-profit - Private,Yes,Y,1,,7,2,0,2,0,,8,3,0,3,0,,11,7,0,6,1,,8,8,,12,10,
60023.0,INTERMOUNTAIN HEALTH ST. MARY'S REGIONAL HOSPITAL,2635 N 7TH ST,GRAND JUNCTION,CO,81501,MESA,(970) 298-2260,Acute Care Hospitals,Voluntary non-profit - Church,Yes,Y,4,,7,7,0,7,0,,8,7,1,6,0,,11,11,3,8,0,,8,8,,12,12,
60054.0,COMMUNITY HOSPITAL,2351 'G' RD,GRAND JUNCTION,CO,81505,MESA,(970) 644-3011,Acute Care Hospitals,Voluntary non-profit - Private,Yes,Y,4,,7,3,0,3,0,,8,4,0,4,0,,11,8,1,6,1,,8,8,,12,10,
60107.0,NATIONAL JEWISH HEALTH,1400 JACKSON ST,DENVER,CO,80206,DENVER,(303) 388-4461,Acute Care Hospitals,Voluntary non-profit - Private,Yes,,Not Available,16,7,Not Available,Not Available,Not Available,Not Available,5,8,Not Available,Not Available,Not Available,Not Available,5,11,3,0,3,0,,8,Not Available,5,12,5,
60126.0,BANNER FORT COLLINS MEDICAL CENTER,4700 LADY MOON DR,FORT COLLINS,CO,80528,LARIMER,(970) 821-4000,Acute Care Hospitals,Voluntary non-profit - Other,Yes,Y,Not Available,16,7,Not Available,Not Available,Not Available,Not Available,5,8,2,0,2,0,,11,3,0,3,0,,8,8,,12,9,
61303.0,EAST MORGAN COUNTY HOSPITAL,2400 W EDISON ST,BRUSH,CO,80723,MORGAN,(970) 842-6222,Critical Access Hospitals,Voluntary non-profit - Private,Yes,Y,Not Available,16,7,1,0,1,0,,8,Not Available,Not Available,Not Available,Not Available,5,11,3,1,2,0,,8,Not Available,5,12,8,
61313.0,KIT CARSON COUNTY MEMORIAL HOSPITAL,286 16TH ST,BURLINGTON,CO,80807,KIT CARSON,(719) 346-4824,Critical Access Hospitals,Government - Hospital District or Authority,Yes,,Not Available,16,7,Not Available,Not Available,Not Available,Not Available,5,8,Not Available,Not Available,Not Available,Not Available,5,11,1,0,1,0,,8,Not Available,5,12,5,
61323.0,PROWERS MEDICAL CENTER,401 KENDALL DR,LAMAR,CO,81052,PROWERS,(719) 336-4343,Critical Access Hospitals,Government - Hospital District or Authority,Yes,,Not Available,16,7,Not Available,Not Available,Not Available,Not Available,5,8,Not Available,Not Available,Not Available,Not Available,5,11,2,0,2,0,,8,Not Available,5,12,1,
63303.0,CHILDREN'S HOSPITAL COLORADO - COLORADO SPRINGS,4090 BRIARGATE PKWY,COLORADO SPRINGS,CO,80920,EL PASO,(719) 305-9590,Childrens,Voluntary non-profit - Private,Yes,,Not Available,19,Not Available,Not Available,Not Available,Not Available,Not Available,19,Not Available,Not Available,Not Available,Not Available,Not Available,19,Not Available,Not Available,Not Available,Not Available,Not Available,19,Not Available,Not Available,19,Not Available,Not Available,19
64030.0,WEST PINES BEHAVIORAL HOSPITAL,11455 HURON ST,WESTMINSTER,CO,80234,ADAMS,(615) 861-6000,Psychiatric,Proprietary,No,,Not Available,19,Not Available,Not Available,Not Available,Not Available,Not Available,19,Not Available,Not Available,Not Available,Not Available,Not Available,19,Not Available,Not Available,Not Available,Not Available,Not Available,19,Not Available,Not Available,19,Not Available,Not Available,19
70012.0,ROCKVILLE GENERAL HOSPITAL,31 UNION ST,VERNON,CT,6066,TOLLAND,(860) 872-5160,Acute Care Hospitals,Proprietary,Yes,,Not Available,16,7,Not Available,Not Available,Not Available,Not Available,5,8,Not Available,Not Available,Not Available,Not Available,5,11,1,0,1,0,,8,Not Available,5,12,7,
70028.0,ST VINCENT'S MEDICAL CENTER,2800 MAIN ST,BRIDGEPORT,CT,6606,FAIRFIELD,(203) 576-5551,Acute Care Hospitals,Voluntary non-profit - Private,Yes,Y,3,,7,7,0,7,0,,8,7,2,5,0,,11,11,0,11,0,,8,8,,12,10,
74008.0,NATCHAUG HOSPITAL,189 STORRS RD,MANSFIELD CENTER,CT,6250,TOLLAND,(860) 456-1311,Psychiatric,Voluntary non-profit - Private,No,,Not Available,19,Not Available,Not Available,Not Available,Not Available,Not Available,19,Not Available,Not Available,Not Available,Not Available,Not Available,19,Not Available,Not Available,Not Available,Not Available,Not Available,19,Not Available,Not Available,19,Not Available,Not Available,19
80006.0,"TIDALHEALTH NANTICOKE, INC.",801 MIDDLEFORD RD,SEAFORD,DE,19973,SUSSEX,(302) 629-6611,Acute Care Hospitals,Voluntary non-profit - Private,Yes,Y,5,,7,5,0,5,0,,8,5,0,5,0,,11,9,0,9,0,,8,8,,12,11,
90003.0,HOWARD UNIVERSITY HOSPITAL CORP,2041 GEORGIA AVE NW,WASHINGTON,DC,20060,THE DISTRICT,(202) 745-6100,Acute Care Hospitals,Voluntary non-profit - Other,No,Y,1,,7,6,1,5,0,,8,6,0,5,1,,11,6,0,4,2,,8,8,,12,9,
100006.0,ORLANDO HEALTH,52 W UNDERWOOD ST,ORLANDO,FL,32806,ORANGE,(321) 841-5111,Acute Care Hospitals,Voluntary non-profit - Private,Yes,Y,3,,7,7,1,6,0,,8,8,3,5,0,,11,11,0,7,4,,8,8,,12,10,
100025.0,SACRED HEART HOSPITAL,5151 N 9TH AVE,PENSACOLA,FL,32504,ESCAMBIA,(850) 416-7000,Acute Care Hospitals,Voluntary non-profit - Private,Yes,Y,3,,7,7,0,7,0,,8,8,3,5,0,,11,11,0,10,1,,8,8,,12,11,
100040.0,ASCENSION ST VINCENT'S RIVERSIDE,1 SHIRCLIFF WAY,JACKSONVILLE,FL,32204,DUVAL,(904) 308-7300,Acute Care Hospitals,Voluntary non-profit - Private,Yes,,2,,7,7,0,7,0,,8,8,1,7,0,,11,9,1,7,1,,8,8,,12,9,
100053.0,HIALEAH HOSPITAL,651 E 25TH ST,HIALEAH,FL,33013,MIAMI-DADE,(305) 693-6100,Acute Care Hospitals,Proprietary,Yes,,3,,7,4,0,4,0,,8,7,1,6,0,,11,4,0,3,1,,8,8,,12,8,
100072.0,ADVENTHEALTH FISH MEMORIAL,1055 SAXON BLVD,ORANGE CITY,FL,32763,VOLUSIA,(386) 917-5000,Acute Care Hospitals,Voluntary non-profit - Church,Yes,Y,5,,7,6,2,4,0,,8,6,1,5,0,,11,7,0,7,0,,8,8,,12,10,
100092.0,ORLANDO HEALTH ROCKLEDGE HOSPITAL,110 LONGWOOD AVE,ROCKLEDGE,FL,32955,BREVARD,(321) 637-2603,Acute Care Hospitals,Voluntary non-profit - Private,Yes,Y,5,,7,7,0,7,0,,8,6,2,4,0,,11,8,0,8,0,,8,8,,12,10,
100121.0,BARTOW REGIONAL MEDICAL CENTER,2200 OSPREY BLVD,BARTOW,FL,33830,POLK,(863) 533-8111,Acute Care Hospitals,Proprietary,Yes,,2,,7,4,0,4,0,,8,4,0,4,0,,11,5,0,4,1,,8,8,,12,7,
100134.0,ED FRASER MEMORIAL HOSPITAL,159 N 3RD ST,MACCLENNY,FL,32063,BAKER,(904) 259-3151,Acute Care Hospitals,Voluntary non-profit - Private,Yes,,Not Available,16,7,2,0,2,0,,8,Not Available,Not Available,Not Available,Not Available,5,11,5,0,5,0,,8,Not Available,5,12,8,
100161.0,CENTRAL FLORIDA LAKE MONROE HOSPITAL,1401 W SEMINOLE BLVD,SANFORD,FL,32771,SEMINOLE,(407) 321-4500,Acute Care Hospitals,Proprietary,Yes,,2,,7,7,1,6,0,,8,7,1,6,0,,11,8,0,6,2,,8,8,,12,8,
100181.0,LARKIN COMMUNITY HOSPITAL,7031 SW 62ND AVE,SOUTH MIAMI,FL,33143,MIAMI-DADE,(305) 284-7500,Acute Care Hospitals,Proprietary,Yes,,Not Available,16,7,1,1,0,0,,8,4,1,3,0,,11,2,0,1,1,,8,Not Available,5,12,7,
100212.0,MARION COMMUNTIY HOSPITAL,1431 SW 1ST AVE,OCALA,FL,34471,MARION,(352) 401-1000,Acute Care Hospitals,Proprietary,Yes,,1,,7,7,0,5,2,,8,7,4,2,1,,11,9,0,7,2,,8,8,,12,9,
100232.0,HCA FLORIDA PUTNAM HOSPITAL,611 ZEAGLER DR,PALATKA,FL,32177,PUTNAM,(386) 328-5711,Acute Care Hospitals,Proprietary,Yes,,1,,7,6,0,6,0,,8,6,1,5,0,,11,8,0,8,0,,8,8,,12,9,
100253.0,JUPITER MEDICAL CENTER,1210 S OLD DIXIE HWY,JUPITER,FL,33458,PALM BEACH,(561) 747-2234,Acute Care Hospitals,Voluntary non-profit - Private,Yes,Y,4,,7,7,1,6,0,,8,8,4,4,0,,11,11,0,9,2,,8,8,,12,10,
100268.0,WEST BOCA MEDICAL CENTER,21644 STATE RD 7,BOCA RATON,FL,33428,PALM BEACH,(561) 488-8100,Acute Care Hospitals,Proprietary,Yes,Y,2,,7,4,0,4,0,,8,6,1,5,0,,11,7,0,7,0,,8,8,,12,9,
100288.0,ST MARY'S MEDICAL CENTER,901 45TH ST,WEST PALM BEACH,FL,33407,PALM BEACH,(561) 840-6202,Acute Care Hospitals,Proprietary,Yes,Y,1,,7,4,0,4,0,,8,7,2,5,0,,11,5,0,3,2,,8,8,,12,8,
100313.0,ASCENSION SACRED HEART GULF,3801 E HWY 98,PORT SAINT JOE,FL,32456,GULF,(850) 229-5600,Acute Care Hospitals,Voluntary non-profit - Private,Yes,,Not Available,16,7,2,0,2,0,,8,1,0,1,0,,11,4,1,3,0,,8,Not Available,5,12,8,
100359.0,SARASOTA MEMORIAL HOSPITAL - VENICE,2600 LAUREL ROAD EAST,NORTH VENICE,FL,34275,SARASOTA,(941) 917-7299,Acute Care Hospitals,Government - Hospital District or Authority,Yes,Y,4,,7,6,0,6,0,,8,7,0,7,0,,11,8,2,6,0,,8,8,,12,9,
101305.0,GEORGE E WEEMS MEMORIAL HOSPITAL,135 AVE G,APALACHICOLA,FL,32320,FRANKLIN,(850) 653-8853,Critical Access Hospitals,Government - Local,Yes,,Not Available,16,7,Not Available,Not Available,Not Available,Not Available,5,8,Not Available,Not Available,Not Available,Not Available,5,11,Not Available,Not Available,Not Available,Not Available,5,8,Not Available,5,12,Not Available,5
103301.0,NICKLAUS CHILDREN'S HOSPITAL,3100 SW 62ND AVE,MIAMI,FL,33155,MIAMI-DADE,(305) 666-6511,Childrens,Voluntary non-profit - Private,Yes,,Not Available,19,Not Available,Not Available,Not Available,Not Available,Not Available,19,Not Available,Not Available,Not Available,Not Available,Not Available,19,Not Available,Not Available,Not Available,Not Available,Not Available,19,Not Available,Not Available,19,Not Available,Not Available,19
104040.0,CENTERSTONE OF FLORIDA,2020 26TH AVE E,BRADENTON,FL,34208,MANATEE,(941) 782-4299,Psychiatric,Voluntary non-profit - Private,No,,Not Available,19,Not Available,Not Available,Not Available,Not Available,Not Available,19,Not Available,Not Available,Not Available,Not Available,Not Available,19,Not Available,Not Available,Not Available,Not Available,Not Available,19,Not Available,Not Available,19,Not Available,Not Available,19
104073.0,EMERALD COAST BEHAVIORAL HOSPITAL,1940 HARRISON AVE,PANAMA CITY,FL,32405,BAY,(850) 763-0017,Psychiatric,Proprietary,No,,Not Available,19,Not Available,Not Available,Not Available,Not Available,Not Available,19,Not Available,Not Available,Not Available,Not Available,Not Available,19,Not Available,Not Available,Not Available,Not Available,Not Available,19,Not Available,Not Available,19,Not Available,Not Available,19
110001.0,HAMILTON MEDICAL CENTER,1200 MEMORIAL DRIVE,DALTON,GA,30720,WHITFIELD,(706) 272-6105,Acute Care Hospitals,Voluntary non-profit - Private,No,Y,2,,7,7,0,6,1,,8,6,2,4,0,,11,10,0,10,0,,8,8,,12,11,
110016.0,WELLSTAR WEST GEORGIA MEDICAL CENTER,1514 VERNON ROAD,LAGRANGE,GA,30240,TROUP,(706) 882-1411,Acute Care Hospitals,Voluntary non-profit - Private,Yes,Y,2,,7,5,0,5,0,,8,6,1,4,1,,11,9,0,9,0,,8,8,,12,10,
110032.0,STEPHENS COUNTY HOSPITAL,163 HOSPITAL DRIVE,TOCCOA,GA,30577,STEPHENS,(706) 282-4250,Acute Care Hospitals,Government - Hospital District or Authority,Yes,,2,,7,3,0,3,0,,8,2,0,2,0,,11,5,0,5,0,,8,8,,12,8,
110046.0,PIEDMONT WALTON HOSPITAL,2151 W SPRING STREET,MONROE,GA,30655,WALTON,(770) 267-8461,Acute Care Hospitals,Proprietary,Yes,Y,3,,7,5,0,5,0,,8,2,1,1,0,,11,6,0,6,0,,8,8,,12,11,
110076.0,EMORY DECATUR HOSPITAL,2701 N DECATUR ROAD,DECATUR,GA,30033,DE KALB,(404) 501-1000,Acute Care Hospitals,Voluntary non-profit - Private,Yes,Y,1,,7,6,0,6,0,,8,8,2,6,0,,11,10,0,9,1,,8,8,,12,11,
110095.0,TIFT REGIONAL MEDICAL CENTER,901 E 18TH STREET,TIFTON,GA,31794,TIFT,(229) 382-7120,Acute Care Hospitals,Government - Hospital District or Authority,No,Y,2,,7,6,0,6,0,,8,6,0,6,0,,11,9,0,8,1,,8,8,,12,12,
110122.0,SGMC HEALTH,"2501 NORTH PATTERSON STREET, PO BOX 1727",VALDOSTA,GA,31602,LOWNDES,(229) 333-1020,Acute Care Hospitals,Government - Hospital District or Authority,Yes,Y,2,,7,7,0,5,2,,8,7,2,5,0,,11,10,0,8,2,,8,8,,12,11,
110153.0,HOUSTON HEALTHCARE,1120 MORNINGSIDE DR,PERRY,GA,31069,HOUSTON,(478) 987-3600,Acute Care Hospitals,Voluntary non-profit - Private,Yes,,5,,7,3,0,3,0,,8,2,0,2,0,,11,7,0,7,0,,8,Not Available,5,12,6,
110194.0,DONALSONVILLE HOSPITAL INC,102 HOSPITAL CIR,DONALSONVILLE,GA,39845,SEMINOLE,(229) 524-5217,Acute Care Hospitals,Voluntary non-profit - Private,Yes,,Not Available,16,7,1,0,1,0,,8,1,0,1,0,,11,3,0,3,0,,8,Not Available,5,12,8,
110233.0,"SOUTHEASTERN REGIONAL MEDICAL CENTER, INC",600 CELEBRATE LIFE PARKWAY NORTH,NEWNAN,GA,30265,COWETA,(404) 844-8334,Acute Care Hospitals,Proprietary,No,,4,,7,Not Available,Not Available,Not Available,Not Available,5,8,4,0,4,0,,11,5,0,5,0,,8,8,,12,5,
111304.0,MORGAN MEDICAL CENTER,1740 LIONS CLUB ROAD,MADISON,GA,30650,MORGAN,(706) 342-1667,Critical Access Hospitals,Government - Hospital District or Authority,Yes,,Not Available,16,7,Not Available,Not Available,Not Available,Not Available,5,8,1,0,1,0,,11,3,0,3,0,,8,8,,12,7,
111318.0,MONROE COUNTY HOSPITAL,88 MARTIN LUTHER KING JR DRIVE,FORSYTH,GA,31029,MONROE,(478) 994-2521,Critical Access Hospitals,Government - Hospital District or Authority,Yes,,Not Available,16,7,Not Available,Not Available,Not Available,Not Available,5,8,1,0,0,1,,11,1,0,1,0,,8,Not Available,5,12,5,
111330.0,ATRIUM HEALTH FLOYD POLK MEDICAL CENTER,2360 ROCKMART HIGHWAY,CEDARTOWN,GA,30125,POLK,(770) 748-2500,Critical Access Hospitals,Voluntary non-profit - Private,Yes,,Not Available,16,7,Not Available,Not Available,Not Available,Not Available,5,8,1,0,1,0,,11,1,0,1,0,,8,Not Available,5,12,6,
114004.0,SUMMITRIDGE CENTER- PSYCHIATRY & ADDICTIVE MED,250 SCENIC HIGHWAY,LAWRENCEVILLE,GA,30046,GWINNETT,(678) 442-5800,Psychiatric,Proprietary,No,,Not Available,19,Not Available,Not Available,Not Available,Not Available,Not Available,19,Not Available,Not Available,Not Available,Not Available,Not Available,19,Not Available,Not Available,Not Available,Not Available,Not Available,19,Not Available,Not Available,19,Not Available,Not Available,19
114035.0,RIVERWOODS BEHAVIORAL HEALTH SYSTEM,223 MEDICAL CENTER DRIVE,RIVERDALE,GA,30274,CLAYTON,(770) 991-8500,Psychiatric,Proprietary,No,,Not Available,19,Not Available,Not Available,Not Available,Not Available,Not Available,19,Not Available,Not Available,Not Available,Not Available,Not Available,19,Not Available,Not Available,Not Available,Not Available,Not Available,19,Not Available,Not Available,19,Not Available,Not Available,19
120019.0,KONA COMMUNITY HOSPITAL,79-1019 HAUKAPILA STREET,KEALAKEKUA,HI,96750,HAWAII,(808) 322-9311,Acute Care Hospitals,Government - State,Yes,Y,2,,7,4,0,4,0,,8,5,1,4,0,,11,8,0,8,0,,8,8,,12,9,
121306.0,SAMUEL MAHELONA MEMORIAL HOSPITAL,4800 KAWAIHAU ROAD,KAPAA,HI,96746,KAUAI,(808) 822-4961,Critical Access Hospitals,Government - State,Yes,,Not Available,16,7,Not Available,Not Available,Not Available,Not Available,5,8,Not Available,Not Available,Not Available,Not Available,5,11,Not Available,Not Available,Not Available,Not Available,5,8,Not Available,5,12,4,
130013.0,SAINT ALPHONSUS MEDICAL CENTER - NAMPA,4300 E FLAMINGO AVE,NAMPA,ID,83687,CANYON,(208) 463-5000,Acute Care Hospitals,Voluntary non-profit - Church,Yes,Y,4,,7,6,0,6,0,,8,7,0,7,0,,11,10,1,9,0,,8,8,,12,11,
130073.0,GROVE CREEK MEDICAL CENTER,350 NORTH MERIDIAN STREET,BLACKFOOT,ID,83221,BINGHAM,(208) 782-2900,Acute Care Hospitals,Voluntary non-profit - Private,No,Y,Not Available,16,7,Not Available,Not Available,Not Available,Not Available,5,8,Not Available,Not Available,Not Available,Not Available,5,11,Not Available,Not Available,Not Available,Not Available,5,8,Not Available,5,12,3,
131310.0,ST LUKE'S JEROME,709 NORTH LINCOLN AVENUE,JEROME,ID,83338,JEROME,(208) 324-4301,Critical Access Hospitals,Voluntary non-profit - Private,Yes,,Not Available,16,7,Not Available,Not Available,Not Available,Not Available,5,8,Not Available,Not Available,Not Available,Not Available,5,11,1,0,1,0,,8,Not Available,5,12,5,
131320.0,CLEARWATER VALLEY HOSPITAL & CLINICS,301 CEDAR STREET,OROFINO,ID,83544,CLEARWATER,(208) 476-4555,Critical Access Hospitals,Voluntary non-profit - Private,Yes,,3,,7,4,0,4,0,,8,Not Available,Not Available,Not Available,Not Available,5,11,4,1,3,0,,8,Not Available,5,12,4,
134009.0,LIFEWAYS HOSPITAL,8050 WEST NORTHVIEW STREET,BOISE,ID,83704,ADA,(208) 327-0504,Psychiatric,Voluntary non-profit - Private,No,,Not Available,19,Not Available,Not Available,Not Available,Not Available,Not Available,19,Not Available,Not Available,Not Available,Not Available,Not Available,19,Not Available,Not Available,Not Available,Not Available,Not Available,19,Not Available,Not Available,19,Not Available,Not Available,19
140013.0,PROCTOR HOSPITAL,5409 N KNOXVILLE AVE,PEORIA,IL,61354,LA SALLE,(309) 691-1000,Acute Care Hospitals,Voluntary non-profit - Private,Yes,,3,,7,5,0,5,0,,8,3,0,3,0,,11,5,1,4,0,,8,8,,12,8,
140049.0,WEST SUBURBAN MEDICAL CENTER,3 ERIE COURT,OAK PARK,IL,60302,COOK,(708) 383-6200,Acute Care Hospitals,Voluntary non-profit - Other,No,Y,1,,7,5,0,5,0,,8,5,0,4,1,,11,6,0,5,1,,8,8,,12,9,
140068.0,ROSELAND COMMUNITY HOSPITAL,45 W 111TH STREET,CHICAGO,IL,60628,COOK,(773) 995-3000,Acute Care Hospitals,Voluntary non-profit - Private,Yes,Y,1,,7,3,0,3,0,,8,2,1,1,0,,11,4,0,4,0,,8,8,,12,7,
140095.0,SAINT ANTHONY HOSPITAL,2875 WEST 19TH STREET,CHICAGO,IL,60623,COOK,(773) 521-1710,Acute Care Hospitals,Voluntary non-profit - Private,Yes,Y,1,,7,1,0,1,0,,8,4,1,3,0,,11,3,0,3,0,,8,8,,12,8,
140119.0,RUSH UNIVERSITY MEDICAL CENTER,1653 WEST CONGRESS PARKWAY,CHICAGO,IL,60612,COOK,(312) 942-5000,Acute Care Hospitals,Voluntary non-profit - Private,Yes,Y,5,,7,7,5,2,0,,8,8,4,4,0,,11,11,1,8,2,,8,8,,12,11,
140145.0,ST JOSEPHS HOSPITAL,9515 HOLY CROSS LN,BREESE,IL,62230,CLINTON,(618) 526-4511,Acute Care Hospitals,Voluntary non-profit - Church,Yes,Y,4,,7,3,1,2,0,,8,2,0,2,0,,11,5,0,5,0,,8,8,,12,10,
140172.0,FRANCISCAN HEALTH OLYMPIA & CHICAGO HEIGHTS,20201 S CRAWFORD AVENUE,OLYMPIA FIELDS,IL,60461,COOK,(708) 747-4000,Acute Care Hospitals,Voluntary non-profit - Church,Yes,Y,2,,7,6,1,5,0,,8,7,0,7,0,,11,10,0,8,2,,8,8,,12,11,
140187.0,HSHS ST ELIZABETH'S HOSPITAL,ONE ST ELIZABETH BOULEVARD,O FALLON,IL,62269,ST. CLAIR,(618) 234-2120,Acute Care Hospitals,Voluntary non-profit - Church,Yes,Y,4,,7,7,0,7,0,,8,7,4,3,0,,11,11,1,9,1,,8,8,,12,12,
140211.0,NORTHWESTERN MEDICINE DELNOR COMMUNITY HOSPITAL,300 RANDALL RD,GENEVA,IL,60134,KANE,(630) 208-3000,Acute Care Hospitals,Voluntary non-profit - Private,Yes,Y,5,,7,6,1,5,0,,8,7,1,6,0,,11,10,0,9,1,,8,8,,12,12,
140251.0,COMMUNITY FIRST MEDICAL CENTER,5645 W ADDISON STREET,CHICAGO,IL,60634,COOK,(773) 282-7000,Acute Care Hospitals,Proprietary,Yes,,1,,7,5,0,5,0,,8,5,1,4,0,,11,6,0,5,1,,8,8,,12,8,
140290.0,ST ALEXIUS MEDICAL CENTER,1555 N BARRINGTON RD,HOFFMAN ESTATES,IL,60169,COOK,(847) 843-2000,Acute Care Hospitals,Voluntary non-profit - Church,Yes,Y,4,,7,6,2,4,0,,8,8,1,7,0,,11,10,0,9,1,,8,8,,12,11,
141303.0,WARNER HOSPITAL AND HEALTH SERVICES,422 W WHITE ST,CLINTON,IL,61727,DE WITT,(217) 935-9571,Critical Access Hospitals,Government - Local,Yes,,Not Available,16,7,Not Available,Not Available,Not Available,Not Available,5,8,Not Available,Not Available,Not Available,Not Available,5,11,2,0,2,0,,8,Not Available,5,12,2,
141313.0,MASON DISTRICT HOSPITAL,"615 NORTH PROMENADE STREET,P O BOX 530",HAVANA,IL,62644,MASON,(309) 543-4431,Critical Access Hospitals,Government - Hospital District or Authority,Yes,,Not Available,16,7,Not Available,Not Available,Not Available,Not Available,5,8,Not Available,Not Available,Not Available,Not Available,5,11,2,0,2,0,,8,Not Available,5,12,6,
141324.0,FERRELL HOSPITAL COMMUNITY FOUNDATIONS,1201 PINE STREET,ELDORADO,IL,62930,SALINE,(618) 273-3361,Critical Access Hospitals,Voluntary non-profit - Private,Yes,,2,,7,3,0,2,1,,8,2,0,2,0,,11,5,0,5,0,,8,Not Available,5,12,4,
141334.0,ST JOSEPH MEMORIAL HOSPITAL,2 SOUTH HOSPITAL DRIVE,MURPHYSBORO,IL,62966,JACKSON,(618) 684-3156,Critical Access Hospitals,Voluntary non-profit - Private,Yes,,Not Available,16,7,1,0,1,0,,8,Not Available,Not Available,Not Available,Not Available,5,11,4,0,4,0,,8,Not Available,5,12,8,
141344.0,LAWRENCE COUNTY MEMORIAL HOSPITAL,2200 STATE ST,LAWRENCEVILLE,IL,62439,LAWRENCE,(618) 943-1000,Critical Access Hospitals,Voluntary non-profit - Private,Yes,,Not Available,16,7,1,0,1,0,,8,Not Available,Not Available,Not Available,Not Available,5,11,2,1,1,0,,8,Not Available,5,12,2,
141354.0,HSHS GOOD SHEPHERD HOSPITAL INC,200 S CEDAR ST,SHELBYVILLE,IL,62565,SHELBY,(217) 774-3961,Critical Access Hospitals,Voluntary non-profit - Private,Yes,,Not Available,16,7,Not Available,Not Available,Not Available,Not Available,5,8,Not Available,Not Available,Not Available,Not Available,5,11,Not Available,Not Available,Not Available,Not Available,5,8,Not Available,5,12,Not Available,5
144028.0,MADDEN MENTAL HEALTH CENTER,1200 S FIRST AVE,HINES,IL,60141,COOK,(708) 338-7400,Psychiatric,Government - State,No,,Not Available,19,Not Available,Not Available,Not Available,Not Available,Not Available,19,Not Available,Not Available,Not Available,Not Available,Not Available,19,Not Available,Not Available,Not Available,Not Available,Not Available,19,Not Available,Not Available,19,Not Available,Not Available,19
144042.0,LAKE BEHAVIORAL HOSPITAL,2615 W WASHINGTON ST,WAUKEGAN,IL,60085,LAKE,(847) 249-3900,Psychiatric,Proprietary,No,,Not Available,19,Not Available,Not Available,Not Available,Not Available,Not Available,19,Not Available,Not Available,Not Available,Not Available,Not Available,19,Not Available,Not Available,Not Available,Not Available,Not Available,19,Not Available,Not Available,19,Not Available,Not Available,19
150011.0,MARION GENERAL HOSPITAL,441 N WABASH AVE,MARION,IN,46952,GRANT,(765) 660-6000,Acute Care Hospitals,Voluntary non-profit - Private,Yes,Y,2,,7,5,0,5,0,,8,2,0,2,0,,11,8,1,7,0,,8,8,,12,12,
150030.0,HENRY COUNTY MEMORIAL HOSPITAL,1000 N 16TH ST,NEW CASTLE,IN,47362,HENRY,(765) 521-0890,Acute Care Hospitals,Government - Local,Yes,Y,4,,7,4,0,4,0,,8,3,0,3,0,,11,7,0,7,0,,8,8,,12,10,
150051.0,INDIANA UNIVERSITY HEALTH BLOOMINGTON HOSPITAL,601 W SECOND ST,BLOOMINGTON,IN,47403,MONROE,(812) 353-9554,Acute Care Hospitals,Voluntary non-profit - Private,Yes,Y,3,,7,7,0,7,0,,8,8,1,5,2,,11,11,2,9,0,,8,8,,12,11,
150075.0,BLUFFTON REGIONAL MEDICAL CENTER,303 S MAIN ST,BLUFFTON,IN,46714,WELLS,(260) 824-3210,Acute Care Hospitals,Proprietary,Yes,Y,3,,7,3,0,3,0,,8,1,0,1,0,,11,6,0,6,0,,8,8,,12,9,
150100.0,ASCENSION ST VINCENT EVANSVILLE,3700 WASHINGTON AVE,EVANSVILLE,IN,47750,VANDERBURGH,(812) 485-4000,Acute Care Hospitals,Voluntary non-profit - Private,Yes,Y,3,,7,7,0,7,0,,8,7,3,4,0,,11,11,0,10,1,,8,8,,12,10,
150128.0,"COMMUNITY HOSPITAL SOUTH, INC.",1402 E COUNTY LINE RD S,INDIANAPOLIS,IN,46227,MARION,(317) 887-7000,Acute Care Hospitals,Voluntary non-profit - Private,Yes,Y,3,,7,6,0,5,1,,8,8,1,7,0,,11,8,0,7,1,,8,8,,12,11,
150162.0,FRANCISCAN HEALTH INDIANAPOLIS,8111 S EMERSON AVE,INDIANAPOLIS,IN,46237,MARION,(317) 528-5000,Acute Care Hospitals,Voluntary non-profit - Church,Yes,Y,3,,7,7,0,7,0,,8,8,2,6,0,,11,11,1,10,0,,8,8,,12,12,
150181.0,ASCENSION ST VINCENT FISHERS,13861 OLIO ROAD,FISHERS,IN,46037,HAMILTON,(317) 415-9000,Acute Care Hospitals,Voluntary non-profit - Private,Yes,Y,Not Available,16,7,2,0,2,0,,8,2,0,2,0,,11,6,0,6,0,,8,8,,12,8,
151307.0,ASCENSION ST VINCENT WILLIAMSPORT,412 N MONROE ST,WILLIAMSPORT,IN,47993,WARREN,(765) 762-4001,Critical Access Hospitals,Voluntary non-profit - Church,Yes,,3,,7,3,0,3,0,,8,Not Available,Not Available,Not Available,Not Available,5,11,5,0,5,0,,8,Not Available,5,12,6,
151317.0,GREENE COUNTY GENERAL HOSPITAL,1185 N 1000 W,LINTON,IN,47441,GREENE,(812) 847-2281,Critical Access Hospitals,Government - Local,Yes,Y,3,,7,3,0,3,0,,8,Not Available,Not Available,Not Available,Not Available,5,11,6,0,6,0,,8,8,,12,4,
151328.0,INDIANA UNIVERSITY HEALTH BEDFORD HOSPITAL,2900 W 16TH ST,BEDFORD,IN,47421,LAWRENCE,(812) 275-1200,Critical Access Hospitals,Voluntary non-profit - Private,Yes,,5,,7,4,0,4,0,,8,2,1,1,0,,11,8,1,7,0,,8,Not Available,5,12,9,
154011.0,COMMUNITY MENTAL HEALTH CENTER INC,285 BIELBY RD,LAWRENCEBURG,IN,47025,DEARBORN,(812) 537-1302,Psychiatric,Proprietary,Yes,,Not Available,19,Not Available,Not Available,Not Available,Not Available,Not Available,19,Not Available,Not Available,Not Available,Not Available,Not Available,19,Not Available,Not Available,Not Available,Not Available,Not Available,19,Not Available,Not Available,19,Not Available,Not Available,19
154047.0,MICHIANA BEHAVIORAL HEALTH CENTER,1800 N OAK RD,PLYMOUTH,IN,46563,MARSHALL,(574) 936-3784,Psychiatric,Voluntary non-profit - Other,Yes,,Not Available,19,Not Available,Not Available,Not Available,Not Available,Not Available,19,Not Available,Not Available,Not Available,Not Available,Not Available,19,Not Available,Not Available,Not Available,Not Available,Not Available,19,Not Available,Not Available,19,Not Available,Not Available,19
154060.0,"PARK CENTER, INC",1909 CAREW STREET,FORT WAYNE,IN,46805,ALLEN,(260) 481-2700,Psychiatric,Voluntary non-profit - Private,No,,Not Available,19,Not Available,Not Available,Not Available,Not Available,Not Available,19,Not Available,Not Available,Not Available,Not Available,Not Available,19,Not Available,Not Available,Not Available,Not Available,Not Available,19,Not Available,Not Available,19,Not Available,Not Available,19
160013.0,TRINITY MUSCATINE,1518 MULBERRY AVENUE,MUSCATINE,IA,52761,MUSCATINE,(563) 264-9100,Acute Care Hospitals,Voluntary non-profit - Private,Yes,,3,,7,3,0,3,0,,8,1,0,1,0,,11,5,0,5,0,,8,8,,12,9,
160057.0,SOUTHEAST IOWA REGIONAL MEDICAL CENTER,1221 SOUTH GEAR AVENUE,WEST BURLINGTON,IA,52655,DES MOINES,(319) 768-1000,Acute Care Hospitals,Voluntary non-profit - Private,Yes,Y,2,,7,6,0,6,0,,8,7,0,6,1,,11,10,1,9,0,,8,8,,12,12,
160101.0,BROADLAWNS MEDICAL CENTER,1801 HICKMAN ROAD,DES MOINES,IA,50314,POLK,(515) 282-2200,Acute Care Hospitals,Government - Local,Yes,Y,2,,7,Not Available,Not Available,Not Available,Not Available,5,8,5,1,4,0,,11,5,0,5,0,,8,8,,12,9,
161302.0,IOWA SPECIALTY HOSPITAL - CLARION,1316 SOUTH MAIN STREET,CLARION,IA,50525,WRIGHT,(515) 532-2811,Critical Access Hospitals,Government - Local,Yes,Y,Not Available,16,7,1,0,1,0,,8,2,0,2,0,,11,3,0,3,0,,8,8,,12,7,
161312.0,GUTTENBERG MUNICIPAL HOSPITAL,200 MAIN STREET,GUTTENBERG,IA,52052,CLAYTON,(563) 252-1121,Critical Access Hospitals,Government - Local,Yes,,Not Available,16,7,Not Available,Not Available,Not Available,Not Available,5,8,Not Available,Not Available,Not Available,Not Available,5,11,1,0,1,0,,8,Not Available,5,12,6,
161322.0,DALLAS COUNTY HOSPITAL,610 TENTH STREET,PERRY,IA,50220,DALLAS,(515) 465-3547,Critical Access Hospitals,Government - Local,Yes,,Not Available,16,7,Not Available,Not Available,Not Available,Not Available,5,8,Not Available,Not Available,Not Available,Not Available,5,11,Not Available,Not Available,Not Available,Not Available,5,8,Not Available,5,12,4,
161332.0,MANNING REGIONAL HEALTHCARE CENTER,1550 SIXTH STREET,MANNING,IA,51455,CARROLL,(712) 655-2072,Critical Access Hospitals,Voluntary non-profit - Private,No,,Not Available,16,7,1,0,1,0,,8,Not Available,Not Available,Not Available,Not Available,5,11,2,0,2,0,,8,Not Available,5,12,3,
161342.0,MONROE COUNTY HOSPITAL,6580 165TH STREET,ALBIA,IA,52531,MONROE,(641) 932-2134,Critical Access Hospitals,Government - Local,Yes,,Not Available,16,7,1,0,1,0,,8,Not Available,Not Available,Not Available,Not Available,5,11,2,0,1,1,,8,Not Available,5,12,6,
161352.0,CLARINDA REGIONAL HEALTH CENTER,220 ESSIE DAVISON DRIVE,CLARINDA,IA,51632,PAGE,(712) 542-2176,Critical Access Hospitals,Government - Local,Yes,,4,,7,3,0,3,0,,8,Not Available,Not Available,Not Available,Not Available,5,11,6,1,5,0,,8,Not Available,5,12,7,
161362.0,CHEROKEE REGIONAL MEDICAL CENTER,300 SIOUX VALLEY DRIVE,CHEROKEE,IA,51012,CHEROKEE,(712) 225-5101,Critical Access Hospitals,Voluntary non-profit - Private,Yes,Y,Not Available,16,7,2,0,1,1,,8,Not Available,Not Available,Not Available,Not Available,5,11,5,0,5,0,,8,8,,12,6,
161372.0,BOONE COUNTY HOSPITAL,1015 UNION STREET,BOONE,IA,50036,BOONE,(515) 432-3140,Critical Access Hospitals,Government - Local,Yes,,Not Available,16,7,2,0,2,0,,8,Not Available,Not Available,Not Available,Not Available,5,11,2,0,2,0,,8,Not Available,5,12,6,
161382.0,ST ANTHONY REGIONAL HOSPITAL & NURSING HOME,311 SOUTH CLARK STREET,CARROLL,IA,51401,CARROLL,(712) 792-3581,Critical Access Hospitals,Voluntary non-profit - Private,Yes,,Not Available,5,Not Available,Not Available,Not Available,Not Available,Not Available,5,Not Available,Not Available,Not Available,Not Available,Not Available,5,Not Available,Not Available,Not Available,Not Available,Not Available,5,Not Available,Not Available,5,Not Available,Not Available,5
170016.0,UNIVERSITY OF KANSAS HEALTH SYSTEM - ST FRANCIS CAMPUS,1700 SW 7TH STREET,TOPEKA,KS,66606,SHAWNEE,(785) 295-8000,Acute Care Hospitals,Voluntary non-profit - Church,Yes,Y,2,,7,7,0,7,0,,8,7,0,7,0,,11,11,1,9,1,,8,8,,12,12,
170103.0,NMC HEALTH,600 MEDICAL CENTER DRIVE,NEWTON,KS,67114,HARVEY,(316) 283-2700,Acute Care Hospitals,Voluntary non-profit - Private,Yes,Y,4,,7,4,0,4,0,,8,5,0,5,0,,11,7,0,7,0,,8,8,,12,10,
170175.0,CENTURA ST. CATHERINE-DODGE CITY,3001 AVENUE A,DODGE CITY,KS,67801,FORD,(620) 225-8400,Acute Care Hospitals,Proprietary,Yes,Y,2,,7,4,0,4,0,,8,2,0,2,0,,11,5,0,5,0,,8,8,,12,9,
170194.0,ASCENTIST HOSPITAL LLC,4901 COLLEGE BLVD,LEAWOOD,KS,66211,JOHNSON,(913) 529-1801,Acute Care Hospitals,Proprietary,No,,Not Available,16,7,Not Available,Not Available,Not Available,Not Available,5,8,1,0,1,0,,11,2,0,2,0,,8,Not Available,5,12,3,
170780.0,"MERCY HOSPITAL, INC",218 E PACK STREET,MOUNDRIDGE,KS,67107,MCPHERSON,(620) 345-6391,Rural Emergency Hospital,Voluntary non-profit - Church,Yes,,Not Available,19,Not Available,Not Available,Not Available,Not Available,Not Available,19,Not Available,Not Available,Not Available,Not Available,Not Available,19,Not Available,Not Available,Not Available,Not Available,Not Available,19,Not Available,Not Available,19,Not Available,Not Available,19
171310.0,CHEYENNE COUNTY HOSPITAL,210 WEST 1ST STREET,ST FRANCIS,KS,67756,CHEYENNE,(785) 332-2104,Critical Access Hospitals,Voluntary non-profit - Private,Yes,,Not Available,16,7,1,0,1,0,,8,Not Available,Not Available,Not Available,Not Available,5,11,2,0,2,0,,8,Not Available,5,12,4,
171321.0,MEADE DISTRICT HOSPITAL,510 EAST CARTHAGE,MEADE,KS,67864,MEADE,(620) 873-2141,Critical Access Hospitals,Government - Hospital District or Authority,Yes,,Not Available,16,7,Not Available,Not Available,Not Available,Not Available,5,8,Not Available,Not Available,Not Available,Not Available,5,11,1,0,1,0,,8,Not Available,5,12,5,
171331.0,KIOWA DISTRICT HOSPITAL,1002 SOUTH 4TH STREET,KIOWA,KS,67070,BARBER,(620) 825-4131,Critical Access Hospitals,Government - Hospital District or Authority,Yes,,Not Available,16,7,2,0,2,0,,8,Not Available,Not Available,Not Available,Not Available,5,11,4,0,4,0,,8,Not Available,5,12,4,
171343.0,STANTON COUNTY HOSPITAL,404 N CHESTNUT,JOHNSON,KS,67855,STANTON,(620) 492-6250,Critical Access Hospitals,Government - Local,Yes,,Not Available,16,7,Not Available,Not Available,Not Available,Not Available,5,8,Not Available,Not Available,Not Available,Not Available,5,11,1,0,1,0,,8,Not Available,5,12,4,
171353.0,PHILLIPS COUNTY HOSPITAL,1150 STATE STREET,PHILLIPSBURG,KS,67661,PHILLIPS,(785) 543-5226,Critical Access Hospitals,Government - Local,Yes,,Not Available,16,7,1,0,1,0,,8,Not Available,Not Available,Not Available,Not Available,5,11,3,0,3,0,,8,Not Available,5,12,5,
171363.0,"COMMUNITY MEMORIAL HEALTHCARE, INC.",708 N 18TH STREET,MARYSVILLE,KS,66508,MARSHALL,(785) 562-2311,Critical Access Hospitals,Voluntary non-profit - Private,Yes,,4,,7,3,0,3,0,,8,1,0,1,0,,11,5,0,5,0,,8,8,,12,6,
171374.0,FREDONIA REGIONAL HOSPITAL,1527 MADISON,FREDONIA,KS,66736,WILSON,(620) 378-2121,Critical Access Hospitals,Government - Local,Yes,,Not Available,16,7,1,0,1,0,,8,Not Available,Not Available,Not Available,Not Available,5,11,3,0,3,0,,8,Not Available,5,12,6,
171384.0,NEWMAN REGIONAL HEALTH,1201 WEST 12TH AVENUE,EMPORIA,KS,66801,LYON,(620) 343-6800,Critical Access Hospitals,Government - Local,Yes,Y,2,,7,4,0,3,1,,8,2,0,2,0,,11,6,1,5,0,,8,8,,12,10,
174027.0,ST VERONICA,6700 E 45TH ST N,BEL AIRE,KS,67226,SEDGWICK,(316) 744-2020,Psychiatric,Voluntary non-profit - Church,No,,Not Available,19,Not Available,Not Available,Not Available,Not Available,Not Available,19,Not Available,Not Available,Not Available,Not Available,Not Available,19,Not Available,Not Available,Not Available,Not Available,Not Available,19,Not Available,Not Available,19,Not Available,Not Available,19
180016.0,UOFL HEALTH - SHELBYVILLE HOSPITAL,727 HOSPITAL DRIVE,SHELBYVILLE,KY,40065,SHELBY,(502) 647-4000,Acute Care Hospitals,Voluntary non-profit - Private,Yes,,Not Available,16,7,1,0,1,0,,8,2,0,2,0,,11,5,0,5,0,,8,8,,12,9,
180038.0,OWENSBORO HEALTH REGIONAL HOSPITAL,1201 PLEASANT VALLEY ROAD,OWENSBORO,KY,42303,DAVIESS,(270) 417-2000,Acute Care Hospitals,Voluntary non-profit - Private,Yes,Y,2,,7,7,0,6,1,,8,7,2,5,0,,11,11,1,10,0,,8,8,,12,12,
180056.0,DEACONESS HENDERSON HOSPITAL,1305 N ELM ST,HENDERSON,KY,42420,HENDERSON,(270) 827-7700,Acute Care Hospitals,Voluntary non-profit - Church,Yes,Y,2,,7,4,0,4,0,,8,5,1,4,0,,11,8,0,8,0,,8,8,,12,10,
180088.0,"NORTON HOSPITALS, INC",200 EAST CHESTNUT STREET,LOUISVILLE,KY,40202,JEFFERSON,(502) 629-8000,Acute Care Hospitals,Voluntary non-profit - Private,Yes,Y,2,,7,7,0,5,2,,8,8,2,4,2,,11,11,0,7,4,,8,8,,12,12,
180124.0,TRISTAR GREENVIEW REGIONAL HOSPITAL,1801 ASHLEY CIRCLE,BOWLING GREEN,KY,42104,WARREN,(270) 793-1000,Acute Care Hospitals,Proprietary,Yes,,2,,7,5,0,5,0,,8,5,1,4,0,,11,8,0,7,1,,8,8,,12,9,
180779.0,CRITTENDEN COMMUNITY HOSPITAL,520 WEST GUM STREET,MARION,KY,42064,CRITTENDEN,(270) 965-5281,Rural Emergency Hospital,Government - Local,Yes,,Not Available,19,Not Available,Not Available,Not Available,Not Available,Not Available,19,Not Available,Not Available,Not Available,Not Available,Not Available,19,Not Available,Not Available,Not Available,Not Available,Not Available,19,Not Available,Not Available,19,Not Available,Not Available,19
181311.0,ST ELIZABETH GRANT,238 BARNES ROAD,WILLIAMSTOWN,KY,41097,GRANT,(859) 824-8105,Critical Access Hospitals,Voluntary non-profit - Church,Yes,,Not Available,16,7,Not Available,Not Available,Not Available,Not Available,5,8,Not Available,Not Available,Not Available,Not Available,5,11,1,0,1,0,,8,Not Available,5,12,7,
181323.0,OHIO COUNTY HOSPITAL,1211 OLD MAIN STREET,HARTFORD,KY,42347,OHIO,(270) 298-7411,Critical Access Hospitals,Proprietary,Yes,,Not Available,16,7,2,0,2,0,,8,Not Available,Not Available,Not Available,Not Available,5,11,5,0,5,0,,8,Not Available,5,12,5,
181334.0,KENTUCKY RIVER MEDICAL CENTER,540 JETT DRIVE,JACKSON,KY,41339,BREATHITT,(606) 666-6000,Critical Access Hospitals,Proprietary,Yes,,Not Available,5,Not Available,Not Available,Not Available,Not Available,Not Available,5,Not Available,Not Available,Not Available,Not Available,Not Available,5,Not Available,Not Available,Not Available,Not Available,Not Available,5,Not Available,Not Available,5,Not Available,Not Available,5
184017.0,RIVENDELL BEHAVIORAL HEALTH SERVICES,1035 PORTER PIKE,BOWLING GREEN,KY,42103,WARREN,(270) 843-1199,Psychiatric,Government - Federal,No,,Not Available,19,Not Available,Not Available,Not Available,Not Available,Not Available,19,Not Available,Not Available,Not Available,Not Available,Not Available,19,Not Available,Not Available,Not Available,Not Available,Not Available,19,Not Available,Not Available,19,Not Available,Not Available,19
190015.0,NORTH OAKS MEDICAL CENTER,15790 PAUL VEGA MD DRIVE,HAMMOND,LA,70403,TANGIPAHOA,(985) 345-2700,Acute Care Hospitals,Government - Hospital District or Authority,Yes,Y,2,,7,7,0,7,0,,8,6,1,5,0,,11,10,0,9,1,,8,8,,12,11,
190040.0,SLIDELL MEMORIAL HOSPITAL,1001 GAUSE BLVD,SLIDELL,LA,70458,ST. TAMMANY,(985) 643-2200,Acute Care Hospitals,Government - Hospital District or Authority,Yes,Y,2,,7,7,0,7,0,,8,6,1,5,0,,11,10,0,9,1,,8,8,,12,12,
190065.0,BATON ROUGE GENERAL MEDICAL CENTER,8585 PICARDY AVE,BATON ROUGE,LA,70809,E. BATON ROUGE,(225) 387-7767,Acute Care Hospitals,Voluntary non-profit - Private,Yes,Y,3,,7,7,0,7,0,,8,8,2,6,0,,11,11,1,9,1,,8,8,,12,10,
190114.0,CLAIBORNE MEMORIAL MEDICAL CENTER,620 EAST COLLEGE STREET,HOMER,LA,71040,CLAIBORNE,(318) 927-2024,Acute Care Hospitals,Government - Hospital District or Authority,Yes,,Not Available,16,7,2,0,2,0,,8,1,0,1,0,,11,4,0,3,1,,8,8,,12,7,
190160.0,GLENWOOD REGIONAL MEDICAL CENTER,503 MCMILLAN ROAD,WEST MONROE,LA,71291,OUACHITA,(318) 329-4600,Acute Care Hospitals,Proprietary,Yes,,2,,7,7,0,7,0,,8,7,1,6,0,,11,9,0,8,1,,8,8,,12,7,
190218.0,SABINE MEDICAL CENTER,240 HIGHLAND DRIVE,MANY,LA,71449,SABINE,(318) 256-1232,Acute Care Hospitals,Proprietary,Yes,,Not Available,16,7,1,0,0,1,,8,1,0,1,0,,11,2,0,2,0,,8,Not Available,5,12,6,
190274.0,OCHSNER MEDICAL CENTER-KENNER,180 WEST ESPLANADE AVENUE,KENNER,LA,70065,JEFFERSON,(504) 464-8065,Acute Care Hospitals,Voluntary non-profit - Private,Yes,Y,4,,7,4,0,4,0,,8,6,1,5,0,,11,9,0,8,1,,8,8,,12,11,
190317.0,OCHSNER LSU HEALTH SHREVEPORT-ST MARY MEDICAL CENT,1 ST MARY PLACE,SHREVEPORT,LA,71101,CADDO,(318) 626-4300,Acute Care Hospitals,Voluntary non-profit - Private,No,Y,3,,7,Not Available,Not Available,Not Available,Not Available,5,8,5,2,3,0,,11,3,0,3,0,,8,8,,12,5,
191307.0,DEQUINCY MEMORIAL HOSPITAL,110 WEST 4TH STREET,DEQUINCY,LA,70633,CALCASIEU,(337) 786-1200,Critical Access Hospitals,Proprietary,Yes,,Not Available,16,7,Not Available,Not Available,Not Available,Not Available,5,8,Not Available,Not Available,Not Available,Not Available,5,11,Not Available,Not Available,Not Available,Not Available,5,8,Not Available,5,12,3,
191317.0,JACKSON PARISH HOSPITAL,165 BEECH SPRINGS ROAD,JONESBORO,LA,71251,JACKSON,(318) 259-4435,Critical Access Hospitals,Government - Hospital District or Authority,Yes,,Not Available,16,7,1,0,1,0,,8,Not Available,Not Available,Not Available,Not Available,5,11,3,0,3,0,,8,Not Available,5,12,7,
191327.0,WEST CARROLL MEMORIAL HOSPITAL,706 ROSS STREET,OAK GROVE,LA,71263,WEST CARROLL,(318) 428-3237,Critical Access Hospitals,Proprietary,Yes,,Not Available,16,7,Not Available,Not Available,Not Available,Not Available,5,8,Not Available,Not Available,Not Available,Not Available,5,11,Not Available,Not Available,Not Available,Not Available,5,8,Not Available,5,12,Not Available,5
194044.0,VERMILION BEHAVIORAL HEALTH SYSTEMS,2520 N UNIVERSITY AVENUE,LAFAYETTE,LA,70507,LAFAYETTE,(337) 234-5614,Psychiatric,Proprietary,No,,Not Available,19,Not Available,Not Available,Not Available,Not Available,Not Available,19,Not Available,Not Available,Not Available,Not Available,Not Available,19,Not Available,Not Available,Not Available,Not Available,Not Available,19,Not Available,Not Available,19,Not Available,Not Available,19
194084.0,"BEACON BEHAVIORAL HOSPITAL- NEW ORLEANS, LLC",14500 HAYNES BLVD,NEW ORLEANS,LA,70128,ORLEANS,(504) 210-0460,Psychiatric,Proprietary,No,,Not Available,19,Not Available,Not Available,Not Available,Not Available,Not Available,19,Not Available,Not Available,Not Available,Not Available,Not Available,19,Not Available,Not Available,Not Available,Not Available,Not Available,19,Not Available,Not Available,19,Not Available,Not Available,19
194096.0,OCEANS BEHAVIORAL HOSPITAL OF ALEXANDRIA,2621 NORTH BOLTON AVENUE,ALEXANDRIA,LA,71303,RAPIDES,(318) 448-8473,Psychiatric,Proprietary,No,,Not Available,19,Not Available,Not Available,Not Available,Not Available,Not Available,19,Not Available,Not Available,Not Available,Not Available,Not Available,19,Not Available,Not Available,Not Available,Not Available,Not Available,19,Not Available,Not Available,19,Not Available,Not Available,19
194114.0,RIVER PLACE BEHAVIORAL HEALTH,500 RUE DE SANTE,LAPLACE,LA,70068,ST. JOHN BAPTIST,(985) 303-2327,Psychiatric,Proprietary,No,,Not Available,19,Not Available,Not Available,Not Available,Not Available,Not Available,19,Not Available,Not Available,Not Available,Not Available,Not Available,19,Not Available,Not Available,Not Available,Not Available,Not Available,19,Not Available,Not Available,19,Not Available,Not Available,19
200018.0,NORTHERN LIGHT  A R GOULD HOSPITAL,PO BOX 151,PRESQUE ISLE,ME,4769,AROOSTOOK,(207) 768-4000,Acute Care Hospitals,Voluntary non-profit - Private,Yes,Y,2,,7,4,0,4,0,,8,2,1,1,0,,11,8,1,7,0,,8,8,,12,10,
200052.0,NORTHERN MAINE MEDICAL CENTER,194 E MAIN STREET,FORT KENT,ME,4743,AROOSTOOK,(207) 834-3195,Acute Care Hospitals,Voluntary non-profit - Private,Yes,,3,,7,4,0,4,0,,8,2,0,2,0,,11,7,0,7,0,,8,8,,12,8,
201308.0,HOULTON REGIONAL HOSPITAL,20 HARTFORD STREET,HOULTON,ME,4730,AROOSTOOK,(207) 532-2900,Critical Access Hospitals,Voluntary non-profit - Private,Yes,,2,,7,3,0,2,1,,8,1,0,1,0,,11,4,1,3,0,,8,Not Available,5,12,5,
204004.0,DOROTHEA DIX PSYCHIATRIC CENTER,656 STATE STREET,BANGOR,ME,4401,PENOBSCOT,(207) 941-4000,Psychiatric,Government - Local,No,,Not Available,19,Not Available,Not Available,Not Available,Not Available,Not Available,19,Not Available,Not Available,Not Available,Not Available,Not Available,19,Not Available,Not Available,Not Available,Not Available,Not Available,19,Not Available,Not Available,19,Not Available,Not Available,19
210009.0,"JOHNS HOPKINS HOSPITAL, THE",600 NORTH  WOLFE STREET,BALTIMORE,MD,21287,BALTIMORE CITY,(410) 955-9540,Acute Care Hospitals,Voluntary non-profit - Private,Yes,Y,4,,7,7,3,4,0,,8,7,2,2,3,,11,10,0,9,1,,8,8,,12,10,
210024.0,MEDSTAR UNION MEMORIAL HOSPITAL,201 EAST UNIVERSITY PARKWAY,BALTIMORE,MD,21218,BALTIMORE CITY,(410) 554-2227,Acute Care Hospitals,Voluntary non-profit - Other,Yes,,5,,7,7,1,6,0,,8,6,2,4,0,,11,8,0,8,0,,8,8,,12,8,
210038.0,UNIVERSITY OF MD MEDICAL CENTER MIDTOWN CAMPUS,827 LINDEN AVENUE,BALTIMORE,MD,21201,BALTIMORE CITY,(410) 225-8996,Acute Care Hospitals,Voluntary non-profit - Other,Yes,,3,,7,4,1,3,0,,8,5,1,4,0,,11,6,0,6,0,,8,8,,12,8,
210058.0,UMD REHABILITATION &  ORTHOPAEDIC INSTITUTE,2200 KERNAN DRIVE,BALTIMORE,MD,21207,BALTIMORE,(410) 448-6701,Acute Care Hospitals,Voluntary non-profit - Private,No,,Not Available,16,7,Not Available,Not Available,Not Available,Not Available,5,8,Not Available,Not Available,Not Available,Not Available,5,11,1,0,1,0,,8,Not Available,5,12,Not Available,5
214002.0,EASTERN SHORE HOSPITAL CENTER,5262 WOODS ROAD,CAMBRIDGE,MD,21613,DORCHESTER,(410) 221-2525,Psychiatric,Government - State,No,,Not Available,19,Not Available,Not Available,Not Available,Not Available,Not Available,19,Not Available,Not Available,Not Available,Not Available,Not Available,19,Not Available,Not Available,Not Available,Not Available,Not Available,19,Not Available,Not Available,19,Not Available,Not Available,19
220010.0,LAWRENCE GENERAL HOSPITAL,ONE GENERAL STREET,LAWRENCE,MA,1842,ESSEX,(978) 683-4000,Acute Care Hospitals,Voluntary non-profit - Private,Yes,Y,3,,7,6,0,6,0,,8,7,2,5,0,,11,8,0,8,0,,8,8,,12,11,
220030.0,BAYSTATE WING HOSPITAL,40 WRIGHT STREET,PALMER,MA,1069,HAMPDEN,(413) 283-7651,Acute Care Hospitals,Voluntary non-profit - Other,Yes,,5,,7,4,1,3,0,,8,4,1,3,0,,11,7,0,7,0,,8,8,,12,10,
220063.0,LOWELL GENERAL HOSPITAL,295 VARNUM AVENUE,LOWELL,MA,1854,MIDDLESEX,(978) 937-6000,Acute Care Hospitals,Voluntary non-profit - Private,Yes,Y,2,,7,6,0,6,0,,8,7,1,5,1,,11,10,0,8,2,,8,8,,12,11,
220083.0,BETH ISRAEL DEACONESS HOSPITAL - NEEDHAM,148 CHESTNUT STREET,NEEDHAM,MA,2494,NORFOLK,(781) 453-3002,Acute Care Hospitals,Voluntary non-profit - Private,Yes,,4,,7,4,2,2,0,,8,5,0,5,0,,11,7,0,6,1,,8,8,,12,10,
220108.0,BETH ISRAEL DEACONESS HOSPITAL - MILTON,199 REEDSDALE ROAD,MILTON,MA,2186,NORFOLK,(617) 696-4600,Acute Care Hospitals,Government - Federal,Yes,,4,,7,4,2,2,0,,8,7,1,6,0,,11,7,0,7,0,,8,8,,12,10,
220176.0,ST VINCENT HOSPITAL,123 SUMMER STREET,WORCESTER,MA,1608,WORCESTER,(508) 363-5000,Acute Care Hospitals,Proprietary,Yes,Y,2,,7,7,0,7,0,,8,7,1,6,0,,11,11,0,10,1,,8,8,,12,10,
224007.0,MCLEAN HOSPITAL CORPORATION,115 MILL STREET,BELMONT,MA,2478,MIDDLESEX,(617) 855-3450,Psychiatric,Voluntary non-profit - Private,No,,Not Available,19,Not Available,Not Available,Not Available,Not Available,Not Available,19,Not Available,Not Available,Not Available,Not Available,Not Available,19,Not Available,Not Available,Not Available,Not Available,Not Available,19,Not Available,Not Available,19,Not Available,Not Available,19
224039.0,WHITTIER PAVILION,76 SUMMER STREET,HAVERHILL,MA,1830,ESSEX,(978) 373-8222,Psychiatric,Proprietary,No,,Not Available,19,Not Available,Not Available,Not Available,Not Available,Not Available,19,Not Available,Not Available,Not Available,Not Available,Not Available,19,Not Available,Not Available,Not Available,Not Available,Not Available,19,Not Available,Not Available,19,Not Available,Not Available,19
230013.0,PONTIAC GENERAL HOSPITAL,461 w huron st,PONTIAC,MI,48341,OAKLAND,(248) 857-7200,Acute Care Hospitals,Proprietary,No,,Not Available,16,7,Not Available,Not Available,Not Available,Not Available,5,8,Not Available,Not Available,Not Available,Not Available,5,11,Not Available,Not Available,Not Available,Not Available,5,8,Not Available,5,12,3,
230031.0,LAKE HURON MEDICAL CENTER,2601 ELECTRIC AVENUE,PORT HURON,MI,48060,ST. CLAIR,(810) 985-1500,Acute Care Hospitals,Voluntary non-profit - Church,Yes,,4,,7,5,0,5,0,,8,4,1,3,0,,11,7,1,6,0,,8,8,,12,8,
230055.0,DICKINSON COUNTY MEMORIAL HOSPITAL,1721 S STEPHENSON AVE,IRON MOUNTAIN,MI,49801,DICKINSON,(906) 774-1313,Acute Care Hospitals,Government - Local,Yes,Y,4,,7,4,0,4,0,,8,4,0,4,0,,11,9,1,8,0,,8,8,,12,10,
230078.0,COREWELL HEALTH WATERVLIET HOSPITAL,400 MEDICAL PARK DR,WATERVLIET,MI,49098,BERRIEN,(269) 463-3111,Acute Care Hospitals,Voluntary non-profit - Private,Yes,,Not Available,16,7,Not Available,Not Available,Not Available,Not Available,5,8,Not Available,Not Available,Not Available,Not Available,5,11,1,0,1,0,,8,Not Available,5,12,6,
230104.0,HARPER UNIVERSITY HOSPITAL,3990 JOHN R STREET,DETROIT,MI,48201,WAYNE,(313) 745-6211,Acute Care Hospitals,Proprietary,Yes,Y,1,,7,7,1,6,0,,8,6,1,4,1,,11,9,0,8,1,,8,8,,12,10,
230142.0,COREWELL HEALTH WAYNE HOSPITAL,33155 ANNAPOLIS AVE,WAYNE,MI,48184,WAYNE,(734) 467-4175,Acute Care Hospitals,Voluntary non-profit - Private,Yes,Y,1,,7,5,0,5,0,,8,7,1,6,0,,11,8,0,5,3,,8,8,,12,11,
230193.0,MCLAREN LAPEER REGION,1375 N MAIN ST,LAPEER,MI,48446,LAPEER,(810) 667-5500,Acute Care Hospitals,Voluntary non-profit - Private,Yes,Y,2,,7,5,0,5,0,,8,6,1,5,0,,11,7,0,7,0,,8,8,,12,10,
230236.0,UNIVERSITY OF MICHIGAN HEALTH - WEST,"5900 BYRON CENTER AVENUE, SW",WYOMING,MI,49519,KENT,(616) 252-7200,Acute Care Hospitals,Voluntary non-profit - Private,Yes,Y,4,,7,6,0,6,0,,8,7,2,4,1,,11,10,0,10,0,,8,8,,12,10,
230275.0,HEALTHSOURCE SAGINAW,3340 HOSPITAL ROAD,SAGINAW,MI,48603,SAGINAW,(989) 790-7888,Acute Care Hospitals,Voluntary non-profit - Other,Yes,,Not Available,16,7,Not Available,Not Available,Not Available,Not Available,5,8,Not Available,Not Available,Not Available,Not Available,5,11,Not Available,Not Available,Not Available,Not Available,5,8,Not Available,5,12,3,
231303.0,SCHOOLCRAFT MEMORIAL HOSPITAL,7870W US HIGHWAY 2,MANISTIQUE,MI,49854,SCHOOLCRAFT,(906) 341-3200,Critical Access Hospitals,Government - Local,Yes,,Not Available,16,7,Not Available,Not Available,Not Available,Not Available,5,8,Not Available,Not Available,Not Available,Not Available,5,11,3,0,3,0,,8,Not Available,5,12,5,
231314.0,MCKENZIE HEALTH SYSTEM,120 N DELAWARE STREET,SANDUSKY,MI,48471,SANILAC,(810) 648-3770,Critical Access Hospitals,Voluntary non-profit - Private,Yes,,Not Available,16,7,Not Available,Not Available,Not Available,Not Available,5,8,Not Available,Not Available,Not Available,Not Available,5,11,2,0,2,0,,8,Not Available,5,12,4,
231325.0,MYMICHIGAN MEDICAL CENTER GLADWIN,515 QUARTER STREET,GLADWIN,MI,48624,GLADWIN,(989) 426-9286,Critical Access Hospitals,Voluntary non-profit - Private,Yes,,Not Available,16,7,2,0,2,0,,8,Not Available,Not Available,Not Available,Not Available,5,11,6,0,6,0,,8,8,,12,7,
231338.0,COREWELL HEALTH GERBER HOSPITAL,212 S SULLIVAN ST,FREMONT,MI,49412,NEWAYGO,(231) 924-3300,Critical Access Hospitals,Voluntary non-profit - Private,Yes,Y,4,,7,3,0,3,0,,8,1,0,1,0,,11,8,0,8,0,,8,8,,12,11,
234030.0,FOREST VIEW PSYCHIATRIC HOSPITAL,1055 MEDICAL PARK SE,GRAND RAPIDS,MI,49546,KENT,(616) 942-9610,Psychiatric,Proprietary,No,,Not Available,19,Not Available,Not Available,Not Available,Not Available,Not Available,19,Not Available,Not Available,Not Available,Not Available,Not Available,19,Not Available,Not Available,Not Available,Not Available,Not Available,19,Not Available,Not Available,19,Not Available,Not Available,19
240001.0,NORTH MEMORIAL HEALTH HOSPITAL,3300 OAKDALE NORTH,ROBBINSDALE,MN,55422,HENNEPIN,(763) 520-5200,Acute Care Hospitals,Voluntary non-profit - Private,Yes,Y,2,,7,7,0,6,1,,8,6,2,4,0,,11,10,0,10,0,,8,8,,12,10,
240030.0,ALOMERE HEALTH,111 17TH AVENUE EAST,ALEXANDRIA,MN,56308,DOUGLAS,(320) 762-1511,Acute Care Hospitals,Government - Local,Yes,Y,4,,7,4,0,4,0,,8,4,0,4,0,,11,9,0,9,0,,8,8,,12,12,
240056.0,RIDGEVIEW MEDICAL CENTER,500 SOUTH MAPLE STREET,WACONIA,MN,55387,CARVER,(952) 442-2191,Acute Care Hospitals,Voluntary non-profit - Private,Yes,Y,5,,7,5,1,4,0,,8,6,0,6,0,,11,7,0,7,0,,8,8,,12,11,
240084.0,ESSENTIA HEALTH VIRGINIA,901 9TH STREET NORTH,VIRGINIA,MN,55792,ST. LOUIS,(218) 741-3340,Acute Care Hospitals,Government - Local,No,Y,3,,7,2,0,2,0,,8,3,1,2,0,,11,7,0,7,0,,8,8,,12,10,
240187.0,HUTCHINSON HEALTH,1095 HIGHWAY 15 SOUTH,HUTCHINSON,MN,55350,MC LEOD,(320) 234-5000,Acute Care Hospitals,Voluntary non-profit - Private,Yes,Y,Not Available,16,7,2,0,2,0,,8,2,0,2,0,,11,5,1,4,0,,8,8,,12,9,
241304.0,SANFORD WHEATON MEDICAL CENTER,401 12TH STREET NORTH,WHEATON,MN,56296,TRAVERSE,(320) 563-8226,Critical Access Hospitals,Voluntary non-profit - Private,No,,Not Available,16,7,Not Available,Not Available,Not Available,Not Available,5,8,Not Available,Not Available,Not Available,Not Available,5,11,1,0,1,0,,8,Not Available,5,12,4,
241316.0,BIGFORK VALLEY HOSPITAL,258 PINE TREE DRIVE,BIGFORK,MN,56628,ITASCA,(218) 743-3177,Critical Access Hospitals,Government - Hospital District or Authority,Yes,,Not Available,16,7,Not Available,Not Available,Not Available,Not Available,5,8,Not Available,Not Available,Not Available,Not Available,5,11,Not Available,Not Available,Not Available,Not Available,5,8,Not Available,5,12,5,
241327.0,SLEEPY EYE MEDICAL CENTER,400 FOURTH AVENUE NORTHWEST,SLEEPY EYE,MN,56085,BROWN,(507) 794-3571,Critical Access Hospitals,Government - Local,Yes,,Not Available,16,7,1,0,1,0,,8,Not Available,Not Available,Not Available,Not Available,5,11,3,0,3,0,,8,Not Available,5,12,3,
241338.0,MAYO CLINIC HEALTH SYSTEM - LAKE CITY,500 WEST GRANT STREET,LAKE CITY,MN,55041,WABASHA,(651) 345-5955,Critical Access Hospitals,Voluntary non-profit - Private,Yes,,Not Available,16,7,Not Available,Not Available,Not Available,Not Available,5,8,Not Available,Not Available,Not Available,Not Available,5,11,1,0,1,0,,8,Not Available,5,12,6,
241348.0,AVERA TYLER HOSPITAL,240 WILLOW STREET,TYLER,MN,56178,LINCOLN,(507) 247-5521,Critical Access Hospitals,Voluntary non-profit - Private,Yes,,Not Available,16,7,Not Available,Not Available,Not Available,Not Available,5,8,Not Available,Not Available,Not Available,Not Available,5,11,1,0,1,0,,8,Not Available,5,12,3,
241359.0,AVERA MARSHALL REGIONAL MEDICAL CTR,300 SOUTH BRUCE STREET,MARSHALL,MN,56258,LYON,(507) 537-9661,Critical Access Hospitals,Voluntary non-profit - Private,Yes,Y,Not Available,16,7,1,0,1,0,,8,2,0,2,0,,11,5,1,4,0,,8,8,,12,6,
241369.0,UNITED HOSPITAL DISTRICT,515 SOUTH MOORE STREET,BLUE EARTH,MN,56013,FARIBAULT,(507) 526-3273,Critical Access Hospitals,Government - Hospital District or Authority,Yes,Y,Not Available,16,7,2,0,2,0,,8,1,0,1,0,,11,3,0,3,0,,8,8,,12,6,
241379.0,PRAIRIE RIDGE HOSPITAL AND HEALTH SERVICES,1411 HIGHWAY 79 E,ELBOW LAKE,MN,56531,GRANT,(218) 685-7300,Critical Access Hospitals,Voluntary non-profit - Private,Yes,,Not Available,16,7,Not Available,Not Available,Not Available,Not Available,5,8,Not Available,Not Available,Not Available,Not Available,5,11,Not Available,Not Available,Not Available,Not Available,5,8,Not Available,5,12,5,
244014.0,COMMUNITY BEHAVIORAL HEALTH HOSPITAL - BEMIDJI,800 BEMIDJI AVENUE NORTH,BEMIDJI,MN,56601,BELTRAMI,(218) 308-2400,Psychiatric,Government - State,No,,Not Available,19,Not Available,Not Available,Not Available,Not Available,Not Available,19,Not Available,Not Available,Not Available,Not Available,Not Available,19,Not Available,Not Available,Not Available,Not Available,Not Available,19,Not Available,Not Available,19,Not Available,Not Available,19
250017.0,PROGRESSIVE HEALTH GROUP OF HOUSTON,1002 EAST MADISON STREET,HOUSTON,MS,38851,CHICKASAW,(662) 456-3700,Acute Care Hospitals,Proprietary,No,,Not Available,16,7,Not Available,Not Available,Not Available,Not Available,5,8,Not Available,Not Available,Not Available,Not Available,5,11,Not Available,Not Available,Not Available,Not Available,5,8,Not Available,5,12,2,
250040.0,SINGING RIVER HEALTH SYSTEM,2809 DENNY AV,PASCAGOULA,MS,39581,JACKSON,(228) 809-5000,Acute Care Hospitals,Government - Local,Yes,Y,2,,7,7,0,6,1,,8,8,2,5,1,,11,11,0,10,1,,8,8,,12,12,
250067.0,CLAY COUNTY MEDICAL CORPORATION,150 MEDICAL CENTER DRIVE,WEST POINT,MS,39773,CLAY,(662) 495-2300,Acute Care Hospitals,Voluntary non-profit - Private,Yes,Y,Not Available,16,7,2,0,2,0,,8,2,0,2,0,,11,7,1,6,0,,8,Not Available,5,12,9,
250094.0,MERIT HEALTH WESLEY,5001 W HARDY ST,HATTIESBURG,MS,39402,LAMAR,(601) 268-8000,Acute Care Hospitals,Voluntary non-profit - Private,Yes,Y,2,,7,7,0,6,1,,8,7,1,6,0,,11,8,0,7,1,,8,8,,12,10,
250124.0,MAGEE GENERAL HOSPITAL,300 3RD AVE SE,MAGEE,MS,39111,SIMPSON,(601) 849-5070,Acute Care Hospitals,Voluntary non-profit - Private,Yes,,2,,7,3,0,3,0,,8,1,0,1,0,,11,5,0,4,1,,8,Not Available,5,12,7,
250168.0,UNIVERSITY OF MISSISSIPPI MEDICAL CENTER- GRENADA,960 AVENT DRIVE,GRENADA,MS,38901,GRENADA,(662) 227-7000,Acute Care Hospitals,Government - State,Yes,Y,2,,7,4,0,3,1,,8,2,0,2,0,,11,9,0,9,0,,8,8,,12,10,
251302.0,MONROE REGIONAL HOSPITAL,400 SOUTH CHESTNUT STREET,ABERDEEN,MS,39730,MONROE,(662) 369-2455,Critical Access Hospitals,Voluntary non-profit - Private,Yes,,Not Available,16,7,1,0,1,0,,8,Not Available,Not Available,Not Available,Not Available,5,11,2,1,1,0,,8,Not Available,5,12,4,
251317.0,SIMPSON GENERAL HOSPITAL CAH,1842 SIMPSON HIGHWAY 149,MENDENHALL,MS,39114,SIMPSON,(601) 847-2221,Critical Access Hospitals,Voluntary non-profit - Private,Yes,,Not Available,16,7,1,0,1,0,,8,Not Available,Not Available,Not Available,Not Available,5,11,2,0,2,0,,8,Not Available,5,12,5,
251330.0,FRANKLIN COUNTY MEMORIAL HOSPITAL,40 UNION CHURCH RD,MEADVILLE,MS,39653,FRANKLIN,(601) 384-5801,Critical Access Hospitals,Government - Local,Yes,,Not Available,16,7,Not Available,Not Available,Not Available,Not Available,5,8,1,0,1,0,,11,1,0,1,0,,8,Not Available,5,12,3,
254007.0,BRENTWOOD BEHAVIORAL HEALTHCARE OF MS,3531 EAST LAKELAND DRIVE,FLOWOOD,MS,39232,RANKIN,(601) 936-2024,Psychiatric,Proprietary,Yes,,Not Available,19,Not Available,Not Available,Not Available,Not Available,Not Available,19,Not Available,Not Available,Not Available,Not Available,Not Available,19,Not Available,Not Available,Not Available,Not Available,Not Available,19,Not Available,Not Available,19,Not Available,Not Available,19
260009.0,BOTHWELL REGIONAL HEALTH CENTER,601 E 14TH ST,SEDALIA,MO,65301,PETTIS,(660) 826-8833,Acute Care Hospitals,Government - Local,Yes,Y,3,,7,5,0,5,0,,8,5,0,5,0,,11,7,0,7,0,,8,8,,12,12,
260034.0,BATES COUNTY MEMORIAL HOSPITAL,615 W NURSERY ST,BUTLER,MO,64730,BATES,(660) 200-7000,Acute Care Hospitals,Government - Local,Yes,,Not Available,16,7,2,0,2,0,,8,1,0,1,0,,11,4,0,4,0,,8,Not Available,5,12,7,
260070.0,PEMISCOT COUNTY MEMORIAL HOSPITAL,946 EAST REED,HAYTI,MO,63851,PEMISCOT,(573) 359-1372,Acute Care Hospitals,Voluntary non-profit - Other,Yes,,Not Available,16,7,2,0,2,0,,8,1,0,1,0,,11,4,0,3,1,,8,Not Available,5,12,4,
260097.0,WESTERN MISSOURI MEDICAL CENTER,403 BURKARTH ROAD,WARRENSBURG,MO,64093,JOHNSON,(660) 747-2500,Acute Care Hospitals,Government - Local,Yes,Y,3,,7,3,0,3,0,,8,3,0,3,0,,11,9,0,9,0,,8,8,,12,11,
260141.0,UNIVERSITY OF MISSOURI HEALTH CARE,ONE HOSPITAL DRIVE,COLUMBIA,MO,65212,BOONE,(573) 882-4141,Acute Care Hospitals,Government - State,Yes,Y,3,,7,7,0,7,0,,8,8,3,5,0,,11,11,0,11,0,,8,8,,12,11,
260183.0,SAINT FRANCIS MEDICAL CENTER,211 ST FRANCIS DR,CAPE GIRARDEAU,MO,63703,CAPE GIRARDEAU,(573) 331-3000,Acute Care Hospitals,Voluntary non-profit - Private,Yes,Y,2,,7,7,0,5,2,,8,7,1,6,0,,11,11,2,8,1,,8,8,,12,11,
260779.0,PARKLAND HEALTH CENTER - BONNE TERRE,7245 RAIDER ROAD,BONNE TERRE,MO,63628,ST. FRANCOIS,(573) 358-1400,Rural Emergency Hospital,Voluntary non-profit - Private,Yes,,Not Available,19,Not Available,Not Available,Not Available,Not Available,Not Available,19,Not Available,Not Available,Not Available,Not Available,Not Available,19,Not Available,Not Available,Not Available,Not Available,Not Available,19,Not Available,Not Available,19,Not Available,Not Available,19
261311.0,MERCY HOSPITAL PERRY,434 NORTH WEST STREET,PERRYVILLE,MO,63775,PERRY,(573) 547-2536,Critical Access Hospitals,Voluntary non-profit - Private,Yes,,3,,7,3,0,2,1,,8,2,0,2,0,,11,9,0,9,0,,8,8,,12,7,
261322.0,EXCELSIOR SPRINGS HOSPITAL,1700 RAINBOW BOULEVARD,EXCELSIOR SPRINGS,MO,64024,CLAY,(816) 630-6081,Critical Access Hospitals,Government - Local,Yes,,Not Available,16,7,Not Available,Not Available,Not Available,Not Available,5,8,Not Available,Not Available,Not Available,Not Available,5,11,2,0,2,0,,8,Not Available,5,12,5,
261333.0,PIKE COUNTY MEMORIAL HOSPITAL,2305 WEST GEORGIA STREET,LOUISIANA,MO,63353,PIKE,(573) 754-5531,Critical Access Hospitals,Government - Local,Yes,,Not Available,16,7,1,0,1,0,,8,Not Available,Not Available,Not Available,Not Available,5,11,3,0,3,0,,8,Not Available,5,12,8,
264004.0,CENTER FOR BEHAVIORAL MEDICINE,600 EAST 5TH STREET,FULTON,MO,65251,CALLAWAY,(573) 592-4100,Psychiatric,Government - State,No,,Not Available,19,Not Available,Not Available,Not Available,Not Available,Not Available,19,Not Available,Not Available,Not Available,Not Available,Not Available,19,Not Available,Not Available,Not Available,Not Available,Not Available,19,Not Available,Not Available,19,Not Available,Not Available,19
264033.0,PERIMETER BEHAVIORAL HOSPITAL OF SPRINGFIELD,2828 N NATIONAL,SPRINGFIELD,MO,65803,GREENE,(417) 837-4000,Psychiatric,Proprietary,No,,Not Available,19,Not Available,Not Available,Not Available,Not Available,Not Available,19,Not Available,Not Available,Not Available,Not Available,Not Available,19,Not Available,Not Available,Not Available,Not Available,Not Available,19,Not Available,Not Available,19,Not Available,Not Available,19
270051.0,LOGAN HEALTH MEDICAL CENTER,310 SUNNYVIEW LANE,KALISPELL,MT,59901,FLATHEAD,(406) 752-5111,Acute Care Hospitals,Voluntary non-profit - Private,Yes,Y,4,,7,7,0,6,1,,8,7,1,6,0,,11,11,2,9,0,,8,8,,12,11,
271306.0,MOUNTAINVIEW MEDICAL CENTER,16 W MAIN ST,WHITE SULPHUR SPRING,MT,59645,MEAGHER,(406) 547-3321,Critical Access Hospitals,Voluntary non-profit - Private,Yes,,Not Available,16,7,Not Available,Not Available,Not Available,Not Available,5,8,Not Available,Not Available,Not Available,Not Available,5,11,Not Available,Not Available,Not Available,Not Available,5,8,Not Available,5,12,3,
271316.0,FRANCES MAHON DEACONESS HOSPITAL,621 3RD ST S,GLASGOW,MT,59230,VALLEY,(406) 228-3500,Critical Access Hospitals,Voluntary non-profit - Private,Yes,,Not Available,16,7,1,0,1,0,,8,Not Available,Not Available,Not Available,Not Available,5,11,6,0,6,0,,8,Not Available,5,12,6,
271326.0,BEARTOOTH BILLINGS CLINIC,2525 N BROADWAY,RED LODGE,MT,59068,CARBON,(406) 446-2345,Critical Access Hospitals,Voluntary non-profit - Private,No,,Not Available,16,7,Not Available,Not Available,Not Available,Not Available,5,8,Not Available,Not Available,Not Available,Not Available,5,11,1,0,1,0,,8,Not Available,5,12,4,
271336.0,LOGAN HEALTH - WHITEFISH,1600 HOSPITAL WAY,WHITEFISH,MT,59937,FLATHEAD,(406) 863-3550,Critical Access Hospitals,Voluntary non-profit - Private,Yes,Y,4,,7,3,0,3,0,,8,2,0,2,0,,11,5,2,3,0,,8,8,,12,7,
271346.0,ROUNDUP MEMORIAL HEALTHCARE,1202 3RD ST W,ROUNDUP,MT,59072,MUSSELSHELL,(406) 323-2301,Critical Access Hospitals,Voluntary non-profit - Private,Yes,,Not Available,16,7,Not Available,Not Available,Not Available,Not Available,5,8,Not Available,Not Available,Not Available,Not Available,5,11,Not Available,Not Available,Not Available,Not Available,5,8,Not Available,5,12,3,
280032.0,MARY LANNING HEALTHCARE,715 N ST JOSEPH AVE,HASTINGS,NE,68901,ADAMS,(402) 463-4521,Acute Care Hospitals,Voluntary non-profit - Other,Yes,Y,3,,7,4,0,3,1,,8,5,0,5,0,,11,9,3,6,0,,8,8,,12,10,
280125.0,FAITH REGIONAL HEALTH SERVICES,2700 WEST NORFOLK AVE,NORFOLK,NE,68701,MADISON,(402) 371-4880,Acute Care Hospitals,Voluntary non-profit - Church,Yes,Y,4,,7,7,0,7,0,,8,3,0,3,0,,11,9,1,8,0,,8,8,,12,9,
280779.0,FRIEND COMMUNITY HEALTHCARE SYSTEM,905 SECOND STREET,FRIEND,NE,68359,SALINE,(402) 947-2541,Rural Emergency Hospital,Government - Local,Yes,,Not Available,19,Not Available,Not Available,Not Available,Not Available,Not Available,19,Not Available,Not Available,Not Available,Not Available,Not Available,19,Not Available,Not Available,Not Available,Not Available,Not Available,19,Not Available,Not Available,19,Not Available,Not Available,19
281309.0,SYRACUSE AREA HEALTH,2731 HEALTHCARE DR,SYRACUSE,NE,68446,OTOE,(402) 269-2011,Critical Access Hospitals,Government - Hospital District or Authority,No,,Not Available,16,7,1,0,1,0,,8,Not Available,Not Available,Not Available,Not Available,5,11,3,1,2,0,,8,Not Available,5,12,4,
281320.0,MEMORIAL HOSPITAL,1423 SEVENTH ST,AURORA,NE,68818,HAMILTON,(402) 694-3171,Critical Access Hospitals,Voluntary non-profit - Private,Yes,,Not Available,16,7,1,0,1,0,,8,Not Available,Not Available,Not Available,Not Available,5,11,3,0,3,0,,8,Not Available,5,12,4,
281332.0,BUTLER COUNTY HEALTH,372 SOUTH 9TH STREET,DAVID CITY,NE,68632,BUTLER,(402) 367-1200,Critical Access Hospitals,Government - Local,Yes,Y,Not Available,16,7,1,0,1,0,,8,Not Available,Not Available,Not Available,Not Available,5,11,3,0,3,0,,8,Not Available,5,12,4,
281343.0,WEST HOLT MEMORIAL HOSPITAL,406 W NEELY ST,ATKINSON,NE,68713,HOLT,(402) 925-2811,Critical Access Hospitals,Voluntary non-profit - Private,Yes,,Not Available,16,7,Not Available,Not Available,Not Available,Not Available,5,8,Not Available,Not Available,Not Available,Not Available,5,11,3,0,3,0,,8,Not Available,5,12,4,
281353.0,VALLEY COUNTY HEALTH SYSTEM,2707 L STREET,ORD,NE,68862,VALLEY,(308) 728-4200,Critical Access Hospitals,Government - Local,Yes,,Not Available,16,7,1,0,1,0,,8,Not Available,Not Available,Not Available,Not Available,5,11,3,1,2,0,,8,Not Available,5,12,4,
281363.0,COMMUNITY HOSPITAL,"P O BOX 1328, 1301 EAST H ST",MCCOOK,NE,69001,RED WILLOW,(308) 344-2650,Critical Access Hospitals,Voluntary non-profit - Other,Yes,,3,,7,3,0,2,1,,8,Not Available,Not Available,Not Available,Not Available,5,11,8,0,8,0,,8,Not Available,5,12,6,
290007.0,UNIVERSITY MEDICAL CENTER,1800 W CHARLESTON BLVD,LAS VEGAS,NV,89102,CLARK,(702) 383-2000,Acute Care Hospitals,Voluntary non-profit - Other,Yes,Y,2,,7,7,0,7,0,,8,7,1,5,1,,11,8,0,7,1,,8,8,,12,8,
290045.0,SAINT ROSE DOMINICAN HOSPITALS - SIENA CAMPUS,3001 ST ROSE PARKWAY,HENDERSON,NV,89052,CLARK,(702) 616-5000,Acute Care Hospitals,Voluntary non-profit - Private,Yes,Y,2,,7,7,0,7,0,,8,7,1,6,0,,11,9,0,8,1,,8,8,,12,10,
291301.0,INCLINE VILLAGE COMMUNITY HOSPITAL,880 ALDER STREET,INCLINE VILLAGE,NV,89451,WASHOE,(775) 833-4100,Critical Access Hospitals,Government - Hospital District or Authority,Yes,,Not Available,16,7,Not Available,Not Available,Not Available,Not Available,5,8,Not Available,Not Available,Not Available,Not Available,5,11,Not Available,Not Available,Not Available,Not Available,5,8,Not Available,5,12,5,
291313.0,BANNER CHURCHILL COMMUNITY HOSPITAL,801 EAST WILLIAMS AVENUE,FALLON,NV,89406,CHURCHILL,(775) 423-3151,Critical Access Hospitals,Voluntary non-profit - Private,Yes,Y,2,,7,3,0,2,1,,8,1,0,1,0,,11,6,0,5,1,,8,8,,12,8,
300003.0,MARY HITCHCOCK MEMORIAL HOSPITAL,1 MEDICAL CENTER DRIVE,LEBANON,NH,3756,GRAFTON,(603) 650-5000,Acute Care Hospitals,Voluntary non-profit - Private,Yes,Y,4,,7,7,0,7,0,,8,8,2,6,0,,11,11,1,9,1,,8,8,,12,11,
300029.0,PORTSMOUTH REGIONAL HOSPITAL,333 BORTHWICK AVE,PORTSMOUTH,NH,3801,ROCKINGHAM,(603) 436-5110,Acute Care Hospitals,Proprietary,Yes,Y,3,,7,7,0,7,0,,8,7,2,5,0,,11,11,0,10,1,,8,8,,12,10,
301308.0,VALLEY REGIONAL HOSPITAL,243 ELM STREET,CLAREMONT,NH,3743,SULLIVAN,(603) 542-7771,Critical Access Hospitals,Voluntary non-profit - Private,Yes,,4,,7,3,0,3,0,,8,2,0,2,0,,11,4,1,3,0,,8,Not Available,5,12,5,
310005.0,HUNTERDON MEDICAL CENTER,2100 WESCOTT DRIVE,FLEMINGTON,NJ,8822,HUNTERDON,(908) 788-6100,Acute Care Hospitals,Voluntary non-profit - Private,No,Y,4,,7,6,1,5,0,,8,7,0,7,0,,11,8,0,8,0,,8,8,,12,10,
310017.0,CHILTON MEDICAL CENTER,97 WEST PARKWAY,POMPTON PLAINS,NJ,7444,MORRIS,(973) 831-5000,Acute Care Hospitals,Voluntary non-profit - Private,Yes,Y,4,,7,6,1,5,0,,8,7,1,6,0,,11,10,2,8,0,,8,8,,12,11,
310034.0,RIVERVIEW MEDICAL CENTER,ONE RIVERVIEW PLAZA,RED BANK,NJ,7701,MONMOUTH,(732) 741-2700,Acute Care Hospitals,Voluntary non-profit - Private,Yes,Y,4,,7,6,0,6,0,,8,7,1,6,0,,11,10,2,7,1,,8,8,,12,10,
310051.0,OVERLOOK MEDICAL CENTER,99 BEAUVOIR AVENUE,SUMMIT,NJ,7901,UNION,(908) 522-2000,Acute Care Hospitals,Voluntary non-profit - Private,Yes,Y,4,,7,6,0,6,0,,8,8,2,6,0,,11,10,1,9,0,,8,8,,12,10,
310073.0,JERSEY SHORE UNIVERSITY MEDICAL CENTER,1945 RTE 33,NEPTUNE,NJ,7754,MONMOUTH,(732) 775-5500,Acute Care Hospitals,Voluntary non-profit - Private,Yes,Y,3,,7,7,3,4,0,,8,8,3,5,0,,11,11,1,8,2,,8,8,,12,10,
310110.0,ROBERT WOOD JOHNSON UNIVERSITY HOSPITAL AT HAMILTON,ONE HAMILTON HEALTH PLACE,HAMILTON,NJ,8690,MERCER,(609) 586-7900,Acute Care Hospitals,Voluntary non-profit - Private,Yes,,3,,7,6,0,6,0,,8,7,1,6,0,,11,10,0,9,1,,8,8,,12,9,
313302.0,WEISMAN CHILDRENS REHABILITATION HOSPITAL,"92 BRICK ROAD, 3RD FLOOR",MARLTON,NJ,8053,BURLINGTON,(856) 489-4520,Childrens,Proprietary,No,,Not Available,19,Not Available,Not Available,Not Available,Not Available,Not Available,19,Not Available,Not Available,Not Available,Not Available,Not Available,19,Not Available,Not Available,Not Available,Not Available,Not Available,19,Not Available,Not Available,19,Not Available,Not Available,19
314022.0,SAINT BARNABAS BEHAVIORAL HEALTH CENTER,1691 HIGHWAY 9  -  CN2025,TOMS RIVER,NJ,8755,OCEAN,(732) 914-1688,Psychiatric,Voluntary non-profit - Private,No,,Not Available,19,Not Available,Not Available,Not Available,Not Available,Not Available,19,Not Available,Not Available,Not Available,Not Available,Not Available,19,Not Available,Not Available,Not Available,Not Available,Not Available,19,Not Available,Not Available,19,Not Available,Not Available,19
320011.0,PRESBYTERIAN ESPANOLA HOSPITAL,1010 SPRUCE STREET,ESPANOLA,NM,87532,RIO ARRIBA,(505) 753-1502,Acute Care Hospitals,Voluntary non-profit - Private,Yes,Y,Not Available,16,7,1,0,1,0,,8,2,0,2,0,,11,6,0,5,1,,8,8,,12,10,
320061.0,GALLUP INDIAN MEDICAL CENTER,516 E NIZHONI BLVD,GALLUP,NM,87301,MCKINLEY,(505) 722-1000,Acute Care Hospitals,Government - Federal,Yes,Y,2,17,7,2,0,2,0,,8,3,0,3,0,,11,3,0,3,0,,8,8,,12,5,
320779.0,GUADALUPE COUNTY HOSPITAL,"117 CAMINO DE VIDA, SUITE 100",SANTA ROSA,NM,88435,GUADALUPE,(575) 472-3417,Rural Emergency Hospital,Government - Local,Yes,,Not Available,19,Not Available,Not Available,Not Available,Not Available,Not Available,19,Not Available,Not Available,Not Available,Not Available,Not Available,19,Not Available,Not Available,Not Available,Not Available,Not Available,19,Not Available,Not Available,19,Not Available,Not Available,19
321310.0,HOLY CROSS HOSPITAL A DIV OF TAOS HEALTH SYSTEMS,1397 WEIMER ROAD,TAOS,NM,87571,TAOS,(575) 758-8883,Critical Access Hospitals,Voluntary non-profit - Private,Yes,Y,3,,7,3,0,3,0,,8,1,0,1,0,,11,5,0,5,0,,8,8,,12,11,
330009.0,BRONXCARE HOSPITAL CENTER,1276 FULTON AVENUE,BRONX,NY,10456,BRONX,(212) 588-7000,Acute Care Hospitals,Voluntary non-profit - Private,Yes,Y,1,,7,5,0,5,0,,8,6,2,4,0,,11,5,0,4,1,,8,8,,12,9,
330033.0,CHENANGO MEMORIAL HOSPITAL,179 NORTH BROAD STREET,NORWICH,NY,13815,CHENANGO,(607) 337-4111,Acute Care Hospitals,Voluntary non-profit - Private,Yes,Y,Not Available,16,7,2,0,2,0,,8,2,0,2,0,,11,5,0,4,1,,8,8,,12,9,
330058.0,GENEVA GENERAL HOSPITAL,196 -198 NORTH STREET,GENEVA,NY,14456,ONTARIO,(315) 787-4175,Acute Care Hospitals,Voluntary non-profit - Other,Yes,,1,,7,4,0,4,0,,8,6,0,6,0,,11,7,0,5,2,,8,8,,12,10,
330086.0,MONTEFIORE MOUNT VERNON HOSPITAL,12 NORTH 7TH AVENUE,MOUNT VERNON,NY,10550,WESTCHESTER,(914) 664-8000,Acute Care Hospitals,Voluntary non-profit - Private,Yes,,Not Available,16,7,Not Available,Not Available,Not Available,Not Available,5,8,2,0,2,0,,11,2,0,2,0,,8,Not Available,5,12,8,
330107.0,PECONIC BAY MEDICAL CENTER,1 HEROS WAY,RIVERHEAD,NY,11901,SUFFOLK,(631) 548-6000,Acute Care Hospitals,Voluntary non-profit - Other,Yes,Y,3,,7,6,0,6,0,,8,7,2,5,0,,11,8,0,7,1,,8,8,,12,10,
330140.0,ST JOSEPH'S HOSPITAL HEALTH CENTER,301 PROSPECT AVENUE,SYRACUSE,NY,13203,ONONDAGA,(315) 448-5111,Acute Care Hospitals,Voluntary non-profit - Private,Yes,Y,2,,7,7,1,6,0,,8,7,3,4,0,,11,9,0,5,4,,8,8,,12,9,
330166.0,"WESTFIELD MEMORIAL HOSPITAL, INC",189 EAST MAIN STREET,WESTFIELD,NY,14787,CHAUTAUQUA,(716) 326-4921,Acute Care Hospitals,Voluntary non-profit - Private,Yes,,Not Available,16,7,1,0,1,0,,8,Not Available,Not Available,Not Available,Not Available,5,11,2,0,2,0,,8,Not Available,5,12,6,
330193.0,FLUSHING HOSPITAL MEDICAL CENTER,45TH AVENUE AND PARSONS BOULEVARD,FLUSHING,NY,11355,QUEENS,(718) 670-5000,Acute Care Hospitals,Voluntary non-profit - Private,Yes,Y,2,,7,5,0,5,0,,8,6,3,3,0,,11,5,0,4,1,,8,8,,12,9,
330205.0,ST ANTHONY COMMUNITY HOSPITAL,15 MAPLE AVENUE -19,WARWICK,NY,10990,ORANGE,(845) 986-2276,Acute Care Hospitals,Voluntary non-profit - Church,No,Y,5,,7,4,0,4,0,,8,3,0,3,0,,11,7,1,6,0,,8,8,,12,9,
330226.0,UNITY HOSPITAL,1555 LONG POND ROAD,ROCHESTER,NY,14626,MONROE,(585) 723-7000,Acute Care Hospitals,Voluntary non-profit - Private,Yes,Y,1,,7,6,0,6,0,,8,7,3,4,0,,11,10,0,7,3,,8,8,,12,10,
330246.0,ST CHARLES HOSPITAL,200 BELLE TERRE ROAD,PORT JEFFERSON,NY,11777,SUFFOLK,(631) 474-6000,Acute Care Hospitals,Voluntary non-profit - Church,No,Y,4,,7,4,0,4,0,,8,7,1,6,0,,11,7,0,6,1,,8,8,,12,9,
330277.0,CORNING HOSPITAL,1 GUTHRIE DRIVE,CORNING,NY,14830,STEUBEN,(607) 937-7200,Acute Care Hospitals,Voluntary non-profit - Private,Yes,Y,3,,7,4,0,4,0,,8,5,1,4,0,,11,9,0,7,2,,8,8,,12,11,
330393.0,SUNY/STONY BROOK UNIVERSITY HOSPITAL,HEALTH SCIENCES CENTER SUNY,STONY BROOK,NY,11794,SUFFOLK,(631) 444-4000,Acute Care Hospitals,Government - State,Yes,Y,4,,7,7,3,4,0,,8,8,3,5,0,,11,11,0,9,2,,8,8,,12,11,
331301.0,"CUBA MEMORIAL HOSPITAL, INC",140 WEST MAIN STREET,CUBA,NY,14727,ALLEGANY,(585) 961-2000,Critical Access Hospitals,Voluntary non-profit - Private,No,,Not Available,16,7,Not Available,Not Available,Not Available,Not Available,5,8,Not Available,Not Available,Not Available,Not Available,5,11,Not Available,Not Available,Not Available,Not Available,5,8,Not Available,5,12,3,
331314.0,SOLDIERS AND SAILORS MEMORIAL HOSPITAL OF YATES,418 NORTH MAIN STREET,PENN YAN,NY,14527,YATES,(315) 787-4175,Critical Access Hospitals,Voluntary non-profit - Private,Yes,,Not Available,16,7,1,0,1,0,,8,Not Available,Not Available,Not Available,Not Available,5,11,2,0,2,0,,8,Not Available,5,12,7,
333301.0,BLYTHEDALE CHILDREN'S HOSPITAL,95 BRADHURST AVENUE,VALHALLA,NY,10595,WESTCHESTER,(914) 592-7555,Childrens,Voluntary non-profit - Private,No,,Not Available,19,Not Available,Not Available,Not Available,Not Available,Not Available,19,Not Available,Not Available,Not Available,Not Available,Not Available,19,Not Available,Not Available,Not Available,Not Available,Not Available,19,Not Available,Not Available,19,Not Available,Not Available,19
334021.0,MOHAWK VALLEY PSYCHIATRIC CENTER,1400 NOYES ST,UTICA,NY,13502,ONEIDA,(315) 797-6800,Psychiatric,Government - Local,No,,Not Available,19,Not Available,Not Available,Not Available,Not Available,Not Available,19,Not Available,Not Available,Not Available,Not Available,Not Available,19,Not Available,Not Available,Not Available,Not Available,Not Available,19,Not Available,Not Available,19,Not Available,Not Available,19
334053.0,BRONX PSYCHIATRIC CENTER,1500 WATERS PLACE,BRONX,NY,10461,BRONX,(718) 931-0600,Psychiatric,Government - State,No,,Not Available,19,Not Available,Not Available,Not Available,Not Available,Not Available,19,Not Available,Not Available,Not Available,Not Available,Not Available,19,Not Available,Not Available,Not Available,Not Available,Not Available,19,Not Available,Not Available,19,Not Available,Not Available,19
340002.0,MEMORIAL MISSION HOSPITAL AND ASHEVILLE SURGERY CE,509 BILTMORE AVE,ASHEVILLE,NC,28801,BUNCOMBE,(828) 213-1111,Acute Care Hospitals,Voluntary non-profit - Private,Yes,Y,4,,7,7,2,5,0,,8,8,4,4,0,,11,11,4,7,0,,8,8,,12,10,
340020.0,CENTRAL CAROLINA HOSPITAL,1135 CARTHAGE ST,SANFORD,NC,27330,LEE,(919) 774-2100,Acute Care Hospitals,Voluntary non-profit - Private,Yes,Y,1,,7,5,0,5,0,,8,3,0,2,1,,11,6,0,5,1,,8,8,,12,9,
340041.0,CALDWELL MEMORIAL HOSPITAL,321 MULBERRY ST SW,LENOIR,NC,28645,CALDWELL,(828) 757-5100,Acute Care Hospitals,Voluntary non-profit - Other,Yes,,1,,7,5,0,5,0,,8,6,0,6,0,,11,7,1,5,1,,8,8,,12,10,
340068.0,COLUMBUS REGIONAL HEALTHCARE SYSTEM,500 JEFFERSON ST,WHITEVILLE,NC,28472,COLUMBUS,(910) 642-8011,Acute Care Hospitals,Voluntary non-profit - Other,Yes,Y,1,,7,4,0,3,1,,8,7,0,7,0,,11,9,0,7,2,,8,8,,12,10,
340096.0,LEXINGTON MEMORIAL HOSPITAL INC,250 HOSPITAL DRIVE PO BOX 1817,LEXINGTON,NC,27293,DAVIDSON,(336) 248-5161,Acute Care Hospitals,Voluntary non-profit - Private,Yes,,3,,7,4,0,4,0,,8,6,0,6,0,,11,7,0,7,0,,8,8,,12,9,
340119.0,STANLY REGIONAL MEDICAL CENTER,301 YADKIN ST,ALBEMARLE,NC,28001,STANLY,(704) 984-4000,Acute Care Hospitals,Voluntary non-profit - Private,Yes,Y,3,,7,5,0,5,0,,8,4,1,3,0,,11,7,0,7,0,,8,8,,12,12,
340142.0,CARTERET GENERAL HOSPITAL,3500 ARENDELL ST,MOREHEAD CITY,NC,28557,CARTERET,(252) 808-6000,Acute Care Hospitals,Proprietary,Yes,Y,1,,7,5,0,4,1,,8,5,0,4,1,,11,10,0,10,0,,8,8,,12,10,
340166.0,ATRIUM HEALTH UNIVERSITY CITY,8800 NORTH TYRON STREET,CHARLOTTE,NC,28262,MECKLENBURG,(704) 548-6000,Acute Care Hospitals,Government - Hospital District or Authority,Yes,Y,3,,7,4,0,4,0,,8,6,1,5,0,,11,6,0,6,0,,8,8,,12,11,
341304.0,ECU HEALTH BERTIE HOSPITAL,1403 S KING ST,WINDSOR,NC,27983,BERTIE,(252) 794-6600,Critical Access Hospitals,Voluntary non-profit - Private,Yes,,5,,7,3,0,3,0,,8,Not Available,Not Available,Not Available,Not Available,5,11,4,2,2,0,,8,Not Available,5,12,7,
341320.0,ALLEGHANY  MEMORIAL HOSPITAL,233 DOCTORS STREET,SPARTA,NC,28675,ALLEGHANY,(336) 372-5511,Critical Access Hospitals,Voluntary non-profit - Private,Yes,,Not Available,16,7,1,0,1,0,,8,Not Available,Not Available,Not Available,Not Available,5,11,3,0,3,0,,8,Not Available,5,12,2,
344007.0,OLD VINEYARD YOUTH SERVICES,3637 OLD VINEYARD ROAD,WINSTON SALEM,NC,27104,FORSYTH,(336) 794-3550,Psychiatric,Proprietary,No,,Not Available,19,Not Available,Not Available,Not Available,Not Available,Not Available,19,Not Available,Not Available,Not Available,Not Available,Not Available,19,Not Available,Not Available,Not Available,Not Available,Not Available,19,Not Available,Not Available,19,Not Available,Not Available,19
344034.0,APPALACHIAN REGIONAL BEHAVIORAL HEALTHCARE,432 HOSPITAL DR,LINVILLE,NC,28646,AVERY,(828) 737-7071,Psychiatric,Voluntary non-profit - Private,No,,Not Available,19,Not Available,Not Available,Not Available,Not Available,Not Available,19,Not Available,Not Available,Not Available,Not Available,Not Available,19,Not Available,Not Available,Not Available,Not Available,Not Available,19,Not Available,Not Available,19,Not Available,Not Available,19
351300.0,TIOGA MEDICAL CENTER,810 N WELO ST,TIOGA,ND,58852,WILLIAMS,(701) 664-3305,Critical Access Hospitals,Voluntary non-profit - Private,Yes,,Not Available,16,7,Not Available,Not Available,Not Available,Not Available,5,8,Not Available,Not Available,Not Available,Not Available,5,11,1,0,1,0,,8,Not Available,5,12,5,
351310.0,SAKAKAWEA MEDICAL CENTER - CAH,510 8TH AVENUE NE,HAZEN,ND,58545,MERCER,(701) 748-2225,Critical Access Hospitals,Voluntary non-profit - Private,Yes,,Not Available,16,7,1,0,1,0,,8,Not Available,Not Available,Not Available,Not Available,5,11,2,1,1,0,,8,Not Available,5,12,4,
351321.0,SOUTH CENTRAL HEALTH,1007 4TH AVE S,WISHEK,ND,58495,MCINTOSH,(701) 452-2326,Critical Access Hospitals,Government - Local,Yes,,Not Available,16,7,1,0,1,0,,8,Not Available,Not Available,Not Available,Not Available,5,11,2,0,2,0,,8,Not Available,5,12,5,
351331.0,TOWNER COUNTY MEDICAL CENTER,7448 HWY 281 N,CANDO,ND,58324,TOWNER,(701) 968-4411,Critical Access Hospitals,Voluntary non-profit - Private,Yes,,Not Available,16,7,1,0,1,0,,8,Not Available,Not Available,Not Available,Not Available,5,11,2,0,2,0,,8,Not Available,5,12,3,
360002.0,UNIVERSITY HOSPITALS SAMARITAN MEDICAL CENTER,1025 CENTER ST,ASHLAND,OH,44805,ASHLAND,(419) 289-0491,Acute Care Hospitals,Voluntary non-profit - Other,No,,3,,7,4,0,4,0,,8,2,0,2,0,,11,8,1,7,0,,8,8,,12,11,
360016.0,THE JEWISH HOSPITAL-MERCY HEALTH,4777 EAST GALBRAITH ROAD,CINCINNATI,OH,45236,HAMILTON,(513) 686-3000,Acute Care Hospitals,Voluntary non-profit - Private,Yes,,3,,7,7,1,6,0,,8,7,0,7,0,,11,9,0,8,1,,8,8,,12,9,
360039.0,GENESIS HOSPITAL,2951 MAPLE AVENUE,ZANESVILLE,OH,43701,MUSKINGUM,(740) 454-5000,Acute Care Hospitals,Voluntary non-profit - Private,Yes,Y,4,,7,7,0,7,0,,8,7,1,6,0,,11,10,2,8,0,,8,8,,12,11,
360059.0,METROHEALTH SYSTEM,2500 METROHEALTH DRIVE,CLEVELAND,OH,44109,CUYAHOGA,(216) 778-7089,Acute Care Hospitals,Voluntary non-profit - Other,Yes,Y,3,,7,7,1,6,0,,8,8,2,5,1,,11,11,0,10,1,,8,8,,12,12,
360077.0,FAIRVIEW HOSPITAL,18101 LORAIN AVENUE,CLEVELAND,OH,44111,CUYAHOGA,(216) 476-7000,Acute Care Hospitals,Voluntary non-profit - Private,Yes,Y,5,,7,7,4,3,0,,8,7,2,5,0,,11,11,0,10,1,,8,8,,12,11,
360091.0,MEDINA HOSPITAL,1000 EAST WASHINGTON STREET,MEDINA,OH,44256,MEDINA,(330) 725-1000,Acute Care Hospitals,Voluntary non-profit - Private,Yes,,5,,7,5,2,3,0,,8,7,0,7,0,,11,7,0,7,0,,8,8,,12,10,
360123.0,UH ST JOHN MEDICAL CENTER,29000 CENTER RIDGE ROAD,WESTLAKE,OH,44145,CUYAHOGA,(440) 835-8000,Acute Care Hospitals,Voluntary non-profit - Private,Yes,,4,,7,6,0,6,0,,8,7,0,7,0,,11,10,0,10,0,,8,8,,12,10,
360147.0,MARIETTA MEMORIAL HOSPITAL,401 MATTHEW STREET,MARIETTA,OH,45750,WASHINGTON,(740) 374-1400,Acute Care Hospitals,Voluntary non-profit - Other,Yes,Y,3,,7,7,0,7,0,,8,6,1,5,0,,11,10,0,10,0,,8,8,,12,12,
360172.0,MERCY REGIONAL MEDICAL CENTER,3700 KOLBE ROAD,LORAIN,OH,44053,LORAIN,(440) 960-4000,Acute Care Hospitals,Voluntary non-profit - Private,Yes,Y,2,,7,6,0,6,0,,8,7,2,4,1,,11,8,0,7,1,,8,8,,12,10,
360211.0,TRINITY MEDICAL CTR EAST &TRINITY MEDICAL CTR WEST,380 SUMMIT AVENUE,STEUBENVILLE,OH,43952,JEFFERSON,(740) 264-7212,Acute Care Hospitals,Voluntary non-profit - Other,Yes,Y,2,,7,7,0,7,0,,8,7,2,5,0,,11,11,1,10,0,,8,8,,12,12,
360270.0,MERCY HEALTH - DEFIANCE HOSPITAL,1404 EAST SECOND STREET,DEFIANCE,OH,43512,DEFIANCE,(419) 782-8444,Acute Care Hospitals,Proprietary,Yes,,3,,7,3,0,3,0,,8,1,0,1,0,,11,8,0,8,0,,8,8,,12,9,
360361.0,KINGS DAUGHTERS MEDICAL CENTER OHIO,1901 ARGONNE ROAD,PORTSMOUTH,OH,45662,SCIOTO,(740) 991-4000,Acute Care Hospitals,Voluntary non-profit - Private,Yes,,Not Available,16,7,Not Available,Not Available,Not Available,Not Available,5,8,2,0,2,0,,11,3,0,3,0,,8,Not Available,5,12,7,
361306.0,MERCY ALLEN HOSPITAL,200 WEST LORAIN STREET,OBERLIN,OH,44074,LORAIN,(440) 334-7039,Critical Access Hospitals,Voluntary non-profit - Private,Yes,,5,,7,3,0,3,0,,8,1,0,1,0,,11,3,0,3,0,,8,8,,12,6,
361316.0,BUCYRUS COMMUNITY HOSPITAL,629 NORTH SANDUSKY AVENUE,BUCYRUS,OH,44820,CRAWFORD,(419) 563-9376,Critical Access Hospitals,Voluntary non-profit - Other,Yes,,Not Available,16,7,1,0,1,0,,8,2,0,1,1,,11,4,0,4,0,,8,Not Available,5,12,7,
361327.0,COMMUNITY HOSPITALS AND WELLNESS CENTERS,909 EAST SNYDER AVENUE,MONTPELIER,OH,43543,WILLIAMS,(419) 636-1131,Critical Access Hospitals,Voluntary non-profit - Private,Yes,,Not Available,16,7,Not Available,Not Available,Not Available,Not Available,5,8,Not Available,Not Available,Not Available,Not Available,5,11,Not Available,Not Available,Not Available,Not Available,5,8,Not Available,5,12,4,
363303.0,AKRON CHILDREN'S HOSPITAL,1 PERKINS SQUARE,AKRON,OH,44308,SUMMIT,(330) 543-8290,Childrens,Voluntary non-profit - Private,No,,Not Available,19,Not Available,Not Available,Not Available,Not Available,Not Available,19,Not Available,Not Available,Not Available,Not Available,Not Available,19,Not Available,Not Available,Not Available,Not Available,Not Available,19,Not Available,Not Available,19,Not Available,Not Available,19
364029.0,WINDSOR LAURELWOOD CENTER FOR BEHAVORIAL MEDICINE,35900 EUCLID AVENUE,WILLOUGHBY,OH,44094,LAKE,(440) 953-3000,Psychiatric,Proprietary,No,,Not Available,19,Not Available,Not Available,Not Available,Not Available,Not Available,19,Not Available,Not Available,Not Available,Not Available,Not Available,19,Not Available,Not Available,Not Available,Not Available,Not Available,19,Not Available,Not Available,19,Not Available,Not Available,19
364049.0,DUBLIN SPRINGS,7625 HOSPITAL DRIVE,DUBLIN,OH,43016,FRANKLIN,(614) 717-1800,Psychiatric,Proprietary,No,,Not Available,19,Not Available,Not Available,Not Available,Not Available,Not Available,19,Not Available,Not Available,Not Available,Not Available,Not Available,19,Not Available,Not Available,Not Available,Not Available,Not Available,19,Not Available,Not Available,19,Not Available,Not Available,19
364059.0,ASSURANCE HEALTH HUDSON LLC,6260 HUDSON CROSSING PKWY,HUDSON,OH,44236,SUMMIT,(330) 208-9317,Psychiatric,Proprietary,No,,Not Available,19,Not Available,Not Available,Not Available,Not Available,Not Available,19,Not Available,Not Available,Not Available,Not Available,Not Available,19,Not Available,Not Available,Not Available,Not Available,Not Available,19,Not Available,Not Available,19,Not Available,Not Available,19
370004.0,INTEGRIS MIAMI HOSPITAL,200 SECOND AVENUE SOUTHWEST,MIAMI,OK,74355,OTTAWA,(918) 542-6611,Acute Care Hospitals,Voluntary non-profit - Other,Yes,Y,Not Available,16,7,2,0,0,2,,8,2,0,2,0,,11,6,0,6,0,,8,8,,12,9,
370022.0,JACKSON COUNTY MEMORIAL HOSPITAL AUTHORITY,1200 EAST PECAN ST,ALTUS,OK,73521,JACKSON,(580) 379-5500,Acute Care Hospitals,Government - Hospital District or Authority,Yes,Y,4,,7,4,0,4,0,,8,4,1,3,0,,11,7,1,6,0,,8,8,,12,9,
370054.0,GRADY MEMORIAL HOSPITAL,2220 IOWA STREET,CHICKASHA,OK,73018,GRADY,(405) 224-2300,Acute Care Hospitals,Government - Local,Yes,,3,,7,3,0,3,0,,8,3,0,3,0,,11,7,1,6,0,,8,8,,12,10,
370099.0,HILLCREST HOSPITAL CUSHING,1027 EAST CHERRY STREET,CUSHING,OK,74023,PAYNE,(918) 225-8152,Acute Care Hospitals,Proprietary,Yes,,Not Available,16,7,1,0,1,0,,8,Not Available,Not Available,Not Available,Not Available,5,11,3,0,3,0,,8,Not Available,5,12,9,
370171.0,CHEROKEE NATION W W HASTINGS INDIAN HOSPITAL,100 S BLISS AVENUE,TAHLEQUAH,OK,74464,CHEROKEE,(918) 458-3100,Acute Care Hospitals,Voluntary non-profit - Other,Yes,Y,3,,7,4,0,4,0,,8,3,1,2,0,,11,4,0,4,0,,8,8,,12,5,
370203.0,"COMMUNITY HOSPITAL, LLC",3100 SOUTHWEST 89TH STREET,OKLAHOMA CITY,OK,73159,OKLAHOMA,(405) 602-8100,Acute Care Hospitals,Physician,Yes,,4,,7,Not Available,Not Available,Not Available,Not Available,5,8,4,0,4,0,,11,4,0,4,0,,8,8,,12,7,
370222.0,MCBRIDE ORTHOPEDIC HOSPITAL,9600 NORTH BROADWAY EXTENSION,OKLAHOMA CITY,OK,73114,OKLAHOMA,(405) 486-2100,Acute Care Hospitals,Physician,Yes,,Not Available,16,7,1,0,1,0,,8,2,0,2,0,,11,5,1,4,0,,8,8,,12,6,
370244.0,COUNCIL OAK COMPREHENSIVE HEALTHCARE,10109 E 79TH ST,TULSA,OK,74133,TULSA,(918) 940-7543,Acute Care Hospitals,Tribal,No,,Not Available,16,7,Not Available,Not Available,Not Available,Not Available,5,8,Not Available,Not Available,Not Available,Not Available,5,11,Not Available,Not Available,Not Available,Not Available,5,8,Not Available,5,12,3,
371302.0,"MERCY HOSPITAL WATONGA, INC",500 NORTH CLARENCE NASH BOULEVARD,WATONGA,OK,73772,BLAINE,(580) 623-7211,Critical Access Hospitals,Proprietary,Yes,,Not Available,16,7,Not Available,Not Available,Not Available,Not Available,5,8,Not Available,Not Available,Not Available,Not Available,5,11,1,0,1,0,,8,Not Available,5,12,5,
371313.0,"MERCY HOSPITAL KINGFISHER, INC",1000 HOSPITAL DRIVE,KINGFISHER,OK,73750,KINGFISHER,(405) 375-3141,Critical Access Hospitals,Voluntary non-profit - Private,Yes,,Not Available,16,7,1,0,1,0,,8,1,0,1,0,,11,2,0,2,0,,8,Not Available,5,12,6,
371325.0,CORDELL MEMORIAL HOSPITAL,1220 NORTH GLENN ENGLISH STREET,CORDELL,OK,73632,WASHITA,(580) 832-3339,Critical Access Hospitals,Government - Hospital District or Authority,Yes,,Not Available,16,7,Not Available,Not Available,Not Available,Not Available,5,8,Not Available,Not Available,Not Available,Not Available,5,11,1,0,1,0,,8,Not Available,5,12,5,
371335.0,"HASKELL REGIONAL HOSPITAL, INC",401 NORTHWEST H STREET,STIGLER,OK,74462,HASKELL,(918) 967-4682,Critical Access Hospitals,Voluntary non-profit - Private,Yes,,Not Available,16,7,1,0,1,0,,8,Not Available,Not Available,Not Available,Not Available,5,11,2,1,1,0,,8,Not Available,5,12,2,
39005.0,ERIE VA MEDICAL CENTER,135 EAST 38TH STREET,ERIE,PA,16504,ERIE,(814) 860-2576,Acute Care - Veterans Administration,Veterans Health Administration,No,,Not Available,16,7,Not Available,Not Available,Not Available,Not Available,5,8,Not Available,Not Available,Not Available,Not Available,5,11,1,0,1,0,,8,Not Available,5,12,3,
43002.0,VA BLACK HILLS HEALTHCARE SYSTEM,113 COMANCHE ROAD,FORT MEADE,SD,57741,MEADE,(605) 347-2511,Acute Care - Veterans Administration,Veterans Health Administration,Yes,,4,,7,3,0,3,0,,8,1,0,1,0,,11,4,0,4,0,,8,8,,12,5,
45070.0,Darnall AMC (FT Cavazos),590 Medical Center Rd,Fort Cavazos,TX,76544,BELL,(254) 288-8000,Acute Care - Department of Defense,Department of Defense,Yes,,Not Available,22,Not Available,Not Available,Not Available,Not Available,Not Available,22,Not Available,Not Available,Not Available,Not Available,Not Available,22,Not Available,Not Available,Not Available,Not Available,Not Available,22,Not Available,Not Available,22,Not Available,Not Available,22
49011.0,SALEM VA MEDICAL CENTER,1970 ROANOKE BOULEVARD,SALEM,VA,24153,SALEM CITY,(540) 982-2463,Acute Care - Veterans Administration,Veterans Health Administration,Yes,,5,,7,4,1,3,0,,8,4,0,4,0,,11,6,1,5,0,,8,8,,12,5,
52004.0,MADISON VA MEDICAL CENTER,2500 OVERLOOK TERRACE,MADISON,WI,53705,DANE,(608) 256-1901,Acute Care - Veterans Administration,Veterans Health Administration,Yes,,5,,7,5,2,3,0,,8,4,0,4,0,,11,6,0,5,1,,8,8,,12,5,
374023.0,CEDAR RIDGE BEHAVIORAL HOSPITAL,6501 NORTHEAST 50TH STREET,OKLAHOMA CITY,OK,73141,OKLAHOMA,(405) 605-6111,Psychiatric,Proprietary,No,,Not Available,19,Not Available,Not Available,Not Available,Not Available,Not Available,19,Not Available,Not Available,Not Available,Not Available,Not Available,19,Not Available,Not Available,Not Available,Not Available,Not Available,19,Not Available,Not Available,19,Not Available,Not Available,19
380014.0,GOOD SAMARITAN REGIONAL MEDICAL CENTER,3600 NW SAMARITAN DRIVE,CORVALLIS,OR,97339,BENTON,(541) 768-5111,Acute Care Hospitals,Voluntary non-profit - Private,Yes,Y,3,,7,7,0,6,1,,8,7,1,6,0,,11,11,0,11,0,,8,8,,12,11,
380038.0,PROVIDENCE WILLAMETTE FALLS MEDICAL CENTER,1500 DIVISION STREET,OREGON CITY,OR,97045,CLACKAMAS,(503) 656-1631,Acute Care Hospitals,Voluntary non-profit - Private,Yes,Y,4,,7,4,0,4,0,,8,4,1,3,0,,11,6,1,5,0,,8,8,,12,9,
380082.0,PROVIDENCE MILWAUKIE HOSPITAL,10150 SE 32ND AVENUE,MILWAUKIE,OR,97222,CLACKAMAS,(503) 513-8300,Acute Care Hospitals,Voluntary non-profit - Church,No,,3,,7,4,0,4,0,,8,3,0,3,0,,11,5,1,4,0,,8,8,,12,8,
381305.0,BLUE MOUNTAIN HOSPITAL,170 FORD ROAD,JOHN DAY,OR,97845,GRANT,(541) 575-1311,Critical Access Hospitals,Government - Hospital District or Authority,Yes,,Not Available,16,7,1,0,1,0,,8,Not Available,Not Available,Not Available,Not Available,5,11,2,0,2,0,,8,Not Available,5,12,6,
381315.0,ST. ALPHONSUS MEDICAL CENTER - BAKER CITY,3325 POCAHONTAS ROAD,BAKER CITY,OR,97814,BAKER,(541) 523-6461,Critical Access Hospitals,Voluntary non-profit - Church,Yes,,Not Available,5,7,Not Available,Not Available,Not Available,Not Available,5,8,Not Available,Not Available,Not Available,Not Available,5,11,Not Available,Not Available,Not Available,Not Available,5,8,Not Available,5,12,Not Available,5
381325.0,GOOD SHEPHERD MEDICAL CENTER,610 NW 11TH STREET,HERMISTON,OR,97838,UMATILLA,(541) 667-3400,Critical Access Hospitals,Voluntary non-profit - Private,Yes,Y,Not Available,5,7,Not Available,Not Available,Not Available,Not Available,5,8,Not Available,Not Available,Not Available,Not Available,5,11,Not Available,Not Available,Not Available,Not Available,5,8,Not Available,5,12,Not Available,5
390012.0,JEFFERSON LANSDALE HOSPITAL,100 MEDICAL CAMPUS DRIVE,LANSDALE,PA,19446,MONTGOMERY,(215) 368-2100,Acute Care Hospitals,Voluntary non-profit - Private,Yes,,2,,7,5,0,5,0,,8,7,0,7,0,,11,7,0,6,1,,8,8,,12,9,
390036.0,HERITAGE VALLEY BEAVER,1000 DUTCH RIDGE ROAD,BEAVER,PA,15009,BEAVER,(412) 728-7000,Acute Care Hospitals,Voluntary non-profit - Private,Yes,,3,,7,7,0,7,0,,8,7,0,7,0,,11,11,1,9,1,,8,8,,12,11,
390050.0,ALLEGHENY GENERAL HOSPITAL,320 EAST NORTH AVENUE,PITTSBURGH,PA,15212,ALLEGHENY,(412) 359-3131,Acute Care Hospitals,Voluntary non-profit - Private,Yes,,2,,7,7,0,7,0,,8,7,2,5,0,,11,11,1,9,1,,8,8,,12,9,
390070.0,LOWER BUCKS HOSPITAL,501 BATH ROAD,BRISTOL,PA,19007,BUCKS,(215) 785-9200,Acute Care Hospitals,Proprietary,Yes,,3,,7,3,0,3,0,,8,2,1,1,0,,11,5,1,4,0,,8,8,,12,7,
390101.0,UPMC MEMORIAL,1701 INNOVATION DRIVE,YORK,PA,17408,YORK,(717) 843-8623,Acute Care Hospitals,Voluntary non-profit - Private,Yes,Y,3,,7,6,0,6,0,,8,8,0,8,0,,11,8,0,8,0,,8,8,,12,10,
390117.0,UPMC BEDFORD MEMORIAL,10455 LINCOLN HIGHWAY,EVERETT,PA,15537,BEDFORD,(814) 623-6161,Acute Care Hospitals,Voluntary non-profit - Private,Yes,,Not Available,16,7,2,0,2,0,,8,2,0,2,0,,11,7,1,6,0,,8,8,,12,8,
390146.0,WARREN GENERAL HOSPITAL,2 CRESCENT PARK WEST,WARREN,PA,16365,WARREN,(814) 723-4973,Acute Care Hospitals,Voluntary non-profit - Private,Yes,Y,2,,7,4,0,4,0,,8,4,0,4,0,,11,9,0,9,0,,8,8,,12,11,
390168.0,INDEPENDENCE HEALTH SYSTEM BUTLER MEMORIAL HOSPITA,ONE HOSPITAL WAY,BUTLER,PA,16001,BUTLER,(724) 283-6666,Acute Care Hospitals,Voluntary non-profit - Private,Yes,Y,2,,7,7,0,7,0,,8,7,2,5,0,,11,11,0,10,1,,8,8,,12,12,
390198.0,MILLCREEK COMMUNITY HOSPITAL,5515 PEACH STREET,ERIE,PA,16509,ERIE,(814) 864-4031,Acute Care Hospitals,Voluntary non-profit - Private,Yes,,2,,7,2,0,2,0,,8,3,1,2,0,,11,5,0,5,0,,8,Not Available,5,12,8,
390225.0,WELLSPAN EPHRATA COMMUNITY HOSPITAL,169 MARTIN AVENUE,EPHRATA,PA,17522,LANCASTER,(717) 733-0311,Acute Care Hospitals,Voluntary non-profit - Other,Yes,Y,4,,7,5,0,5,0,,8,5,1,4,0,,11,9,0,9,0,,8,8,,12,11,
390267.0,FORBES HOSPITAL,2570 HAYMAKER ROAD,MONROEVILLE,PA,15146,ALLEGHENY,(412) 858-2000,Acute Care Hospitals,Voluntary non-profit - Private,Yes,Y,3,,7,7,0,7,0,,8,6,2,4,0,,11,11,0,11,0,,8,8,,12,11,
390324.0,PHYSICIANS CARE SURGICAL HOSPITAL,454 ENTERPRISE DRIVE,ROYERSFORD,PA,19468,MONTGOMERY,(610) 495-3330,Acute Care Hospitals,Physician,No,,Not Available,16,7,Not Available,Not Available,Not Available,Not Available,5,8,2,1,1,0,,11,3,1,2,0,,8,8,,12,2,
390334.0,AHN WEXFORD HOSPITAL,12351 PERRY HIGHWAY,WEXFORD,PA,15090,ALLEGHENY,(412) 295-3319,Acute Care Hospitals,Voluntary non-profit - Private,Yes,Y,5,,7,2,0,2,0,,8,6,1,5,0,,11,6,0,6,0,,8,8,,12,9,
391303.0,FULTON COUNTY MEDICAL CENTER,214 PEACH ORCHARD ROAD,MCCONNELLSBURG,PA,17233,FULTON,(717) 485-3155,Critical Access Hospitals,Voluntary non-profit - Private,Yes,,3,,7,3,0,3,0,,8,Not Available,Not Available,Not Available,Not Available,5,11,5,0,5,0,,8,Not Available,5,12,5,
391315.0,PENN HIGHLANDS ELK,763 JOHNSONBURG ROAD,SAINT MARYS,PA,15857,ELK,(814) 788-8000,Critical Access Hospitals,Voluntary non-profit - Private,Yes,,3,,7,4,0,4,0,,8,1,0,1,0,,11,7,1,6,0,,8,8,,12,8,
394004.0,DANVILLE STATE HOSPITAL,50 KIRKBRIDE DRIVE,DANVILLE,PA,17821,MONTOUR,(570) 271-4500,Psychiatric,Government - State,No,,Not Available,19,Not Available,Not Available,Not Available,Not Available,Not Available,19,Not Available,Not Available,Not Available,Not Available,Not Available,19,Not Available,Not Available,Not Available,Not Available,Not Available,19,Not Available,Not Available,19,Not Available,Not Available,19
394034.0,HORSHAM CLINIC,722 EAST BUTLER PIKE,AMBLER,PA,19002,MONTGOMERY,(215) 643-7800,Psychiatric,Proprietary,Yes,,Not Available,19,Not Available,Not Available,Not Available,Not Available,Not Available,19,Not Available,Not Available,Not Available,Not Available,Not Available,19,Not Available,Not Available,Not Available,Not Available,Not Available,19,Not Available,Not Available,19,Not Available,Not Available,19
394056.0,TOWER BEHAVIORAL HEALTH,201 WELLNESS WAY,READING,PA,19605,BERKS,(484) 659-2300,Psychiatric,Proprietary,No,,Not Available,19,Not Available,Not Available,Not Available,Not Available,Not Available,19,Not Available,Not Available,Not Available,Not Available,Not Available,19,Not Available,Not Available,Not Available,Not Available,Not Available,19,Not Available,Not Available,19,Not Available,Not Available,19
400010.0,HOSPITAL GENERAL DE CASTANER,CARR 135 KM 64 2,CASTANER,PR,631,LARES,(787) 829-5010,Acute Care Hospitals,Voluntary non-profit - Private,Yes,,Not Available,16,7,Not Available,Not Available,Not Available,Not Available,5,8,Not Available,Not Available,Not Available,Not Available,5,11,Not Available,Not Available,Not Available,Not Available,5,8,Not Available,5,12,Not Available,5
400022.0,HOSPITAL DAMAS INC,PONCE BY PASS #2213,PONCE,PR,717,PONCE,(787) 840-8460,Acute Care Hospitals,Voluntary non-profit - Private,Yes,,2,,7,Not Available,Not Available,Not Available,Not Available,5,8,4,0,3,1,,11,2,0,2,0,,8,8,,12,4,
400104.0,HOSPITAL MENONITA CAGUAS INC,CARR 172  EXIT 21 URB TURABO GARDENS,CAGUAS,PR,725,CAGUAS,(787) 653-0550,Acute Care Hospitals,Voluntary non-profit - Private,Yes,Y,Not Available,16,7,1,0,1,0,,8,2,1,1,0,,11,2,0,2,0,,8,Not Available,5,12,3,
400117.0,HOSPITAL METROPOLITANO  DR SUSONI,CALLE  PALMA  NUM 55,ARECIBO,PR,612,ARECIBO,(787) 650-1030,Acute Care Hospitals,Voluntary non-profit - Private,Yes,,Not Available,16,7,Not Available,Not Available,Not Available,Not Available,5,8,2,1,1,0,,11,1,0,1,0,,8,Not Available,5,12,2,
400131.0,CARIBBEAN MEDICAL CENTER,151 AVE OSVALDO MOLINA,FAJARDO,PR,738,FAJARDO,(787) 801-0081,Acute Care Hospitals,Proprietary,Yes,,Not Available,5,Not Available,Not Available,Not Available,Not Available,Not Available,5,Not Available,Not Available,Not Available,Not Available,Not Available,5,Not Available,Not Available,Not Available,Not Available,Not Available,5,Not Available,Not Available,5,Not Available,Not Available,5
404005.0,SAN JUAN CAPESTRANO  HOSPITAL INC,CARR 877 KM 1 6 CAMINO LAS LOMAS RR2,RIO PIEDRAS,PR,928,SAN JUAN,(787) 765-2900,Psychiatric,Proprietary,No,,Not Available,19,Not Available,Not Available,Not Available,Not Available,Not Available,19,Not Available,Not Available,Not Available,Not Available,Not Available,19,Not Available,Not Available,Not Available,Not Available,Not Available,19,Not Available,Not Available,19,Not Available,Not Available,19
410011.0,LANDMARK MEDICAL CENTER,115 CASS AVENUE,WOONSOCKET,RI,2895,PROVIDENCE,(401) 769-4100,Acute Care Hospitals,Voluntary non-profit - Private,Yes,Y,2,,7,5,0,5,0,,8,5,1,4,0,,11,8,0,8,0,,8,8,,12,9,
420010.0,CAROLINA PINES REGIONAL MEDICAL CENTER,1304 W BOBO NEWSOM HWY,HARTSVILLE,SC,29550,DARLINGTON,(864) 339-2100,Acute Care Hospitals,Proprietary,Yes,Y,3,,7,5,0,5,0,,8,2,0,2,0,,11,6,0,5,1,,8,8,,12,12,
420033.0,PRISMA HEALTH GREER MEMORIAL HOSPITAL,1413 JOHN B WHITE SR BLVD SUITE D,SPARTANBURG,SC,29306,SPARTANBURG,(864) 848-8200,Acute Care Hospitals,Voluntary non-profit - Private,Yes,Y,5,,7,4,0,4,0,,8,6,1,5,0,,11,6,0,6,0,,8,8,,12,11,
420065.0,BON SECOURS-ST FRANCIS XAVIER HOSPITAL,2095 HENRY TECKLENBURG DRIVE,CHARLESTON,SC,29414,CHARLESTON,(843) 402-1006,Acute Care Hospitals,Voluntary non-profit - Private,Yes,Y,4,,7,5,0,5,0,,8,7,1,6,0,,11,8,1,7,0,,8,8,,12,11,
420085.0,GRAND STRAND REGIONAL MEDICAL CENTER,809 82ND PARKWAY,MYRTLE BEACH,SC,29572,HORRY,(843) 692-1000,Acute Care Hospitals,Proprietary,Yes,Y,2,,7,7,1,6,0,,8,7,3,4,0,,11,9,0,8,1,,8,8,,12,12,
420105.0,MCLEOD LORIS  HOSPITAL,3655 MITCHELL STREET,LORIS,SC,29569,HORRY,(843) 716-7000,Acute Care Hospitals,Voluntary non-profit - Private,No,Y,4,,7,6,0,6,0,,8,7,1,6,0,,11,8,0,8,0,,8,8,,12,12,
424002.0,LIGHTHOUSE BEHAVIORAL HEALTH HOSPITAL,152 WACCAMAW MEDICAL PARK DRIVE,CONWAY,SC,29526,HORRY,(843) 347-8871,Psychiatric,Proprietary,Yes,,Not Available,19,Not Available,Not Available,Not Available,Not Available,Not Available,19,Not Available,Not Available,Not Available,Not Available,Not Available,19,Not Available,Not Available,Not Available,Not Available,Not Available,19,Not Available,Not Available,19,Not Available,Not Available,19
430012.0,AVERA SACRED HEART HOSPITAL,501 SUMMIT ST,YANKTON,SD,57078,YANKTON,(605) 668-8000,Acute Care Hospitals,Voluntary non-profit - Private,Yes,Y,4,,7,3,0,3,0,,8,4,1,3,0,,11,6,0,6,0,,8,8,,12,10,
430091.0,BLACK HILLS SURGICAL HOSPITAL LLC,216 ANAMARIA DR,RAPID CITY,SD,57703,PENNINGTON,(605) 721-4700,Acute Care Hospitals,Proprietary,No,,Not Available,16,7,Not Available,Not Available,Not Available,Not Available,5,8,2,0,2,0,,11,3,1,2,0,,8,8,,12,4,
431306.0,PLATTE HEALTH CENTER,601 E 7TH ST  POST OFFICE BOX 200,PLATTE,SD,57369,CHARLES MIX,(605) 337-3364,Critical Access Hospitals,Voluntary non-profit - Private,Yes,,Not Available,16,7,1,0,1,0,,8,Not Available,Not Available,Not Available,Not Available,5,11,3,0,3,0,,8,Not Available,5,12,4,
431316.0,COMMUNITY MEMORIAL HOSPITAL,111 W 10TH AVE  POST OFFICE BOX 420,REDFIELD,SD,57469,SPINK,(605) 472-1110,Critical Access Hospitals,Government - Local,No,,Not Available,16,7,2,0,2,0,,8,Not Available,Not Available,Not Available,Not Available,5,11,4,0,4,0,,8,Not Available,5,12,5,
431326.0,MILBANK AREA HOSPITAL/AVERA HEALTH,301 FLYNN DRIVE,MILBANK,SD,57252,GRANT,(605) 432-4538,Critical Access Hospitals,Voluntary non-profit - Private,Yes,,Not Available,16,7,Not Available,Not Available,Not Available,Not Available,5,8,Not Available,Not Available,Not Available,Not Available,5,11,2,0,2,0,,8,Not Available,5,12,4,
431336.0,SANFORD VERMILLION HOSPITAL,20 SOUTH PLUM STREET,VERMILLION,SD,57069,CLAY,(605) 624-2611,Critical Access Hospitals,Voluntary non-profit - Private,Yes,,Not Available,16,7,Not Available,Not Available,Not Available,Not Available,5,8,Not Available,Not Available,Not Available,Not Available,5,11,2,0,2,0,,8,Not Available,5,12,5,
440006.0,TRISTAR SKYLINE MEDICAL CENTER,3441 DICKERSON PIKE,NASHVILLE,TN,37207,DAVIDSON,(615) 769-2000,Acute Care Hospitals,Voluntary non-profit - Private,Yes,,2,,7,6,0,5,1,,8,7,3,4,0,,11,8,0,6,2,,8,8,,12,9,
440020.0,SOUTHERN TENNESSEE REGIONAL HEALTH SYSTEM PULASKI,1265 E COLLEGE ST,PULASKI,TN,38478,GILES,(931) 363-7531,Acute Care Hospitals,Proprietary,Yes,Y,3,,7,2,0,2,0,,8,3,0,3,0,,11,6,0,6,0,,8,8,,12,9,
440048.0,BAPTIST MEMORIAL HOSPITAL,6019 WALNUT GROVE ROAD,MEMPHIS,TN,38120,SHELBY,(901) 226-5000,Acute Care Hospitals,Voluntary non-profit - Private,Yes,Y,2,,7,7,0,7,0,,8,8,2,5,1,,11,11,0,8,3,,8,8,,12,12,
440063.0,JOHNSON CITY MEDICAL CENTER,400 N STATE OF FRANKLIN RD,JOHNSON CITY,TN,37604,WASHINGTON,(423) 431-6111,Acute Care Hospitals,Voluntary non-profit - Private,Yes,Y,Not Available,5,7,7,0,2,5,,8,7,1,5,1,,11,11,0,9,2,,8,8,,12,Not Available,5
440104.0,ERLANGER MEDICAL CENTER,975 E 3RD ST,CHATTANOOGA,TN,37403,HAMILTON,(423) 778-7000,Acute Care Hospitals,Government - Hospital District or Authority,Yes,Y,3,,7,7,0,7,0,,8,8,2,6,0,,11,11,0,10,1,,8,8,,12,12,
440144.0,VANDERBILT TULLAHOMA-HARTON HOSPITAL,1801 N JACKSON ST BOX 460,TULLAHOMA,TN,37388,COFFEE,(931) 393-3000,Acute Care Hospitals,Voluntary non-profit - Other,Yes,Y,2,,7,5,0,5,0,,8,5,1,3,1,,11,7,0,7,0,,8,8,,12,10,
440175.0,SOUTHERN TENNESSEE REGIONAL HEALTH SYSTEM LAWRENCE,1607 SOUTH LOCUST AVENUE,LAWRENCEBURG,TN,38464,LAWRENCE,(931) 762-6571,Acute Care Hospitals,Voluntary non-profit - Other,Yes,Y,3,,7,4,0,4,0,,8,2,0,2,0,,11,6,0,6,0,,8,8,,12,9,
440200.0,STONES RIVER HOSPITAL,324 DOOLITTLE ROAD,WOODBURY,TN,37190,CANNON,(615) 563-4001,Acute Care Hospitals,Proprietary,Yes,,Not Available,16,7,1,0,1,0,,8,Not Available,Not Available,Not Available,Not Available,5,11,2,0,2,0,,8,Not Available,5,12,5,
441301.0,HIGHPOINT HEALTH-TROUSDALE WITH ASCENSION SAINT,500 CHURCH STREET,HARTSVILLE,TN,37074,TROUSDALE,(615) 374-2221,Critical Access Hospitals,Voluntary non-profit - Other,Yes,,Not Available,16,7,Not Available,Not Available,Not Available,Not Available,5,8,Not Available,Not Available,Not Available,Not Available,5,11,Not Available,Not Available,Not Available,Not Available,5,8,Not Available,5,12,5,
441316.0,WEST TENNESSEE HEALTHCARE CAMDEN HOSPITAL,175 HOSPITAL DRIVE,CAMDEN,TN,38320,BENTON,(731) 593-6300,Critical Access Hospitals,Government - Hospital District or Authority,Yes,,Not Available,16,7,1,0,1,0,,8,Not Available,Not Available,Not Available,Not Available,5,11,2,0,2,0,,8,Not Available,5,12,6,
444005.0,UNITY PSYCHIATRIC CARE-MARTIN,"458 HANNINGS LANE, P O BOX 1006",MARTIN,TN,38237,WEAKLEY,(731) 588-2830,Psychiatric,Proprietary,No,,Not Available,19,Not Available,Not Available,Not Available,Not Available,Not Available,19,Not Available,Not Available,Not Available,Not Available,Not Available,19,Not Available,Not Available,Not Available,Not Available,Not Available,19,Not Available,Not Available,19,Not Available,Not Available,19
444026.0,"ERLANGER BEHAVIORAL HOSPITAL, LLC",804 NORTH HOLTZCLAW AVENUE,CHATTANOOGA,TN,37404,HAMILTON,(877) 249-2737,Psychiatric,Proprietary,No,,Not Available,19,Not Available,Not Available,Not Available,Not Available,Not Available,19,Not Available,Not Available,Not Available,Not Available,Not Available,19,Not Available,Not Available,Not Available,Not Available,Not Available,19,Not Available,Not Available,19,Not Available,Not Available,19
450011.0,CHI ST JOSEPH HEALTH REGIONAL HOSPITAL,2801 FRANCISCAN DR,BRYAN,TX,77802,BRAZOS,(979) 776-3912,Acute Care Hospitals,Voluntary non-profit - Private,Yes,Y,3,,7,7,0,7,0,,8,7,2,5,0,,11,11,1,9,1,,8,8,,12,10,
450034.0,CHRISTUS SOUTHEAST TEXAS- ST ELIZABETH,2830 CALDER AVENUE,BEAUMONT,TX,77702,JEFFERSON,(409) 892-7171,Acute Care Hospitals,Voluntary non-profit - Private,Yes,Y,3,,7,7,0,7,0,,8,8,1,7,0,,11,9,1,8,0,,8,8,,12,12,
450056.0,ASCENSION SETON MEDICAL CENTER AUSTIN,1201 W 38TH ST,AUSTIN,TX,78705,TRAVIS,(512) 324-1000,Acute Care Hospitals,Voluntary non-profit - Private,Yes,Y,4,,7,7,1,6,0,,8,8,4,4,0,,11,11,0,10,1,,8,8,,12,9,
450090.0,NORTH TEXAS MEDICAL CENTER,1900 HOSPITAL BLVD,GAINESVILLE,TX,76240,COOKE,(940) 612-8600,Acute Care Hospitals,Government - Hospital District or Authority,Yes,Y,4,,7,4,0,4,0,,8,2,1,1,0,,11,7,1,6,0,,8,8,,12,10,
450128.0,KNAPP MEDICAL CENTER,1401 EAST EIGHT STREET,WESLACO,TX,78596,HIDALGO,(956) 968-8567,Acute Care Hospitals,Voluntary non-profit - Private,Yes,Y,4,,7,5,0,5,0,,8,5,1,4,0,,11,5,0,5,0,,8,8,,12,10,
450154.0,VAL VERDE REGIONAL MEDICAL CENTER,801 BEDELL AVE,DEL RIO,TX,78840,VAL VERDE,(830) 775-8566,Acute Care Hospitals,Government - Hospital District or Authority,Yes,Y,Not Available,16,7,2,0,2,0,,8,2,0,2,0,,11,5,0,4,1,,8,8,,12,11,
450200.0,WADLEY REGIONAL MEDICAL CENTER,1000 PINE STREET,TEXARKANA,TX,75501,BOWIE,(903) 798-8000,Acute Care Hospitals,Physician,Yes,,3,,7,6,0,6,0,,8,5,1,4,0,,11,7,0,7,0,,8,8,,12,12,
450236.0,CHRISTUS MOTHER FRANCES HOSPITAL SULPHUR SPRINGS,115 AIRPORT RD,SULPHUR SPRINGS,TX,75482,HOPKINS,(903) 885-7671,Acute Care Hospitals,Voluntary non-profit - Private,Yes,Y,4,,7,5,0,4,1,,8,3,1,2,0,,11,9,0,9,0,,8,8,,12,11,
450346.0,BAPTIST BEAUMONT HOSPITAL,3080 COLLEGE STREET,BEAUMONT,TX,77701,JEFFERSON,(409) 212-5000,Acute Care Hospitals,Voluntary non-profit - Private,Yes,Y,2,,7,7,0,6,1,,8,6,1,5,0,,11,10,0,8,2,,8,8,,12,11,
450389.0,UT HEALTH EAST TEXAS ATHENS HOSPITAL,2000 SOUTH PALESTINE ST,ATHENS,TX,75751,HENDERSON,(903) 676-1000,Acute Care Hospitals,Proprietary,Yes,Y,3,,7,5,0,5,0,,8,6,1,5,0,,11,7,0,7,0,,8,8,,12,12,
450447.0,NAVARRO REGIONAL HOSPITAL,3201 WEST HIGHWAY 22,CORSICANA,TX,75110,NAVARRO,(903) 654-6800,Acute Care Hospitals,Government - Hospital District or Authority,Yes,Y,2,,7,3,0,3,0,,8,4,0,4,0,,11,6,1,5,0,,8,8,,12,10,
450508.0,NACOGDOCHES MEMORIAL HOSPITAL,1204 MOUND ST,NACOGDOCHES,TX,75961,NACOGDOCHES,(936) 564-4611,Acute Care Hospitals,Proprietary,Yes,,1,,7,5,0,4,1,,8,5,1,4,0,,11,6,0,5,1,,8,8,,12,8,
450596.0,LAKE GRANBURY MEDICAL CENTER,1310 PALUXY RD,GRANBURY,TX,76048,HOOD,(817) 573-2683,Acute Care Hospitals,Proprietary,Yes,Y,4,,7,5,0,5,0,,8,3,0,3,0,,11,7,1,6,0,,8,8,,12,11,
450644.0,HCA HOUSTON HEALTHCARE WEST,12141 RICHMOND AVE,HOUSTON,TX,77082,HARRIS,(281) 588-8080,Acute Care Hospitals,Proprietary,Yes,Y,2,,7,6,0,6,0,,8,5,2,3,0,,11,6,0,5,1,,8,8,,12,8,
450668.0,SIERRA MEDICAL CENTER,1625 MEDICAL CENTER DR,EL PASO,TX,79902,EL PASO,(915) 747-4000,Acute Care Hospitals,Proprietary,Yes,,2,,7,6,0,6,0,,8,7,2,5,0,,11,8,0,8,0,,8,8,,12,8,
450688.0,DALLAS REGIONAL MEDICAL CENTER,1011 NORTH GALLOWAY AVENUE,MESQUITE,TX,75149,DALLAS,(214) 320-7000,Acute Care Hospitals,Proprietary,Yes,Y,2,,7,5,0,5,0,,8,5,1,4,0,,11,5,0,4,1,,8,8,,12,10,
450730.0,SANA HEALTHCARE CARROLLTON D/B/A CARROLLTON REGIONAL MEDICAL CENTER,4343 NORTH JOSEY LANE,CARROLLTON,TX,75010,DENTON,(972) 394-2255,Acute Care Hospitals,Proprietary,No,,2,,7,5,0,5,0,,8,4,0,4,0,,11,5,0,4,1,,8,8,,12,9,
450801.0,CHRISTUS ST MICHAEL HEALTH SYSTEM,2600 ST MICHAEL DR,TEXARKANA,TX,75503,BOWIE,(903) 614-1000,Acute Care Hospitals,Voluntary non-profit - Church,Yes,Y,4,,7,7,0,6,1,,8,8,3,5,0,,11,11,0,11,0,,8,8,,12,12,
450833.0,ENNIS REGIONAL MEDICAL CENTER,2201 WEST LAMPASAS STREET,ENNIS,TX,75119,ELLIS,(972) 875-0900,Acute Care Hospitals,Proprietary,Yes,,Not Available,16,7,1,0,1,0,,8,1,0,1,0,,11,4,0,4,0,,8,Not Available,5,12,8,
450860.0,SUGAR LAND SURGICAL HOSPITAL LLP,16906 SOUTHWEST FREEWAY,SUGAR LAND,TX,77479,FORT BEND,(281) 243-1000,Acute Care Hospitals,Physician,Yes,,Not Available,16,7,Not Available,Not Available,Not Available,Not Available,5,8,2,0,2,0,,11,3,0,3,0,,8,Not Available,5,12,5,
450880.0,BAYLOR SCOTT AND WHITE SURGICAL HOSPITAL FORTWORTH,1800 PARK PLACE AVENUE,FORT WORTH,TX,76110,TARRANT,(682) 703-5600,Acute Care Hospitals,Physician,Yes,,Not Available,16,7,Not Available,Not Available,Not Available,Not Available,5,8,2,0,2,0,,11,3,0,3,0,,8,8,,12,5,
451303.0,LIMESTONE MEDICAL CENTER,701 MCCLINTIC DRIVE,GROESBECK,TX,76642,LIMESTONE,(254) 729-3281,Critical Access Hospitals,Government - Hospital District or Authority,Yes,,Not Available,16,7,1,0,1,0,,8,Not Available,Not Available,Not Available,Not Available,5,11,1,0,1,0,,8,Not Available,5,12,3,
451313.0,FISHER COUNTY HOSPITAL DISTRICT,774 STATE HIGHWAY 70 N,ROTAN,TX,79546,FISHER,(325) 735-2256,Critical Access Hospitals,Government - Hospital District or Authority,Yes,,Not Available,16,7,Not Available,Not Available,Not Available,Not Available,5,8,Not Available,Not Available,Not Available,Not Available,5,11,Not Available,Not Available,Not Available,Not Available,5,8,Not Available,5,12,3,
451324.0,LILLIAN M HUDSPETH MEMORIAL HOSPITAL,308 HUDSPETH,SONORA,TX,76950,SUTTON,(325) 387-2521,Critical Access Hospitals,Government - Hospital District or Authority,Yes,,Not Available,16,7,Not Available,Not Available,Not Available,Not Available,5,8,Not Available,Not Available,Not Available,Not Available,5,11,Not Available,Not Available,Not Available,Not Available,5,8,Not Available,5,12,2,
451337.0,W J MANGOLD MEMORIAL HOSPITAL,320 NORTH MAIN,LOCKNEY,TX,79241,FLOYD,(806) 652-3373,Critical Access Hospitals,Government - Hospital District or Authority,Yes,,Not Available,16,7,1,0,1,0,,8,Not Available,Not Available,Not Available,Not Available,5,11,2,0,2,0,,8,Not Available,5,12,2,
451348.0,HEART OF TEXAS MEMORIAL HOSPITAL,2008 NINE ROAD,BRADY,TX,76825,MC CULLOCH,(325) 597-2901,Critical Access Hospitals,Voluntary non-profit - Private,Yes,,Not Available,19,Not Available,Not Available,Not Available,Not Available,Not Available,19,Not Available,Not Available,Not Available,Not Available,Not Available,19,Not Available,Not Available,Not Available,Not Available,Not Available,19,Not Available,Not Available,19,Not Available,Not Available,19
451359.0,OCHILTREE GENERAL HOSPITAL,3101 GARRETT DRIVE,PERRYTON,TX,79070,OCHILTREE,(806) 435-3606,Critical Access Hospitals,Government - Hospital District or Authority,Yes,Y,Not Available,16,7,1,0,1,0,,8,Not Available,Not Available,Not Available,Not Available,5,11,2,0,2,0,,8,Not Available,5,12,6,
451371.0,ASCENSION SETON EDGAR B DAVIS,130 HAYS STREET,LULING,TX,78648,CALDWELL,(830) 875-7000,Critical Access Hospitals,Voluntary non-profit - Private,Yes,,Not Available,16,7,Not Available,Not Available,Not Available,Not Available,5,8,Not Available,Not Available,Not Available,Not Available,5,11,1,0,1,0,,8,Not Available,5,12,6,
451381.0,CHRISTUS MOTHER FRANCES HOSPITAL- WINNSBORO,719 WEST COKE ROAD,WINNSBORO,TX,75494,WOOD,(903) 342-5227,Critical Access Hospitals,Voluntary non-profit - Private,Yes,,Not Available,16,7,Not Available,Not Available,Not Available,Not Available,5,8,Not Available,Not Available,Not Available,Not Available,5,11,1,0,1,0,,8,Not Available,5,12,2,
451393.0,CROCKETT MEDICAL CENTER,1100 E LOOP 304,CROCKETT,TX,75835,HOUSTON,(936) 546-3890,Critical Access Hospitals,Physician,Yes,,Not Available,16,7,Not Available,Not Available,Not Available,Not Available,5,8,Not Available,Not Available,Not Available,Not Available,5,11,1,0,1,0,,8,Not Available,5,12,2,
453304.0,TEXAS CHILDRENS HOSPITAL,6621 FANNIN STREET,HOUSTON,TX,77030,HARRIS,(832) 824-1000,Childrens,Voluntary non-profit - Private,Yes,,Not Available,19,Not Available,Not Available,Not Available,Not Available,Not Available,19,Not Available,Not Available,Not Available,Not Available,Not Available,19,Not Available,Not Available,Not Available,Not Available,Not Available,19,Not Available,Not Available,19,Not Available,Not Available,19
453318.0,NEXUS CHILDRENS HOSPITAL DALLAS,9525 GREENVILLE AVENUE,DALLAS,TX,75243,DALLAS,(945) 258-7900,Childrens,Proprietary,No,,Not Available,19,Not Available,Not Available,Not Available,Not Available,Not Available,19,Not Available,Not Available,Not Available,Not Available,Not Available,19,Not Available,Not Available,Not Available,Not Available,Not Available,19,Not Available,Not Available,19,Not Available,Not Available,19
454026.0,WEST OAKS HOSPITAL,6500 HORNWOOD,HOUSTON,TX,77074,HARRIS,(713) 995-0909,Psychiatric,Proprietary,No,,Not Available,19,Not Available,Not Available,Not Available,Not Available,Not Available,19,Not Available,Not Available,Not Available,Not Available,Not Available,19,Not Available,Not Available,Not Available,Not Available,Not Available,19,Not Available,Not Available,19,Not Available,Not Available,19
454093.0,STARCARE SPECIALTY HEALTH /SUNRISE CANYON HOSPITAL,1950 ASPEN AVENUE,LUBBOCK,TX,79408,LUBBOCK,(806) 766-0268,Psychiatric,Voluntary non-profit - Other,No,,Not Available,19,Not Available,Not Available,Not Available,Not Available,Not Available,19,Not Available,Not Available,Not Available,Not Available,Not Available,19,Not Available,Not Available,Not Available,Not Available,Not Available,19,Not Available,Not Available,19,Not Available,Not Available,19
454114.0,CEDAR CREST HOSPITAL & RTC,3500 SOUTH IH-35,BELTON,TX,76513,BELL,(254) 939-2100,Psychiatric,Proprietary,No,,Not Available,19,Not Available,Not Available,Not Available,Not Available,Not Available,19,Not Available,Not Available,Not Available,Not Available,Not Available,19,Not Available,Not Available,Not Available,Not Available,Not Available,19,Not Available,Not Available,19,Not Available,Not Available,19
454128.0,WELLBRIDGE HEALTHCARE FORT WORTH,6200 OVERTON RIDGE BLVD,FORT WORTH,TX,76132,TARRANT,(817) 361-1991,Psychiatric,Proprietary,No,,Not Available,19,Not Available,Not Available,Not Available,Not Available,Not Available,19,Not Available,Not Available,Not Available,Not Available,Not Available,19,Not Available,Not Available,Not Available,Not Available,Not Available,19,Not Available,Not Available,19,Not Available,Not Available,19
454146.0,RIO VISTA BEHAVIORAL HEALTH,1390 NORTHWESTERN DR.,EL PASO,TX,79912,EL PASO,(915) 493-8564,Psychiatric,Proprietary,No,,Not Available,19,Not Available,Not Available,Not Available,Not Available,Not Available,19,Not Available,Not Available,Not Available,Not Available,Not Available,19,Not Available,Not Available,Not Available,Not Available,Not Available,19,Not Available,Not Available,19,Not Available,Not Available,19
454156.0,VOYAGES BEHAVIORAL HEALTH OF SUGAR LAND,11931 HIGHWAY 6 SOUTH,SUGAR LAND,TX,77498,FORT BEND,(281) 896-0112,Psychiatric,Proprietary,No,,Not Available,19,Not Available,Not Available,Not Available,Not Available,Not Available,19,Not Available,Not Available,Not Available,Not Available,Not Available,19,Not Available,Not Available,Not Available,Not Available,Not Available,19,Not Available,Not Available,19,Not Available,Not Available,19
460009.0,UNIVERSITY OF UTAH HOSPITAL AND CLINICS,50 NORTH MEDICAL DRIVE,SALT LAKE CITY,UT,84132,SALT LAKE,(801) 581-2121,Acute Care Hospitals,Government - State,Yes,Y,5,,7,7,1,6,0,,8,8,1,6,1,,11,11,1,10,0,,8,8,,12,11,
460026.0,SEVIER VALLEY HOSPITAL,1000 NORTH MAIN STREET,RICHFIELD,UT,84701,SEVIER,(435) 893-4100,Acute Care Hospitals,Voluntary non-profit - Private,Yes,Y,Not Available,16,7,1,0,1,0,,8,1,0,1,0,,11,6,0,6,0,,8,8,,12,11,
460054.0,CACHE VALLEY HOSPITAL,2380 NORTH 400 EAST,NORTH LOGAN,UT,84341,CACHE,(435) 713-9700,Acute Care Hospitals,Proprietary,Yes,Y,Not Available,16,7,Not Available,Not Available,Not Available,Not Available,5,8,1,0,1,0,,11,2,0,2,0,,8,Not Available,5,12,8,
461304.0,CENTRAL VALLEY MEDICAL CENTER - CAH,48 WEST 1500 NORTH,NEPHI,UT,84648,JUAB,(435) 623-3000,Critical Access Hospitals,Voluntary non-profit - Private,Yes,Y,Not Available,16,7,2,0,2,0,,8,1,0,1,0,,11,6,0,6,0,,8,8,,12,5,
464001.0,UTAH STATE HOSPITAL,1300 EAST CENTER STREET,PROVO,UT,84605,UTAH,(801) 344-4400,Psychiatric,Government - State,Yes,,Not Available,19,Not Available,Not Available,Not Available,Not Available,Not Available,19,Not Available,Not Available,Not Available,Not Available,Not Available,19,Not Available,Not Available,Not Available,Not Available,Not Available,19,Not Available,Not Available,19,Not Available,Not Available,19
471300.0,GRACE COTTAGE HOSPITAL,po box 216,TOWNSHEND,VT,5353,WINDHAM,(802) 365-7920,Critical Access Hospitals,Voluntary non-profit - Private,No,,Not Available,16,7,Not Available,Not Available,Not Available,Not Available,5,8,Not Available,Not Available,Not Available,Not Available,5,11,1,0,1,0,,8,Not Available,5,12,4,
480001.0,"ROY LESTER SCHNEIDER HOSPITAL,THE",9048 SUGAR ESTATE,ST THOMAS,VI,801,SAINT THOMAS ISLAND,(809) 776-8311,Acute Care Hospitals,Government - Local,Yes,,1,,7,3,0,2,1,,8,2,1,1,0,,11,5,0,5,0,,8,8,,12,5,
490019.0,UVA HEALTH CULPEPER MEDICAL CENTER,501 SUNSET LANE,CULPEPER,VA,22701,CULPEPER,(703) 829-4300,Acute Care Hospitals,Voluntary non-profit - Private,Yes,Y,3,,7,5,0,5,0,,8,3,1,2,0,,11,8,0,8,0,,8,8,,12,10,
490040.0,INOVA ALEXANDRIA HOSPITAL,4320 SEMINARY RD,ALEXANDRIA,VA,22304,ALEXANDRIA CITY,(703) 504-3167,Acute Care Hospitals,Voluntary non-profit - Private,Yes,Y,4,,7,6,1,5,0,,8,7,2,5,0,,11,8,1,4,3,,8,8,,12,11,
490053.0,JOHNSTON MEMORIAL HOSPITAL,16000 JOHNSTON MEMORIAL DRIVE,ABINGDON,VA,24211,WASHINGTON,(276) 258-1000,Acute Care Hospitals,Voluntary non-profit - Private,Yes,Y,3,,7,6,0,6,0,,8,6,1,5,0,,11,9,0,8,1,,8,8,,12,11,
490084.0,VCU HEALTH TAPPAHANNOCK HOSPITAL,618 HOSPITAL ROAD,TAPPAHANNOCK,VA,22560,ESSEX,(804) 443-3311,Acute Care Hospitals,Voluntary non-profit - Private,Yes,,4,,7,4,0,4,0,,8,3,0,3,0,,11,9,0,9,0,,8,8,,12,9,
490104.0,HIRAM W DAVIS MEDICAL CENTER,P O BOX 4030,PETERSBURG,VA,23803,PETERSBURG CITY,(804) 524-7112,Acute Care Hospitals,Government - State,No,,Not Available,16,7,Not Available,Not Available,Not Available,Not Available,5,8,Not Available,Not Available,Not Available,Not Available,5,11,Not Available,Not Available,Not Available,Not Available,5,8,Not Available,5,12,1,
490118.0,HENRICO DOCTORS' HOSPITAL,1602 SKIPWITH ROAD,RICHMOND,VA,23229,HENRICO,(804) 289-4500,Acute Care Hospitals,Voluntary non-profit - Other,Yes,,3,,7,7,0,7,0,,8,8,6,2,0,,11,11,0,10,1,,8,8,,12,12,
490143.0,RIVERSIDE DOCTORS' HOSPITAL OF WILLIAMSBURG,1500 COMMONWEALTH AVENUE,WILLIAMSBURG,VA,23185,JAMES CITY,(757) 585-2010,Acute Care Hospitals,Voluntary non-profit - Private,Yes,,4,,7,5,0,5,0,,8,3,0,3,0,,11,7,0,7,0,,8,8,,12,8,
491309.0,LEE COUNTY COMMUNITY HOSPITAL,127 HEALTH CARE DRIVE,PENNINGTON GAP,VA,24277,LEE,(276) 299-5000,Critical Access Hospitals,Voluntary non-profit - Private,Yes,,Not Available,16,7,Not Available,Not Available,Not Available,Not Available,5,8,Not Available,Not Available,Not Available,Not Available,5,11,Not Available,Not Available,Not Available,Not Available,5,8,Not Available,5,12,3,
494032.0,THE PAVILION AT WILLIAMSBURG PLACE,5483 MOORETOWN ROAD,WILLIAMSBURG,VA,23188,JAMES CITY,(757) 941-6400,Psychiatric,Proprietary,No,,Not Available,19,Not Available,Not Available,Not Available,Not Available,Not Available,19,Not Available,Not Available,Not Available,Not Available,Not Available,19,Not Available,Not Available,Not Available,Not Available,Not Available,19,Not Available,Not Available,19,Not Available,Not Available,19
500016.0,CONFLUENCE HEALTH HOSPITAL,1201 S MILLER STREET,WENATCHEE,WA,98807,CHELAN,(509) 662-1511,Acute Care Hospitals,Voluntary non-profit - Private,Yes,Y,4,,7,7,0,7,0,,8,7,2,5,0,,11,10,3,6,1,,8,8,,12,10,
500036.0,YAKIMA VALLEY MEMORIAL,2811 TIETON DRIVE,YAKIMA,WA,98902,YAKIMA,(509) 575-8000,Acute Care Hospitals,Voluntary non-profit - Private,Yes,Y,1,,7,6,0,2,4,,8,6,1,5,0,,11,10,0,10,0,,8,8,,12,12,
500058.0,KADLEC REGIONAL MEDICAL CENTER,888 SWIFT BLVD,RICHLAND,WA,99352,BENTON,(509) 946-4611,Acute Care Hospitals,Voluntary non-profit - Private,Yes,Y,4,,7,7,0,6,1,,8,8,1,7,0,,11,11,2,7,2,,8,8,,12,12,
500124.0,EVERGREENHEALTH MEDICAL CENTER,12040 NE 128TH STREET,KIRKLAND,WA,98034,KING,(425) 899-1000,Acute Care Hospitals,Government - Hospital District or Authority,Yes,Y,5,,7,6,0,6,0,,8,7,2,5,0,,11,10,1,9,0,,8,8,,12,11,
501303.0,WILLAPA HARBOR HOSPITAL,800 ALDER STREET,SOUTH BEND,WA,98586,PACIFIC,(360) 875-5526,Critical Access Hospitals,Government - Hospital District or Authority,Yes,,Not Available,16,7,1,0,1,0,,8,Not Available,Not Available,Not Available,Not Available,5,11,2,0,2,0,,8,Not Available,5,12,5,
501314.0,OCEAN BEACH HOSPITAL,174 FIRST AVENUE NORTH,ILWACO,WA,98624,PACIFIC,(360) 642-3181,Critical Access Hospitals,Government - Hospital District or Authority,Yes,,3,,7,3,0,3,0,,8,Not Available,Not Available,Not Available,Not Available,5,11,4,0,4,0,,8,Not Available,5,12,4,
501324.0,THREE RIVERS HOSPITAL,507 HOSPITAL WAY,BREWSTER,WA,98812,OKANOGAN,(509) 689-2517,Critical Access Hospitals,Government - Hospital District or Authority,Yes,,Not Available,16,7,Not Available,Not Available,Not Available,Not Available,5,8,Not Available,Not Available,Not Available,Not Available,5,11,1,0,1,0,,8,Not Available,5,12,1,
501334.0,LAKE CHELAN COMMUNITY HOSPITAL,110 S APPLE BLOSSOM DR,CHELAN,WA,98816,CHELAN,(509) 682-3300,Critical Access Hospitals,Government - Hospital District or Authority,Yes,,Not Available,16,7,Not Available,Not Available,Not Available,Not Available,5,8,Not Available,Not Available,Not Available,Not Available,5,11,2,0,2,0,,8,Not Available,5,12,6,
504002.0,BHC FAIRFAX HOSPITAL,10200 NE 132ND ST,KIRKLAND,WA,98034,KING,(425) 821-2000,Psychiatric,Proprietary,No,,Not Available,19,Not Available,Not Available,Not Available,Not Available,Not Available,19,Not Available,Not Available,Not Available,Not Available,Not Available,19,Not Available,Not Available,Not Available,Not Available,Not Available,19,Not Available,Not Available,19,Not Available,Not Available,19
510002.0,"CAMC GREENBRIER VALLEY MEDICAL CENTER, INC",1320 MAPLEWOOD AVENUE,RONCEVERTE,WV,24970,GREENBRIER,(304) 647-4411,Acute Care Hospitals,Proprietary,Yes,Y,2,,7,4,0,4,0,,8,3,0,3,0,,11,6,0,6,0,,8,8,,12,10,
510030.0,DAVIS MEDICAL CENTER,812 GORMAN AVENUE,ELKINS,WV,26241,RANDOLPH,(304) 636-3300,Acute Care Hospitals,Voluntary non-profit - Private,Yes,Y,3,,7,5,0,5,0,,8,3,0,3,0,,11,8,0,8,0,,8,8,,12,10,
510086.0,WELCH COMMUNITY HOSPITAL,454 MCDOWELL STREET,WELCH,WV,24801,MC DOWELL,(304) 436-8461,Acute Care Hospitals,Government - State,Yes,,Not Available,16,7,1,0,1,0,,8,1,0,1,0,,11,1,0,1,0,,8,Not Available,5,12,4,
511308.0,"BRAXTON COUNTY MEMORIAL HOSPITAL, INC",100 HOYLMAN DRIVE,GASSAWAY,WV,26624,BRAXTON,(304) 364-5156,Critical Access Hospitals,Voluntary non-profit - Private,Yes,,Not Available,16,7,1,0,1,0,,8,Not Available,Not Available,Not Available,Not Available,5,11,1,0,1,0,,8,Not Available,5,12,5,
511318.0,MONTGOMERY GENERAL HOSPITAL,401 SIXTH AVENUE,MONTGOMERY,WV,25136,FAYETTE,(304) 442-5151,Critical Access Hospitals,Voluntary non-profit - Other,Yes,,Not Available,16,7,Not Available,Not Available,Not Available,Not Available,5,8,Not Available,Not Available,Not Available,Not Available,5,11,Not Available,Not Available,Not Available,Not Available,5,8,Not Available,5,12,3,
520002.0,"ASPIRUS STEVENS POINT HOSPITAL & CLINICS, INC.",900 ILLINOIS AVE,STEVENS POINT,WI,54481,PORTAGE,(715) 346-5000,Acute Care Hospitals,Voluntary non-profit - Church,Yes,Y,3,,7,5,0,5,0,,8,2,0,2,0,,11,8,0,8,0,,8,8,,12,10,
520034.0,AURORA MEDICAL CTR MANITOWOC COUNTY,5000 MEMORIAL DRIVE,TWO RIVERS,WI,54241,MANITOWOC,(920) 794-5000,Acute Care Hospitals,Voluntary non-profit - Private,Yes,Y,Not Available,16,7,2,0,2,0,,8,2,0,2,0,,11,5,1,4,0,,8,8,,12,11,
520059.0,AURORA MEMORIAL HOSPITAL BURLINGTON,252 MCHENRY ST,BURLINGTON,WI,53105,RACINE,(262) 767-6545,Acute Care Hospitals,Voluntary non-profit - Private,Yes,,5,,7,4,0,4,0,,8,3,1,2,0,,11,6,2,4,0,,8,8,,12,10,
520087.0,GUNDERSEN LUTHERAN MEDICAL CENTER,1910 SOUTH AVE,LA CROSSE,WI,54601,LA CROSSE,(608) 782-7300,Acute Care Hospitals,Voluntary non-profit - Private,Yes,Y,4,,7,7,0,7,0,,8,8,3,5,0,,11,11,0,11,0,,8,8,,12,12,
520103.0,COMMUNITY MEMORIAL HOSPITAL,W180 N8085 TOWN HALL RD,MENOMONEE FALLS,WI,53051,WAUKESHA,(262) 251-1000,Acute Care Hospitals,Voluntary non-profit - Private,Yes,,3,,7,6,0,6,0,,8,7,1,6,0,,11,8,0,6,2,,8,8,,12,11,
520189.0,AURORA MEDICAL CENTER KENOSHA,10400 75TH ST,KENOSHA,WI,53142,KENOSHA,(262) 948-5600,Acute Care Hospitals,Voluntary non-profit - Private,Yes,Y,4,,7,5,0,5,0,,8,6,0,6,0,,11,6,1,5,0,,8,8,,12,11,
520210.0,MARSHFIELD MEDICAL CENTER - EAU CLAIRE,2310 CRAIG RD,EAU CLAIRE,WI,54701,EAU CLAIRE,(715) 858-8100,Acute Care Hospitals,Voluntary non-profit - Private,Yes,Y,3,,7,5,0,5,0,,8,5,0,5,0,,11,9,0,8,1,,8,8,,12,10,
521307.0,CHIPPEWA VALLEY HOSPITAL,1220 3RD AVE W,DURAND,WI,54736,PEPIN,(715) 672-4211,Critical Access Hospitals,Voluntary non-profit - Church,Yes,,Not Available,16,7,Not Available,Not Available,Not Available,Not Available,5,8,Not Available,Not Available,Not Available,Not Available,5,11,1,0,1,0,,8,Not Available,5,12,4,
521317.0,ASCENSION CALUMET HOSPITAL,614 MEMORIAL DRIVE,CHILTON,WI,53014,CALUMET,(920) 849-2386,Critical Access Hospitals,Voluntary non-profit - Private,Yes,,Not Available,16,7,Not Available,Not Available,Not Available,Not Available,5,8,Not Available,Not Available,Not Available,Not Available,5,11,Not Available,Not Available,Not Available,Not Available,5,8,Not Available,5,12,7,
521327.0,WAUPUN MEMORIAL HOSPITAL,620 W BROWN ST,WAUPUN,WI,53963,FOND DU LAC,(920) 324-6512,Critical Access Hospitals,Voluntary non-profit - Private,Yes,,Not Available,16,7,2,0,2,0,,8,1,0,1,0,,11,5,0,5,0,,8,8,,12,9,
521337.0,ST CROIX REGIONAL MEDICAL CENTER,235 E STATE STREET,SAINT CROIX FALLS,WI,54024,POLK,(715) 483-0247,Critical Access Hospitals,Voluntary non-profit - Private,Yes,Y,3,,7,3,0,3,0,,8,1,0,1,0,,11,7,0,7,0,,8,8,,12,6,
521347.0,WESTERN WISCONSIN HEALTH,730 10TH AVE,BALDWIN,WI,54002,ST. CROIX,(715) 684-1111,Critical Access Hospitals,Voluntary non-profit - Private,Yes,,Not Available,16,7,Not Available,Not Available,Not Available,Not Available,5,8,Not Available,Not Available,Not Available,Not Available,5,11,2,1,1,0,,8,8,,12,7,
521357.0,MERCY WALWORTH HOSPITAL & MEDICAL CENTER,N2950 STATE ROAD 67,LAKE GENEVA,WI,53147,WALWORTH,(262) 245-0535,Critical Access Hospitals,Voluntary non-profit - Private,Yes,Y,4,,7,3,0,3,0,,8,2,0,2,0,,11,7,0,7,0,,8,8,,12,9,
524018.0,ROGERS MEMORIAL HOSPITAL,34700 VALLEY RD,OCONOMOWOC,WI,53066,WAUKESHA,(262) 646-4411,Psychiatric,Voluntary non-profit - Private,No,,Not Available,19,Not Available,Not Available,Not Available,Not Available,Not Available,19,Not Available,Not Available,Not Available,Not Available,Not Available,19,Not Available,Not Available,Not Available,Not Available,Not Available,19,Not Available,Not Available,19,Not Available,Not Available,19
530006.0,SHERIDAN MEMORIAL HOSPITAL,1401 W 5TH ST,SHERIDAN,WY,82801,SHERIDAN,(307) 672-1044,Acute Care Hospitals,Government - Local,Yes,,3,,7,5,0,5,0,,8,3,0,3,0,,11,10,0,9,1,,8,8,,12,11,
531304.0,HOT SPRINGS COUNTY MEMORIAL HOSPITAL,150 EAST ARAPAHOE,THERMOPOLIS,WY,82443,HOT SPRINGS,(307) 864-3121,Critical Access Hospitals,Government - Hospital District or Authority,Yes,,Not Available,16,7,2,0,1,1,,8,Not Available,Not Available,Not Available,Not Available,5,11,4,0,4,0,,8,Not Available,5,12,5,
531314.0,NIOBRARA COUNTY HOSPITAL DISTRICT,921 SOUTH BALLANCEE AVENUE,LUSK,WY,82225,NIOBRARA,(307) 334-4000,Critical Access Hospitals,Government - Hospital District or Authority,Yes,,Not Available,16,7,Not Available,Not Available,Not Available,Not Available,5,8,Not Available,Not Available,Not Available,Not Available,5,11,1,0,1,0,,8,Not Available,5,12,1,
660001.0,COMMONWEALTH HEALTH CENTER,1 LOWER NAVY HILL ROAD (PO BOX 409CK),GARAPAN,MP,96950,SAIPAN,(670) 234-8950,Acute Care Hospitals,Voluntary non-profit - Other,Yes,,Not Available,16,7,3,0,3,0,,8,Not Available,Not Available,Not Available,Not Available,5,11,4,0,3,1,,8,Not Available,5,12,Not Available,5
670043.0,CEDAR PARK REGIONAL MEDICAL CENTER,1401 MEDICAL PARKWAY,CEDAR PARK,TX,78613,WILLIAMSON,(512) 528-7000,Acute Care Hospitals,Voluntary non-profit - Other,Yes,Y,4,,7,6,0,6,0,,8,5,1,4,0,,11,7,0,7,0,,8,8,,12,11,
670062.0,BAYLOR EMERGENCY MEDICAL CENTER AT AUBREY,26791 HIGHWAY 380,AUBREY,TX,76227,DENTON,(972) 347-2525,Acute Care Hospitals,Proprietary,Yes,,Not Available,16,7,1,0,1,0,,8,Not Available,Not Available,Not Available,Not Available,5,11,2,0,2,0,,8,Not Available,5,12,7,
670080.0,SETON MEDICAL CENTER HARKER HEIGHTS,850 W CENTRAL TEXAS EXPRESSWAY,HARKER HEIGHTS,TX,76548,BELL,(254) 690-0900,Acute Care Hospitals,Proprietary,Yes,,4,,7,5,0,5,0,,8,3,1,2,0,,11,7,0,6,1,,8,8,,12,10,
670107.0,BAYLOR SCOTT AND WHITE EMERGENCY HOSPITAL,12500 SOUTH FREEWAY SUITE 100,BURLESON,TX,76028,JOHNSON,(214) 294-6250,Acute Care Hospitals,Proprietary,Yes,,Not Available,16,7,Not Available,Not Available,Not Available,Not Available,5,8,Not Available,Not Available,Not Available,Not Available,5,11,1,0,1,0,,8,Not Available,5,12,5,
670128.0,BAYLOR SCOTT & WHITE MEDICAL CENTER PFLUGERVILLE,2600 EAST  PFLUGERVILLE  PARKWAY,PFLUGERVILLE,TX,78660,TRAVIS,(512) 654-6100,Acute Care Hospitals,Voluntary non-profit - Private,Yes,,4,,7,3,0,3,0,,8,2,0,2,0,,11,6,0,6,0,,8,8,,12,8,
670285.0,ELITE HOSPITAL KINGWOOD,23330 HIGHWAY 59 N,KINGWOOD,TX,77339,HARRIS,(832) 777-6165,Acute Care Hospitals,Proprietary,No,,Not Available,16,7,Not Available,Not Available,Not Available,Not Available,5,8,Not Available,Not Available,Not Available,Not Available,5,11,Not Available,Not Available,Not Available,Not Available,5,8,Not Available,5,12,6,
670333.0,WESTOVER HILLS BAPTIST HOSPITAL,3011 W LOOP 1604 N,SAN ANTONIO,TX,78251,BEXAR,(726) 266-8100,Acute Care Hospitals,Proprietary,Yes,,Not Available,5,Not Available,Not Available,Not Available,Not Available,Not Available,5,Not Available,Not Available,Not Available,Not Available,Not Available,5,Not Available,Not Available,Not Available,Not Available,Not Available,5,Not Available,Not Available,5,Not Available,Not Available,5
