facility_id,facility_name,address,city,state,zip_code,county,telephone_number,hospital_type,hospital_ownership,emergency_services,meets_criteria_for_birthing_friendly_designation,hospital_overall_rating,hospital_overall_rating_footnote,mort_group_measure_count,count_of_facility_mort_measures,count_of_mort_measures_better,count_of_mort_measures_no_different,count_of_mort_measures_worse,mort_group_footnote,safety_group_measure_count,count_of_facility_safety_measures,count_of_safety_measures_better,count_of_safety_measures_no_different,count_of_safety_measures_worse,safety_group_footnote,readm_group_measure_count,count_of_facility_readm_measures,count_of_readm_measures_better,count_of_readm_measures_no_different,count_of_readm_measures_worse,readm_group_footnote,pt_exp_group_measure_count,count_of_facility_pt_exp_measures,pt_exp_group_footnote,te_group_measure_count,count_of_facility_te_measures,te_group_footnote
3013.0,VA S. ARIZONA HEALTHCARE SYSTEM,3601 SOUTH SIXTH AVENUE,TUCSON,AZ,85723,PIMA,(520) 629-1821,Acute Care - Veterans Administration,Veterans Health Administration,Yes,,4,,7,5,2,3,0,,8,4,0,3,1,,11,6,0,6,0,,8,8,,12,5,
5031.0,PALO ALTO VA MEDICAL CENTER,3801 MIRANDA AVENUE,PALO ALTO,CA,94304,SANTA CLARA,(650) 858-3939,Acute Care - Veterans Administration,Veterans Health Administration,Yes,,5,,7,5,2,3,0,,8,4,0,4,0,,11,6,0,6,0,,8,8,,12,6,
7003.0,WEST HAVEN VA MEDICAL CENTER,950 CAMPBELL AVENUE,WEST HAVEN,CT,6516,NEW HAVEN,(203) 932-5711,Acute Care - Veterans Administration,Veterans Health Administration,Yes,,3,,7,5,1,4,0,,8,3,0,2,1,,11,5,1,3,1,,8,8,,12,6,
10012.0,DEKALB REGIONAL MEDICAL CENTER,200 MED CENTER DRIVE,FORT PAYNE,AL,35968,DE KALB,(256) 845-3150,Acute Care Hospitals,Proprietary,Yes,Y,3,,7,4,0,4,0,,8,4,0,4,0,,11,8,0,8,0,,8,8,,12,10,
10024.0,JACKSON HOSPITAL & CLINIC INC,1725 PINE STREET,MONTGOMERY,AL,36106,MONTGOMERY,(334) 293-8000,Acute Care Hospitals,Voluntary non-profit - Private,Yes,Y,2,,7,7,0,7,0,,8,6,1,4,1,,11,10,1,7,2,,8,8,,12,11,
10046.0,RIVERVIEW REGIONAL MEDICAL CENTER,600 SOUTH THIRD STREET,GADSDEN,AL,35901,ETOWAH,(256) 543-5200,Acute Care Hospitals,Proprietary,Yes,,2,,7,6,0,6,0,,8,5,1,4,0,,11,7,0,6,1,,8,8,,12,8,
10062.0,WIREGRASS MEDICAL CENTER,1200 W MAPLE AVENUE,GENEVA,AL,36340,GENEVA,(334) 684-3655,Acute Care Hospitals,Government - Hospital District or Authority,Yes,,Not Available,16,7,1,0,1,0,,8,2,0,2,0,,11,3,0,3,0,,8,Not Available,5,12,7,
10086.0,NORTHWEST MEDICAL CENTER,1530 U S HIGHWAY 43,WINFIELD,AL,35594,FAYETTE,(205) 487-7000,Acute Care Hospitals,Proprietary,Yes,,4,,7,3,0,3,0,,8,1,0,1,0,,11,5,0,5,0,,8,8,,12,9,
10100.0,THOMAS HOSPITAL,750 MORPHY AVENUE,FAIRHOPE,AL,36532,BALDWIN,(251) 928-2375,Acute Care Hospitals,Voluntary non-profit - Private,Yes,Y,3,,7,7,0,7,0,,8,7,1,6,0,,11,9,1,8,0,,8,8,,12,10,
10118.0,VAUGHAN REGIONAL MEDICAL CENTER PARKWAY CAMPUS,1015 MEDICAL CENTER PARKWAY,SELMA,AL,36701,DALLAS,(334) 418-4100,Acute Care Hospitals,Proprietary,Yes,Y,2,,7,4,0,4,0,,8,3,1,2,0,,11,5,0,4,1,,8,8,,12,10,
10144.0,SPRINGHILL MEDICAL CENTER,3719 DAUPHIN STREET,MOBILE,AL,36608,MOBILE,(251) 460-5220,Acute Care Hospitals,Proprietary,Yes,Y,2,,7,7,0,7,0,,8,8,3,5,0,,11,9,0,6,3,,8,8,,12,10,
10779.0,BULLOCK COUNTY HOSPITAL,102 WEST CONECUH AVENUE,UNION SPRINGS,AL,36089,BULLOCK,(334) 738-2140,Rural Emergency Hospital,Proprietary,Yes,,Not Available,19,Not Available,Not Available,Not Available,Not Available,Not Available,19,Not Available,Not Available,Not Available,Not Available,Not Available,19,Not Available,Not Available,Not Available,Not Available,Not Available,19,Not Available,Not Available,19,Not Available,Not Available,19
11304.0,OCHSNER CHOCTAW GENERAL,"401 VANITY FAIR LANE, PO BOX 618",BUTLER,AL,36904,CHOCTAW,(205) 459-9100,Critical Access Hospitals,Voluntary non-profit - Private,Yes,,Not Available,16,7,Not Available,Not Available,Not Available,Not Available,5,8,Not Available,Not Available,Not Available,Not Available,5,11,Not Available,Not Available,Not Available,Not Available,5,8,Not Available,5,12,5,
14000.0,HILL CREST BEHAVIORAL HEALTH SERVICES,6869 FIFTH AVENUE SOUTH,BIRMINGHAM,AL,35212,JEFFERSON,(205) 833-9000,Psychiatric,Proprietary,No,,Not Available,19,Not Available,Not Available,Not Available,Not Available,Not Available,19,Not Available,Not Available,Not Available,Not Available,Not Available,19,Not Available,Not Available,Not Available,Not Available,Not Available,19,Not Available,Not Available,19,Not Available,Not Available,19
14016.0,"SANCTUARY AT THE WOODLANDS, THE","1910 CHEROKEE AVENUE, SW",CULLMAN,AL,35055,CULLMAN,(256) 739-1239,Psychiatric,Proprietary,No,,Not Available,19,Not Available,Not Available,Not Available,Not Available,Not Available,19,Not Available,Not Available,Not Available,Not Available,Not Available,19,Not Available,Not Available,Not Available,Not Available,Not Available,19,Not Available,Not Available,19,Not Available,Not Available,19
17008.0,WICHITA VA MEDICAL CENTER,5500 E. KELLOG,WICHITA,KS,67218,SEDGWICK,(316) 685-2221,Acute Care - Veterans Administration,Veterans Health Administration,Yes,,5,,7,4,2,2,0,,8,3,0,3,0,,11,6,2,4,0,,8,8,,12,4,
20006.0,MAT-SU REGIONAL MEDICAL CENTER,2500 SOUTH WOODWORTH LOOP,PALMER,AK,99645,MATANUSKA-SUSITNA,(907) 861-6000,Acute Care Hospitals,Voluntary non-profit - Other,Yes,,3,,7,6,0,4,2,,8,6,2,4,0,,11,10,1,9,0,,8,8,,12,11,
21301.0,PROVIDENCE VALDEZ MEDICAL CENTER,PO BOX 550,VALDEZ,AK,99686,VALDEZ-CORDOVA,(907) 835-2249,Critical Access Hospitals,Government - Local,Yes,Y,Not Available,16,7,Not Available,Not Available,Not Available,Not Available,5,8,Not Available,Not Available,Not Available,Not Available,5,11,Not Available,Not Available,Not Available,Not Available,5,8,Not Available,5,12,3,
21312.0,SAMUEL SIMMONDS MEMORIAL HOSPITAL,7000 UULA ST,BARROW,AK,99723,NORTH SLOPE BOROUH,(907) 852-4611,Critical Access Hospitals,Tribal,Yes,,Not Available,16,7,1,0,1,0,,8,Not Available,Not Available,Not Available,Not Available,5,11,3,0,3,0,,8,Not Available,5,12,2,
24001.0,NORTH STAR HOSPITAL,2530 DEBARR RD,ANCHORAGE,AK,99508,ANCHORAGE,(907) 264-3526,Psychiatric,Proprietary,Yes,,Not Available,19,Not Available,Not Available,Not Available,Not Available,Not Available,19,Not Available,Not Available,Not Available,Not Available,Not Available,19,Not Available,Not Available,Not Available,Not Available,Not Available,19,Not Available,Not Available,19,Not Available,Not Available,19
26009.0,ST LOUIS-JOHN COCHRAN VA MEDICAL CENTER,915 NORTH GRAND,ST. LOUIS,MO,63106,ST. LOUIS,(314) 652-4100,Acute Care - Veterans Administration,Veterans Health Administration,Yes,,5,,7,5,3,2,0,,8,3,0,3,0,,11,5,2,3,0,,8,8,,12,6,
30010.0,ST. MARY'S HOSPITAL,1601 WEST ST MARY'S ROAD,TUCSON,AZ,85745,PIMA,(520) 872-3000,Acute Care Hospitals,Voluntary non-profit - Private,Yes,,3,,7,7,0,7,0,,8,6,0,6,0,,11,8,1,6,1,,8,8,,12,9,
30036.0,CHANDLER REGIONAL MEDICAL CENTER,1955 WEST FRYE ROAD,CHANDLER,AZ,85224,MARICOPA,(480) 728-3000,Acute Care Hospitals,Voluntary non-profit - Private,Yes,Y,4,,7,7,0,7,0,,8,7,4,3,0,,11,10,0,10,0,,8,8,,12,11,
30071.0,FORT DEFIANCE INDIAN HOSPITAL,PO BOX 649,FT. DEFIANCE,AZ,86504,APACHE,(928) 729-8000,Acute Care Hospitals,Tribal,Yes,Y,Not Available,16,7,2,0,2,0,,8,2,0,2,0,,11,3,0,3,0,,8,8,,12,4,
30092.0,HONORHEALTH DEER VALLEY MEDICAL CENTER,19829 NORTH 27TH AVENUE,PHOENIX,AZ,85027,MARICOPA,(623) 879-6100,Acute Care Hospitals,Voluntary non-profit - Private,Yes,,2,,7,7,0,7,0,,8,7,2,5,0,,11,9,0,8,1,,8,8,,12,9,
30112.0,ARIZONA ORTHOPEDIC AND SURGICAL SPECIALTY HOSPITAL,750 NORTH 40TH STREET,PHOENIX,AZ,85008,MARICOPA,(480) 603-9000,Acute Care Hospitals,Proprietary,No,,Not Available,16,7,Not Available,Not Available,Not Available,Not Available,5,8,2,0,1,1,,11,3,0,1,2,,8,8,,12,3,
30134.0,BANNER GOLDFIELD MEDICAL CENTER,2050 WEST SOUTHERN AVENUE,APACHE JUNCTION,AZ,85120,PINAL,(480) 733-3300,Acute Care Hospitals,Voluntary non-profit - Other,Yes,,Not Available,16,7,1,0,1,0,,8,Not Available,Not Available,Not Available,Not Available,5,11,3,0,3,0,,8,8,,12,7,
30155.0,EXCEPTIONAL COMMUNITY HOSPITAL BULLHEAD CITY,2365 HIGHWAY 95,BULLHEAD CITY,AZ,86442,MOHAVE,(469) 341-7800,Acute Care Hospitals,Proprietary,Yes,,Not Available,5,Not Available,Not Available,Not Available,Not Available,Not Available,5,Not Available,Not Available,Not Available,Not Available,Not Available,5,Not Available,Not Available,Not Available,Not Available,Not Available,5,Not Available,Not Available,5,Not Available,Not Available,5
31311.0,LITTLE COLORADO MEDICAL CENTER,1501 NORTH WILLIAMSON AVENUE,WINSLOW,AZ,86047,NAVAJO,(928) 289-4691,Critical Access Hospitals,Voluntary non-profit - Private,Yes,,Not Available,16,7,1,0,1,0,,8,Not Available,Not Available,Not Available,Not Available,5,11,3,0,2,1,,8,8,,12,6,
33009.0,ALBANY VA MEDICAL CENTER,113 HOLLAND AVENUE,ALBANY,NY,12208,ALBANY,(518) 626-5000,Acute Care - Veterans Administration,Veterans Health Administration,Yes,,3,,7,4,1,3,0,,8,4,0,4,0,,11,5,0,5,0,,8,8,,12,4,
33302.0,PHOENIX CHILDREN'S HOSPITAL,1919 EAST THOMAS ROAD,PHOENIX,AZ,85016,MARICOPA,(602) 933-1000,Childrens,Voluntary non-profit - Private,No,,Not Available,19,Not Available,Not Available,Not Available,Not Available,Not Available,19,Not Available,Not Available,Not Available,Not Available,Not Available,19,Not Available,Not Available,Not Available,Not Available,Not Available,19,Not Available,Not Available,19,Not Available,Not Available,19
34022.0,SONORA BEHAVIORAL HEALTH HOSPITAL,6050 NORTH CORONA ROAD,TUCSON,AZ,85704,PIMA,(520) 469-8700,Psychiatric,Proprietary,Yes,,Not Available,19,Not Available,Not Available,Not Available,Not Available,Not Available,19,Not Available,Not Available,Not Available,Not Available,Not Available,19,Not Available,Not Available,Not Available,Not Available,Not Available,19,Not Available,Not Available,19,Not Available,Not Available,19
34032.0,COPPER SPRINGS EAST- GILBERT,10550 WEST MCDOWELL ROAD,AVONDALE,AZ,85392,MARICOPA,(480) 565-3035,Psychiatric,Proprietary,Yes,,Not Available,19,Not Available,Not Available,Not Available,Not Available,Not Available,19,Not Available,Not Available,Not Available,Not Available,Not Available,19,Not Available,Not Available,Not Available,Not Available,Not Available,19,Not Available,Not Available,19,Not Available,Not Available,19
36003.0,CINCINNATI VA MEDICAL CENTER,3200 VINE STREET,CINCINNATI,OH,45220,HAMILTON,(513) 861-3100,Acute Care - Veterans Administration,Veterans Health Administration,Yes,,5,,7,4,2,2,0,,8,4,0,4,0,,11,6,2,4,0,,8,8,,12,5,
40010.0,MERCY HOSPITAL NORTHWEST ARKANSAS,2710 SOUTH RIFE MEDICAL LANE,ROGERS,AR,72758,BENTON,(479) 338-8000,Acute Care Hospitals,Voluntary non-profit - Private,Yes,Y,4,,7,7,0,7,0,,8,7,1,5,1,,11,8,1,7,0,,8,8,,12,12,
40027.0,BAXTER REGIONAL MEDICAL CENTER,624 HOSPITAL DRIVE,MOUNTAIN HOME,AR,72653,BAXTER,(870) 508-1000,Acute Care Hospitals,Voluntary non-profit - Private,Yes,Y,1,,7,7,0,6,1,,8,7,1,6,0,,11,11,1,9,1,,8,8,,12,12,
40069.0,GREAT RIVER MEDICAL CENTER,1520 N DIVISION STREET,BLYTHEVILLE,AR,72315,MISSISSIPPI,(870) 838-7300,Acute Care Hospitals,Government - Local,Yes,Y,1,,7,3,0,3,0,,8,1,0,1,0,,11,5,0,4,1,,8,8,,12,8,
40132.0,LEO N LEVI MEMORIAL HOSPITAL,300 PROSPECT AVE,HOT SPRINGS,AR,71901,GARLAND,(501) 624-1281,Acute Care Hospitals,Voluntary non-profit - Private,Yes,,Not Available,16,7,Not Available,Not Available,Not Available,Not Available,5,8,Not Available,Not Available,Not Available,Not Available,5,11,Not Available,Not Available,Not Available,Not Available,5,8,Not Available,5,12,3,
40780.0,EUREKA SPRINGS HOSPITAL COMMISSION,24 NORRIS STREET,EUREKA SPRINGS,AR,72632,CARROLL,(479) 253-7400,Rural Emergency Hospital,Government - Local,Yes,,Not Available,19,Not Available,Not Available,Not Available,Not Available,Not Available,19,Not Available,Not Available,Not Available,Not Available,Not Available,19,Not Available,Not Available,Not Available,Not Available,Not Available,19,Not Available,Not Available,19,Not Available,Not Available,19
41308.0,MCGEHEE HOSPITAL,900 SOUTH THIRD STREET,MCGEHEE,AR,71654,DESHA,(870) 222-5600,Critical Access Hospitals,Voluntary non-profit - Private,Yes,,Not Available,16,7,Not Available,Not Available,Not Available,Not Available,5,8,Not Available,Not Available,Not Available,Not Available,5,11,1,0,1,0,,8,Not Available,5,12,3,
41322.0,BAXTER HEALTH FULTON COUNTY HOSPITAL,679 NORTH MAIN STREET,SALEM,AR,72576,FULTON,(870) 895-2691,Critical Access Hospitals,Government - Local,Yes,,Not Available,16,7,2,0,2,0,,8,Not Available,Not Available,Not Available,Not Available,5,11,3,0,2,1,,8,Not Available,5,12,1,
41333.0,SEVIER COUNTY MEDICAL CENTER,960 HWY 71 N,DE QUEEN,AR,71832,SEVIER,(870) 642-6420,Critical Access Hospitals,Government - Local,Yes,,Not Available,19,Not Available,Not Available,Not Available,Not Available,Not Available,19,Not Available,Not Available,Not Available,Not Available,Not Available,19,Not Available,Not Available,Not Available,Not Available,Not Available,19,Not Available,Not Available,19,Not Available,Not Available,19
44019.0,SPRINGWOODS BEHAVIORAL HEALTH SERVICES,1955 WEST TRUCKER'S DRIVE,FAYETTEVILLE,AR,72704,WASHINGTON,(479) 973-6000,Psychiatric,Proprietary,No,,Not Available,19,Not Available,Not Available,Not Available,Not Available,Not Available,19,Not Available,Not Available,Not Available,Not Available,Not Available,19,Not Available,Not Available,Not Available,Not Available,Not Available,19,Not Available,Not Available,19,Not Available,Not Available,19
50014.0,SUTTER AMADOR HOSPITAL,200 MISSION BLVD,JACKSON,CA,95642,AMADOR,(209) 223-7500,Acute Care Hospitals,Voluntary non-profit - Private,Yes,Y,4,,7,4,0,4,0,,8,3,0,3,0,,11,9,0,9,0,,8,8,,12,11,
50039.0,ENLOE HEALTH,1531 ESPLANADE,CHICO,CA,95926,BUTTE,(530) 332-7300,Acute Care Hospitals,Voluntary non-profit - Private,Yes,Y,2,,7,7,1,6,0,,8,7,2,5,0,,11,11,0,7,4,,8,8,,12,12,
50058.0,GLENDALE MEM HOSPITAL & HLTH CENTER,1420 S CENTRAL AVE,GLENDALE,CA,91204,LOS ANGELES,(818) 502-1900,Acute Care Hospitals,Voluntary non-profit - Private,Yes,Y,3,,7,7,2,5,0,,8,7,1,6,0,,11,9,0,8,1,,8,8,,12,9,
50076.0,KAISER FOUNDATION HOSPITAL - SAN FRANCISCO,2425 GEARY BLVD,SAN FRANCISCO,CA,94115,SAN FRANCISCO,(415) 833-2646,Acute Care Hospitals,Voluntary non-profit - Private,Yes,Y,4,,7,Not Available,Not Available,Not Available,Not Available,5,8,6,2,4,0,,11,1,0,1,0,,8,8,,12,5,
50100.0,SHARP MEMORIAL HOSPITAL,7901 FROST ST,SAN DIEGO,CA,92123,SAN DIEGO,(858) 939-3400,Acute Care Hospitals,Voluntary non-profit - Private,Yes,Y,4,,7,7,0,7,0,,8,8,2,5,1,,11,11,0,10,1,,8,8,,12,10,
50115.0,PALOMAR HEALTH DOWNTOWN CAMPUS,555 EAST VALLEY PARKWAY,ESCONDIDO,CA,92025,SAN DIEGO,(760) 739-3000,Acute Care Hospitals,Government - Hospital District or Authority,Yes,,2,,7,7,0,7,0,,8,7,1,6,0,,11,9,1,8,0,,8,8,,12,11,
50129.0,ST BERNARDINE MEDICAL CENTER,2101 N WATERMAN AVE,SAN BERNARDINO,CA,92404,SAN BERNARDINO,(909) 883-8711,Acute Care Hospitals,Voluntary non-profit - Private,Yes,Y,3,,7,7,0,7,0,,8,6,3,3,0,,11,7,1,6,0,,8,8,,12,9,
50145.0,COMMUNITY HOSPITAL OF THE MONTEREY PENINSULA,23625 W R HOLMAN HIGHWAY,MONTEREY,CA,93940,MONTEREY,(831) 624-5311,Acute Care Hospitals,Voluntary non-profit - Private,Yes,Y,3,,7,7,1,6,0,,8,7,1,5,1,,11,11,0,9,2,,8,8,,12,12,
50179.0,EMANUEL MEDICAL CENTER,825 DELBON AVE,TURLOCK,CA,95382,STANISLAUS,(209) 667-4200,Acute Care Hospitals,Proprietary,Yes,Y,2,,7,6,0,6,0,,8,6,1,5,0,,11,9,0,7,2,,8,8,,12,11,
50224.0,HOAG MEMORIAL HOSPITAL PRESBYTERIAN,ONE HOAG DRIVE,NEWPORT BEACH,CA,92663,ORANGE,(949) 764-4624,Acute Care Hospitals,Voluntary non-profit - Private,Yes,Y,5,,7,7,1,6,0,,8,7,2,5,0,,11,10,1,9,0,,8,8,,12,12,
50239.0,GLENDALE ADVENTIST MEDICAL CENTER,1509 E WILSON TERRACE,GLENDALE,CA,91206,LOS ANGELES,(818) 409-8202,Acute Care Hospitals,Voluntary non-profit - Private,Yes,Y,4,,7,7,2,5,0,,8,7,5,2,0,,11,9,0,8,1,,8,8,,12,11,
50276.0,CONTRA COSTA REGIONAL MEDICAL CENTER,2500 ALHAMBRA AVENUE,MARTINEZ,CA,94553,CONTRA COSTA,(925) 370-5000,Acute Care Hospitals,Government - Local,Yes,Y,3,,7,4,0,4,0,,8,5,0,5,0,,11,6,0,6,0,,8,8,,12,9,
50295.0,MERCY HOSPITAL,2215 TRUXTUN AVENUE,BAKERSFIELD,CA,93301,KERN,(661) 632-5000,Acute Care Hospitals,Voluntary non-profit - Other,Yes,Y,3,,7,6,0,6,0,,8,7,2,5,0,,11,6,0,5,1,,8,8,,12,10,
50324.0,SCRIPPS MEMORIAL HOSPITAL LA JOLLA,9888 GENESEE AVENUE,LA JOLLA,CA,92037,SAN DIEGO,(858) 626-4123,Acute Care Hospitals,Physician,Yes,Y,5,,7,7,3,4,0,,8,8,2,5,1,,11,9,1,8,0,,8,8,,12,9,
50352.0,BARTON MEMORIAL HOSPITAL,2170 SOUTH AVENUE,SOUTH LAKE TAHOE,CA,96150,EL DORADO,(530) 541-3000,Acute Care Hospitals,Voluntary non-profit - Private,Yes,Y,4,,7,2,0,2,0,,8,3,0,3,0,,11,5,1,4,0,,8,8,,12,10,
50390.0,HEMET GLOBAL MEDICAL CENTER,1117 EAST DEVONSHIRE,HEMET,CA,92543,RIVERSIDE,(951) 652-2811,Acute Care Hospitals,Proprietary,Yes,Y,1,,7,4,0,4,0,,8,6,1,5,0,,11,5,0,5,0,,8,8,,12,7,
50426.0,WEST ANAHEIM MEDICAL CENTER,3033 W ORANGE AVENUE,ANAHEIM,CA,92804,ORANGE,(714) 827-3000,Acute Care Hospitals,Proprietary,Yes,,2,,7,6,0,6,0,,8,5,1,4,0,,11,5,0,3,2,,8,8,,12,7,
50481.0,UCLA WEST VALLEY MEDICAL CENTER,7300 MEDICAL CENTER DR,WEST HILLS,CA,91307,LOS ANGELES,(818) 676-4000,Acute Care Hospitals,Proprietary,Yes,,2,,7,7,1,6,0,,8,7,1,6,0,,11,8,0,4,4,,8,8,,12,8,
50515.0,KAISER FOUNDATION HOSPITAL - SAN DIEGO,4647 ZION AVE,SAN DIEGO,CA,92120,SAN DIEGO,(619) 528-5000,Acute Care Hospitals,Voluntary non-profit - Private,Yes,Y,4,,7,1,0,1,0,,8,6,2,3,1,,11,2,0,2,0,,8,8,,12,6,
50546.0,PORTERVILLE DEVELOPMENTAL CENTER,26501 AVENUE 140,PORTERVILLE,CA,93258,TULARE,(559) 782-2222,Acute Care Hospitals,Government - State,No,,Not Available,19,Not Available,Not Available,Not Available,Not Available,Not Available,19,Not Available,Not Available,Not Available,Not Available,Not Available,19,Not Available,Not Available,Not Available,Not Available,Not Available,19,Not Available,Not Available,19,Not Available,Not Available,19
50586.0,CHINO VALLEY MEDICAL CENTER,5451 WALNUT AVE,CHINO,CA,91710,SAN BERNARDINO,(909) 627-6111,Acute Care Hospitals,Proprietary,Yes,,2,,7,3,0,3,0,,8,2,1,1,0,,11,3,0,3,0,,8,8,,12,8,
50624.0,HENRY MAYO NEWHALL  HOSPITAL,23845  MCBEAN PKWY,VALENCIA,CA,91355,LOS ANGELES,(661) 253-8000,Acute Care Hospitals,Voluntary non-profit - Private,No,Y,2,,7,6,0,6,0,,8,7,1,6,0,,11,9,0,7,2,,8,8,,12,11,
50684.0,MENIFEE GLOBAL MEDICAL CENTER,28400 MCCALL BOULEVARD,SUN CITY,CA,92585,RIVERSIDE,(951) 679-8888,Acute Care Hospitals,Proprietary,Yes,,Not Available,16,7,2,0,2,0,,8,2,0,2,0,,11,2,0,1,1,,8,8,,12,6,
50710.0,KAISER FOUNDATION HOSPITAL - FRESNO,7300 NORTH FRESNO ST,FRESNO,CA,93720,FRESNO,(559) 448-4500,Acute Care Hospitals,Voluntary non-profit - Private,Yes,Y,4,,7,Not Available,Not Available,Not Available,Not Available,5,8,6,1,5,0,,11,1,0,1,0,,8,8,,12,6,
50740.0,CEDAR-SINAI MARINA DEL REY HOSPITAL,4650 LINCOLN BLVD,MARINA DEL REY,CA,90292,LOS ANGELES,(310) 823-8911,Acute Care Hospitals,Proprietary,Yes,,4,,7,4,1,3,0,,8,6,1,5,0,,11,6,0,4,2,,8,8,,12,8,
50763.0,L A DOWNTOWN MEDICAL CENTER,1711 WEST TEMPLE STREET,LOS ANGELES,CA,90026,LOS ANGELES,(213) 989-6123,Acute Care Hospitals,Proprietary,No,,2,,7,3,1,2,0,,8,3,0,3,0,,11,5,0,2,3,,8,Not Available,5,12,4,
50776.0,COLLEGE MEDICAL CENTER,2776 PACIFIC AVENUE,LONG BEACH,CA,90806,LOS ANGELES,(562) 595-1911,Acute Care Hospitals,Proprietary,Yes,,2,,7,3,0,3,0,,8,4,0,4,0,,11,5,0,5,0,,8,8,,12,8,
50855.0,KAISER FOUNDATION HOSPITAL - SAN MARCOS,360 RUSH DR,SAN MARCOS,CA,92078,SAN DIEGO,(760) 528-6295,Acute Care Hospitals,Voluntary non-profit - Private,Yes,Y,Not Available,16,7,Not Available,Not Available,Not Available,Not Available,5,8,1,0,1,0,,11,Not Available,Not Available,Not Available,Not Available,5,8,Not Available,5,12,2,
51309.0,JEROLD PHELPS COMMUNITY HOSPITAL,733 CEDAR ST,GARBERVILLE,CA,95542,HUMBOLDT,(707) 923-3921,Critical Access Hospitals,Government - Hospital District or Authority,Yes,,Not Available,16,7,Not Available,Not Available,Not Available,Not Available,5,8,Not Available,Not Available,Not Available,Not Available,5,11,Not Available,Not Available,Not Available,Not Available,5,8,Not Available,5,12,1,
51320.0,BANNER LASSEN MEDICAL CENTER,1800 SPRING RIDGE DRIVE,SUSANVILLE,CA,96130,LASSEN,(530) 252-2000,Critical Access Hospitals,Voluntary non-profit - Private,Yes,Y,3,,7,3,0,3,0,,8,Not Available,Not Available,Not Available,Not Available,5,11,5,0,5,0,,8,8,,12,8,
51331.0,SANTA YNEZ VALLEY COTTAGE HOSPITAL,2050 VIBORG RD,SOLVANG,CA,93463,SANTA BARBARA,(805) 688-6431,Critical Access Hospitals,Voluntary non-profit - Private,Yes,,Not Available,16,7,1,0,1,0,,8,Not Available,Not Available,Not Available,Not Available,5,11,2,0,2,0,,8,Not Available,5,12,7,
53301.0,UCSF BENIOFF CHILDREN'S HOSPITAL OAKLAND,747 52ND STREET,OAKLAND,CA,94609,ALAMEDA,(510) 428-3000,Childrens,Voluntary non-profit - Private,Yes,,Not Available,19,Not Available,Not Available,Not Available,Not Available,Not Available,19,Not Available,Not Available,Not Available,Not Available,Not Available,19,Not Available,Not Available,Not Available,Not Available,Not Available,19,Not Available,Not Available,19,Not Available,Not Available,19
54028.0,GATEWAYS HOSP  MENTAL HEALTH CTR,1891 EFFIE ST,LOS ANGELES,CA,90026,LOS ANGELES,(213) 666-0171,Psychiatric,Proprietary,No,,Not Available,19,Not Available,Not Available,Not Available,Not Available,Not Available,19,Not Available,Not Available,Not Available,Not Available,Not Available,19,Not Available,Not Available,Not Available,Not Available,Not Available,19,Not Available,Not Available,19,Not Available,Not Available,19
54089.0,JEWISH HOME & REHAB CENTER,302  SILVER AVENUE,SAN FRANCISCO,CA,94112,SAN FRANCISCO,(415) 334-2500,Psychiatric,Voluntary non-profit - Private,No,,Not Available,19,Not Available,Not Available,Not Available,Not Available,Not Available,19,Not Available,Not Available,Not Available,Not Available,Not Available,19,Not Available,Not Available,Not Available,Not Available,Not Available,19,Not Available,Not Available,19,Not Available,Not Available,19
54130.0,PACIFIC GROVE HOSPITAL,5900 BROCKTON AVE,RIVERSIDE,CA,92506,RIVERSIDE,(951) 275-8400,Psychiatric,Proprietary,No,,Not Available,19,Not Available,Not Available,Not Available,Not Available,Not Available,19,Not Available,Not Available,Not Available,Not Available,Not Available,19,Not Available,Not Available,Not Available,Not Available,Not Available,19,Not Available,Not Available,19,Not Available,Not Available,19
54151.0,"AURORA BEHAVIORAL HEALTHCARE-SANTA ROSA, LLC",1287 FULTON ROAD,SANTA ROSA,CA,95401,SONOMA,(707) 800-7700,Psychiatric,Proprietary,Yes,,Not Available,19,Not Available,Not Available,Not Available,Not Available,Not Available,19,Not Available,Not Available,Not Available,Not Available,Not Available,19,Not Available,Not Available,Not Available,Not Available,Not Available,19,Not Available,Not Available,19,Not Available,Not Available,19
60003.0,LONGMONT UNITED HOSPITAL,1950 MOUNTAIN VIEW AVE,LONGMONT,CO,80501,BOULDER,(303) 651-5111,Acute Care Hospitals,Voluntary non-profit - Private,Yes,Y,4,,7,5,0,5,0,,8,3,1,2,0,,11,6,0,5,1,,8,8,,12,10,
60015.0,CENTURA HEALTH-ST ANTHONY HOSPITAL,11600 W 2ND PL,LAKEWOOD,CO,80228,JEFFERSON,(720) 321-0000,Acute Care Hospitals,Voluntary non-profit - Church,Yes,,4,,7,7,0,7,0,,8,6,4,1,1,,11,8,1,6,1,,8,8,,12,9,
60034.0,HCA-HEALTHONE DBA SWEDISH MEDICAL CENTER,501 E HAMPDEN AVE,ENGLEWOOD,CO,80113,ARAPAHOE,(303) 788-5000,Acute Care Hospitals,Proprietary,Yes,Y,4,,7,7,2,5,0,,8,8,5,3,0,,11,11,0,10,1,,8,8,,12,9,
60100.0,THE MEDICAL CENTER OF AURORA & SOUTH HOSPITAL,1501 S POTOMAC ST,AURORA,CO,80012,ARAPAHOE,(303) 873-5511,Acute Care Hospitals,Proprietary,Yes,Y,3,,7,7,0,7,0,,8,7,1,5,1,,11,9,2,6,1,,8,8,,12,11,
60119.0,MEDICAL CENTER OF THE ROCKIES,2500 ROCKY MOUNTAIN AVE,LOVELAND,CO,80538,LARIMER,(970) 624-2500,Acute Care Hospitals,Voluntary non-profit - Private,Yes,Y,4,,7,7,0,7,0,,8,7,1,6,0,,11,11,1,10,0,,8,8,,12,11,
61300.0,WEISBROD MEMORIAL COUNTY HOSPITAL,1208 LUTHER ST,EADS,CO,81036,KIOWA,(719) 438-5401,Critical Access Hospitals,Government - Hospital District or Authority,Yes,,Not Available,16,7,Not Available,Not Available,Not Available,Not Available,5,8,Not Available,Not Available,Not Available,Not Available,5,11,Not Available,Not Available,Not Available,Not Available,5,8,Not Available,5,12,2,
61310.0,SEDGWICK COUNTY MEMORIAL HOSPITAL,900 CEDAR ST,JULESBURG,CO,80737,SEDGWICK,(970) 474-3323,Critical Access Hospitals,Government - Local,Yes,,Not Available,16,7,Not Available,Not Available,Not Available,Not Available,5,8,Not Available,Not Available,Not Available,Not Available,5,11,3,0,3,0,,8,Not Available,5,12,4,
61320.0,GUNNISON VALLEY HOSPITAL,711 N TAYLOR ST,GUNNISON,CO,81230,GUNNISON,(970) 641-1456,Critical Access Hospitals,Government - Local,Yes,,Not Available,16,7,Not Available,Not Available,Not Available,Not Available,5,8,Not Available,Not Available,Not Available,Not Available,5,11,3,0,3,0,,8,Not Available,5,12,4,
61343.0,KEEFE MEMORIAL HOSPITAL,602 N 6TH ST W,CHEYENNE WELLS,CO,80810,CHEYENNE,(719) 767-5661,Critical Access Hospitals,Government - Hospital District or Authority,Yes,,Not Available,16,7,Not Available,Not Available,Not Available,Not Available,5,8,Not Available,Not Available,Not Available,Not Available,5,11,Not Available,Not Available,Not Available,Not Available,5,8,Not Available,5,12,2,
64026.0,PEAK VIEW BEHAVIORAL HEALTH,7353 SISTERS GRV,COLORADO SPRINGS,CO,80923,EL PASO,(719) 444-8484,Psychiatric,Proprietary,Yes,,Not Available,19,Not Available,Not Available,Not Available,Not Available,Not Available,19,Not Available,Not Available,Not Available,Not Available,Not Available,19,Not Available,Not Available,Not Available,Not Available,Not Available,19,Not Available,Not Available,19,Not Available,Not Available,19
70008.0,JOHNSON MEMORIAL HOSPITAL,201 CHESTNUT HILL ROAD,STAFFORD SPRINGS,CT,6076,TOLLAND,(860) 684-4251,Acute Care Hospitals,Voluntary non-profit - Private,Yes,,3,,7,3,0,3,0,,8,2,0,2,0,,11,8,0,8,0,,8,8,,12,9,
70024.0,WILLIAM W BACKUS HOSPITAL,326 WASHINGTON ST,NORWICH,CT,6360,NEW LONDON,(860) 889-8331,Acute Care Hospitals,Voluntary non-profit - Other,Yes,Y,4,,7,6,0,6,0,,8,7,3,4,0,,11,9,0,8,1,,8,8,,12,12,
70038.0,THE CONNECTICUT HOSPICE INC.,100 DOUBLE BEACH ROAD,BRANFORD,CT,6405,NEW HAVEN,(203) 315-7500,Acute Care Hospitals,Voluntary non-profit - Private,No,,Not Available,5,Not Available,Not Available,Not Available,Not Available,Not Available,5,Not Available,Not Available,Not Available,Not Available,Not Available,5,Not Available,Not Available,Not Available,Not Available,Not Available,5,Not Available,Not Available,5,Not Available,Not Available,5
80001.0,CHRISTIANA HOSPITAL,4755 OGLETOWN-STANTON ROAD,NEWARK,DE,19718,NEW CASTLE,(302) 733-3609,Acute Care Hospitals,Voluntary non-profit - Private,Yes,Y,4,,7,7,2,5,0,,8,8,2,6,0,,11,11,2,9,0,,8,8,,12,12,
84004.0,DOVER BEHAVIORAL HEALTH SYSTEM,725 HORSEPOND ROAD,DOVER,DE,19901,KENT,(302) 741-0140,Psychiatric,Proprietary,No,,Not Available,19,Not Available,Not Available,Not Available,Not Available,Not Available,19,Not Available,Not Available,Not Available,Not Available,Not Available,19,Not Available,Not Available,Not Available,Not Available,Not Available,19,Not Available,Not Available,19,Not Available,Not Available,19
94004.0,PSYCHIATRIC INSTITUTE OF WASHINGTON,"4228 WISCONSIN AVENUE, NW",WASHINGTON,DC,20016,THE DISTRICT,(202) 885-5600,Psychiatric,Voluntary non-profit - Private,No,,Not Available,19,Not Available,Not Available,Not Available,Not Available,Not Available,19,Not Available,Not Available,Not Available,Not Available,Not Available,19,Not Available,Not Available,Not Available,Not Available,Not Available,19,Not Available,Not Available,19,Not Available,Not Available,19
100019.0,HOLMES REGIONAL MEDICAL CENTER,1350 S HICKORY ST,MELBOURNE,FL,32901,BREVARD,(321) 434-7000,Acute Care Hospitals,Voluntary non-profit - Private,Yes,Y,3,,7,7,0,7,0,,8,8,2,6,0,,11,9,2,6,1,,8,8,,12,9,
100035.0,MANATEE MEMORIAL HOSPITAL,206 2ND ST E,BRADENTON,FL,34208,MANATEE,(941) 746-5111,Acute Care Hospitals,Proprietary,Yes,Y,2,,7,7,0,6,1,,8,8,2,6,0,,11,9,0,8,1,,8,8,,12,10,
100050.0,LARKIN COMMUNITY HOSPITAL PALM SPRINGS CAMPUS,1475 W 49TH ST,HIALEAH,FL,33012,MIAMI-DADE,(305) 558-2500,Acute Care Hospitals,Voluntary non-profit - Private,Yes,,4,,7,3,0,3,0,,8,4,0,4,0,,11,4,0,4,0,,8,8,,12,7,
100068.0,ADVENTHEALTH DAYTONA BEACH,301 MEMORIAL MEDICAL PARKWAY,DAYTONA BEACH,FL,32117,VOLUSIA,(386) 231-6000,Acute Care Hospitals,Voluntary non-profit - Church,Yes,Y,4,,7,7,4,3,0,,8,7,1,6,0,,11,9,1,7,1,,8,8,,12,11,
100087.0,SARASOTA MEMORIAL HOSPITAL,1700 S TAMIAMI TRL,SARASOTA,FL,34239,SARASOTA,(941) 917-9000,Acute Care Hospitals,Government - Hospital District or Authority,Yes,Y,5,,7,7,5,2,0,,8,8,4,4,0,,11,11,2,8,1,,8,8,,12,11,
100113.0,UF HEALTH SHANDS HOSPITAL,1600 SW ARCHER RD,GAINESVILLE,FL,32610,ALACHUA,(352) 265-8000,Acute Care Hospitals,Voluntary non-profit - Private,Yes,Y,4,,7,7,2,5,0,,8,8,4,3,1,,11,11,1,8,2,,8,8,,12,11,
100130.0,LAKESIDE MEDICAL CENTER,39200 HOOKER HWY,BELLE GLADE,FL,33430,PALM BEACH,(561) 996-6571,Acute Care Hospitals,Government - Hospital District or Authority,Yes,,Not Available,16,7,Not Available,Not Available,Not Available,Not Available,5,8,2,0,2,0,,11,2,0,2,0,,8,Not Available,5,12,7,
100154.0,SOUTH MIAMI HOSPITAL,6200 SW 73RD ST,MIAMI,FL,33143,MIAMI-DADE,(786) 662-4000,Acute Care Hospitals,Voluntary non-profit - Private,Yes,Y,4,,7,7,0,7,0,,8,7,4,3,0,,11,8,1,5,2,,8,8,,12,11,
100177.0,CAPE CANAVERAL HOSPITAL,701 W COCOA BEACH CAUSEWAY,COCOA BEACH,FL,32931,BREVARD,(321) 799-7111,Acute Care Hospitals,Voluntary non-profit - Private,Yes,,4,,7,6,0,6,0,,8,7,1,6,0,,11,8,1,7,0,,8,8,,12,10,
100206.0,HCA FLORIDA SOUTH TAMPA HOSPITAL,2901 W SWANN AVE,TAMPA,FL,33609,HILLSBOROUGH,(813) 873-6400,Acute Care Hospitals,Proprietary,Yes,,4,,7,5,0,5,0,,8,3,1,2,0,,11,6,0,5,1,,8,8,,12,9,
100228.0,WESTSIDE REGIONAL MEDICAL CENTER,8201 W BROWARD BLVD,PLANTATION,FL,33324,BROWARD,(954) 473-6600,Acute Care Hospitals,Proprietary,No,,2,,7,7,1,5,1,,8,6,3,3,0,,11,8,0,7,1,,8,8,,12,8,
100248.0,HCA FLORIDA LARGO HOSPITAL,201 14TH ST SW,LARGO,FL,33770,PINELLAS,(727) 588-5200,Acute Care Hospitals,Proprietary,Yes,,1,,7,7,0,7,0,,8,6,2,4,0,,11,8,0,5,3,,8,8,,12,8,
100265.0,MEASE COUNTRYSIDE HOSPITAL,3231 MCMULLEN BOOTH RD,SAFETY HARBOR,FL,34695,PINELLAS,(727) 734-6950,Acute Care Hospitals,Voluntary non-profit - Private,Yes,Y,4,,7,6,0,6,0,,8,7,2,5,0,,11,9,0,9,0,,8,8,,12,10,
100285.0,MEMORIAL HOSPITAL MIRAMAR,1901 SW 172ND AVE,MIRAMAR,FL,33029,BROWARD,(954) 538-5000,Acute Care Hospitals,Government - Hospital District or Authority,Yes,Y,5,,7,3,0,3,0,,8,7,1,6,0,,11,5,0,5,0,,8,8,,12,9,
100299.0,LAKEWOOD RANCH MEDICAL CENTER,8330 LAKEWOOD RANCH BLVD,BRADENTON,FL,34202,MANATEE,(941) 782-2100,Acute Care Hospitals,Proprietary,Yes,Y,4,,7,6,0,6,0,,8,7,1,6,0,,11,8,1,6,1,,8,8,,12,9,
100329.0,OVIEDO MEDICAL CENTER,8300 RED BUG LAKE RD,OVIEDO,FL,32765,SEMINOLE,(615) 850-6055,Acute Care Hospitals,Proprietary,Yes,Y,4,,7,4,0,4,0,,8,5,2,3,0,,11,6,0,6,0,,8,8,,12,8,
101300.0,ADVENTHEALTH WAUCHULA,735 S 5TH AVE,WAUCHULA,FL,33873,HARDEE,(863) 773-3101,Critical Access Hospitals,Voluntary non-profit - Private,Yes,,Not Available,16,7,Not Available,Not Available,Not Available,Not Available,5,8,1,0,1,0,,11,Not Available,Not Available,Not Available,Not Available,5,8,Not Available,5,12,5,
101314.0,DOCTORS MEMORIAL HOSPITAL INC,333 N BYRON BUTLER PKWY,PERRY,FL,32347,TAYLOR,(850) 584-0800,Critical Access Hospitals,Voluntary non-profit - Private,Yes,,Not Available,16,7,Not Available,Not Available,Not Available,Not Available,5,8,Not Available,Not Available,Not Available,Not Available,5,11,Not Available,Not Available,Not Available,Not Available,5,8,Not Available,5,12,Not Available,5
104018.0,LIFESTREAM BEHAVIORAL CENTER,2020 TALLY RD,LEESBURG,FL,34748,LAKE,(352) 315-7800,Psychiatric,Proprietary,No,,Not Available,19,Not Available,Not Available,Not Available,Not Available,Not Available,19,Not Available,Not Available,Not Available,Not Available,Not Available,19,Not Available,Not Available,Not Available,Not Available,Not Available,19,Not Available,Not Available,19,Not Available,Not Available,19
104070.0,PORT ST LUCIE HOSPITAL,2550 SE WALTON RD,PORT SAINT LUCIE,FL,34952,ST. LUCIE,(772) 335-0400,Psychiatric,Proprietary,Yes,,Not Available,19,Not Available,Not Available,Not Available,Not Available,Not Available,19,Not Available,Not Available,Not Available,Not Available,Not Available,19,Not Available,Not Available,Not Available,Not Available,Not Available,19,Not Available,Not Available,19,Not Available,Not Available,19
104081.0,BLACKBERRY CENTER - OGLETHORPE OF ORLANDO,91 BEEHIVE CIR,SAINT CLOUD,FL,34769,OSCEOLA,(321) 805-5090,Psychiatric,Voluntary non-profit - Private,No,,Not Available,19,Not Available,Not Available,Not Available,Not Available,Not Available,19,Not Available,Not Available,Not Available,Not Available,Not Available,19,Not Available,Not Available,Not Available,Not Available,Not Available,19,Not Available,Not Available,19,Not Available,Not Available,19
110010.0,EMORY UNIVERSITY HOSPITAL,"1364 CLIFTON ROAD, NE",ATLANTA,GA,30322,DE KALB,(404) 686-8500,Acute Care Hospitals,Voluntary non-profit - Private,Yes,,4,,7,7,3,4,0,,8,8,1,6,1,,11,11,0,11,0,,8,8,,12,10,
110029.0,"NORTHEAST GEORGIA MEDICAL CENTER, INC",743 SPRING STREET,GAINESVILLE,GA,30501,HALL,(770) 535-3553,Acute Care Hospitals,Government - Local,Yes,Y,2,,7,7,0,7,0,,8,8,2,6,0,,11,11,1,9,1,,8,8,,12,12,
110043.0,ST JOSEPH'S HOSPITAL - SAVANNAH,11705 MERCY BOULEVARD,SAVANNAH,GA,31419,CHATHAM,(912) 819-4100,Acute Care Hospitals,Voluntary non-profit - Private,Yes,,2,,7,7,0,6,1,,8,7,1,5,1,,11,11,0,10,1,,8,8,,12,10,
110073.0,DORMINY MEDICAL CENTER,"200 PERRY HOUSE ROAD, BOX 1447",FITZGERALD,GA,31750,BEN HILL,(229) 424-7100,Acute Care Hospitals,Government - Local,Yes,,Not Available,16,7,1,0,1,0,,8,1,0,1,0,,11,4,0,4,0,,8,8,,12,8,
110089.0,"COFFEE REGIONAL MEDICAL CENTER, INC",1101 OCILLA ROAD,DOUGLAS,GA,31642,ATKINSON,(912) 384-1900,Acute Care Hospitals,Government - Hospital District or Authority,Yes,Y,2,,7,5,0,4,1,,8,4,1,3,0,,11,8,0,6,2,,8,8,,12,11,
110111.0,UNIVERSITY MCDUFFIE COUNTY REGIONAL MEDICAL CENTER,2460 WASHINGTON ROAD,THOMSON,GA,30824,MC DUFFIE,(706) 595-1411,Acute Care Hospitals,Government - Hospital District or Authority,Yes,,Not Available,16,7,1,0,1,0,,8,2,0,2,0,,11,4,0,3,1,,8,8,,12,8,
110143.0,WELLSTAR COBB MEDICAL CENTER,3950 AUSTELL RD,AUSTELL,GA,30106,COBB,(770) 732-4000,Acute Care Hospitals,Voluntary non-profit - Other,No,Y,2,,7,6,0,6,0,,8,8,1,7,0,,11,10,0,10,0,,8,8,,12,11,
110190.0,FLINT RIVER COMMUNITY HOSPITAL,"509 SUMTER STREET, BOX 770",MONTEZUMA,GA,31063,DOOLY,(478) 472-3100,Acute Care Hospitals,Voluntary non-profit - Private,No,,Not Available,16,7,Not Available,Not Available,Not Available,Not Available,5,8,Not Available,Not Available,Not Available,Not Available,5,11,Not Available,Not Available,Not Available,Not Available,5,8,Not Available,5,12,2,
110226.0,EMORY HILLANDALE HOSPITAL,2801 DEKALB MEDICAL PARKWAY,LITHONIA,GA,30058,DE KALB,(404) 501-8040,Acute Care Hospitals,Government - Hospital District or Authority,Yes,,2,,7,2,0,2,0,,8,5,1,4,0,,11,5,0,5,0,,8,8,,12,9,
110781.0,TAYLOR REGIONAL HOSPITAL,222 PERRY HWY,HAWKINSVILLE,GA,31036,PULASKI,(478) 783-0200,Rural Emergency Hospital,Voluntary non-profit - Private,Yes,,Not Available,19,Not Available,Not Available,Not Available,Not Available,Not Available,19,Not Available,Not Available,Not Available,Not Available,Not Available,19,Not Available,Not Available,Not Available,Not Available,Not Available,19,Not Available,Not Available,19,Not Available,Not Available,19
111313.0,PUTNAM GENERAL HOSPITAL,101 LAKE OCONEE PARKWAY,EATONTON,GA,31024,PUTNAM,(706) 485-2711,Critical Access Hospitals,Government - Hospital District or Authority,Yes,,Not Available,16,7,1,0,1,0,,8,Not Available,Not Available,Not Available,Not Available,5,11,4,0,4,0,,8,Not Available,5,12,6,
111327.0,BACON COUNTY HOSPITAL,302 SOUTH WAYNE STREET,ALMA,GA,31510,BACON,(912) 632-8961,Critical Access Hospitals,Voluntary non-profit - Other,Yes,,Not Available,16,7,1,0,1,0,,8,Not Available,Not Available,Not Available,Not Available,5,11,3,0,3,0,,8,8,,12,5,
111337.0,ELBERT MEMORIAL HOSPITAL,4 MEDICAL DRIVE,ELBERTON,GA,30635,ELBERT,(706) 213-2535,Critical Access Hospitals,Government - Hospital District or Authority,No,,Not Available,16,7,1,0,1,0,,8,1,0,1,0,,11,3,0,3,0,,8,8,,12,5,
114028.0,GEORGIA REGIONAL HOSP SAVANNAH,1915 EISENHOWER DRIVE,SAVANNAH,GA,31416,CHATHAM,(912) 356-2045,Psychiatric,Government - State,Yes,,Not Available,19,Not Available,Not Available,Not Available,Not Available,Not Available,19,Not Available,Not Available,Not Available,Not Available,Not Available,19,Not Available,Not Available,Not Available,Not Available,Not Available,19,Not Available,Not Available,19,Not Available,Not Available,19
120007.0,KUAKINI MEDICAL CENTER,347 NORTH KUAKINI STREET,HONOLULU,HI,96817,HONOLULU,(808) 536-2236,Acute Care Hospitals,Voluntary non-profit - Private,Yes,,4,,7,5,1,4,0,,8,7,0,7,0,,11,6,0,5,1,,8,8,,12,9,
121303.0,MOLOKAI GENERAL HOSPITAL,280 HOME OLU PLACE,KAUNAKAKAI,HI,96748,MAUI,(808) 553-5331,Critical Access Hospitals,Voluntary non-profit - Private,Yes,,Not Available,16,7,Not Available,Not Available,Not Available,Not Available,5,8,Not Available,Not Available,Not Available,Not Available,5,11,Not Available,Not Available,Not Available,Not Available,5,8,Not Available,5,12,6,
130003.0,ST JOSEPH REGIONAL MEDICAL CENTER,415 SIXTH STREET,LEWISTON,ID,83501,NEZ PERCE,(208) 799-5300,Acute Care Hospitals,Voluntary non-profit - Private,Yes,Y,2,,7,6,0,6,0,,8,3,0,3,0,,11,9,1,7,1,,8,8,,12,11,
130065.0,MOUNTAIN VIEW HOSPITAL,2325 CORONADO STREET,IDAHO FALLS,ID,83404,BONNEVILLE,(208) 557-2700,Acute Care Hospitals,Physician,Yes,Y,3,,7,Not Available,Not Available,Not Available,Not Available,5,8,5,0,5,0,,11,6,0,4,2,,8,8,,12,8,
131305.0,STEELE MEMORIAL MEDICAL CENTER,203 SOUTH DAISY STREET,SALMON,ID,83467,LEMHI,(208) 756-5600,Critical Access Hospitals,Government - Local,Yes,,Not Available,16,7,2,0,2,0,,8,1,0,1,0,,11,6,0,6,0,,8,Not Available,5,12,2,
131317.0,BENEWAH COMMUNITY HOSPITAL,229 SOUTH 7TH STREET,SAINT MARIES,ID,83861,BENEWAH,(208) 245-5551,Critical Access Hospitals,Government - Local,Yes,,Not Available,16,7,Not Available,Not Available,Not Available,Not Available,5,8,Not Available,Not Available,Not Available,Not Available,5,11,1,0,1,0,,8,Not Available,5,12,4,
131327.0,GRITMAN MEDICAL CENTER,700 SOUTH MAIN STREET,MOSCOW,ID,83843,LATAH,(208) 882-4511,Critical Access Hospitals,Voluntary non-profit - Private,Yes,,3,,7,3,0,3,0,,8,1,0,1,0,,11,8,1,7,0,,8,8,,12,11,
140010.0,NORTHSHORE UNIVERSITY HEALTHSYSTEM - EVANSTON HOSPITAL,2650 RIDGE AVE,EVANSTON,IL,60201,COOK,(847) 570-2000,Acute Care Hospitals,Voluntary non-profit - Other,Yes,Y,5,,7,7,5,2,0,,8,8,4,4,0,,11,11,2,7,2,,8,8,,12,12,
140043.0,CGH MEDICAL CENTER,100 EAST LEFEVRE ROAD,STERLING,IL,61081,WHITESIDE,(815) 625-0400,Acute Care Hospitals,Government - Local,Yes,Y,2,,7,5,0,4,1,,8,5,0,5,0,,11,10,0,10,0,,8,8,,12,10,
140064.0,ST MARY MEDICAL CENTER,3333 NORTH SEMINARY,GALESBURG,IL,61401,KNOX,(309) 344-3161,Acute Care Hospitals,Voluntary non-profit - Church,Yes,Y,2,,7,5,0,5,0,,8,3,0,3,0,,11,7,0,7,0,,8,8,,12,11,
140089.0,MC DONOUGH DISTRICT HOSPITAL,525 EAST GRANT STREET,MACOMB,IL,61455,MC DONOUGH,(309) 833-4101,Acute Care Hospitals,Government - Hospital District or Authority,Yes,Y,3,,7,3,0,3,0,,8,1,0,1,0,,11,6,1,5,0,,8,8,,12,11,
140115.0,THOREK MEMORIAL HOSPITAL,850 W IRVING PARK RD,CHICAGO,IL,60613,COOK,(773) 975-6867,Acute Care Hospitals,Voluntary non-profit - Private,Yes,,Not Available,16,7,1,0,1,0,,8,2,0,2,0,,11,5,0,4,1,,8,8,,12,8,
140133.0,HOLY CROSS HOSPITAL,2701 W 68TH STREET,CHICAGO,IL,60629,COOK,(773) 884-9000,Acute Care Hospitals,Voluntary non-profit - Private,Yes,,1,,7,4,0,4,0,,8,2,0,2,0,,11,5,0,4,1,,8,8,,12,8,
140162.0,ST JOSEPH MEDICAL CENTER,2200 E WASHINGTON,BLOOMINGTON,IL,61701,MC LEAN,(309) 662-3311,Acute Care Hospitals,Voluntary non-profit - Church,Yes,Y,1,,7,7,0,7,0,,8,7,1,6,0,,11,8,0,7,1,,8,8,,12,10,
140184.0,HEARTLAND REGIONAL MEDICAL CENTER,3333 W DEYOUNG,MARION,IL,62959,WILLIAMSON,(618) 998-7000,Acute Care Hospitals,Proprietary,Yes,,2,,7,5,0,5,0,,8,3,0,3,0,,11,8,0,8,0,,8,8,,12,10,
140208.0,ADVOCATE CHRIST HOSPITAL & MEDICAL CENTER,4440 W 95TH STREET,OAK LAWN,IL,60453,COOK,(708) 684-8000,Acute Care Hospitals,Voluntary non-profit - Church,Yes,Y,3,,7,7,3,4,0,,8,8,3,3,2,,11,11,0,10,1,,8,8,,12,12,
140233.0,SAINT ANTHONY MEDICAL CENTER,5666 EAST STATE STREET,ROCKFORD,IL,61108,WINNEBAGO,(815) 226-2000,Acute Care Hospitals,Voluntary non-profit - Church,Yes,Y,2,,7,7,0,7,0,,8,7,2,5,0,,11,11,0,11,0,,8,8,,12,10,
140286.0,NORTHWESTERN MEDICINE KISHWAUKEE HOSPITAL,ONE  KISH HOSPITAL DRIVE,DEKALB,IL,60115,DE KALB,(815) 756-1521,Acute Care Hospitals,Voluntary non-profit - Private,Yes,Y,4,,7,6,1,5,0,,8,6,1,4,1,,11,9,0,9,0,,8,8,,12,11,
141300.0,THOMAS H BOYD MEMORIAL HOSPITAL,800 SCHOOL ST,CARROLLTON,IL,62016,GREENE,(217) 942-6946,Critical Access Hospitals,Government - Local,Yes,,Not Available,16,7,1,0,1,0,,8,Not Available,Not Available,Not Available,Not Available,5,11,2,0,2,0,,8,Not Available,5,12,2,
141310.0,OSF SAINT PAUL MEDICAL CENTER,1401 E 12TH STREET,MENDOTA,IL,61342,LA SALLE,(815) 539-7461,Critical Access Hospitals,Voluntary non-profit - Church,Yes,,Not Available,16,7,2,0,1,1,,8,1,0,1,0,,11,5,0,5,0,,8,8,,12,5,
141321.0,FRANKLIN HOSPITAL,201 BAILEY LANE,BENTON,IL,62812,FRANKLIN,(618) 439-3161,Critical Access Hospitals,Government - Hospital District or Authority,Yes,,Not Available,16,7,2,0,2,0,,8,Not Available,Not Available,Not Available,Not Available,5,11,2,0,2,0,,8,Not Available,5,12,4,
141331.0,MARSHALL BROWNING HOSPITAL,900 NORTH WASHINGTON STREET,DU QUOIN,IL,62832,PERRY,(618) 542-2146,Critical Access Hospitals,Voluntary non-profit - Private,Yes,,Not Available,16,7,1,0,1,0,,8,Not Available,Not Available,Not Available,Not Available,5,11,3,0,3,0,,8,Not Available,5,12,3,
141341.0,PANA COMMUNITY HOSPITAL,101 E NINTH STREET,PANA,IL,62557,CHRISTIAN,(217) 562-2131,Critical Access Hospitals,Voluntary non-profit - Private,Yes,,Not Available,16,7,2,0,2,0,,8,Not Available,Not Available,Not Available,Not Available,5,11,3,0,3,0,,8,Not Available,5,12,4,
141351.0,CLAY COUNTY HOSPITAL,911 STACY BURK DR,FLORA,IL,62839,CLAY,(618) 662-2131,Critical Access Hospitals,Government - Local,Yes,,4,,7,3,0,3,0,,8,Not Available,Not Available,Not Available,Not Available,5,11,6,0,6,0,,8,8,,12,6,
144016.0,ALTON MENTAL HEALTH CENTER,4500 COLLEGE AVENUE,ALTON,IL,62002,MADISON,(618) 474-3800,Psychiatric,Government - State,No,,Not Available,19,Not Available,Not Available,Not Available,Not Available,Not Available,19,Not Available,Not Available,Not Available,Not Available,Not Available,19,Not Available,Not Available,Not Available,Not Available,Not Available,19,Not Available,Not Available,19,Not Available,Not Available,19
144039.0,GARFIELD PARK HOSPITAL,520 N RIDGEWAY AVE,CHICAGO,IL,60624,COOK,(773) 265-3700,Psychiatric,Proprietary,No,,Not Available,19,Not Available,Not Available,Not Available,Not Available,Not Available,19,Not Available,Not Available,Not Available,Not Available,Not Available,19,Not Available,Not Available,Not Available,Not Available,Not Available,19,Not Available,Not Available,19,Not Available,Not Available,19
150008.0,ST CATHERINE HOSPITAL INC,4321 FIR STREET,EAST CHICAGO,IN,46312,LAKE,(219) 392-7004,Acute Care Hospitals,Voluntary non-profit - Private,Yes,Y,3,,7,5,0,5,0,,8,6,1,4,1,,11,8,0,8,0,,8,8,,12,9,
150023.0,UNION HOSPITAL INC,1606 N SEVENTH ST,TERRE HAUTE,IN,47804,VIGO,(812) 238-7606,Acute Care Hospitals,Voluntary non-profit - Private,Yes,Y,3,,7,7,0,7,0,,8,8,2,6,0,,11,11,2,7,2,,8,8,,12,12,
150046.0,TERRE HAUTE REGIONAL HOSPITAL,3901 S SEVENTH ST,TERRE HAUTE,IN,47802,VIGO,(812) 232-0021,Acute Care Hospitals,Proprietary,Yes,Y,3,,7,7,0,7,0,,8,5,1,4,0,,11,11,0,11,0,,8,8,,12,9,
150069.0,NORTON-KING'S DAUGHTERS' HEALTH,1373 EAST SR 62,MADISON,IN,47250,JEFFERSON,(812) 801-0800,Acute Care Hospitals,Voluntary non-profit - Private,Yes,Y,2,,7,4,0,4,0,,8,4,0,4,0,,11,8,0,8,0,,8,8,,12,11,
150090.0,FRANCISCAN HEALTH DYER,24 JOLIET ST,DYER,IN,46311,LAKE,(219) 865-2141,Acute Care Hospitals,Voluntary non-profit - Church,Yes,Y,2,,7,6,0,6,0,,8,7,1,5,1,,11,7,0,6,1,,8,8,,12,10,
150115.0,MEMORIAL HOSPITAL AND HEALTH CARE CENTER,800 W 9TH ST,JASPER,IN,47546,DUBOIS,(812) 996-2345,Acute Care Hospitals,Voluntary non-profit - Private,Yes,Y,4,,7,5,0,4,1,,8,4,1,3,0,,11,10,0,9,1,,8,8,,12,11,
150158.0,IU HEALTH WEST HOSPITAL,1111 N RONALD REAGAN PKWY,AVON,IN,46123,HENDRICKS,(317) 217-3000,Acute Care Hospitals,Proprietary,Yes,Y,4,,7,6,0,6,0,,8,7,1,5,1,,11,10,1,9,0,,8,8,,12,11,
150173.0,INDIANA UNIVERSITY HEALTH ARNETT HOSPITAL,5165 MCCARTY LN,LAFAYETTE,IN,47905,TIPPECANOE,(765) 448-8000,Acute Care Hospitals,Voluntary non-profit - Private,Yes,Y,4,,7,7,0,7,0,,8,7,1,6,0,,11,11,1,10,0,,8,8,,12,11,
151304.0,RUSH MEMORIAL HOSPITAL,1300 N MAIN ST,RUSHVILLE,IN,46173,RUSH,(765) 932-4111,Critical Access Hospitals,Government - Local,Yes,,Not Available,16,7,2,0,2,0,,8,Not Available,Not Available,Not Available,Not Available,5,11,5,1,4,0,,8,Not Available,5,12,7,
151314.0,ASCENSION ST VINCENT SALEM,911 N SHELBY ST,SALEM,IN,47167,WASHINGTON,(812) 883-5881,Critical Access Hospitals,Voluntary non-profit - Private,Yes,,Not Available,16,7,Not Available,Not Available,Not Available,Not Available,5,8,Not Available,Not Available,Not Available,Not Available,5,11,2,0,2,0,,8,Not Available,5,12,5,
151325.0,ASCENSION ST VINCENT WARRICK,1116 MILLIS AVE,BOONVILLE,IN,47601,WARRICK,(812) 897-4800,Critical Access Hospitals,Voluntary non-profit - Private,Yes,,Not Available,16,7,Not Available,Not Available,Not Available,Not Available,5,8,Not Available,Not Available,Not Available,Not Available,5,11,1,0,1,0,,8,Not Available,5,12,6,
154005.0,"WABASH VALLEY ALLIANCE, INC. / RIVER BEND HOSPITAL",2900 N RIVER RD,WEST LAFAYETTE,IN,47906,TIPPECANOE,(765) 464-0400,Psychiatric,Voluntary non-profit - Private,No,,Not Available,19,Not Available,Not Available,Not Available,Not Available,Not Available,19,Not Available,Not Available,Not Available,Not Available,Not Available,19,Not Available,Not Available,Not Available,Not Available,Not Available,19,Not Available,Not Available,19,Not Available,Not Available,19
154031.0,OAKLAWN PSYCHIATRIC CENTER INC,330 LAKEVIEW DR,GOSHEN,IN,46527,ELKHART,(574) 533-1234,Psychiatric,Voluntary non-profit - Private,No,,Not Available,19,Not Available,Not Available,Not Available,Not Available,Not Available,19,Not Available,Not Available,Not Available,Not Available,Not Available,19,Not Available,Not Available,Not Available,Not Available,Not Available,19,Not Available,Not Available,19,Not Available,Not Available,19
154057.0,OPTIONS BEHAVIORAL HEALTH SYSTEM,5602 CAITO DRIVE,INDIANAPOLIS,IN,46226,MARION,(317) 544-4340,Psychiatric,Proprietary,No,,Not Available,19,Not Available,Not Available,Not Available,Not Available,Not Available,19,Not Available,Not Available,Not Available,Not Available,Not Available,19,Not Available,Not Available,Not Available,Not Available,Not Available,19,Not Available,Not Available,19,Not Available,Not Available,19
154070.0,MAPLE HEIGHTS BEHAVIORAL HEALTH,3955 WEST WASHINGTON CENTER ROAD,FORT WAYNE,IN,46818,ALLEN,(417) 392-7307,Psychiatric,Proprietary,Yes,,Not Available,19,Not Available,Not Available,Not Available,Not Available,Not Available,19,Not Available,Not Available,Not Available,Not Available,Not Available,19,Not Available,Not Available,Not Available,Not Available,Not Available,19,Not Available,Not Available,19,Not Available,Not Available,19
160040.0,"SARTORI MEMORIAL HOSPITAL, INC",515 COLLEGE STREET,CEDAR FALLS,IA,50613,BLACK HAWK,(319) 268-3000,Acute Care Hospitals,Voluntary non-profit - Church,Yes,,Not Available,16,7,1,0,1,0,,8,2,0,2,0,,11,5,0,5,0,,8,8,,12,8,
160082.0,UNITYPOINT HEALTH - DES MOINES IOWA METHODIST MEDI,1200 PLEASANT STREET,DES MOINES,IA,50309,POLK,(515) 343-1000,Acute Care Hospitals,Voluntary non-profit - Private,Yes,Y,3,,7,7,0,6,1,,8,8,4,4,0,,11,11,1,9,1,,8,8,,12,11,
160147.0,GRINNELL REGIONAL MEDICAL CENTER,210 FOURTH AVENUE,GRINNELL,IA,50112,POWESHIEK,(641) 236-2422,Acute Care Hospitals,Voluntary non-profit - Private,Yes,Y,4,,7,4,0,4,0,,8,2,0,2,0,,11,8,0,8,0,,8,8,,12,10,
161309.0,CHI HEALTH MISSOURI VALLEY,631 N 8TH ST,MISSOURI VALLEY,IA,51555,HARRISON,(712) 642-2784,Critical Access Hospitals,Voluntary non-profit - Private,Yes,,Not Available,16,7,2,0,2,0,,8,Not Available,Not Available,Not Available,Not Available,5,11,3,0,3,0,,8,Not Available,5,12,7,
161319.0,MERCYONE ELKADER MEDICAL CENTER,901 DAVIDSON STREET NW,ELKADER,IA,52043,CLAYTON,(563) 245-7000,Critical Access Hospitals,Voluntary non-profit - Private,Yes,,Not Available,16,7,Not Available,Not Available,Not Available,Not Available,5,8,Not Available,Not Available,Not Available,Not Available,5,11,1,0,1,0,,8,Not Available,5,12,4,
161329.0,JACKSON COUNTY REGIONAL HEALTH CENTER,700 W GROVE ST,MAQUOKETA,IA,52060,JACKSON,(563) 652-2474,Critical Access Hospitals,Government - Local,Yes,,Not Available,16,7,1,0,1,0,,8,Not Available,Not Available,Not Available,Not Available,5,11,2,0,2,0,,8,Not Available,5,12,5,
161339.0,WAVERLY HEALTH CENTER,312  9TH STREET SW,WAVERLY,IA,50677,BREMER,(319) 352-4120,Critical Access Hospitals,Government - Local,Yes,Y,Not Available,16,7,2,0,2,0,,8,Not Available,Not Available,Not Available,Not Available,5,11,4,0,4,0,,8,8,,12,6,
161349.0,VIRGINIA GAY HOSPITAL,502 NORTH 9TH AVENUE,VINTON,IA,52349,BENTON,(319) 472-6200,Critical Access Hospitals,Voluntary non-profit - Private,Yes,,Not Available,16,7,2,0,2,0,,8,Not Available,Not Available,Not Available,Not Available,5,11,4,0,4,0,,8,8,,12,6,
161359.0,BURGESS HEALTH CENTER,1600 DIAMOND STREET,ONAWA,IA,51040,MONONA,(712) 423-2311,Critical Access Hospitals,Voluntary non-profit - Private,Yes,,Not Available,16,7,2,0,1,1,,8,Not Available,Not Available,Not Available,Not Available,5,11,4,0,4,0,,8,Not Available,5,12,5,
161369.0,CRAWFORD COUNTY MEMORIAL HOSPITAL,100 MEDICAL PARKWAY,DENISON,IA,51442,CRAWFORD,(712) 263-2500,Critical Access Hospitals,Government - Local,Yes,,2,,7,4,0,4,0,,8,Not Available,Not Available,Not Available,Not Available,5,11,5,1,4,0,,8,8,,12,4,
161379.0,MAHASKA  HEALTH PARTNERSHIP,1229 C AVENUE EAST,OSKALOOSA,IA,52577,MAHASKA,(641) 672-3100,Critical Access Hospitals,Government - Local,Yes,Y,2,,7,4,0,4,0,,8,Not Available,Not Available,Not Available,Not Available,5,11,4,0,4,0,,8,8,,12,7,
170012.0,SALINA REGIONAL HEALTH CENTER,400 SOUTH SANTA FE AVENUE,SALINA,KS,67401,SALINE,(785) 452-7000,Acute Care Hospitals,Voluntary non-profit - Private,Yes,Y,3,,7,7,0,5,2,,8,7,0,7,0,,11,11,1,10,0,,8,8,,12,11,
170068.0,SOUTHWEST MEDICAL CENTER,315 WEST 15TH STREET,LIBERAL,KS,67901,SEWARD,(620) 624-1651,Acute Care Hospitals,Government - Local,Yes,Y,1,,7,4,0,4,0,,8,4,0,3,1,,11,7,0,6,1,,8,8,,12,9,
170137.0,LMH,325 MAINE STREET,LAWRENCE,KS,66044,DOUGLAS,(785) 505-6100,Acute Care Hospitals,Government - Local,Yes,Y,5,,7,6,0,5,1,,8,6,1,5,0,,11,10,1,9,0,,8,8,,12,12,
170188.0,KANSAS CITY ORTHOPAEDIC INSTITUTE,3651 COLLEGE BLVD,LEAWOOD,KS,66211,JOHNSON,(913) 319-7633,Acute Care Hospitals,Physician,No,,Not Available,16,7,Not Available,Not Available,Not Available,Not Available,5,8,2,0,2,0,,11,3,1,2,0,,8,8,,12,4,
170204.0,"ROCK REGIONAL HOSPITAL, LLC",3251 NORTH ROCK ROAD,DERBY,KS,67037,SEDGWICK,(316) 425-2400,Acute Care Hospitals,Proprietary,Yes,,Not Available,16,7,2,0,2,0,,8,1,0,1,0,,11,5,0,5,0,,8,8,,12,8,
171307.0,RAWLINS COUNTY HEALTH CENTER,707 GRANT ST,ATWOOD,KS,67730,RAWLINS,(785) 626-3211,Critical Access Hospitals,Voluntary non-profit - Other,Yes,,Not Available,16,7,Not Available,Not Available,Not Available,Not Available,5,8,Not Available,Not Available,Not Available,Not Available,5,11,1,0,1,0,,8,Not Available,5,12,5,
171317.0,EDWARDS COUNTY MEDICAL CENTER,620 WEST EIGHTH STREET,KINSLEY,KS,67547,EDWARDS,(620) 659-3621,Critical Access Hospitals,Government - Local,No,,Not Available,16,7,Not Available,Not Available,Not Available,Not Available,5,8,Not Available,Not Available,Not Available,Not Available,5,11,Not Available,Not Available,Not Available,Not Available,5,8,Not Available,5,12,4,
171328.0,OTTAWA COUNTY HEALTH CENTER,215 E 8TH STREET,MINNEAPOLIS,KS,67467,OTTAWA,(785) 392-2122,Critical Access Hospitals,Voluntary non-profit - Other,Yes,,Not Available,16,7,Not Available,Not Available,Not Available,Not Available,5,8,1,0,1,0,,11,1,0,1,0,,8,Not Available,5,12,4,
171338.0,GREAT PLAINS OF SABETHA,603 S 14TH STREET,SABETHA,KS,66534,NEMAHA,(785) 284-2121,Critical Access Hospitals,Voluntary non-profit - Private,Yes,,Not Available,16,7,1,0,1,0,,8,Not Available,Not Available,Not Available,Not Available,5,11,3,0,3,0,,8,Not Available,5,12,5,
171350.0,RUSSELL REGIONAL HOSPITAL,200 S MAIN STREET,RUSSELL,KS,67665,RUSSELL,(785) 483-3131,Critical Access Hospitals,Voluntary non-profit - Private,Yes,,Not Available,16,7,2,0,2,0,,8,Not Available,Not Available,Not Available,Not Available,5,11,4,0,4,0,,8,Not Available,5,12,4,
171360.0,LINCOLN COUNTY HOSPITAL,624 N SECOND,LINCOLN,KS,67455,LINCOLN,(785) 524-4403,Critical Access Hospitals,Government - Local,No,,Not Available,16,7,Not Available,Not Available,Not Available,Not Available,5,8,Not Available,Not Available,Not Available,Not Available,5,11,1,0,1,0,,8,Not Available,5,12,4,
171371.0,CLAY COUNTY MEDICAL CENTER,617 LIBERTY,CLAY CENTER,KS,67432,CLAY,(785) 632-2144,Critical Access Hospitals,Government - Local,Yes,,4,,7,3,0,3,0,,8,Not Available,Not Available,Not Available,Not Available,5,11,6,0,6,0,,8,8,,12,8,
171381.0,MEMORIAL HOSPITAL,511 NE 10TH ST,ABILENE,KS,67410,DICKINSON,(785) 263-2100,Critical Access Hospitals,Government - Hospital District or Authority,Yes,,Not Available,16,7,2,0,1,1,,8,Not Available,Not Available,Not Available,Not Available,5,11,4,0,4,0,,8,Not Available,5,12,5,
174020.0,COTTONWOOD SPRINGS LLC,13351 S ARAPAHO DRIVE,OLATHE,KS,66062,JOHNSON,(913) 353-3000,Psychiatric,Proprietary,No,,Not Available,19,Not Available,Not Available,Not Available,Not Available,Not Available,19,Not Available,Not Available,Not Available,Not Available,Not Available,19,Not Available,Not Available,Not Available,Not Available,Not Available,19,Not Available,Not Available,19,Not Available,Not Available,19
180011.0,SAINT JOSEPH LONDON,1001 SAINT JOSEPH LANE,LONDON,KY,40741,LAUREL,(606) 330-6000,Acute Care Hospitals,Voluntary non-profit - Private,Yes,Y,3,,7,6,1,5,0,,8,7,1,6,0,,11,10,1,8,1,,8,8,,12,12,
180027.0,MURRAY-CALLOWAY COUNTY HOSPITAL,803 POPLAR STREET,MURRAY,KY,42071,CALLOWAY,(270) 762-1100,Acute Care Hospitals,Voluntary non-profit - Other,Yes,Y,2,,7,6,0,5,1,,8,5,0,5,0,,11,10,0,8,2,,8,8,,12,11,
180049.0,BAPTIST HEALTH RICHMOND,801 EASTERN BYPASS,RICHMOND,KY,40475,MADISON,(859) 625-3114,Acute Care Hospitals,Voluntary non-profit - Private,Yes,,3,,7,5,0,5,0,,8,2,0,2,0,,11,8,0,8,0,,8,8,,12,9,
180079.0,HARRISON MEMORIAL HOSPITAL,1210 KY HWY 36 E,CYNTHIANA,KY,41031,HARRISON,(859) 234-2300,Acute Care Hospitals,Voluntary non-profit - Other,Yes,Y,3,,7,3,0,2,1,,8,2,1,1,0,,11,6,0,6,0,,8,8,,12,11,
180105.0,MONROE COUNTY MEDICAL CENTER,529 CAPP HARLAN ROAD,TOMPKINSVILLE,KY,42167,MONROE,(270) 487-9231,Acute Care Hospitals,Voluntary non-profit - Other,Yes,,1,,7,3,0,3,0,,8,1,0,1,0,,11,4,0,2,2,,8,8,,12,8,
180143.0,SAINT JOSEPH EAST,150 NORTH EAGLE CREEK DRIVE,LEXINGTON,KY,40509,FAYETTE,(859) 967-5000,Acute Care Hospitals,Voluntary non-profit - Private,Yes,Y,3,,7,4,0,4,0,,8,4,1,3,0,,11,8,0,8,0,,8,8,,12,10,
181308.0,BLUEGRASS COMMUNITY HOSPITAL,360 AMSDEN AVENUE,VERSAILLES,KY,40383,WOODFORD,(859) 873-3111,Critical Access Hospitals,Proprietary,Yes,,Not Available,16,7,Not Available,Not Available,Not Available,Not Available,5,8,Not Available,Not Available,Not Available,Not Available,5,11,2,0,2,0,,8,Not Available,5,12,6,
181320.0,"LIVINGSTON HOSPITAL AND HEALTHCARE SERVICES, INC",131 HOSPITAL DRIVE,SALEM,KY,42078,LIVINGSTON,(270) 988-2299,Critical Access Hospitals,Voluntary non-profit - Private,Yes,,Not Available,16,7,2,0,2,0,,8,Not Available,Not Available,Not Available,Not Available,5,11,4,0,4,0,,8,Not Available,5,12,6,
181331.0,MCDOWELL ARH HOSPITAL,9879 KENTUCKY ROUTE 122,MC DOWELL,KY,41647,FLOYD,(606) 377-3400,Critical Access Hospitals,Voluntary non-profit - Private,Yes,,Not Available,16,7,Not Available,Not Available,Not Available,Not Available,5,8,Not Available,Not Available,Not Available,Not Available,5,11,1,0,1,0,,8,Not Available,5,12,6,
184012.0,LINCOLN TRAIL BEHAVIORAL HEALTH SYSTEM,3909 S WILSON ROAD,RADCLIFF,KY,40160,HARDIN,(270) 351-9444,Psychiatric,Proprietary,No,,Not Available,19,Not Available,Not Available,Not Available,Not Available,Not Available,19,Not Available,Not Available,Not Available,Not Available,Not Available,19,Not Available,Not Available,Not Available,Not Available,Not Available,19,Not Available,Not Available,19,Not Available,Not Available,19
190011.0,OCHSNER LSU HEALTH MONROE,4864 JACKSON STREET,MONROE,LA,71202,OUACHITA,(318) 388-7000,Acute Care Hospitals,Voluntary non-profit - Private,Yes,Y,3,,7,3,0,3,0,,8,5,1,3,1,,11,6,0,6,0,,8,8,,12,9,
190034.0,ABBEVILLE GENERAL HOSPITAL,118 N HOSPITAL DR,ABBEVILLE,LA,70510,VERMILION,(337) 893-5466,Acute Care Hospitals,Government - Hospital District or Authority,Yes,Y,Not Available,16,7,2,0,2,0,,8,2,0,2,0,,11,5,1,4,0,,8,8,,12,9,
190054.0,IBERIA MEDICAL CENTER,2315 E MAIN STREET,NEW IBERIA,LA,70560,IBERIA,(337) 364-0441,Acute Care Hospitals,Voluntary non-profit - Private,Yes,Y,3,,7,6,0,6,0,,8,7,1,6,0,,11,10,1,9,0,,8,8,,12,10,
190102.0,"OUR LADY OF LOURDES REGIONAL MEDICAL CENTER, INC",4801 AMBASSADOR CAFFERY PARKWAY,LAFAYETTE,LA,70508,LAFAYETTE,(337) 470-2000,Acute Care Hospitals,Voluntary non-profit - Private,Yes,Y,2,,7,7,0,6,1,,8,6,1,5,0,,11,10,0,8,2,,8,8,,12,11,
190144.0,MINDEN MEDICAL CENTER,NO 1 MEDICAL PLAZA,MINDEN,LA,71055,WEBSTER,(318) 377-2321,Acute Care Hospitals,Proprietary,Yes,Y,3,,7,3,0,3,0,,8,3,0,3,0,,11,6,0,6,0,,8,8,,12,10,
190201.0,CHRISTUS OCHSNER LAKE AREA HOSPITAL,4200 NELSON ROAD,LAKE CHARLES,LA,70605,CALCASIEU,(337) 474-6370,Acute Care Hospitals,Voluntary non-profit - Private,Yes,Y,Not Available,16,7,Not Available,Not Available,Not Available,Not Available,5,8,2,0,2,0,,11,5,0,5,0,,8,8,,12,9,
190266.0,THE SPINE HOSPITAL OF LOUISIANA,"10105 PARK ROW CIRCLE, SUITE 250",BATON ROUGE,LA,70810,E. BATON ROUGE,(225) 763-9900,Acute Care Hospitals,Physician,No,,Not Available,16,7,Not Available,Not Available,Not Available,Not Available,5,8,1,0,1,0,,11,2,0,2,0,,8,8,,12,3,
190312.0,OUR LADY OF THE ANGELS HOSPITAL,433 PLAZA STREET,BOGALUSA,LA,70427,WASHINGTON,(985) 730-6700,Acute Care Hospitals,Voluntary non-profit - Private,Yes,Y,Not Available,16,7,2,0,2,0,,8,2,0,2,0,,11,5,1,4,0,,8,8,,12,9,
191304.0,NORTH CADDO MEDICAL CENTER,815 SOUTH PINE STREET,VIVIAN,LA,71082,CADDO,(318) 375-3235,Critical Access Hospitals,Government - Hospital District or Authority,Yes,,Not Available,16,7,2,0,2,0,,8,Not Available,Not Available,Not Available,Not Available,5,11,3,0,3,0,,8,Not Available,5,12,4,
191314.0,MADISON PARISH HOSPITAL,900 JOHNSON STREET,TALLULAH,LA,71282,MADISON,(318) 574-2374,Critical Access Hospitals,Government - Hospital District or Authority,Yes,,Not Available,5,Not Available,Not Available,Not Available,Not Available,Not Available,5,Not Available,Not Available,Not Available,Not Available,Not Available,5,Not Available,Not Available,Not Available,Not Available,Not Available,5,Not Available,Not Available,5,Not Available,Not Available,5
191324.0,OCHSNER ST ANNE GENERAL HOSPITAL,4608 HIGHWAY 1,RACELAND,LA,70394,LAFOURCHE,(985) 537-6841,Critical Access Hospitals,Voluntary non-profit - Other,Yes,Y,Not Available,16,7,1,0,1,0,,8,1,0,1,0,,11,3,0,3,0,,8,8,,12,9,
194022.0,LONGLEAF HOSPITAL,44 VERSAILLES BLVD,ALEXANDRIA,LA,71303,RAPIDES,(318) 445-5111,Psychiatric,Proprietary,No,,Not Available,19,Not Available,Not Available,Not Available,Not Available,Not Available,19,Not Available,Not Available,Not Available,Not Available,Not Available,19,Not Available,Not Available,Not Available,Not Available,Not Available,19,Not Available,Not Available,19,Not Available,Not Available,19
194081.0,OCEANS BEHAVIORAL HOSPITAL OF DERIDDER,1420 BLANKENSHIP DRIVE,DERIDDER,LA,70634,BEAUREGARD,(337) 460-9472,Psychiatric,Proprietary,No,,Not Available,19,Not Available,Not Available,Not Available,Not Available,Not Available,19,Not Available,Not Available,Not Available,Not Available,Not Available,19,Not Available,Not Available,Not Available,Not Available,Not Available,19,Not Available,Not Available,19,Not Available,Not Available,19
194091.0,OCEANS BEHAVIORAL HOSPITAL OF KENTWOOD,921 AVENUE G,KENTWOOD,LA,70444,TANGIPAHOA,(985) 229-0717,Psychiatric,Proprietary,No,,Not Available,19,Not Available,Not Available,Not Available,Not Available,Not Available,19,Not Available,Not Available,Not Available,Not Available,Not Available,19,Not Available,Not Available,Not Available,Not Available,Not Available,19,Not Available,Not Available,19,Not Available,Not Available,19
194109.0,"COMPASS BEHAVIORAL CENTER OF HOUMA, LLC",4701 WEST PARK AVENUE,HOUMA,LA,70364,TERREBONNE,(985) 876-1715,Psychiatric,Proprietary,No,,Not Available,19,Not Available,Not Available,Not Available,Not Available,Not Available,19,Not Available,Not Available,Not Available,Not Available,Not Available,19,Not Available,Not Available,Not Available,Not Available,Not Available,19,Not Available,Not Available,19,Not Available,Not Available,19
200001.0,ST JOSEPH HOSPITAL,360 BROADWAY,BANGOR,ME,4401,PENOBSCOT,(207) 262-1000,Acute Care Hospitals,Voluntary non-profit - Church,Yes,,3,,7,5,0,5,0,,8,6,0,6,0,,11,7,0,6,1,,8,8,,12,9,
200039.0,MAINE GENERAL MEDICAL CENTER,35 MEDICAL CENTER PARKWAY,AUGUSTA,ME,4330,KENNEBEC,(207) 626-1000,Acute Care Hospitals,Voluntary non-profit - Other,Yes,Y,4,,7,5,0,5,0,,8,6,2,4,0,,11,8,1,7,0,,8,8,,12,11,
201305.0,CALAIS COMMUNITY HOSPITAL,24 HOSPITAL LANE,CALAIS,ME,4619,WASHINGTON,(207) 454-7521,Critical Access Hospitals,Voluntary non-profit - Private,Yes,,Not Available,16,7,1,0,1,0,,8,Not Available,Not Available,Not Available,Not Available,5,11,2,0,2,0,,8,Not Available,5,12,4,
201315.0,MAINEHEALTH STEPHENS HOSPITAL,181 MAIN STREET,NORWAY,ME,4268,OXFORD,(207) 743-5933,Critical Access Hospitals,Voluntary non-profit - Private,Yes,Y,4,,7,3,0,3,0,,8,1,0,1,0,,11,7,1,6,0,,8,8,,12,9,
210004.0,HOLY CROSS HOSPITAL,1500 FOREST GLEN ROAD,SILVER SPRING,MD,20910,MONTGOMERY,(301) 754-7000,Acute Care Hospitals,Voluntary non-profit - Church,No,Y,2,,7,6,0,6,0,,8,8,2,5,1,,11,7,0,6,1,,8,8,,12,9,
210019.0,"TIDALHEALTH PENINSULA REGIONAL, INC",100 EAST CARROLL AVENUE,SALISBURY,MD,21801,WICOMICO,(410) 546-6400,Acute Care Hospitals,Voluntary non-profit - Private,Yes,Y,3,,7,7,0,6,1,,8,7,3,4,0,,11,11,1,9,1,,8,8,,12,11,
210034.0,MEDSTAR HARBOR HOSPITAL,3001 SOUTH  HANOVER STREET,BALTIMORE,MD,21225,BALTIMORE CITY,(410) 350-3201,Acute Care Hospitals,Voluntary non-profit - Private,No,Y,4,,7,5,0,5,0,,8,5,1,4,0,,11,6,0,6,0,,8,8,,12,10,
210051.0,"LUMINIS HEALTH DOCTORS COMMUNITY MEDICAL CTR, INC",8118 GOOD LUCK ROAD,LANHAM,MD,20706,PRINCE GEORGES,(301) 552-8118,Acute Care Hospitals,Proprietary,Yes,,2,,7,6,0,6,0,,8,7,1,6,0,,11,7,1,5,1,,8,8,,12,8,
213300.0,MOUNT WASHINGTON PEDIATRIC HOSPITAL,1708 WEST ROGERS AVENUE,BALTIMORE,MD,21209,BALTIMORE CITY,(410) 578-5050,Childrens,Voluntary non-profit - Private,No,,Not Available,19,Not Available,Not Available,Not Available,Not Available,Not Available,19,Not Available,Not Available,Not Available,Not Available,Not Available,19,Not Available,Not Available,Not Available,Not Available,Not Available,19,Not Available,Not Available,19,Not Available,Not Available,19
220001.0,UMASS MEMORIAL HEALTHALLIANCE HOSPITALS,60 HOSPITAL ROAD,LEOMINSTER,MA,1453,WORCESTER,(978) 466-2000,Acute Care Hospitals,Voluntary non-profit - Other,Yes,,2,,7,5,1,4,0,,8,5,1,3,1,,11,8,0,6,2,,8,8,,12,11,
220020.0,SAINT ANNE'S HOSPITAL,795 MIDDLE STREET,FALL RIVER,MA,2721,BRISTOL,(508) 674-5600,Acute Care Hospitals,Proprietary,Yes,,3,,7,6,0,6,0,,8,7,1,5,1,,11,10,0,7,3,,8,8,,12,10,
220052.0,SIGNATURE HEALTHCARE BROCKTON HOSPITAL,680 CENTER STREET,BROCKTON,MA,2302,PLYMOUTH,(508) 941-7000,Acute Care Hospitals,Voluntary non-profit - Other,Yes,Y,4,,7,6,0,6,0,,8,2,0,2,0,,11,10,0,9,1,,8,Not Available,5,12,9,
220075.0,MASSACHUSETTS EYE AND EAR INFIRMARY -,243 CHARLES STREET,BOSTON,MA,2114,SUFFOLK,(617) 523-7900,Acute Care Hospitals,Voluntary non-profit - Private,Yes,,Not Available,16,7,Not Available,Not Available,Not Available,Not Available,5,8,2,0,2,0,,11,2,0,2,0,,8,8,,12,6,
220100.0,SOUTH SHORE HOSPITAL,55 FOGG ROAD,SOUTH WEYMOUTH,MA,2190,NORFOLK,(781) 340-8000,Acute Care Hospitals,Voluntary non-profit - Private,Yes,Y,3,,7,6,3,3,0,,8,7,1,5,1,,11,8,0,6,2,,8,8,,12,12,
220163.0,UMASS MEMORIAL MEDICAL CENTER/UNIVERSITY CAMPUS,55 LAKE AVENUE NORTH,WORCESTER,MA,1655,WORCESTER,(508) 334-1000,Acute Care Hospitals,Voluntary non-profit - Private,Yes,Y,3,,7,7,4,3,0,,8,8,3,5,0,,11,11,0,9,2,,8,8,,12,10,
223302.0,BOSTON CHILDREN'S HOSPITAL,300 LONGWOOD AVENUE,BOSTON,MA,2115,SUFFOLK,(617) 735-6000,Childrens,Voluntary non-profit - Private,Yes,,Not Available,19,Not Available,Not Available,Not Available,Not Available,Not Available,19,Not Available,Not Available,Not Available,Not Available,Not Available,19,Not Available,Not Available,Not Available,Not Available,Not Available,19,Not Available,Not Available,19,Not Available,Not Available,19
224031.0,CAPE COD & ISLANDS COMMUNITY MENTAL HEALTH CENTER,830 COUNTY ROAD,POCASSET,MA,2559,BARNSTABLE,(508) 563-2276,Psychiatric,Government - State,No,,Not Available,19,Not Available,Not Available,Not Available,Not Available,Not Available,19,Not Available,Not Available,Not Available,Not Available,Not Available,19,Not Available,Not Available,Not Available,Not Available,Not Available,19,Not Available,Not Available,19,Not Available,Not Available,19
230002.0,ST JOE MERCY HOSPITAL SYSTEM LIVONIA,36475 FIVE MILE ROAD,LIVONIA,MI,48154,WAYNE,(734) 655-4800,Acute Care Hospitals,Voluntary non-profit - Private,Yes,Y,2,,7,6,0,6,0,,8,7,1,6,0,,11,10,0,7,3,,8,8,,12,12,
230024.0,SINAI-GRACE HOSPITAL,6071 W OUTER DRIVE,DETROIT,MI,48235,WAYNE,(313) 966-3300,Acute Care Hospitals,Proprietary,Yes,Y,1,,7,6,0,6,0,,8,6,2,2,2,,11,9,0,8,1,,8,8,,12,9,
230047.0,HENRY FORD MACOMB HOSPITAL,15855 NINETEEN MILE RD,CLINTON TOWNSHIP,MI,48038,MACOMB,(586) 263-2300,Acute Care Hospitals,Voluntary non-profit - Private,Yes,Y,3,,7,7,0,7,0,,8,7,2,5,0,,11,11,0,9,2,,8,8,,12,12,
230072.0,HOLLAND COMMUNITY HOSPITAL,602 MICHIGAN AVE,HOLLAND,MI,49423,OTTAWA,(616) 392-5141,Acute Care Hospitals,Voluntary non-profit - Private,Yes,Y,5,,7,5,0,5,0,,8,4,1,3,0,,11,10,0,10,0,,8,8,,12,12,
230097.0,MUNSON MEDICAL CENTER,1105 SIXTH STREET,TRAVERSE CITY,MI,49684,GRAND TRAVERSE,(231) 935-5000,Acute Care Hospitals,Voluntary non-profit - Other,Yes,Y,4,,7,7,1,5,1,,8,8,1,6,1,,11,11,3,8,0,,8,8,,12,10,
230132.0,HURLEY MEDICAL CENTER,ONE HURLEY PLAZA,FLINT,MI,48503,GENESEE,(810) 257-9000,Acute Care Hospitals,Voluntary non-profit - Other,Yes,Y,2,,7,6,0,6,0,,8,7,2,5,0,,11,7,0,5,2,,8,8,,12,10,
230174.0,TRINITY HEALTH GRAND HAVEN HOSPITAL,1309 SHELDON RD,GRAND HAVEN,MI,49417,OTTAWA,(616) 847-5268,Acute Care Hospitals,Government - Hospital District or Authority,Yes,,Not Available,16,7,Not Available,Not Available,Not Available,Not Available,5,8,2,0,2,0,,11,4,0,4,0,,8,8,,12,9,
230222.0,MYMICHIGAN MEDICAL CENTER MIDLAND,4000 WELLNESS DRIVE,MIDLAND,MI,48670,MIDLAND,(989) 839-3000,Acute Care Hospitals,Voluntary non-profit - Other,No,Y,4,,7,7,0,7,0,,8,7,2,4,1,,11,11,0,11,0,,8,8,,12,10,
230269.0,"BEAUMONT HOSPITAL, TROY",44201 DEQUINDRE ROAD,TROY,MI,48085,OAKLAND,(248) 964-8800,Acute Care Hospitals,Voluntary non-profit - Private,Yes,Y,3,,7,7,1,6,0,,8,8,1,5,2,,11,11,0,9,2,,8,8,,12,12,
230779.0,STURGIS HOSPITAL,916 MYRTLE AVE,STURGIS,MI,49091,ST. JOSEPH,(269) 651-7824,Rural Emergency Hospital,Government - Local,Yes,,Not Available,19,Not Available,Not Available,Not Available,Not Available,Not Available,19,Not Available,Not Available,Not Available,Not Available,Not Available,19,Not Available,Not Available,Not Available,Not Available,Not Available,19,Not Available,Not Available,19,Not Available,Not Available,19
231311.0,DECKERVILLE COMMUNITY HOSPITAL,3559 PINE ST,DECKERVILLE,MI,48427,SANILAC,(810) 376-2835,Critical Access Hospitals,Voluntary non-profit - Private,Yes,,Not Available,16,7,Not Available,Not Available,Not Available,Not Available,5,8,Not Available,Not Available,Not Available,Not Available,5,11,1,0,1,0,,8,Not Available,5,12,4,
231322.0,CHARLEVOIX AREA HOSPITAL,14700 LAKESHORE DRIVE,CHARLEVOIX,MI,49720,CHARLEVOIX,(231) 547-4024,Critical Access Hospitals,Voluntary non-profit - Other,Yes,Y,Not Available,16,7,1,0,1,0,,8,1,0,1,0,,11,6,0,6,0,,8,8,,12,7,
231332.0,BRONSON LAKEVIEW HOSPITAL,408 HAZEN STREET,PAW PAW,MI,49079,VAN BUREN,(269) 657-1400,Critical Access Hospitals,Voluntary non-profit - Private,Yes,,4,,7,3,0,3,0,,8,Not Available,Not Available,Not Available,Not Available,5,11,5,0,5,0,,8,8,,12,7,
234023.0,HAVENWYCK HOSPITAL,1525 UNIVERSITY DRIVE,AUBURN HILLS,MI,48326,OAKLAND,(248) 373-9200,Psychiatric,Proprietary,No,,Not Available,19,Not Available,Not Available,Not Available,Not Available,Not Available,19,Not Available,Not Available,Not Available,Not Available,Not Available,19,Not Available,Not Available,Not Available,Not Available,Not Available,19,Not Available,Not Available,19,Not Available,Not Available,19
234044.0,BRIGHTWELL BEHAVIORAL HEALTH,3512 COOLIDGE RD,EAST LANSING,MI,48823,INGHAM,(517) 375-7801,Psychiatric,Proprietary,No,,Not Available,19,Not Available,Not Available,Not Available,Not Available,Not Available,19,Not Available,Not Available,Not Available,Not Available,Not Available,19,Not Available,Not Available,Not Available,Not Available,Not Available,19,Not Available,Not Available,19,Not Available,Not Available,19
240019.0,ESSENTIA HEALTH DULUTH,502 EAST SECOND STREET,DULUTH,MN,55805,ST. LOUIS,(218) 786-2652,Acute Care Hospitals,Voluntary non-profit - Private,No,Y,4,,7,Not Available,Not Available,Not Available,Not Available,5,8,4,0,4,0,,11,5,0,5,0,,8,8,,12,4,
240050.0,FAIRVIEW LAKES HEALTH SERVICES,5200 FAIRVIEW BOULEVARD,WYOMING,MN,55092,CHISAGO,(952) 892-2101,Acute Care Hospitals,Voluntary non-profit - Private,Yes,Y,3,,7,4,0,4,0,,8,2,1,1,0,,11,6,0,6,0,,8,8,,12,11,
240076.0,BUFFALO HOSPITAL,303 CATLIN STREET,BUFFALO,MN,55313,WRIGHT,(763) 682-1212,Acute Care Hospitals,Voluntary non-profit - Other,No,Y,5,,7,2,0,2,0,,8,3,0,3,0,,11,6,0,6,0,,8,8,,12,10,
240115.0,MERCY HOSPITAL,4050 COON RAPIDS BLVD,COON RAPIDS,MN,55433,ANOKA,(762) 236-8100,Acute Care Hospitals,Voluntary non-profit - Private,Yes,Y,3,,7,7,0,7,0,,8,8,1,6,1,,11,11,0,10,1,,8,8,,12,11,
241301.0,LAKEWOOD HEALTH CENTER,600 MAIN AVE S,BAUDETTE,MN,56623,LAKE OF  WOODS,(218) 634-2120,Critical Access Hospitals,Voluntary non-profit - Church,Yes,,Not Available,16,7,Not Available,Not Available,Not Available,Not Available,5,8,Not Available,Not Available,Not Available,Not Available,5,11,Not Available,Not Available,Not Available,Not Available,5,8,Not Available,5,12,4,
241313.0,ESSENTIA HEALTH ADA,201 9TH STREET WEST,ADA,MN,56510,NORMAN,(218) 784-5000,Critical Access Hospitals,Voluntary non-profit - Private,Yes,,Not Available,16,7,Not Available,Not Available,Not Available,Not Available,5,8,Not Available,Not Available,Not Available,Not Available,5,11,Not Available,Not Available,Not Available,Not Available,5,8,Not Available,5,12,4,
241323.0,MADELIA HEALTH,121 DREW AVENUE SOUTHEAST,MADELIA,MN,56062,WATONWAN,(507) 642-3255,Critical Access Hospitals,Voluntary non-profit - Other,Yes,,Not Available,16,7,Not Available,Not Available,Not Available,Not Available,5,8,Not Available,Not Available,Not Available,Not Available,5,11,2,0,2,0,,8,Not Available,5,12,3,
241335.0,ST ELIZABETH MEDICAL CENTER,1200 GRANT BLVD W,WABASHA,MN,55981,WABASHA,(651) 565-4531,Critical Access Hospitals,Proprietary,Yes,,Not Available,16,7,Not Available,Not Available,Not Available,Not Available,5,8,Not Available,Not Available,Not Available,Not Available,5,11,2,0,2,0,,8,Not Available,5,12,5,
241345.0,MAYO CLINIC HEALTH SYSTEM - WASECA,501 NORTH STATE STREET,WASECA,MN,56093,WASECA,(507) 835-1210,Critical Access Hospitals,Voluntary non-profit - Private,Yes,,Not Available,16,7,1,0,1,0,,8,1,0,1,0,,11,2,0,2,0,,8,Not Available,5,12,6,
241356.0,MILLE LACS HEALTH SYSTEM,200 NORTH ELM STREET,ONAMIA,MN,56359,MILLE LACS,(320) 532-3154,Critical Access Hospitals,Voluntary non-profit - Other,Yes,,Not Available,16,7,Not Available,Not Available,Not Available,Not Available,5,8,Not Available,Not Available,Not Available,Not Available,5,11,1,0,1,0,,8,Not Available,5,12,7,
241366.0,MEEKER MEMORIAL HOSPITAL,612 SOUTH SIBLEY AVENUE,LITCHFIELD,MN,55355,MEEKER,(320) 693-4500,Critical Access Hospitals,Government - Local,Yes,,Not Available,16,7,1,0,1,0,,8,Not Available,Not Available,Not Available,Not Available,5,11,2,0,2,0,,8,8,,12,5,
241376.0,GLACIAL RIDGE HOSPITAL,10 4TH AVENUE SOUTHEAST,GLENWOOD,MN,56334,POPE,(320) 634-4521,Critical Access Hospitals,Government - Hospital District or Authority,Yes,,Not Available,16,7,2,0,2,0,,8,Not Available,Not Available,Not Available,Not Available,5,11,4,0,4,0,,8,8,,12,6,
244011.0,COMMUNITY BEHAVIORAL HEALTH HOSPITAL ANNANDALE,400 ANNANDALE BOULEVARD,ANNANDALE,MN,55302,WRIGHT,(651) 259-3854,Psychiatric,Government - State,No,,Not Available,19,Not Available,Not Available,Not Available,Not Available,Not Available,19,Not Available,Not Available,Not Available,Not Available,Not Available,19,Not Available,Not Available,Not Available,Not Available,Not Available,19,Not Available,Not Available,19,Not Available,Not Available,19
250006.0,BAPTIST MEMORIAL HOSPITAL UNION COUNTY,200 HWY 30 WEST,NEW ALBANY,MS,38652,UNION,(662) 538-7631,Acute Care Hospitals,Voluntary non-profit - Other,Yes,Y,3,,7,4,0,4,0,,8,2,0,2,0,,11,8,0,7,1,,8,8,,12,12,
250034.0,BAPTIST MEMORIAL HOSPITAL NORTH MS,1100 BELK BLVD,OXFORD,MS,38655,LAFAYETTE,(662) 232-8100,Acute Care Hospitals,Voluntary non-profit - Private,Yes,Y,3,,7,7,1,6,0,,8,6,2,4,0,,11,8,0,8,0,,8,8,,12,11,
250057.0,KING'S DAUGHTERS MEDICAL CENTER-BROOKHAVEN,P O BOX 948/427 HIGHWAY 51 NORTH,BROOKHAVEN,MS,39601,LINCOLN,(601) 833-6011,Acute Care Hospitals,Voluntary non-profit - Other,Yes,Y,3,,7,3,0,2,1,,8,3,0,3,0,,11,6,0,6,0,,8,8,,12,12,
250084.0,MERIT HEALTH NATCHEZ,52 SERGEANT PRENTISS DRIVE,NATCHEZ,MS,39120,ADAMS,(601) 443-2100,Acute Care Hospitals,Proprietary,Yes,Y,2,,7,4,0,4,0,,8,3,0,3,0,,11,6,0,6,0,,8,8,,12,11,
250104.0,ANDERSON REGIONAL MEDICAL CENTER,2124 14TH STREET,MERIDIAN,MS,39301,LAUDERDALE,(601) 553-6000,Acute Care Hospitals,Voluntary non-profit - Private,Yes,Y,2,,7,7,0,5,2,,8,7,0,6,1,,11,11,0,10,1,,8,8,,12,11,
250152.0,MISSISSIPPI METHODIST REHAB CTR,1350 E WOODROW WILSON DR,JACKSON,MS,39216,HINDS,(601) 981-2611,Acute Care Hospitals,Voluntary non-profit - Private,No,,Not Available,16,7,Not Available,Not Available,Not Available,Not Available,5,8,Not Available,Not Available,Not Available,Not Available,5,11,Not Available,Not Available,Not Available,Not Available,5,8,Not Available,5,12,Not Available,5
250784.0,SHARKEY ISSAQUENA COMMUNITY HOSPITAL,47 SOUTH FOURTH ST,ROLLING FORK,MS,39159,SHARKEY,(662) 873-4395,Rural Emergency Hospital,Government - Local,Yes,,Not Available,19,Not Available,Not Available,Not Available,Not Available,Not Available,19,Not Available,Not Available,Not Available,Not Available,Not Available,19,Not Available,Not Available,Not Available,Not Available,Not Available,19,Not Available,Not Available,19,Not Available,Not Available,19
251313.0,BAPTIST MEDICAL CENTER-YAZOO,823 GRAND AVENUE,YAZOO CITY,MS,39194,YAZOO,(662) 746-2261,Critical Access Hospitals,Voluntary non-profit - Private,Yes,,Not Available,16,7,1,0,1,0,,8,Not Available,Not Available,Not Available,Not Available,5,11,3,0,3,0,,8,Not Available,5,12,7,
251325.0,COVINGTON COUNTY HOSPITAL CAH,701 SOUTH HOLLY AVENUE,COLLINS,MS,39428,COVINGTON,(601) 765-6711,Critical Access Hospitals,Government - Local,Yes,,Not Available,16,7,1,0,1,0,,8,1,0,1,0,,11,2,0,2,0,,8,Not Available,5,12,5,
251339.0,QUITMAN COMMUNITY HOSPITAL,340 GETWELL DRIVE,MARKS,MS,38646,QUITMAN,(662) 712-2370,Critical Access Hospitals,Government - Local,Yes,,Not Available,16,7,Not Available,Not Available,Not Available,Not Available,5,8,Not Available,Not Available,Not Available,Not Available,5,11,Not Available,Not Available,Not Available,Not Available,5,8,Not Available,5,12,Not Available,5
260001.0,MERCY HOSPITAL JOPLIN,100 MERCY WAY,JOPLIN,MO,64804,JASPER,(417) 781-2727,Acute Care Hospitals,Voluntary non-profit - Church,Yes,Y,1,,7,7,0,5,2,,8,7,1,6,0,,11,10,0,10,0,,8,8,,12,12,
260025.0,HANNIBAL REGIONAL HOSPITAL,6000 HOSPITAL DR,HANNIBAL,MO,63401,MARION,(573) 248-1300,Acute Care Hospitals,Voluntary non-profit - Other,Yes,Y,2,,7,6,0,6,0,,8,4,0,4,0,,11,10,1,9,0,,8,8,,12,12,
260062.0,SAINT LUKES NORTH HOSPITAL,5830 N W BARRY ROAD,KANSAS CITY,MO,64154,PLATTE,(816) 891-6000,Acute Care Hospitals,Voluntary non-profit - Private,Yes,Y,5,,7,6,0,6,0,,8,7,1,6,0,,11,8,1,7,0,,8,8,,12,11,
260094.0,COX MEDICAL CENTER BRANSON,"525 BRANSON LANDING BLVD, PO BOX 650",BRANSON,MO,65615,TANEY,(417) 335-7000,Acute Care Hospitals,Voluntary non-profit - Private,Yes,Y,4,,7,6,0,6,0,,8,5,1,4,0,,11,9,0,9,0,,8,8,,12,12,
260119.0,POPLAR BLUFF REGIONAL MEDICAL CENTER,3100 OAK GROVE ROAD,POPLAR BLUFF,MO,63901,BUTLER,(573) 785-7721,Acute Care Hospitals,Proprietary,Yes,Y,2,,7,6,0,4,2,,8,6,1,5,0,,11,9,0,9,0,,8,8,,12,11,
260177.0,LIBERTY HOSPITAL,2525 GLENN HENDREN DR,LIBERTY,MO,64068,CLAY,(816) 781-7200,Acute Care Hospitals,Voluntary non-profit - Private,Yes,Y,4,,7,7,0,7,0,,8,8,2,6,0,,11,7,0,7,0,,8,8,,12,5,
260214.0,BELTON REGIONAL MEDICAL CENTER,17065 S 71 HIGHWAY,BELTON,MO,64012,CASS,(816) 348-1200,Acute Care Hospitals,Voluntary non-profit - Private,Yes,,2,,7,4,0,4,0,,8,4,1,3,0,,11,9,0,9,0,,8,8,,12,10,
261308.0,WASHINGTON COUNTY MEMORIAL HOSPITAL,300 HEALTH WAY,POTOSI,MO,63664,WASHINGTON,(573) 438-5451,Critical Access Hospitals,Government - Local,Yes,,Not Available,16,7,2,0,2,0,,8,Not Available,Not Available,Not Available,Not Available,5,11,2,0,2,0,,8,Not Available,5,12,5,
261319.0,MERCY HOSPITAL LINCOLN,1000 EAST CHERRY STREET,TROY,MO,63379,LINCOLN,(636) 528-8551,Critical Access Hospitals,Government - Local,Yes,,Not Available,16,7,1,0,1,0,,8,1,0,1,0,,11,3,0,3,0,,8,8,,12,8,
261330.0,STE GENEVIEVE COUNTY MEMORIAL HOSPITAL,"800 STE GENEVIEVE DRIVE, PO BOX 468",SAINTE GENEVIEVE,MO,63670,STE. GENEVIEVE,(573) 883-2751,Critical Access Hospitals,Government - Hospital District or Authority,Yes,Y,Not Available,16,7,2,0,2,0,,8,Not Available,Not Available,Not Available,Not Available,5,11,7,0,7,0,,8,8,,12,6,
263302.0,THE CHILDREN'S MERCY HOSPITAL,2401 GILLHAM ROAD,KANSAS CITY,MO,64108,JACKSON,(816) 234-3000,Childrens,Voluntary non-profit - Private,Yes,,Not Available,19,Not Available,Not Available,Not Available,Not Available,Not Available,19,Not Available,Not Available,Not Available,Not Available,Not Available,19,Not Available,Not Available,Not Available,Not Available,Not Available,19,Not Available,Not Available,19,Not Available,Not Available,19
264024.0,LAKELAND BEHAVIORAL HEALTH SYSTEM,440 S MARKET,SPRINGFIELD,MO,65806,GREENE,(417) 865-5581,Psychiatric,Proprietary,Yes,,Not Available,19,Not Available,Not Available,Not Available,Not Available,Not Available,19,Not Available,Not Available,Not Available,Not Available,Not Available,19,Not Available,Not Available,Not Available,Not Available,Not Available,19,Not Available,Not Available,19,Not Available,Not Available,19
270017.0,ST JAMES HOSPITAL,400 S CLARK ST,BUTTE,MT,59701,SILVER BOW,(406) 723-2500,Acute Care Hospitals,Voluntary non-profit - Private,Yes,Y,2,,7,5,0,5,0,,8,3,0,3,0,,11,9,0,7,2,,8,8,,12,12,
271303.0,GRANITE COUNTY MEDICAL CENTER,310 SANSOME ST,PHILIPSBURG,MT,59858,GRANITE,(406) 859-3271,Critical Access Hospitals,Government - Hospital District or Authority,Yes,,Not Available,16,7,Not Available,Not Available,Not Available,Not Available,5,8,Not Available,Not Available,Not Available,Not Available,5,11,Not Available,Not Available,Not Available,Not Available,5,8,Not Available,5,12,1,
271313.0,PIONEER MEDICAL CENTER,301 W 7TH AVE,BIG TIMBER,MT,59011,SWEET GRASS,(406) 932-4603,Critical Access Hospitals,Voluntary non-profit - Private,Yes,,Not Available,16,7,Not Available,Not Available,Not Available,Not Available,5,8,Not Available,Not Available,Not Available,Not Available,5,11,1,0,1,0,,8,Not Available,5,12,2,
271323.0,CLARK FORK VALLEY HOSPITAL,10 KRUGER RD,PLAINS,MT,59859,SANDERS,(406) 826-4800,Critical Access Hospitals,Voluntary non-profit - Private,Yes,,Not Available,16,7,Not Available,Not Available,Not Available,Not Available,5,8,1,0,1,0,,11,2,0,2,0,,8,Not Available,5,12,5,
271333.0,BILLINGS CLINIC BROADWATER,110 N OAK ST,TOWNSEND,MT,59644,BROADWATER,(406) 266-3186,Critical Access Hospitals,Voluntary non-profit - Private,Yes,,Not Available,16,7,Not Available,Not Available,Not Available,Not Available,5,8,Not Available,Not Available,Not Available,Not Available,5,11,Not Available,Not Available,Not Available,Not Available,5,8,Not Available,5,12,4,
271343.0,PROVIDENCE ST JOSEPH MEDICAL CENTER,6 13TH AVE E,POLSON,MT,59860,LAKE,(406) 883-5377,Critical Access Hospitals,Voluntary non-profit - Private,Yes,Y,Not Available,16,7,1,0,1,0,,8,Not Available,Not Available,Not Available,Not Available,5,11,2,0,2,0,,8,Not Available,5,12,9,
280013.0,THE NEBRASKA MEDICAL CENTER,988102 Nebrasks Medical Center,OMAHA,NE,68198,DOUGLAS,(402) 559-4000,Acute Care Hospitals,Voluntary non-profit - Private,Yes,Y,3,,7,7,0,6,1,,8,8,2,6,0,,11,11,0,10,1,,8,8,,12,11,
280081.0,CHI HEALTH IMMANUEL,6901 NORTH 72ND ST,OMAHA,NE,68122,DOUGLAS,(402) 572-2121,Acute Care Hospitals,Voluntary non-profit - Private,Yes,Y,3,,7,5,0,5,0,,8,6,2,4,0,,11,7,0,6,1,,8,8,,12,11,
280133.0,"NEBRASKA SPINE HOSPITAL, LLC","6901 NORTH 72ND ST, STE 20300",OMAHA,NE,68122,DOUGLAS,(402) 572-3000,Acute Care Hospitals,Proprietary,No,,Not Available,16,7,Not Available,Not Available,Not Available,Not Available,5,8,1,0,1,0,,11,2,0,2,0,,8,8,,12,3,
281306.0,KEARNEY COUNTY HEALTH SERVICES HOSPITAL,727 EAST 1ST ST,MINDEN,NE,68959,KEARNEY,(308) 832-3400,Critical Access Hospitals,Government - Local,Yes,,Not Available,16,7,Not Available,Not Available,Not Available,Not Available,5,8,Not Available,Not Available,Not Available,Not Available,5,11,1,0,1,0,,8,Not Available,5,12,5,
281316.0,WEBSTER COUNTY COMMUNITY HOSPITAL,"P O BOX 465, 621 N FRANKLIN ST",RED CLOUD,NE,68970,WEBSTER,(402) 746-5600,Critical Access Hospitals,Government - Local,Yes,,Not Available,16,7,Not Available,Not Available,Not Available,Not Available,5,8,Not Available,Not Available,Not Available,Not Available,5,11,Not Available,Not Available,Not Available,Not Available,5,8,Not Available,5,12,3,
281328.0,MERRICK MEDICAL CENTER,1715  26TH ST,CENTRAL CITY,NE,68826,MERRICK,(308) 946-3015,Critical Access Hospitals,Voluntary non-profit - Private,Yes,,Not Available,16,7,1,0,1,0,,8,Not Available,Not Available,Not Available,Not Available,5,11,3,0,3,0,,8,Not Available,5,12,6,
281340.0,DUNDY COUNTY HOSPITAL,"P O BOX 626, 1313 NORTH CHEYENNE ST",BENKELMAN,NE,69021,DUNDY,(308) 423-2204,Critical Access Hospitals,Government - Local,Yes,,Not Available,16,7,1,0,1,0,,8,Not Available,Not Available,Not Available,Not Available,5,11,2,0,2,0,,8,Not Available,5,12,3,
281350.0,JOHNSON COUNTY HOSPITAL,202 HIGH ST,TECUMSEH,NE,68450,JOHNSON,(402) 335-3361,Critical Access Hospitals,Government - Local,Yes,,Not Available,16,7,2,0,2,0,,8,Not Available,Not Available,Not Available,Not Available,5,11,4,0,4,0,,8,Not Available,5,12,5,
281360.0,BOX BUTTE GENERAL HOSPITAL,"P O BOX 810, 2101 BOX BUTTE AVE",ALLIANCE,NE,69301,BOX BUTTE,(308) 762-6660,Critical Access Hospitals,Government - Local,Yes,,Not Available,16,7,2,0,2,0,,8,1,0,1,0,,11,5,0,5,0,,8,Not Available,5,12,4,
290001.0,RENOWN REGIONAL MEDICAL CENTER,1155 MILL STREET,RENO,NV,89502,WASHOE,(775) 982-4100,Acute Care Hospitals,Voluntary non-profit - Private,Yes,Y,3,,7,7,0,5,2,,8,7,4,3,0,,11,10,0,8,2,,8,8,,12,10,
290039.0,MOUNTAINVIEW HOSPITAL,3100 N TENAYA WAY,LAS VEGAS,NV,89128,CLARK,(702) 255-5000,Acute Care Hospitals,Proprietary,Yes,Y,3,,7,7,2,5,0,,8,8,3,5,0,,11,11,0,11,0,,8,8,,12,10,
290058.0,SAINT ROSE DOMINICAN HOSPITALS - NORTH LAS VEGAS,1550 W CRAIG RANCH,NORTH LAS VEGAS,NV,89031,CLARK,(702) 777-3615,Acute Care Hospitals,Proprietary,Yes,,Not Available,16,7,1,0,1,0,,8,Not Available,Not Available,Not Available,Not Available,5,11,2,0,1,1,,8,Not Available,5,12,7,
291309.0,BOULDER CITY HOSPITAL,901 ADAMS BLVD,BOULDER CITY,NV,89005,CLARK,(702) 293-4111,Critical Access Hospitals,Voluntary non-profit - Private,Yes,,Not Available,16,7,Not Available,Not Available,Not Available,Not Available,5,8,Not Available,Not Available,Not Available,Not Available,5,11,1,0,1,0,,8,Not Available,5,12,6,
294013.0,"DESERT PARKWAY BEHAVIORAL HEALTHCARE HOSPITAL, LLC",3247 S MARYLAND PARKWAY,LAS VEGAS,NV,89109,CLARK,(248) 905-5096,Psychiatric,Proprietary,No,,Not Available,19,Not Available,Not Available,Not Available,Not Available,Not Available,19,Not Available,Not Available,Not Available,Not Available,Not Available,19,Not Available,Not Available,Not Available,Not Available,Not Available,19,Not Available,Not Available,19,Not Available,Not Available,19
300019.0,CHESHIRE MEDICAL CENTER,580 COURT STREET,KEENE,NH,3431,CHESHIRE,(603) 354-5400,Acute Care Hospitals,Voluntary non-profit - Private,Yes,Y,4,,7,5,0,5,0,,8,6,1,5,0,,11,9,1,8,0,,8,8,,12,11,
301305.0,ALICE PECK DAY MEMORIAL HOSPITAL,10 ALICE PECK DAY DRIVE,LEBANON,NH,3766,GRAFTON,(603) 448-3121,Critical Access Hospitals,Voluntary non-profit - Private,Yes,,Not Available,16,7,2,0,2,0,,8,1,0,1,0,,11,5,0,5,0,,8,8,,12,6,
310001.0,HACKENSACK UNIVERSITY MEDICAL CENTER,30 PROSPECT AVE,HACKENSACK,NJ,7601,BERGEN,(551) 996-2000,Acute Care Hospitals,Voluntary non-profit - Private,Yes,Y,5,,7,7,5,2,0,,8,8,4,4,0,,11,11,2,6,3,,8,8,,12,10,
310014.0,COOPER UNIVERSITY HOSPITAL,1 COOPER PLAZA,CAMDEN,NJ,8103,CAMDEN,(856) 342-2000,Acute Care Hospitals,Voluntary non-profit - Private,Yes,Y,2,,7,7,0,6,1,,8,8,0,7,1,,11,11,0,10,1,,8,8,,12,11,
310029.0,VIRTUA OUR LADY OF LOURDES HOSPITAL,1600 HADDON AVENUE,CAMDEN,NJ,8103,CAMDEN,(856) 886-5373,Acute Care Hospitals,Government - State,Yes,Y,2,,7,7,0,7,0,,8,6,3,3,0,,11,8,0,7,1,,8,8,,12,11,
310047.0,SHORE MEDICAL CENTER,100 MEDICAL CENTER WAY,SOMERS POINT,NJ,8244,ATLANTIC,(609) 653-3500,Acute Care Hospitals,Voluntary non-profit - Private,Yes,Y,4,,7,6,0,6,0,,8,7,1,6,0,,11,9,0,8,1,,8,8,,12,9,
310064.0,ATLANTICARE REGIONAL MEDICAL CENTER - CITY CAMPUS,1925 PACIFIC AVENUE,ATLANTIC CITY,NJ,8401,ATLANTIC,(609) 441-8020,Acute Care Hospitals,Voluntary non-profit - Private,Yes,Y,3,,7,7,0,7,0,,8,8,2,6,0,,11,11,0,10,1,,8,8,,12,10,
310092.0,CAPITAL HEALTH REGIONAL MEDICAL CENTER,750 BRUNSWICK AVE,TRENTON,NJ,8638,MERCER,(609) 394-6000,Acute Care Hospitals,Voluntary non-profit - Private,Yes,,2,,7,5,0,5,0,,8,6,1,5,0,,11,6,0,5,1,,8,8,,12,9,
310130.0,HACKENSACK MERIDIAN HEALTH PASCACK VALLEY MEDICAL,250 OLD HOOK ROAD,WESTWOOD,NJ,7675,BERGEN,(201) 880-2700,Acute Care Hospitals,Proprietary,Yes,Y,4,,7,5,1,4,0,,8,4,1,3,0,,11,7,1,6,0,,8,8,,12,10,
314018.0,NORTHBROOK BEHAVIORAL HEALTH HOSPITAL,425  WOODBURY TURNERSVILLE ROAD,BLACKWOOD,NJ,8012,CAMDEN,(856) 374-6500,Psychiatric,Proprietary,No,,Not Available,19,Not Available,Not Available,Not Available,Not Available,Not Available,19,Not Available,Not Available,Not Available,Not Available,Not Available,19,Not Available,Not Available,Not Available,Not Available,Not Available,19,Not Available,Not Available,19,Not Available,Not Available,19
320005.0,SAN JUAN REGIONAL MEDICAL CENTER INC,801 WEST MAPLE STREET,FARMINGTON,NM,87401,SAN JUAN,(505) 609-2000,Acute Care Hospitals,Voluntary non-profit - Private,Yes,Y,2,,7,6,0,6,0,,8,7,1,6,0,,11,10,0,10,0,,8,8,,12,12,
320057.0,SANTA FE PHS INDIAN HOSPITAL,1700 CERRILLOS ROAD,SANTA FE,NM,87501,SANTA FE,(505) 988-9821,Acute Care Hospitals,Government - Federal,No,,Not Available,16,7,Not Available,Not Available,Not Available,Not Available,5,8,Not Available,Not Available,Not Available,Not Available,5,11,Not Available,Not Available,Not Available,Not Available,5,8,Not Available,5,12,Not Available,5
320086.0,LOVELACE REGIONAL HOSPITAL - ROSWELL,117 EAST 19TH STREET,ROSWELL,NM,88201,CHAVES,(575) 625-3345,Acute Care Hospitals,Proprietary,Yes,Y,Not Available,16,7,2,0,2,0,,8,2,0,2,0,,11,6,0,6,0,,8,8,,12,9,
321307.0,MINERS' COLFAX MEDICAL CENTER,203 HOSPITAL DRIVE,RATON,NM,87740,COLFAX,(575) 445-3661,Critical Access Hospitals,Government - State,Yes,,Not Available,16,7,1,0,1,0,,8,Not Available,Not Available,Not Available,Not Available,5,11,2,0,2,0,,8,Not Available,5,12,5,
324014.0,CENTRAL DESERT BEHAVIORAL HEALTH HOSPITAL,1525 N RENAISSANCE BLVD NE,ALBUQUERQUE,NM,87102,BERNALILLO,(505) 243-3387,Psychiatric,Proprietary,No,,Not Available,19,Not Available,Not Available,Not Available,Not Available,Not Available,19,Not Available,Not Available,Not Available,Not Available,Not Available,19,Not Available,Not Available,Not Available,Not Available,Not Available,19,Not Available,Not Available,19,Not Available,Not Available,19
330027.0,NASSAU UNIVERSITY MEDICAL CENTER,2201 HEMPSTEAD TURNPIKE,EAST MEADOW,NY,11554,NASSAU,(516) 572-0123,Acute Care Hospitals,Government - State,Yes,Y,1,,7,6,0,6,0,,8,5,2,3,0,,11,6,0,3,3,,8,8,,12,9,
330055.0,NEW YORK-PRESBYTERIAN/QUEENS,56-45 MAIN STREET,FLUSHING,NY,11355,QUEENS,(718) 670-2000,Acute Care Hospitals,Voluntary non-profit - Private,Yes,Y,4,,7,6,3,3,0,,8,7,4,3,0,,11,10,0,8,2,,8,8,,12,10,
330079.0,ADIRONDACK MEDICAL CENTER - SARANAC LAKE,"2233 STATE ROUTE 86, PO BOX 471",SARANAC LAKE,NY,12983,FRANKLIN,(518) 891-4141,Acute Care Hospitals,Voluntary non-profit - Other,Yes,Y,4,,7,4,0,4,0,,8,3,0,3,0,,11,9,1,7,1,,8,8,,12,9,
330103.0,OLEAN GENERAL HOSPITAL,515 MAIN STREET,OLEAN,NY,14760,CATTARAUGUS,(716) 373-2600,Acute Care Hospitals,Proprietary,Yes,Y,1,,7,6,0,5,1,,8,7,1,6,0,,11,10,0,9,1,,8,8,,12,11,
330128.0,ELMHURST HOSPITAL CENTER,79-01 BROADWAY,ELMHURST,NY,11373,QUEENS,(718) 334-1141,Acute Care Hospitals,Government - Local,Yes,Y,2,,7,5,0,5,0,,8,6,2,4,0,,11,7,0,7,0,,8,8,,12,9,
330160.0,STATEN ISLAND UNIVERSITY HOSPITAL,475 SEAVIEW AVENUE,STATEN ISLAND,NY,10305,RICHMOND,(418) 226-9761,Acute Care Hospitals,Voluntary non-profit - Private,Yes,Y,2,,7,7,0,7,0,,8,8,2,5,1,,11,11,0,9,2,,8,8,,12,10,
330185.0,JOHN T MATHER MEMORIAL HOSPITAL  OF PORT JEFFERSON,75 NORTH COUNTRY ROAD,PORT JEFFERSON,NY,11777,SUFFOLK,(631) 473-1320,Acute Care Hospitals,Voluntary non-profit - Private,Yes,,5,,7,6,2,4,0,,8,7,3,4,0,,11,8,0,8,0,,8,8,,12,8,
330202.0,KINGS COUNTY HOSPITAL CENTER,451 CLARKSON AVENUE,BROOKLYN,NY,11203,KINGS,(718) 245-3901,Acute Care Hospitals,Government - Local,Yes,Y,1,,7,5,0,5,0,,8,6,2,4,0,,11,4,0,3,1,,8,8,,12,9,
330221.0,WYCKOFF HEIGHTS MEDICAL CENTER,374 STOCKHOLM STREET,BROOKLYN,NY,11237,KINGS,(718) 963-7272,Acute Care Hospitals,Voluntary non-profit - Private,Yes,Y,2,,7,5,0,5,0,,8,6,1,5,0,,11,6,0,5,1,,8,8,,12,9,
330239.0,UPMC CHAUTAUQUA AT WCA,207 FOOTE AVENUE,JAMESTOWN,NY,14701,CHAUTAUQUA,(716) 487-0141,Acute Care Hospitals,Voluntary non-profit - Private,Yes,Y,3,,7,5,0,5,0,,8,6,0,6,0,,11,9,0,9,0,,8,8,,12,11,
330270.0,HOSPITAL FOR SPECIAL SURGERY,535 EAST 70TH STREET,NEW YORK,NY,10021,NEW YORK,(212) 606-1000,Acute Care Hospitals,Voluntary non-profit - Private,Yes,,5,,7,1,0,1,0,,8,5,1,4,0,,11,3,3,0,0,,8,8,,12,4,
330332.0,CHSLI ST JOSEPH HOSPITAL,4295 HEMPSTEAD TURNPIKE,BETHPAGE,NY,11714,NASSAU,(516) 579-6000,Acute Care Hospitals,Voluntary non-profit - Private,Yes,,3,,7,5,0,5,0,,8,7,1,5,1,,11,9,0,8,1,,8,8,,12,9,
330406.0,SUNNYVIEW HOSPITAL AND REHABILITATION CENTER,1270 BELMONT AVENUE,SCHENECTADY,NY,12308,SCHENECTADY,(518) 382-4500,Acute Care Hospitals,Voluntary non-profit - Private,No,,Not Available,16,7,Not Available,Not Available,Not Available,Not Available,5,8,Not Available,Not Available,Not Available,Not Available,5,11,1,0,1,0,,8,Not Available,5,12,3,
331311.0,LITTLE FALLS HOSPITAL,140 BURWELL STREET,LITTLE FALLS,NY,13365,HERKIMER,(315) 823-5261,Critical Access Hospitals,Voluntary non-profit - Private,Yes,,Not Available,16,7,2,0,2,0,,8,1,0,1,0,,11,4,0,4,0,,8,8,,12,7,
331321.0,THE UNIVERSITY OF VERMONT HEALTH NETWORK-ALICE HY,"133 PARK STREET, PO BOX 729",MALONE,NY,12953,FRANKLIN,(518) 481-2458,Critical Access Hospitals,Voluntary non-profit - Private,Yes,,1,,7,3,0,3,0,,8,1,0,1,0,,11,4,0,3,1,,8,8,,12,10,
334013.0,PILGRIM PSYCHIATRIC CENTER,998 CROOKED HILL ROAD,WEST BRENTWOOD,NY,11717,SUFFOLK,(631) 761-3500,Psychiatric,Government - State,No,,Not Available,19,Not Available,Not Available,Not Available,Not Available,Not Available,19,Not Available,Not Available,Not Available,Not Available,Not Available,19,Not Available,Not Available,Not Available,Not Available,Not Available,19,Not Available,Not Available,19,Not Available,Not Available,19
334048.0,GRACIE SQUARE HOSP,420 EAST 76 ST,NEW YORK,NY,10021,NEW YORK,(212) 434-5322,Psychiatric,Voluntary non-profit - Private,No,,Not Available,19,Not Available,Not Available,Not Available,Not Available,Not Available,19,Not Available,Not Available,Not Available,Not Available,Not Available,19,Not Available,Not Available,Not Available,Not Available,Not Available,19,Not Available,Not Available,19,Not Available,Not Available,19
334066.0,ROCKLAND CHILDREN'S PSYCHIATRIC CENTER,2 FIRST AVE,ORANGEBURG,NY,10962,ROCKLAND,(845) 680-8004,Psychiatric,Government - State,No,,Not Available,19,Not Available,Not Available,Not Available,Not Available,Not Available,19,Not Available,Not Available,Not Available,Not Available,Not Available,19,Not Available,Not Available,Not Available,Not Available,Not Available,19,Not Available,Not Available,19,Not Available,Not Available,19
340015.0,NOVANT HEALTH ROWAN MEDICAL CENTER,612 MOCKSVILLE AVE,SALISBURY,NC,28144,ROWAN,(704) 210-5000,Acute Care Hospitals,Voluntary non-profit - Private,Yes,Y,2,,7,6,0,5,1,,8,7,2,5,0,,11,10,0,9,1,,8,8,,12,11,
340032.0,CAROMONT REGIONAL MEDICAL CENTER,2525 COURT DR,GASTONIA,NC,28052,GASTON,(704) 834-4891,Acute Care Hospitals,Voluntary non-profit - Private,Yes,Y,4,,7,7,0,7,0,,8,7,3,4,0,,11,11,0,10,1,,8,8,,12,11,
340060.0,UNC ROCKINGHAM,117 E KINGS HIGHWAY,EDEN,NC,27288,ROCKINGHAM,(336) 623-9711,Acute Care Hospitals,Voluntary non-profit - Private,Yes,Y,2,,7,4,0,4,0,,8,2,0,2,0,,11,5,0,5,0,,8,8,,12,9,
340087.0,THE MCDOWELL HOSPITAL,430 RANKIN DRIVE P O BOX 730,MARION,NC,28752,MC DOWELL,(828) 659-5000,Acute Care Hospitals,Voluntary non-profit - Private,Yes,Y,3,,7,4,0,4,0,,8,2,0,2,0,,11,6,1,5,0,,8,8,,12,10,
340114.0,REX HOSPITAL,4420 LAKE BOONE TRAIL,RALEIGH,NC,27607,WAKE,(919) 784-3100,Acute Care Hospitals,Government - State,Yes,Y,5,,7,7,3,4,0,,8,8,1,7,0,,11,11,1,10,0,,8,8,,12,11,
340131.0,CAROLINA EAST MEDICAL CENTER,2000 NEUSE BLVD,NEW BERN,NC,28560,CRAVEN,(252) 633-8640,Acute Care Hospitals,Government - Hospital District or Authority,Yes,Y,3,,7,7,0,7,0,,8,7,1,6,0,,11,11,1,10,0,,8,8,,12,11,
340156.0,CHEROKEE INDIAN HOSPITAL AUTHORITY,CALLER BOX C268,CHEROKEE,NC,28719,SWAIN,(828) 497-9163,Acute Care Hospitals,Government - Federal,Yes,,Not Available,16,7,Not Available,Not Available,Not Available,Not Available,5,8,1,0,1,0,,11,1,0,1,0,,8,Not Available,5,12,3,
340190.0,NOVANT HEALTH MINT HILL MEDICAL CENTER,8201 HEALTHCARE LOOP,CHARLOTTE,NC,28215,MECKLENBURG,(704) 384-4089,Acute Care Hospitals,Voluntary non-profit - Private,Yes,Y,4,,7,4,0,4,0,,8,2,1,1,0,,11,6,0,6,0,,8,8,,12,9,
341317.0,LIFEBRITE COMMUNITY HOSPITAL OF STOKES,1570 NC 8 & 89 HWY NORTH,DANBURY,NC,27016,STOKES,(336) 593-2831,Critical Access Hospitals,Proprietary,Yes,,Not Available,16,7,Not Available,Not Available,Not Available,Not Available,5,8,Not Available,Not Available,Not Available,Not Available,5,11,1,0,1,0,,8,Not Available,5,12,Not Available,5
341328.0,ERLANGER MURPHY MEDICAL CENTER,3990 EAST US HIGHWAY 64 ALT,MURPHY,NC,28906,CHEROKEE,(828) 837-8161,Critical Access Hospitals,Voluntary non-profit - Private,Yes,,1,,7,4,0,4,0,,8,2,0,1,1,,11,8,1,7,0,,8,8,,12,9,
344030.0,STRATEGIC BEHAVIORAL CENTER-LELAND,2050 MERCANTILE DRIVE,LELAND,NC,28451,BRUNSWICK,(910) 371-2500,Psychiatric,Proprietary,No,,Not Available,19,Not Available,Not Available,Not Available,Not Available,Not Available,19,Not Available,Not Available,Not Available,Not Available,Not Available,19,Not Available,Not Available,Not Available,Not Available,Not Available,19,Not Available,Not Available,19,Not Available,Not Available,19
350019.0,ALTRU HOSPITAL,1200 S COLUMBIA RD,GRAND FORKS,ND,58201,GRAND FORKS,(701) 780-5000,Acute Care Hospitals,Government - Local,Yes,Y,3,,7,7,0,7,0,,8,7,2,5,0,,11,11,0,11,0,,8,8,,12,11,
351307.0,ST ANDREW'S HOSPITAL,316 OHMER STREET,BOTTINEAU,ND,58318,BOTTINEAU,(701) 228-9300,Critical Access Hospitals,Voluntary non-profit - Church,Yes,,Not Available,16,7,1,0,1,0,,8,Not Available,Not Available,Not Available,Not Available,5,11,3,0,3,0,,8,Not Available,5,12,4,
351318.0,CARRINGTON HEALTH CENTER,PO BOX 461,CARRINGTON,ND,58421,FOSTER,(701) 652-3141,Critical Access Hospitals,Voluntary non-profit - Private,Yes,,Not Available,16,7,1,0,1,0,,8,Not Available,Not Available,Not Available,Not Available,5,11,2,0,2,0,,8,Not Available,5,12,7,
351328.0,LINTON HOSPITAL - CAH,111 ELM AVE W,LINTON,ND,58552,EMMONS,(701) 254-4511,Critical Access Hospitals,Voluntary non-profit - Private,Yes,,Not Available,16,7,Not Available,Not Available,Not Available,Not Available,5,8,Not Available,Not Available,Not Available,Not Available,5,11,1,0,1,0,,8,Not Available,5,12,5,
354003.0,NORTH DAKOTA STATE HOSPITAL,2605 CIRCLE DRIVE,JAMESTOWN,ND,58401,STUTSMAN,(701) 253-3650,Psychiatric,Government - State,No,,Not Available,19,Not Available,Not Available,Not Available,Not Available,Not Available,19,Not Available,Not Available,Not Available,Not Available,Not Available,19,Not Available,Not Available,Not Available,Not Available,Not Available,19,Not Available,Not Available,19,Not Available,Not Available,19
360012.0,MOUNT CARMEL ST ANN'S,500 SOUTH CLEVELAND AVENUE,WESTERVILLE,OH,43081,FRANKLIN,(614) 546-4034,Acute Care Hospitals,Voluntary non-profit - Private,Yes,Y,4,,7,7,0,7,0,,8,7,2,5,0,,11,9,1,8,0,,8,8,,12,10,
360032.0,GRAND LAKE HEALTH SYSTEM,200 SAINT CLAIR STREET,SAINT MARYS,OH,45885,AUGLAIZE,(419) 394-3335,Acute Care Hospitals,Voluntary non-profit - Private,Yes,Y,3,,7,4,0,4,0,,8,2,0,2,0,,11,6,0,6,0,,8,8,,12,11,
360055.0,TRUMBULL REGIONAL MEDICAL CENTER,1350 EAST MARKET STREET,WARREN,OH,44482,TRUMBULL,(330) 841-9011,Acute Care Hospitals,Proprietary,Yes,,2,,7,6,0,6,0,,8,6,1,5,0,,11,7,0,6,1,,8,8,,12,9,
360072.0,FAIRFIELD MEDICAL CENTER,401 NORTH EWING STREET,LANCASTER,OH,43130,FAIRFIELD,(740) 687-8000,Acute Care Hospitals,Voluntary non-profit - Other,Yes,Y,2,,7,7,0,7,0,,8,7,1,5,1,,11,11,0,10,1,,8,8,,12,10,
360086.0,SPRINGFIELD REGIONAL MEDICAL CENTER,100 MEDICAL CENTER DRIVE,SPRINGFIELD,OH,45504,CLARK,(937) 523-5500,Acute Care Hospitals,Voluntary non-profit - Private,Yes,Y,3,,7,7,1,6,0,,8,7,1,6,0,,11,10,0,9,1,,8,8,,12,11,
360112.0,MERCY ST VINCENT MEDICAL CENTER,2213 CHERRY STREET,TOLEDO,OH,43608,LUCAS,(419) 251-3232,Acute Care Hospitals,Voluntary non-profit - Church,Yes,Y,3,,7,7,0,7,0,,8,8,3,3,2,,11,11,0,9,2,,8,8,,12,12,
360143.0,MARYMOUNT HOSPITAL,12300 MCCRACKEN ROAD,GARFIELD HEIGHTS,OH,44125,CUYAHOGA,(216) 587-8210,Acute Care Hospitals,Voluntary non-profit - Private,Yes,,5,,7,4,2,2,0,,8,7,1,6,0,,11,7,0,7,0,,8,8,,12,9,
360161.0,MH ST JOSEPH WARREN HOSPITAL,667 EASTLAND AVE SE,WARREN,OH,44484,TRUMBULL,(330) 841-4016,Acute Care Hospitals,Voluntary non-profit - Private,Yes,Y,2,,7,5,0,5,0,,8,6,2,3,1,,11,9,0,9,0,,8,8,,12,10,
360197.0,MARY RUTAN HOSPITAL,205 PALMER AVENUE,BELLEFONTAINE,OH,43311,LOGAN,(937) 651-3257,Acute Care Hospitals,Voluntary non-profit - Private,Yes,Y,3,,7,4,0,4,0,,8,1,0,1,0,,11,6,0,5,1,,8,8,,12,11,
360259.0,BAY PARK COMMUNITY HOSPITAL,2801 BAY PARK DRIVE,OREGON,OH,43616,LUCAS,(419) 690-7706,Acute Care Hospitals,Voluntary non-profit - Other,Yes,Y,3,,7,4,0,4,0,,8,2,0,2,0,,11,6,0,6,0,,8,8,,12,11,
360358.0,DILEY RIDGE MEDICAL CENTER,7911 DILEY ROAD,CANAL WINCHESTER,OH,43110,FRANKLIN,(614) 838-7911,Acute Care Hospitals,Voluntary non-profit - Private,Yes,,Not Available,16,7,Not Available,Not Available,Not Available,Not Available,5,8,Not Available,Not Available,Not Available,Not Available,5,11,Not Available,Not Available,Not Available,Not Available,5,8,Not Available,5,12,6,
361302.0,TWIN CITY MEDICAL CENTER,819 NORTH FIRST STREET,DENNISON,OH,44621,TUSCARAWAS,(740) 922-2800,Critical Access Hospitals,Voluntary non-profit - Church,Yes,,Not Available,16,7,Not Available,Not Available,Not Available,Not Available,5,8,Not Available,Not Available,Not Available,Not Available,5,11,Not Available,Not Available,Not Available,Not Available,5,8,Not Available,5,12,5,
361313.0,OHIOHEALTH MORROW COUNTY HOSPITAL,651 WEST MARION ROAD,MOUNT GILEAD,OH,43338,MORROW,(419) 946-5015,Critical Access Hospitals,Government - Local,Yes,,Not Available,16,7,Not Available,Not Available,Not Available,Not Available,5,8,Not Available,Not Available,Not Available,Not Available,5,11,3,0,3,0,,8,Not Available,5,12,2,
361324.0,OHIOHEALTH SHELBY HOSPITAL,199 WEST MAIN STREET,SHELBY,OH,44875,RICHLAND,(419) 342-5015,Critical Access Hospitals,Voluntary non-profit - Private,Yes,,Not Available,16,7,2,0,2,0,,8,1,0,1,0,,11,5,1,4,0,,8,Not Available,5,12,6,
361334.0,ADENA PIKE MEDICAL CENTER,100 DAWN LANE,WAVERLY,OH,45690,PIKE,(740) 947-2186,Critical Access Hospitals,Voluntary non-profit - Private,Yes,,Not Available,16,7,1,0,1,0,,8,1,0,1,0,,11,3,0,3,0,,8,Not Available,5,12,7,
364011.0,NORTHCOAST BEHAVIORAL HEALTHCARE NORTHFIELD CAMPUS,1756 SAGAMORE ROAD,NORTHFIELD,OH,44067,SUMMIT,(330) 467-7131,Psychiatric,Government - State,No,,Not Available,19,Not Available,Not Available,Not Available,Not Available,Not Available,19,Not Available,Not Available,Not Available,Not Available,Not Available,19,Not Available,Not Available,Not Available,Not Available,Not Available,19,Not Available,Not Available,19,Not Available,Not Available,19
364044.0,LINDNER CENTER OF HOPE,4075 OLD WESTERN ROW ROAD,MASON,OH,45040,WARREN,(513) 536-4673,Psychiatric,Voluntary non-profit - Private,No,,Not Available,19,Not Available,Not Available,Not Available,Not Available,Not Available,19,Not Available,Not Available,Not Available,Not Available,Not Available,19,Not Available,Not Available,Not Available,Not Available,Not Available,19,Not Available,Not Available,19,Not Available,Not Available,19
364056.0,ASSURANCE HEALTH CINCINNATI LLC,11690 GROOMS ROAD,CINCINNATI,OH,45242,HAMILTON,(513) 469-7800,Psychiatric,Voluntary non-profit - Private,Yes,,Not Available,19,Not Available,Not Available,Not Available,Not Available,Not Available,19,Not Available,Not Available,Not Available,Not Available,Not Available,19,Not Available,Not Available,Not Available,Not Available,Not Available,19,Not Available,Not Available,19,Not Available,Not Available,19
364066.0,ASSURANCE HEALTH TOLEDO LLC,4040 KING ROAD,SYLVANIA,OH,43560,LUCAS,(419) 548-0100,Psychiatric,Proprietary,No,,Not Available,19,Not Available,Not Available,Not Available,Not Available,Not Available,19,Not Available,Not Available,Not Available,Not Available,Not Available,19,Not Available,Not Available,Not Available,Not Available,Not Available,19,Not Available,Not Available,19,Not Available,Not Available,19
370018.0,ASCENSION ST JOHN JANE PHILLIPS,3500 EAST FRANK PHILLIPS BOULEVARD,BARTLESVILLE,OK,74006,WASHINGTON,(918) 333-7200,Acute Care Hospitals,Voluntary non-profit - Private,Yes,Y,3,,7,6,0,5,1,,8,5,0,5,0,,11,8,1,7,0,,8,8,,12,11,
370039.0,HILLCREST HOSPITAL CLAREMORE,1202 N MUSKOGEE PLACE,CLAREMORE,OK,74017,ROGERS,(918) 341-2556,Acute Care Hospitals,Proprietary,Yes,Y,3,,7,4,0,4,0,,8,3,0,3,0,,11,7,0,7,0,,8,8,,12,10,
370093.0,O U MEDICAL CENTER,700 NE 13TH STREET,OKLAHOMA CITY,OK,73104,OKLAHOMA,(405) 271-5911,Acute Care Hospitals,Voluntary non-profit - Private,Yes,Y,2,,7,6,0,6,0,,8,8,1,5,2,,11,10,1,7,2,,8,8,,12,10,
370158.0,PURCELL MUNICIPAL HOSPITAL,1500 NORTH GREEN AVENUE,PURCELL,OK,73080,MCCLAIN,(405) 527-6524,Acute Care Hospitals,Government - Local,Yes,,Not Available,16,7,2,0,2,0,,8,Not Available,Not Available,Not Available,Not Available,5,11,4,1,3,0,,8,Not Available,5,12,8,
370199.0,"LAKESIDE WOMEN'S HOSPITAL, A MEMBER OF INTEGRIS HE",11200 NORTH PORTLAND AVENUE,OKLAHOMA CITY,OK,73120,OKLAHOMA,(405) 936-1500,Acute Care Hospitals,Voluntary non-profit - Private,Yes,Y,Not Available,16,7,Not Available,Not Available,Not Available,Not Available,5,8,1,0,1,0,,11,2,0,2,0,,8,8,,12,7,
370216.0,TULSA SPINE & SPECIALTY HOSPITAL,6901 SOUTH OLYMPIA AVENUE,TULSA,OK,74132,TULSA,(918) 388-5701,Acute Care Hospitals,Proprietary,Yes,,Not Available,16,7,Not Available,Not Available,Not Available,Not Available,5,8,2,0,2,0,,11,4,0,4,0,,8,8,,12,7,
370237.0,"SAINT FRANCIS HOSPITAL VINITA, INC",735 NORTH FOREMAN STREET,VINITA,OK,74301,CRAIG,(918) 256-7551,Acute Care Hospitals,Voluntary non-profit - Private,Yes,,4,,7,3,0,3,0,,8,Not Available,Not Available,Not Available,Not Available,5,11,4,0,4,0,,8,8,,12,8,
370783.0,ELKVIEW GENERAL HOSPITAL,429 WEST ELM STREET,HOBART,OK,73651,KIOWA,(580) 726-3324,Rural Emergency Hospital,Government - Hospital District or Authority,Yes,,Not Available,19,Not Available,Not Available,Not Available,Not Available,Not Available,19,Not Available,Not Available,Not Available,Not Available,Not Available,19,Not Available,Not Available,Not Available,Not Available,Not Available,19,Not Available,Not Available,19,Not Available,Not Available,19
371310.0,"MERCY HOSPITAL HEALDTON, INC.",3462 HOSPITAL RD,HEALDTON,OK,73438,CARTER,(580) 229-0701,Critical Access Hospitals,Voluntary non-profit - Private,Yes,,Not Available,16,7,Not Available,Not Available,Not Available,Not Available,5,8,Not Available,Not Available,Not Available,Not Available,5,11,1,0,1,0,,8,Not Available,5,12,5,
371321.0,HOLDENVILLE GENERAL HOSPITAL,100 MCDOUGAL DRIVE,HOLDENVILLE,OK,74848,HUGHES,(405) 379-4200,Critical Access Hospitals,Government - Hospital District or Authority,Yes,,Not Available,16,7,1,0,1,0,,8,Not Available,Not Available,Not Available,Not Available,5,11,3,1,2,0,,8,Not Available,5,12,5,
371332.0,SEILING MUNICIPAL HOSPITAL,809 NE HIGHWAY 60,SEILING,OK,73663,DEWEY,(580) 922-7361,Critical Access Hospitals,Government - Hospital District or Authority,Yes,,Not Available,16,7,1,0,1,0,,8,Not Available,Not Available,Not Available,Not Available,5,11,2,0,2,0,,8,Not Available,5,12,3,
373300.0,J D MCCARTY CENTER FOR CHILDREN,2002 EAST ROBINSON,NORMAN,OK,73071,CLEVELAND,(405) 307-2800,Childrens,Government - State,No,,Not Available,19,Not Available,Not Available,Not Available,Not Available,Not Available,19,Not Available,Not Available,Not Available,Not Available,Not Available,19,Not Available,Not Available,Not Available,Not Available,Not Available,19,Not Available,Not Available,19,Not Available,Not Available,19
38004.0,VA ROSEBURG HEALTHCARE SYSTEM,913 NW GARDEN VALLEY BLVD.,ROSEBURG,OR,97471,DOUGLAS,(541) 440-1000,Acute Care - Veterans Administration,Veterans Health Administration,Yes,,Not Available,16,7,Not Available,Not Available,Not Available,Not Available,5,8,Not Available,Not Available,Not Available,Not Available,5,11,Not Available,Not Available,Not Available,Not Available,5,8,Not Available,5,12,3,
42009.0,NH Beaufort,1 Pinckney Blvd,Beaufort,SC,29902,BEAUFORT,(843) 228-5200,Acute Care - Department of Defense,Department of Defense,No,,Not Available,22,Not Available,Not Available,Not Available,Not Available,Not Available,22,Not Available,Not Available,Not Available,Not Available,Not Available,22,Not Available,Not Available,Not Available,Not Available,Not Available,22,Not Available,Not Available,22,Not Available,Not Available,22
45066.0,DALLAS VA MEDICAL CENTER (VA NORTH TEXAS HEALTHCARE SYSTEM),4500 S. LANCASTER ROAD,DALLAS,TX,75216,DALLAS,(214) 742-8387,Acute Care - Veterans Administration,Veterans Health Administration,Yes,,4,,7,5,3,2,0,,8,3,1,2,0,,11,5,0,3,2,,8,8,,12,6,
49006.0,HAMPTON VA MEDICAL CENTER,100 EMANCIPATION DRIVE,HAMPTON,VA,23667,HAMPTON CITY,(757) 722-9961,Acute Care - Veterans Administration,Veterans Health Administration,Yes,,4,,7,3,0,3,0,,8,2,0,2,0,,11,5,0,4,1,,8,8,,12,5,
51005.0,MARTINSBURG VA MEDICAL CENTER,510 BUTLER AVE.,MARTINSBURG,WV,25405,BERKELEY,(304) 263-0811,Acute Care - Veterans Administration,Veterans Health Administration,Yes,,4,,7,4,1,3,0,,8,2,0,2,0,,11,5,0,5,0,,8,8,,12,5,
374016.0,"ROLLING HILLS HOSPITAL, LLC",1000 ROLLING HILLS LANE,ADA,OK,74820,PONTOTOC,(580) 436-3600,Psychiatric,Proprietary,No,,Not Available,19,Not Available,Not Available,Not Available,Not Available,Not Available,19,Not Available,Not Available,Not Available,Not Available,Not Available,19,Not Available,Not Available,Not Available,Not Available,Not Available,19,Not Available,Not Available,19,Not Available,Not Available,19
380005.0,ASANTE ASHLAND COMMUNITY HOSPITAL,280 MAPLE STREET,ASHLAND,OR,97520,JACKSON,(541) 482-2441,Acute Care Hospitals,Government - Local,Yes,Y,Not Available,16,7,1,0,1,0,,8,2,0,2,0,,11,5,0,4,1,,8,8,,12,9,
380027.0,MERCY MEDICAL CENTER,2700 NW STEWART PARKWAY,ROSEBURG,OR,97471,DOUGLAS,(541) 673-0611,Acute Care Hospitals,Government - Hospital District or Authority,Yes,Y,4,,7,6,0,5,1,,8,6,1,5,0,,11,7,4,3,0,,8,8,,12,12,
380061.0,PROVIDENCE PORTLAND MEDICAL CENTER,4805 NE GLISAN STREET,PORTLAND,OR,97213,MULTNOMAH,(503) 215-1111,Acute Care Hospitals,Voluntary non-profit - Private,Yes,Y,4,,7,6,0,6,0,,8,7,3,4,0,,11,10,0,10,0,,8,8,,12,11,
381302.0,SAMARITAN NORTH LINCOLN HOSPITAL,3043 NE 28TH STREET,LINCOLN CITY,OR,97367,LINCOLN,(541) 994-3661,Critical Access Hospitals,Voluntary non-profit - Private,Yes,Y,3,,7,3,0,3,0,,8,Not Available,Not Available,Not Available,Not Available,5,11,7,0,7,0,,8,8,,12,8,
381312.0,COQUILLE VALLEY HOSPITAL,940 EAST 5TH STREET,COQUILLE,OR,97423,COOS,(541) 396-3101,Critical Access Hospitals,Government - Hospital District or Authority,Yes,,Not Available,16,7,1,0,1,0,,8,1,0,1,0,,11,4,0,4,0,,8,Not Available,5,12,4,
381322.0,CURRY GENERAL HOSPITAL,94220 FOURTH STREET,GOLD BEACH,OR,97444,CURRY,(541) 247-3000,Critical Access Hospitals,Government - Hospital District or Authority,Yes,,2,,7,4,0,4,0,,8,1,0,1,0,,11,4,0,4,0,,8,Not Available,5,12,10,
390004.0,PENN STATE HEALTH HOLY SPIRIT MEDICAL CENTER,503 NORTH 21ST STREET,CAMP HILL,PA,17011,CUMBERLAND,(717) 763-2100,Acute Care Hospitals,Voluntary non-profit - Private,Yes,,2,,7,7,1,6,0,,8,5,1,4,0,,11,8,1,7,0,,8,8,,12,9,
390030.0,SCHUYLKILL MEDICAL CENTER - SOUTH JACKSON STREET,420 SOUTH JACKSON STREET,POTTSVILLE,PA,17901,SCHUYLKILL,(570) 621-5102,Acute Care Hospitals,Voluntary non-profit - Private,Yes,Y,3,,7,5,0,5,0,,8,6,1,5,0,,11,9,0,8,1,,8,8,,12,10,
390046.0,WELLSPAN YORK HOSPITAL,1001 SOUTH GEORGE STREET,YORK,PA,17403,YORK,(717) 851-2345,Acute Care Hospitals,Voluntary non-profit - Private,Yes,Y,4,,7,7,0,7,0,,8,7,2,5,0,,11,10,1,9,0,,8,8,,12,11,
390066.0,WELLSPAN GOOD SAMARITAN HOSPITAL,252 SOUTH 4TH STREET,LEBANON,PA,17042,LEBANON,(717) 270-7500,Acute Care Hospitals,Voluntary non-profit - Private,Yes,Y,5,,7,7,0,7,0,,8,6,1,5,0,,11,10,0,10,0,,8,8,,12,11,
390096.0,PENN STATE HEALTH ST. JOSEPH,2500 BERNVILLE ROAD,READING,PA,19605,BERKS,(610) 378-2000,Acute Care Hospitals,Voluntary non-profit - Private,Yes,Y,4,,7,7,0,7,0,,8,6,1,5,0,,11,10,0,10,0,,8,8,,12,12,
390114.0,MAGEE WOMENS HOSPITAL OF UPMC HEALTH SYSTEM,300 HALKET STREET,PITTSBURGH,PA,15213,ALLEGHENY,(412) 641-4010,Acute Care Hospitals,Voluntary non-profit - Other,Yes,Y,3,,7,2,0,2,0,,8,8,0,8,0,,11,8,1,7,0,,8,8,,12,9,
390139.0,BRYN MAWR HOSPITAL,130 SOUTH BRYN MAWR AVE,BRYN MAWR,PA,19010,MONTGOMERY,(610) 526-3000,Acute Care Hospitals,Voluntary non-profit - Private,Yes,Y,4,,7,6,0,6,0,,8,7,1,6,0,,11,10,0,9,1,,8,8,,12,10,
390162.0,ST LUKE'S HOSPITAL - EASTON CAMPUS,250 SOUTH 21ST STREET,EASTON,PA,18042,NORTHAMPTON,(610) 250-4076,Acute Care Hospitals,Voluntary non-profit - Private,Yes,,3,,7,3,0,3,0,,8,2,0,2,0,,11,6,0,6,0,,8,8,,12,8,
390184.0,PENN HIGHLANDS CONNELLSVILLE,401 EAST MURPHY AVENUE,CONNELLSVILLE,PA,15425,FAYETTE,(724) 628-1500,Acute Care Hospitals,Voluntary non-profit - Private,Yes,,Not Available,16,7,Not Available,Not Available,Not Available,Not Available,5,8,1,0,1,0,,11,2,0,2,0,,8,Not Available,5,12,7,
390219.0,EXCELA HEALTH LATROBE HOSPITAL,ONE MELLON WAY,LATROBE,PA,15650,WESTMORELAND,(724) 832-4000,Acute Care Hospitals,Voluntary non-profit - Private,Yes,,4,,7,5,0,5,0,,8,7,1,6,0,,11,9,0,9,0,,8,8,,12,9,
390258.0,ST MARY MEDICAL CENTER,LANGHORNE-NEWTOWN RD,LANGHORNE,PA,19047,BUCKS,(215) 750-2003,Acute Care Hospitals,Voluntary non-profit - Private,Yes,Y,2,,7,7,0,7,0,,8,7,0,7,0,,11,11,0,10,1,,8,8,,12,12,
390316.0,SURGICAL INSTITUTE OF READING,2752 CENTURY BOULEVARD,WYOMISSING,PA,19610,BERKS,(717) 999-9999,Acute Care Hospitals,Physician,No,,Not Available,16,7,Not Available,Not Available,Not Available,Not Available,5,8,2,0,2,0,,11,4,0,4,0,,8,8,,12,4,
390331.0,WILLS EYE HOSPITAL,840 WALNUT STREET,PHILADELPHIA,PA,19107,PHILADELPHIA,(215) 440-3100,Acute Care Hospitals,Voluntary non-profit - Private,No,,Not Available,16,7,Not Available,Not Available,Not Available,Not Available,5,8,Not Available,Not Available,Not Available,Not Available,5,11,1,0,1,0,,8,Not Available,5,12,2,
391300.0,GEISINGER JERSEY SHORE HOSPITAL,1020 THOMPSON STREET,JERSEY SHORE,PA,17740,LYCOMING,(570) 398-3101,Critical Access Hospitals,Voluntary non-profit - Private,Yes,,4,,7,4,0,4,0,,8,1,0,1,0,,11,5,0,5,0,,8,8,,12,8,
391312.0,PENN HIGHLANDS BROOKVILLE,100 HOSPITAL ROAD,BROOKVILLE,PA,15825,JEFFERSON,(814) 849-2312,Critical Access Hospitals,Voluntary non-profit - Private,Yes,,Not Available,16,7,1,0,1,0,,8,Not Available,Not Available,Not Available,Not Available,5,11,6,1,5,0,,8,Not Available,5,12,7,
393307.0,ST CHRISTOPHER'S HOSPITAL FOR CHILDREN,160 EAST ERIE AVE,PHILADELPHIA,PA,19134,PHILADELPHIA,(215) 427-5000,Childrens,Proprietary,Yes,,Not Available,19,Not Available,Not Available,Not Available,Not Available,Not Available,19,Not Available,Not Available,Not Available,Not Available,Not Available,19,Not Available,Not Available,Not Available,Not Available,Not Available,19,Not Available,Not Available,19,Not Available,Not Available,19
394026.0,TORRANCE STATE HOSPITAL,121 LONGVIEW DRIVE,TORRANCE,PA,15779,WESTMORELAND,(724) 459-8000,Psychiatric,Government - State,No,,Not Available,19,Not Available,Not Available,Not Available,Not Available,Not Available,19,Not Available,Not Available,Not Available,Not Available,Not Available,19,Not Available,Not Available,Not Available,Not Available,Not Available,19,Not Available,Not Available,19,Not Available,Not Available,19
394052.0,HAVEN BEHAVIORAL HOSPITAL OF EASTERN PENNSYLVANIA,145 NORTH 6TH STREET,READING,PA,19601,BERKS,(610) 406-4340,Psychiatric,Proprietary,No,,Not Available,19,Not Available,Not Available,Not Available,Not Available,Not Available,19,Not Available,Not Available,Not Available,Not Available,Not Available,19,Not Available,Not Available,Not Available,Not Available,Not Available,19,Not Available,Not Available,19,Not Available,Not Available,19
400005.0,HOPE MEDICAL CENTER,3 CALLE FONT MARTELO,HUMACAO,PR,791,HUMACAO,(787) 852-2424,Acute Care Hospitals,Voluntary non-profit - Other,Yes,,Not Available,16,7,Not Available,Not Available,Not Available,Not Available,5,8,Not Available,Not Available,Not Available,Not Available,5,11,1,0,1,0,,8,Not Available,5,12,Not Available,5
400018.0,HOSPITAL MENONITA DE AIBONITO,CALLE JOSE C VASQUEZ BO. CAONILLAS,AIBONITO,PR,705,AIBONITO,(787) 535-1001,Acute Care Hospitals,Voluntary non-profit - Private,Yes,Y,Not Available,16,7,Not Available,Not Available,Not Available,Not Available,5,8,Not Available,Not Available,Not Available,Not Available,5,11,1,0,1,0,,8,Not Available,5,12,1,
400098.0,HOSPITAL SAN FRANCISCO,371 DE DIEGO AVE,SAN JUAN,PR,923,SAN JUAN,(787) 767-5100,Acute Care Hospitals,Proprietary,Yes,,Not Available,16,7,Not Available,Not Available,Not Available,Not Available,5,8,2,0,1,1,,11,1,0,1,0,,8,Not Available,5,12,1,
400113.0,HOSPITAL MENONITA PONCE,CARR PR 506 KM 1 0 BO COTO LAUREL,PONCE,PR,780,PONCE,(787) 290-3096,Acute Care Hospitals,Voluntary non-profit - Private,Yes,Y,Not Available,16,7,Not Available,Not Available,Not Available,Not Available,5,8,Not Available,Not Available,Not Available,Not Available,5,11,1,0,1,0,,8,Not Available,5,12,1,
400127.0,ASEM,EDIFICIO CENTRAL JULIO A PEREZ MEDICAL CENTER,SAN JUAN,PR,935,SAN JUAN,(787) 777-3535,Acute Care Hospitals,Government - State,Yes,,Not Available,16,7,Not Available,Not Available,Not Available,Not Available,5,8,2,0,0,2,,11,Not Available,Not Available,Not Available,Not Available,5,8,Not Available,5,12,Not Available,5
400139.0,HOSPITAL EPISCOPAL  SAN LUCAS METRO,CARR 844 KM 0 5 CUPEY,SAN JUAN,PR,928,SAN JUAN,(787) 761-8383,Acute Care Hospitals,Voluntary non-profit - Private,Yes,,Not Available,19,Not Available,Not Available,Not Available,Not Available,Not Available,19,Not Available,Not Available,Not Available,Not Available,Not Available,19,Not Available,Not Available,Not Available,Not Available,Not Available,19,Not Available,Not Available,19,Not Available,Not Available,19
410008.0,SOUTH COUNTY HOSPITAL INC,100 KENYON AVE,WAKEFIELD,RI,2879,WASHINGTON,(401) 782-8000,Acute Care Hospitals,Voluntary non-profit - Private,Yes,Y,4,,7,5,0,5,0,,8,4,1,3,0,,11,9,0,8,1,,8,8,,12,11,
420005.0,MCLEOD MEDICAL CENTER - DILLON,301 E JACKSON STREET PO BOX 1327,DILLON,SC,29536,DILLON,(843) 774-4111,Acute Care Hospitals,Voluntary non-profit - Private,Yes,Y,3,,7,4,0,4,0,,8,2,0,2,0,,11,6,0,6,0,,8,8,,12,10,
420026.0,MUSC HEALTH COLUMBIA MEDICAL CENTER DOWNTOWN,2435 FOREST DRIVE,COLUMBIA,SC,29204,RICHLAND,(803) 256-5300,Acute Care Hospitals,Voluntary non-profit - Private,Yes,,3,,7,7,0,7,0,,8,7,1,6,0,,11,9,1,7,1,,8,8,,12,9,
420051.0,MCLEOD REGIONAL MEDICAL CENTER-PEE DEE,555 E CHEVES ST BOX 8700,FLORENCE,SC,29506,FLORENCE,(843) 777-2900,Acute Care Hospitals,Voluntary non-profit - Private,Yes,Y,3,,7,7,0,6,1,,8,7,2,4,1,,11,11,1,8,2,,8,8,,12,12,
420079.0,TRIDENT MEDICAL CENTER,9330 MEDICAL PLAZA DR,CHARLESTON,SC,29406,CHARLESTON,(843) 847-4100,Acute Care Hospitals,Proprietary,Yes,Y,3,,7,7,1,6,0,,8,8,1,7,0,,11,11,0,10,1,,8,8,,12,11,
420102.0,PRISMA HEALTH  PATEWOOD HOSPITAL,175 PATEWOOD DRIVE,GREENVILLE,SC,29615,GREENVILLE,(864) 797-1000,Acute Care Hospitals,Voluntary non-profit - Private,No,Y,4,,7,Not Available,Not Available,Not Available,Not Available,5,8,3,0,3,0,,11,4,1,3,0,,8,8,,12,6,
421301.0,ABBEVILLE AREA MEDICAL CENTER,420 THOMSON CIRCLE,ABBEVILLE,SC,29620,ABBEVILLE,(864) 366-5011,Critical Access Hospitals,Voluntary non-profit - Other,Yes,,Not Available,16,7,1,0,1,0,,8,Not Available,Not Available,Not Available,Not Available,5,11,3,0,2,1,,8,Not Available,5,12,7,
424014.0,REBOUND BEHAVIORAL HEALTH,134 EAST REBOUND ROAD,LANCASTER,SC,29720,LANCASTER,(803) 313-3700,Psychiatric,Proprietary,Yes,,Not Available,19,Not Available,Not Available,Not Available,Not Available,Not Available,19,Not Available,Not Available,Not Available,Not Available,Not Available,19,Not Available,Not Available,Not Available,Not Available,Not Available,19,Not Available,Not Available,19,Not Available,Not Available,19
430084.0,PHS INDIAN HOSPITAL AT ROSEBUD,400 SOLDIER CREEK ROAD,ROSEBUD,SD,57570,TODD,(605) 747-2231,Acute Care Hospitals,Government - Federal,Yes,,Not Available,16,7,Not Available,Not Available,Not Available,Not Available,5,8,Not Available,Not Available,Not Available,Not Available,5,11,1,0,1,0,,8,Not Available,5,12,3,
431301.0,FAULKTON AREA MEDICAL CENTER,1300 OAK STREET  POST OFFICE BOX 100,FAULKTON,SD,57438,FAULK,(605) 598-6262,Critical Access Hospitals,Voluntary non-profit - Private,Yes,,Not Available,16,7,1,0,1,0,,8,Not Available,Not Available,Not Available,Not Available,5,11,2,1,1,0,,8,Not Available,5,12,2,
431313.0,FREEMAN MEDICAL CENTER - CAH,510 E 8TH ST  POST OFFICE BOX 370,FREEMAN,SD,57029,HUTCHINSON,(605) 925-4000,Critical Access Hospitals,Voluntary non-profit - Private,Yes,,Not Available,16,7,Not Available,Not Available,Not Available,Not Available,5,8,Not Available,Not Available,Not Available,Not Available,5,11,1,0,1,0,,8,Not Available,5,12,4,
431323.0,MONUMENT HEALTH CUSTER HOSPITAL,1220 MONTGOMERY STREET,CUSTER,SD,57730,CUSTER,(605) 673-9400,Critical Access Hospitals,Voluntary non-profit - Private,Yes,,Not Available,16,7,1,0,1,0,,8,Not Available,Not Available,Not Available,Not Available,5,11,2,0,2,0,,8,Not Available,5,12,6,
431333.0,SANFORD CANTON-INWOOD MEDICAL CENTER - CAH,440 NORTH HIAWATHA DRIVE,CANTON,SD,57013,LINCOLN,(605) 764-1500,Critical Access Hospitals,Voluntary non-profit - Private,Yes,,Not Available,16,7,Not Available,Not Available,Not Available,Not Available,5,8,Not Available,Not Available,Not Available,Not Available,5,11,1,0,1,0,,8,Not Available,5,12,3,
434003.0,SOUTH DAKOTA HUMAN SERVICES CENTER,3515 BROADWAY AVE   POST OFFICE BOX 7600,YANKTON,SD,57078,YANKTON,(605) 668-3100,Psychiatric,Government - State,No,,Not Available,19,Not Available,Not Available,Not Available,Not Available,Not Available,19,Not Available,Not Available,Not Available,Not Available,Not Available,19,Not Available,Not Available,Not Available,Not Available,Not Available,19,Not Available,Not Available,19,Not Available,Not Available,19
440016.0,BAPTIST MEMORIAL HOSPITAL - CARROLL COUNTY,631 RB WILSON DR,HUNTINGDON,TN,38344,CARROLL,(731) 986-4461,Acute Care Hospitals,Voluntary non-profit - Private,Yes,,Not Available,16,7,2,0,2,0,,8,2,0,2,0,,11,5,0,5,0,,8,Not Available,5,12,8,
440035.0,TENNOVA HEALTHCARE-CLARKSVILLE,651 DUNLOP LANE,CLARKSVILLE,TN,37040,MONTGOMERY,(931) 502-1000,Acute Care Hospitals,Proprietary,Yes,Y,1,,7,6,0,4,2,,8,6,1,5,0,,11,7,0,6,1,,8,8,,12,11,
440059.0,COOKEVILLE REGIONAL MEDICAL CENTER,1 MEDICAL CENTER BOULEVARD,COOKEVILLE,TN,38501,PUTNAM,(931) 783-2000,Acute Care Hospitals,Government - Local,Yes,Y,2,,7,7,0,7,0,,8,7,1,6,0,,11,11,0,9,2,,8,8,,12,12,
440084.0,SWEETWATER HOSPITAL ASSOCIATION,304 WRIGHT ST,SWEETWATER,TN,37874,MONROE,(865) 213-8200,Acute Care Hospitals,Voluntary non-profit - Private,Yes,Y,2,,7,4,0,4,0,,8,3,1,2,0,,11,6,0,5,1,,8,8,,12,10,
440131.0,BAPTIST MEMORIAL HOSPITAL TIPTON,1995 HIGHWAY 51 S,COVINGTON,TN,38019,TIPTON,(901) 476-2621,Acute Care Hospitals,Voluntary non-profit - Church,Yes,Y,3,,7,4,0,4,0,,8,Not Available,Not Available,Not Available,Not Available,5,11,7,0,6,1,,8,8,,12,9,
440159.0,DELTA SPECIALTY HOSPITAL,3000 GETWELL RD,MEMPHIS,TN,38118,SHELBY,(901) 369-8100,Acute Care Hospitals,Proprietary,Yes,,Not Available,16,7,Not Available,Not Available,Not Available,Not Available,5,8,1,0,1,0,,11,Not Available,Not Available,Not Available,Not Available,5,8,Not Available,5,12,2,
440193.0,VANDERBILT WILSON COUNTY HOSPITAL,1411 BADDOUR PARKWAY,LEBANON,TN,37087,WILSON,(615) 444-2250,Acute Care Hospitals,Voluntary non-profit - Private,Yes,Y,4,,7,5,0,5,0,,8,6,1,5,0,,11,9,0,9,0,,8,8,,12,9,
440779.0,TRISTAR ASHLAND CITY MEDICAL CENTER,313 NORTH MAIN ST,ASHLAND CITY,TN,37015,CHEATHAM,(615) 792-3030,Rural Emergency Hospital,Proprietary,Yes,,Not Available,19,Not Available,Not Available,Not Available,Not Available,Not Available,19,Not Available,Not Available,Not Available,Not Available,Not Available,19,Not Available,Not Available,Not Available,Not Available,Not Available,19,Not Available,Not Available,19,Not Available,Not Available,19
441310.0,RHEA MEDICAL CENTER,9400 RHEA COUNTY HIGHWAY,DAYTON,TN,37321,RHEA,(423) 775-1121,Critical Access Hospitals,Government - Local,Yes,,3,,7,3,0,3,0,,8,1,0,1,0,,11,3,1,2,0,,8,Not Available,5,12,5,
444002.0,MOCCASIN BEND MENTAL HEALTH INSTITUTE,100 MOCCASIN BEND ROAD,CHATTANOOGA,TN,37405,HAMILTON,(423) 785-2271,Psychiatric,Government - State,No,,Not Available,19,Not Available,Not Available,Not Available,Not Available,Not Available,19,Not Available,Not Available,Not Available,Not Available,Not Available,19,Not Available,Not Available,Not Available,Not Available,Not Available,19,Not Available,Not Available,19,Not Available,Not Available,19
444023.0,PERIMETER BEHAVIORAL CENTER OF JACKSON,49 OLD HICKORY BLVD,JACKSON,TN,38305,MADISON,(731) 668-7073,Psychiatric,Proprietary,No,,Not Available,19,Not Available,Not Available,Not Available,Not Available,Not Available,19,Not Available,Not Available,Not Available,Not Available,Not Available,19,Not Available,Not Available,Not Available,Not Available,Not Available,19,Not Available,Not Available,19,Not Available,Not Available,19
450002.0,THE HOSPITALS OF PROVIDENCE - MEMORIAL CAMPUS,2001 N OREGON ST,EL PASO,TX,79902,EL PASO,(915) 577-6011,Acute Care Hospitals,Proprietary,Yes,Y,2,,7,4,0,4,0,,8,6,4,2,0,,11,8,0,7,1,,8,8,,12,9,
450029.0,LAREDO MEDICAL CENTER,1700 EAST SAUNDERS,LAREDO,TX,78044,WEBB,(956) 796-5000,Acute Care Hospitals,Proprietary,Yes,Y,2,,7,6,0,6,0,,8,6,1,5,0,,11,9,0,9,0,,8,8,,12,10,
450051.0,METHODIST DALLAS MEDICAL CENTER,1441 NORTH BECKLEY AVENUE,DALLAS,TX,75203,DALLAS,(214) 947-8181,Acute Care Hospitals,Voluntary non-profit - Other,Yes,Y,3,,7,7,0,7,0,,8,7,1,5,1,,11,8,0,8,0,,8,8,,12,11,
450082.0,CHRISTUS SPOHN HOSPITAL BEEVILLE,1500 E HOUSTON HWY,BEEVILLE,TX,78102,BEE,(361) 354-2000,Acute Care Hospitals,Voluntary non-profit - Private,Yes,Y,Not Available,16,7,2,0,2,0,,8,2,0,2,0,,11,4,1,3,0,,8,8,,12,9,
450108.0,CONNALLY MEMORIAL MEDICAL CENTER,499 10TH STREET,FLORESVILLE,TX,78114,WILSON,(830) 393-1300,Acute Care Hospitals,Government - Hospital District or Authority,Yes,,Not Available,16,7,2,0,2,0,,8,1,0,1,0,,11,5,0,5,0,,8,Not Available,5,12,8,
450147.0,DE TAR HOSPITAL NAVARRO,506 E SAN ANTONIO ST,VICTORIA,TX,77901,VICTORIA,(361) 575-7441,Acute Care Hospitals,Proprietary,Yes,,4,,7,6,0,6,0,,8,6,0,6,0,,11,9,1,8,0,,8,8,,12,11,
450193.0,Baylor St Lukes Medical Center,"6720 BERTNER AVE, STE MC1-266",HOUSTON,TX,77030,HARRIS,(832) 355-1000,Acute Care Hospitals,Voluntary non-profit - Church,Yes,,3,,7,7,1,6,0,,8,6,2,4,0,,11,10,0,8,2,,8,8,,12,9,
450229.0,HENDRICK MEDICAL CENTER,1900 PINE,ABILENE,TX,79601,TAYLOR,(325) 670-2000,Acute Care Hospitals,Voluntary non-profit - Private,Yes,Y,2,,7,7,0,7,0,,8,8,1,7,0,,11,11,1,10,0,,8,8,,12,12,
450292.0,TEXAS HEALTH PRESBYTERIAN HOSPITAL KAUFMAN,850 ED HALL,KAUFMAN,TX,75142,KAUFMAN,(972) 932-7200,Acute Care Hospitals,Voluntary non-profit - Private,Yes,,Not Available,16,7,2,0,2,0,,8,2,0,2,0,,11,5,0,5,0,,8,8,,12,9,
450372.0,BAYLOR SCOTT & WHITE MEDICAL CENTER- WAXAHACHIE,2400 N INTERSTATE HIGHWAY 35E,WAXAHACHIE,TX,75165,ELLIS,(972) 923-7000,Acute Care Hospitals,Voluntary non-profit - Private,Yes,Y,5,,7,6,1,5,0,,8,4,0,4,0,,11,8,0,8,0,,8,8,,12,10,
450422.0,BAYLOR SCOTT AND WHITE MEDICAL CENTER UPTOWN,2727 EAST LEMMON AVENUE BUILDING I,DALLAS,TX,75204,DALLAS,(214) 443-3000,Acute Care Hospitals,Proprietary,Yes,,Not Available,16,7,Not Available,Not Available,Not Available,Not Available,5,8,1,0,1,0,,11,2,0,2,0,,8,Not Available,5,12,5,
450484.0,WOODLAND HEIGHTS MEDICAL CENTER,505 SOUTH JOHN REDDITT DRIVE,LUFKIN,TX,75904,ANGELINA,(936) 634-8311,Acute Care Hospitals,Proprietary,Yes,Y,3,,7,7,0,7,0,,8,6,1,5,0,,11,9,0,9,0,,8,8,,12,10,
450573.0,CHRISTUS JASPER MEMORIAL HOSPITAL,1275 MARVIN HANCOCK DRIVE,JASPER,TX,75951,JASPER,(409) 384-5461,Acute Care Hospitals,Voluntary non-profit - Private,Yes,,5,,7,3,0,3,0,,8,Not Available,Not Available,Not Available,Not Available,5,11,4,0,4,0,,8,Not Available,5,12,8,
450639.0,TEXAS HEALTH HARRIS METHODIST HURST-EULESS-BEDFORD,1600 HOSPITAL PARKWAY,BEDFORD,TX,76022,TARRANT,(817) 848-4000,Acute Care Hospitals,Voluntary non-profit - Private,Yes,Y,3,,7,7,0,7,0,,8,7,2,5,0,,11,8,0,8,0,,8,8,,12,10,
450659.0,HCA HOUSTON HEALTHCARE MEDICAL CENTER,1313 HERMANN DR,HOUSTON,TX,77004,HARRIS,(713) 527-5019,Acute Care Hospitals,Proprietary,Yes,,4,,7,3,0,3,0,,8,7,1,6,0,,11,5,0,5,0,,8,8,,12,8,
450678.0,WHITE ROCK MEDICAL CENTER,9440 POPPY DRIVE,DALLAS,TX,75218,DALLAS,(214) 324-6100,Acute Care Hospitals,Proprietary,Yes,,2,,7,6,0,6,0,,8,4,0,4,0,,11,5,0,5,0,,8,8,,12,7,
450713.0,ST DAVID'S SOUTH AUSTIN MEDICAL CENTER,901 WEST BEN WHITE BLVD,AUSTIN,TX,78704,TRAVIS,(512) 448-7107,Acute Care Hospitals,Proprietary,Yes,Y,4,,7,7,0,7,0,,8,7,3,4,0,,11,9,1,7,1,,8,8,,12,10,
450775.0,HCA HOUSTON HEALTHCARE KINGWOOD,22999 US HWY 59,KINGWOOD,TX,77325,HARRIS,(281) 359-7500,Acute Care Hospitals,Proprietary,Yes,Y,2,,7,7,3,4,0,,8,7,4,3,0,,11,9,0,8,1,,8,8,,12,10,
450827.0,KELL WEST REGIONAL HOSPITAL,5420 KELL WEST BOULEVARD,WICHITA FALLS,TX,76310,WICHITA,(940) 692-5888,Acute Care Hospitals,Proprietary,Yes,,Not Available,16,7,1,0,1,0,,8,2,0,2,0,,11,4,0,4,0,,8,8,,12,7,
450853.0,BAYLOR SCOTT & WHITE MEDICAL CENTER - FRISCO,5601 WARREN PARKWAY,FRISCO,TX,75034,DENTON,(214) 407-5000,Acute Care Hospitals,Proprietary,Yes,Y,2,,7,Not Available,Not Available,Not Available,Not Available,5,8,4,1,3,0,,11,4,0,4,0,,8,8,,12,9,
450874.0,BAYLOR SURGICAL HOSPITAL AT LAS COLINAS,400 WEST LYNDON B JOHNSON SUITE 101B,IRVING,TX,75063,DALLAS,(972) 868-4000,Acute Care Hospitals,Proprietary,Yes,,Not Available,16,7,Not Available,Not Available,Not Available,Not Available,5,8,2,0,2,0,,11,3,0,3,0,,8,8,,12,5,
450893.0,THE HEART HOSPITAL BAYLOR DENTON,2801 SOUTH MAYHILL ROAD,DENTON,TX,76208,DENTON,(940) 220-0600,Acute Care Hospitals,Physician,Yes,,5,,7,3,0,3,0,,8,1,0,1,0,,11,5,0,4,1,,8,8,,12,7,
451310.0,BALLINGER MEMORIAL HOSPITAL,608 AVENUE B,BALLINGER,TX,76821,RUNNELS,(325) 365-2531,Critical Access Hospitals,Government - Hospital District or Authority,Yes,,Not Available,16,7,Not Available,Not Available,Not Available,Not Available,5,8,Not Available,Not Available,Not Available,Not Available,5,11,1,0,1,0,,8,Not Available,5,12,1,
451320.0,BAYSIDE COMMUNITY HOSPITAL,200 HOSPITAL DRIVE,ANAHUAC,TX,77514,CHAMBERS,(409) 267-3143,Critical Access Hospitals,Government - Hospital District or Authority,Yes,,Not Available,16,7,Not Available,Not Available,Not Available,Not Available,5,8,Not Available,Not Available,Not Available,Not Available,5,11,Not Available,Not Available,Not Available,Not Available,5,8,Not Available,5,12,5,
451333.0,MARTIN COUNTY HOSPITAL DISTRICT,600 E INTERSTATE 20     PO BOX 640,STANTON,TX,79782,MARTIN,(432) 756-3345,Critical Access Hospitals,Government - Hospital District or Authority,Yes,,Not Available,16,7,Not Available,Not Available,Not Available,Not Available,5,8,Not Available,Not Available,Not Available,Not Available,5,11,1,0,1,0,,8,Not Available,5,12,4,
451344.0,HANSFORD COUNTY HOSPITAL,707 ROLAND ST,SPEARMAN,TX,79081,HANSFORD,(806) 659-2535,Critical Access Hospitals,Government - Local,Yes,,Not Available,16,7,1,0,1,0,,8,Not Available,Not Available,Not Available,Not Available,5,11,2,0,2,0,,8,Not Available,5,12,3,
451355.0,COLLINGSWORTH GENERAL HOSPITAL,1013 15TH ST,WELLINGTON,TX,79095,COLLINGSWORTH,(806) 447-2521,Critical Access Hospitals,Proprietary,Yes,,Not Available,16,7,Not Available,Not Available,Not Available,Not Available,5,8,Not Available,Not Available,Not Available,Not Available,5,11,1,0,1,0,,8,Not Available,5,12,4,
451367.0,UT HEALTH EAST TEXAS PITTSBURG HOSPITAL,2701 US HWY 271 N,PITTSBURG,TX,75686,CAMP,(903) 946-5000,Critical Access Hospitals,Proprietary,Yes,,2,,7,3,0,3,0,,8,1,0,1,0,,11,6,0,6,0,,8,Not Available,5,12,9,
451378.0,BIG BEND REGIONAL MEDICAL CENTER,2600 HIGHWAY 118 NORTH,ALPINE,TX,79830,BREWSTER,(432) 837-3447,Critical Access Hospitals,Proprietary,Yes,Y,Not Available,16,7,1,0,1,0,,8,Not Available,Not Available,Not Available,Not Available,5,11,3,0,3,0,,8,Not Available,5,12,8,
451390.0,DIMMIT REGIONAL HOSPITAL,704 HOSPITAL DRIVE,CARRIZO SPRINGS,TX,78834,DIMMIT,(830) 876-2424,Critical Access Hospitals,Voluntary non-profit - Private,Yes,,Not Available,16,7,Not Available,Not Available,Not Available,Not Available,5,8,Not Available,Not Available,Not Available,Not Available,5,11,Not Available,Not Available,Not Available,Not Available,5,8,Not Available,5,12,2,
453300.0,COOK CHILDRENS MEDICAL CENTER,801 SEVENTH AVENUE,FORT WORTH,TX,76104,TARRANT,(682) 885-4000,Childrens,Voluntary non-profit - Private,Yes,,Not Available,19,Not Available,Not Available,Not Available,Not Available,Not Available,19,Not Available,Not Available,Not Available,Not Available,Not Available,19,Not Available,Not Available,Not Available,Not Available,Not Available,19,Not Available,Not Available,19,Not Available,Not Available,19
453315.0,CHILDREN'S HOSPITAL OF SAN ANTONIO,333 N SANTA ROSA ST,SAN ANTONIO,TX,78207,BEXAR,(210) 704-3342,Childrens,Voluntary non-profit - Church,Yes,,Not Available,19,Not Available,Not Available,Not Available,Not Available,Not Available,19,Not Available,Not Available,Not Available,Not Available,Not Available,19,Not Available,Not Available,Not Available,Not Available,Not Available,19,Not Available,Not Available,19,Not Available,Not Available,19
454011.0,SAN ANTONIO STATE HOSP  STATE SCHOOL,6711 S NEW BRAUNFELS AVE,SAN ANTONIO,TX,78223,BEXAR,(210) 531-7711,Psychiatric,Government - State,No,,Not Available,19,Not Available,Not Available,Not Available,Not Available,Not Available,19,Not Available,Not Available,Not Available,Not Available,Not Available,19,Not Available,Not Available,Not Available,Not Available,Not Available,19,Not Available,Not Available,19,Not Available,Not Available,19
454079.0,MEDICAL CITY MENTAL HEALTH AND WELLNESS CENTER,3100 ALLIANCE TOWN CENTER,FORT WORTH,TX,76177,TARRANT,(409) 938-5166,Psychiatric,Proprietary,No,,Not Available,19,Not Available,Not Available,Not Available,Not Available,Not Available,19,Not Available,Not Available,Not Available,Not Available,Not Available,19,Not Available,Not Available,Not Available,Not Available,Not Available,19,Not Available,Not Available,19,Not Available,Not Available,19
454108.0,CYPRESS CREEK HOSPITAL,17750 CALI DRIVE,HOUSTON,TX,77090,HARRIS,(281) 586-7600,Psychiatric,Proprietary,Yes,,Not Available,19,Not Available,Not Available,Not Available,Not Available,Not Available,19,Not Available,Not Available,Not Available,Not Available,Not Available,19,Not Available,Not Available,Not Available,Not Available,Not Available,19,Not Available,Not Available,19,Not Available,Not Available,19
454124.0,MESA SPRINGS,5560 MESA SPRINGS DRIVE,FORT WORTH,TX,76123,TARRANT,(817) 292-4600,Psychiatric,Proprietary,No,,Not Available,19,Not Available,Not Available,Not Available,Not Available,Not Available,19,Not Available,Not Available,Not Available,Not Available,Not Available,19,Not Available,Not Available,Not Available,Not Available,Not Available,19,Not Available,Not Available,19,Not Available,Not Available,19
454139.0,SUN BEHAVIORAL HOUSTON,7601 FANNIN STREET,HOUSTON,TX,77054,HARRIS,(713) 795-5025,Psychiatric,Proprietary,Yes,,Not Available,19,Not Available,Not Available,Not Available,Not Available,Not Available,19,Not Available,Not Available,Not Available,Not Available,Not Available,19,Not Available,Not Available,Not Available,Not Available,Not Available,19,Not Available,Not Available,19,Not Available,Not Available,19
454153.0,CARRUS BEHAVIORAL HOSPITAL,1724 W US HIGHWAY 82 SUITE 200,SHERMAN,TX,75092,GRAYSON,(903) 870-1200,Psychiatric,Proprietary,No,,Not Available,19,Not Available,Not Available,Not Available,Not Available,Not Available,19,Not Available,Not Available,Not Available,Not Available,Not Available,19,Not Available,Not Available,Not Available,Not Available,Not Available,19,Not Available,Not Available,19,Not Available,Not Available,19
460005.0,OGDEN REGIONAL MEDICAL CENTER,5475 SOUTH 500 EAST,OGDEN,UT,84405,WEBER,(801) 479-2111,Acute Care Hospitals,Proprietary,Yes,,3,,7,6,0,6,0,,8,7,0,7,0,,11,7,0,7,0,,8,8,,12,9,
460019.0,UINTAH BASIN MEDICAL CENTER,250 WEST 300 NORTH,ROOSEVELT,UT,84066,DUCHESNE,(435) 722-4691,Acute Care Hospitals,Voluntary non-profit - Other,Yes,Y,2,,7,2,0,2,0,,8,3,0,3,0,,11,6,1,5,0,,8,8,,12,11,
460047.0,ST MARK'S HOSPITAL,1200 EAST 3900 SOUTH,SALT LAKE CITY,UT,84124,SALT LAKE,(801) 268-7111,Acute Care Hospitals,Proprietary,Yes,Y,4,,7,7,0,7,0,,8,8,2,6,0,,11,9,2,7,0,,8,8,,12,11,
461301.0,FILLMORE COMMUNITY HOSPITAL,674 SOUTH HIGHWAY 99,FILLMORE,UT,84631,MILLARD,(435) 743-5591,Critical Access Hospitals,Voluntary non-profit - Private,Yes,Y,Not Available,16,7,Not Available,Not Available,Not Available,Not Available,5,8,Not Available,Not Available,Not Available,Not Available,5,11,2,0,2,0,,8,Not Available,5,12,8,
461333.0,INTERMOUNTAIN HEALTH GARFIELD MEMORIAL HOSPITAL,200 NORTH 400 EAST,PANGUITCH,UT,84759,GARFIELD,(435) 676-1262,Critical Access Hospitals,Voluntary non-profit - Other,Yes,Y,Not Available,16,7,1,0,1,0,,8,Not Available,Not Available,Not Available,Not Available,5,11,2,0,2,0,,8,Not Available,5,12,8,
470011.0,BRATTLEBORO MEMORIAL HOSPITAL,17 BELMONT AVE,BRATTLEBORO,VT,5301,WINDHAM,(802) 257-0341,Acute Care Hospitals,Voluntary non-profit - Private,Yes,Y,3,,7,4,0,4,0,,8,3,0,3,0,,11,9,0,9,0,,8,8,,12,9,
471307.0,"PORTER HOSPITAL, INC",115 PORTER DRIVE,MIDDLEBURY,VT,5753,ADDISON,(802) 388-4701,Critical Access Hospitals,Voluntary non-profit - Private,Yes,Y,3,,7,4,0,4,0,,8,2,0,2,0,,11,7,0,7,0,,8,8,,12,6,
490013.0,SENTARA HALIFAX REGIONAL HOSPITAL,2204 WILBORN AVENUE,SOUTH BOSTON,VA,24592,HALIFAX,(434) 517-3100,Acute Care Hospitals,Voluntary non-profit - Private,Yes,,3,,7,4,0,4,0,,8,2,1,1,0,,11,8,0,8,0,,8,8,,12,9,
490033.0,WARREN MEMORIAL HOSPITAL,351 VALLEY HEALTH WAY,FRONT ROYAL,VA,22630,WARREN,(540) 636-0299,Acute Care Hospitals,Voluntary non-profit - Private,Yes,,3,,7,5,0,5,0,,8,2,0,2,0,,11,6,1,5,0,,8,8,,12,10,
490048.0,LEWISGALE MEDICAL CENTER,1900 ELECTRIC ROAD,SALEM,VA,24153,SALEM CITY,(540) 776-4100,Acute Care Hospitals,Proprietary,Yes,,2,,7,7,0,7,0,,8,7,1,6,0,,11,11,0,9,2,,8,8,,12,11,
490069.0,BON SECOURS MEMORIAL REGIONAL MEDICAL CENTER,8260 ATLEE ROAD,MECHANICSVILLE,VA,23116,HANOVER,(804) 764-6000,Acute Care Hospitals,Voluntary non-profit - Church,Yes,Y,4,,7,7,0,7,0,,8,7,1,6,0,,11,11,1,10,0,,8,8,,12,11,
490097.0,BON SECOURS SOUTHERN VIRGINIA MEDICAL CENTER,727 NORTH MAIN STREET,EMPORIA,VA,23847,EMPORIA CITY,(434) 348-4400,Acute Care Hospitals,Proprietary,Yes,,Not Available,16,7,2,0,2,0,,8,Not Available,Not Available,Not Available,Not Available,5,11,4,0,4,0,,8,Not Available,5,12,8,
490115.0,TWIN COUNTY REGIONAL HOSPITAL,200 HOSPITAL DRIVE,GALAX,VA,24333,GALAX CITY,(276) 236-1650,Acute Care Hospitals,Proprietary,Yes,Y,2,,7,4,0,3,1,,8,2,1,1,0,,11,6,0,5,1,,8,8,,12,10,
490136.0,BON SECOURS ST FRANCIS MEDICAL CENTER,13710 ST FRANCIS BOULEVARD,MIDLOTHIAN,VA,23114,CHESTERFIELD,(804) 594-7400,Acute Care Hospitals,Voluntary non-profit - Church,Yes,Y,3,,7,6,0,6,0,,8,7,1,6,0,,11,8,0,7,1,,8,8,,12,12,
491305.0,SHENANDOAH MEMORIAL HOSPITAL,759 SOUTH MAIN STREET,WOODSTOCK,VA,22664,SHENANDOAH,(540) 459-1100,Critical Access Hospitals,Voluntary non-profit - Private,Yes,,3,,7,3,0,3,0,,8,1,0,1,0,,11,6,1,5,0,,8,8,,12,8,
494023.0,DOMINION HOSPITAL,2960 SLEEPY HOLLOW ROAD,FALLS CHURCH,VA,22044,FAIRFAX,(703) 536-2000,Psychiatric,Proprietary,No,,Not Available,19,Not Available,Not Available,Not Available,Not Available,Not Available,19,Not Available,Not Available,Not Available,Not Available,Not Available,19,Not Available,Not Available,Not Available,Not Available,Not Available,19,Not Available,Not Available,19,Not Available,Not Available,19
500011.0,HIGHLINE MEDICAL CENTER,16251 SYLVESTER ROAD SW,BURIEN,WA,98166,KING,(206) 431-5237,Acute Care Hospitals,Voluntary non-profit - Private,Yes,Y,2,,7,5,0,5,0,,8,6,1,5,0,,11,8,0,8,0,,8,8,,12,10,
500030.0,ST JOSEPH HOSPITAL,2901 SQUALICUM PARKWAY,BELLINGHAM,WA,98225,WHATCOM,(360) 734-5400,Acute Care Hospitals,Voluntary non-profit - Other,Yes,Y,4,,7,7,0,7,0,,8,7,2,5,0,,11,11,1,9,1,,8,8,,12,11,
500052.0,KAISER PERMANENTE CENTRAL HOSPITAL,201 - 16TH AVENUE EAST,SEATTLE,WA,98112,KING,(206) 326-3000,Acute Care Hospitals,Voluntary non-profit - Other,Yes,,Not Available,16,7,Not Available,Not Available,Not Available,Not Available,5,8,1,0,1,0,,11,Not Available,Not Available,Not Available,Not Available,5,8,Not Available,5,12,2,
500088.0,VALLEY MEDICAL CENTER,400 S 43RD ST,RENTON,WA,98055,KING,(425) 228-3450,Acute Care Hospitals,Government - Hospital District or Authority,Yes,Y,2,,7,6,0,6,0,,8,5,1,3,1,,11,9,1,8,0,,8,8,,12,12,
500154.0,MULTICARE COVINGTON MEDICAL CENTER,17700 SE 272ND ST,COVINGTON,WA,98042,KING,(253) 372-7400,Acute Care Hospitals,Voluntary non-profit - Private,Yes,,4,,7,3,0,3,0,,8,2,0,2,0,,11,6,0,6,0,,8,8,,12,8,
501311.0,EAST ADAMS RURAL HOSPITAL,903 SOUTH ADAMS,RITZVILLE,WA,99169,ADAMS,(509) 659-1200,Critical Access Hospitals,Government - Hospital District or Authority,Yes,,Not Available,16,7,Not Available,Not Available,Not Available,Not Available,5,8,Not Available,Not Available,Not Available,Not Available,5,11,Not Available,Not Available,Not Available,Not Available,5,8,Not Available,5,12,Not Available,5
501321.0,NORTH VALLEY HOSPITAL,203 SOUTH WESTERN,TONASKET,WA,98855,OKANOGAN,(509) 486-2151,Critical Access Hospitals,Government - Hospital District or Authority,Yes,,Not Available,16,7,1,0,1,0,,8,Not Available,Not Available,Not Available,Not Available,5,11,1,0,1,0,,8,Not Available,5,12,4,
501331.0,PULLMAN REGIONAL HOSPITAL,835 S BISHOP BLVD,PULLMAN,WA,99163,WHITMAN,(509) 332-2541,Critical Access Hospitals,Government - Hospital District or Authority,Yes,,3,,7,3,0,3,0,,8,2,0,2,0,,11,6,2,4,0,,8,8,,12,5,
503300.0,SEATTLE CHILDREN'S HOSPITAL,"4800 SAND POINT WAY NE, PO BOX C-5371",SEATTLE,WA,98105,KING,(206) 987-2000,Childrens,Voluntary non-profit - Private,Yes,,Not Available,19,Not Available,Not Available,Not Available,Not Available,Not Available,19,Not Available,Not Available,Not Available,Not Available,Not Available,19,Not Available,Not Available,Not Available,Not Available,Not Available,19,Not Available,Not Available,19,Not Available,Not Available,19
504015.0,SOUTH SOUND BEHAVIORAL HOSPITAL,605 WOODLAND SQUARE LOOP SE,LACEY,WA,98503,THURSTON,(360) 000-0000,Psychiatric,Proprietary,No,,Not Available,19,Not Available,Not Available,Not Available,Not Available,Not Available,19,Not Available,Not Available,Not Available,Not Available,Not Available,19,Not Available,Not Available,Not Available,Not Available,Not Available,19,Not Available,Not Available,19,Not Available,Not Available,19
510023.0,"WEIRTON MEDICAL CENTER, INC",601 COLLIERS WAY,WEIRTON,WV,26062,HANCOCK,(304) 797-6000,Acute Care Hospitals,Government - Local,Yes,,2,,7,6,0,6,0,,8,6,0,6,0,,11,9,0,9,0,,8,8,,12,10,
510062.0,BECKLEY ARH HOSPITAL,306 STANAFORD ROAD,BECKLEY,WV,25801,RALEIGH,(304) 255-3000,Acute Care Hospitals,Voluntary non-profit - Private,Yes,,1,,7,6,0,6,0,,8,5,1,3,1,,11,8,0,6,2,,8,8,,12,8,
511304.0,SISTERSVILLE GENERAL HOSPITAL,314 SOUTH WELLS STREET,SISTERSVILLE,WV,26175,TYLER,(304) 652-2611,Critical Access Hospitals,Proprietary,Yes,,Not Available,16,7,Not Available,Not Available,Not Available,Not Available,5,8,Not Available,Not Available,Not Available,Not Available,5,11,Not Available,Not Available,Not Available,Not Available,5,8,Not Available,5,12,5,
511315.0,POTOMAC VALLEY HOSPITAL,100 PIN OAK LANE,KEYSER,WV,26726,MINERAL,(304) 597-3500,Critical Access Hospitals,Voluntary non-profit - Private,Yes,,4,,7,4,0,4,0,,8,1,0,1,0,,11,4,0,4,0,,8,8,,12,9,
514009.0,MILDRED MITCHELL-BATEMAN HOSPITAL,1530 NORWAY AVENUE,HUNTINGTON,WV,25705,CABELL,(304) 525-7801,Psychiatric,Government - State,No,,Not Available,19,Not Available,Not Available,Not Available,Not Available,Not Available,19,Not Available,Not Available,Not Available,Not Available,Not Available,19,Not Available,Not Available,Not Available,Not Available,Not Available,19,Not Available,Not Available,19,Not Available,Not Available,19
520028.0,THE MONROE CLINIC,515 22ND AVE,MONROE,WI,53566,GREEN,(608) 324-2000,Acute Care Hospitals,Voluntary non-profit - Private,Yes,Y,4,,7,5,0,5,0,,8,3,0,3,0,,11,9,0,9,0,,8,8,,12,12,
520049.0,BELLIN MEMORIAL HOSPITAL,744 S WEBSTER AVE,GREEN BAY,WI,54301,BROWN,(920) 433-3500,Acute Care Hospitals,Voluntary non-profit - Private,Yes,Y,5,,7,7,0,7,0,,8,6,2,4,0,,11,10,1,9,0,,8,8,,12,10,
520076.0,MARSHFIELD MEDICAL CENTER - BEAVER DAM (MMC-BD),707 S UNIVERSITY AVE,BEAVER DAM,WI,53916,DODGE,(920) 887-7181,Acute Care Hospitals,Voluntary non-profit - Private,Yes,Y,3,,7,3,0,3,0,,8,3,0,3,0,,11,6,1,5,0,,8,8,,12,9,
520098.0,UNIVERSITY OF WI  HOSPITALS & CLINICS AUTHORITY,600 HIGHLAND AVENUE,MADISON,WI,53792,DANE,(608) 263-6400,Acute Care Hospitals,Government - Hospital District or Authority,Yes,,4,,7,7,2,5,0,,8,8,3,5,0,,11,11,1,10,0,,8,8,,12,11,
520139.0,WEST ALLIS MEMORIAL HOSPITAL,8901 W LINCOLN AVE,WEST ALLIS,WI,53227,MILWAUKEE,(414) 328-6000,Acute Care Hospitals,Voluntary non-profit - Private,Yes,Y,4,,7,5,1,4,0,,8,7,1,6,0,,11,7,0,7,0,,8,8,,12,10,
520206.0,AURORA MEDICAL CENTER - SUMMIT,36500 AURORA DRIVE,SUMMIT,WI,53066,WAUKESHA,(262) 434-1600,Acute Care Hospitals,Voluntary non-profit - Private,Yes,Y,5,,7,6,0,6,0,,8,5,0,5,0,,11,7,2,4,1,,8,8,,12,11,
521303.0,THEDACARE MEDICAL CENTER - WILD ROSE,601 GROVE AVE,WILD ROSE,WI,54984,WAUSHARA,(920) 622-3257,Critical Access Hospitals,Voluntary non-profit - Private,Yes,,Not Available,16,7,Not Available,Not Available,Not Available,Not Available,5,8,Not Available,Not Available,Not Available,Not Available,5,11,1,0,1,0,,8,Not Available,5,12,6,
521314.0,MAYO CLINIC HEALTH SYSTEM CHIPPEWA VALLEY,1501 THOMPSON ST,BLOOMER,WI,54724,CHIPPEWA,(715) 568-2000,Critical Access Hospitals,Voluntary non-profit - Private,Yes,,Not Available,16,7,2,0,2,0,,8,1,0,1,0,,11,3,0,3,0,,8,Not Available,5,12,6,
521324.0,"ASPIRUS MEDFORD HOSPITAL & CLINICS, INC",135 S GIBSON ST,MEDFORD,WI,54451,TAYLOR,(715) 748-8100,Critical Access Hospitals,Voluntary non-profit - Private,Yes,Y,Not Available,16,7,1,0,1,0,,8,1,0,1,0,,11,4,0,4,0,,8,8,,12,8,
521334.0,THEDACARE MEDICAL CENTER-WAUPACA,800 RIVERSIDE DRIVE,WAUPACA,WI,54981,WAUPACA,(715) 258-1000,Critical Access Hospitals,Voluntary non-profit - Private,Yes,Y,Not Available,16,7,2,0,2,0,,8,1,0,1,0,,11,6,1,5,0,,8,8,,12,6,
521344.0,GUNDERSEN BOSCOBEL AREA HOSPITAL AND CLINICS,205 PARKER ST,BOSCOBEL,WI,53805,GRANT,(608) 375-4112,Critical Access Hospitals,Voluntary non-profit - Private,Yes,,Not Available,16,7,Not Available,Not Available,Not Available,Not Available,5,8,Not Available,Not Available,Not Available,Not Available,5,11,1,0,1,0,,8,Not Available,5,12,4,
521354.0,SOUTHWEST HEALTH CENTER,1400 EAST SIDE RD,PLATTEVILLE,WI,53818,GRANT,(608) 348-2331,Critical Access Hospitals,Voluntary non-profit - Private,Yes,,Not Available,16,7,Not Available,Not Available,Not Available,Not Available,5,8,1,0,1,0,,11,2,0,2,0,,8,8,,12,6,
524008.0,MENDOTA MENTAL HEALTH INSTITUTE,301 TROY DR,MADISON,WI,53704,DANE,(608) 301-1000,Psychiatric,Government - State,No,,Not Available,19,Not Available,Not Available,Not Available,Not Available,Not Available,19,Not Available,Not Available,Not Available,Not Available,Not Available,19,Not Available,Not Available,Not Available,Not Available,Not Available,19,Not Available,Not Available,19,Not Available,Not Available,19
524043.0,GRANITE HILLS HOSPITAL,1706 S 68TH ST,WEST ALLIS,WI,53214,MILWAUKEE,(414) 667-4800,Psychiatric,Proprietary,Yes,,Not Available,19,Not Available,Not Available,Not Available,Not Available,Not Available,19,Not Available,Not Available,Not Available,Not Available,Not Available,19,Not Available,Not Available,Not Available,Not Available,Not Available,19,Not Available,Not Available,19,Not Available,Not Available,19
531301.0,SOUTH BIG HORN COUNTY HOSPITAL,388 US HIGHWAY 20 SOUTH,BASIN,WY,82410,BIG HORN,(307) 568-3311,Critical Access Hospitals,Government - Hospital District or Authority,Yes,,Not Available,16,7,Not Available,Not Available,Not Available,Not Available,5,8,Not Available,Not Available,Not Available,Not Available,5,11,1,0,1,0,,8,Not Available,5,12,3,
531311.0,CROOK COUNTY HOSPITAL,713 OAK STREET,SUNDANCE,WY,82729,CROOK,(307) 283-3501,Critical Access Hospitals,Government - Hospital District or Authority,Yes,,Not Available,16,7,1,0,1,0,,8,Not Available,Not Available,Not Available,Not Available,5,11,2,0,2,0,,8,Not Available,5,12,3,
640001.0,LBJ TROPICAL MEDICAL CENTER,"FAGAALU VILLAGE, P O BOX LBJ",PAGO PAGO,AS,96799,EASTERN DISTRICT,(684) 633-4590,Acute Care Hospitals,Government - Hospital District or Authority,Yes,,Not Available,19,Not Available,Not Available,Not Available,Not Available,Not Available,19,Not Available,Not Available,Not Available,Not Available,Not Available,19,Not Available,Not Available,Not Available,Not Available,Not Available,19,Not Available,Not Available,19,Not Available,Not Available,19
670031.0,ST LUKE'S PATIENTS MEDICAL CENTER,4600 EAST SAM HOUSTON PARKWAY SOUTH,PASADENA,TX,77505,HARRIS,(281) 487-0700,Acute Care Hospitals,Voluntary non-profit - Private,Yes,,4,,7,3,0,3,0,,8,4,0,4,0,,11,6,0,5,1,,8,8,,12,8,
670056.0,ASCENSION  SETON HAYS,6001 KYLE PKWY,KYLE,TX,78640,HAYS,(512) 324-5000,Acute Care Hospitals,Voluntary non-profit - Private,Yes,Y,5,,7,7,1,6,0,,8,6,1,5,0,,11,8,0,8,0,,8,8,,12,10,
670076.0,BAYLOR SCOTT AND WHITE SURGICAL HOSPITAL AT SHERMA,3601 CALAIS DRIVE,SHERMAN,TX,75090,GRAYSON,(903) 813-3728,Acute Care Hospitals,Physician,Yes,,2,,7,Not Available,Not Available,Not Available,Not Available,5,8,3,0,3,0,,11,4,0,4,0,,8,8,,12,8,
670102.0,"AD HOSPITAL EAST, LLC","12950 EAST FREEWAY, SUITE 100",HOUSTON,TX,77015,HARRIS,(281) 863-2100,Acute Care Hospitals,Proprietary,Yes,,Not Available,16,7,Not Available,Not Available,Not Available,Not Available,5,8,2,0,2,0,,11,3,0,3,0,,8,Not Available,5,12,6,
670122.0,HOUSTON METHODIST THE WOODLANDS HOSPITAL,17201 INTERSTATE 45 SOUTH,THE WOODLANDS,TX,77385,MONTGOMERY,(936) 270-2000,Acute Care Hospitals,Voluntary non-profit - Private,Yes,Y,5,,7,7,2,5,0,,8,8,4,4,0,,11,11,0,11,0,,8,8,,12,11,
670265.0,LEGENT ORTHOPEDIC HOSPITAL,4201 WILLIAM D TATE AVENUE,GRAPEVINE,TX,76051,TARRANT,(817) 288-1300,Acute Care Hospitals,Proprietary,No,,Not Available,16,7,Not Available,Not Available,Not Available,Not Available,5,8,2,0,2,0,,11,3,0,3,0,,8,8,,12,4,
670326.0,BRUSHY CREEK FAMILY HOSPITAL LLC,230 DEER RIDGE DR,ROUND ROCK,TX,78681,WILLIAMSON,(512) 766-1400,Acute Care Hospitals,Proprietary,No,,Not Available,5,Not Available,Not Available,Not Available,Not Available,Not Available,5,Not Available,Not Available,Not Available,Not Available,Not Available,5,Not Available,Not Available,Not Available,Not Available,Not Available,5,Not Available,Not Available,5,Not Available,Not Available,5
671301.0,HEMPHILL COUNTY HOSPITAL,1020 S 4TH ST,CANADIAN,TX,79014,HEMPHILL,(806) 323-6622,Critical Access Hospitals,Government - Hospital District or Authority,Yes,,Not Available,16,7,Not Available,Not Available,Not Available,Not Available,5,8,Not Available,Not Available,Not Available,Not Available,5,11,Not Available,Not Available,Not Available,Not Available,5,8,Not Available,5,12,2,
