facility_id,facility_name,address,city,state,zip_code,county,telephone_number,hospital_type,hospital_ownership,emergency_services,meets_criteria_for_birthing_friendly_designation,hospital_overall_rating,hospital_overall_rating_footnote,mort_group_measure_count,count_of_facility_mort_measures,count_of_mort_measures_better,count_of_mort_measures_no_different,count_of_mort_measures_worse,mort_group_footnote,safety_group_measure_count,count_of_facility_safety_measures,count_of_safety_measures_better,count_of_safety_measures_no_different,count_of_safety_measures_worse,safety_group_footnote,readm_group_measure_count,count_of_facility_readm_measures,count_of_readm_measures_better,count_of_readm_measures_no_different,count_of_readm_measures_worse,readm_group_footnote,pt_exp_group_measure_count,count_of_facility_pt_exp_measures,pt_exp_group_footnote,te_group_measure_count,count_of_facility_te_measures,te_group_footnote
3033.0,VA NORTHERN ARIZONA HEALTHCARE SYSTEM,500 HIGHWAY 89 NORTH,PRESCOTT,AZ,86313,YAVAPAI,(928) 445-4860,Acute Care - Veterans Administration,Veterans Health Administration,Yes,,5,,7,3,0,3,0,,8,Not Available,Not Available,Not Available,Not Available,5,11,4,1,3,0,,8,8,,12,4,
5039.0,NH Twentynine Palms,1145 Sturgis Rd,Twentynine Palms,CA,92278,SAN BERNARDINO,(760) 830-2190,Acute Care - Department of Defense,Department of Defense,Yes,,Not Available,22,Not Available,Not Available,Not Available,Not Available,Not Available,22,Not Available,Not Available,Not Available,Not Available,Not Available,22,Not Available,Not Available,Not Available,Not Available,Not Available,22,Not Available,Not Available,22,Not Available,Not Available,22
8002.0,WILMINGTON VA MEDICAL CENTER,1601 KIRKWOOD HIGHWAY,WILMINGTON,DE,19805,NEW CASTLE,(302) 994-2511,Acute Care - Veterans Administration,Veterans Health Administration,Yes,,4,,7,3,1,2,0,,8,1,0,1,0,,11,4,0,4,0,,8,8,,12,5,
10013.0,NH Jacksonville,2080 Child St,Jacksonville,FL,32214,DUVAL,(904) 542-7300,Acute Care - Department of Defense,Department of Defense,Yes,,Not Available,22,Not Available,Not Available,Not Available,Not Available,Not Available,22,Not Available,Not Available,Not Available,Not Available,Not Available,22,Not Available,Not Available,Not Available,Not Available,Not Available,22,Not Available,Not Available,22,Not Available,Not Available,22
10029.0,THE EAST ALABAMA HEALTHCARE AUTHORITY,2000 PEPPERELL PARKWAY,OPELIKA,AL,36801,LEE,(334) 528-1300,Acute Care Hospitals,Government - Hospital District or Authority,Yes,Y,3,,7,7,0,6,1,,8,8,1,7,0,,11,11,1,8,2,,8,8,,12,11,
10049.0,MEDICAL CENTER ENTERPRISE,400 N EDWARDS STREET,ENTERPRISE,AL,36330,COFFEE,(334) 347-0584,Acute Care Hospitals,Proprietary,Yes,Y,3,,7,4,0,4,0,,8,4,0,4,0,,11,7,0,7,0,,8,8,,12,10,
10063.0,TAMPA VA MEDICAL CENTER,13000 BRUCE B DOWNS BLVD.,TAMPA,FL,33612,HILLSBOROUGH,(813) 972-2000,Acute Care - Veterans Administration,Veterans Health Administration,Yes,,4,,7,5,3,2,0,,8,4,1,3,0,,11,6,0,4,2,,8,8,,12,6,
10087.0,USA HEALTH UNIVERSITY HOSPITAL,2451 FILLINGIM STREET,MOBILE,AL,36617,MOBILE,(251) 471-7110,Acute Care Hospitals,Government - State,Yes,,2,,7,5,0,5,0,,8,6,2,3,1,,11,7,0,5,2,,8,8,,12,8,
10101.0,CITIZENS BAPTIST MEDICAL CENTER,604 STONE AVENUE,TALLADEGA,AL,35160,TALLADEGA,(256) 761-4542,Acute Care Hospitals,Voluntary non-profit - Private,Yes,,Not Available,16,7,2,0,2,0,,8,2,0,2,0,,11,4,0,3,1,,8,8,,12,7,
10120.0,MONROE COUNTY HOSPITAL,2016 SOUTH ALABAMA AVENUE,MONROEVILLE,AL,36460,MONROE,(251) 575-3111,Acute Care Hospitals,Government - Hospital District or Authority,Yes,,Not Available,16,7,2,0,2,0,,8,1,0,1,0,,11,4,0,4,0,,8,8,,12,8,
10148.0,EVERGREEN MEDICAL CENTER,101 CRESTVIEW AVENUE,EVERGREEN,AL,36401,CONECUH,(251) 578-2480,Acute Care Hospitals,Proprietary,Yes,,2,,7,3,0,3,0,,8,Not Available,Not Available,Not Available,Not Available,5,11,5,0,5,0,,8,8,,12,8,
10780.0,EAMC - LANIER,4800 48TH STREET,VALLEY,AL,36854,CHAMBERS,(334) 756-9180,Rural Emergency Hospital,Government - Hospital District or Authority,Yes,,Not Available,19,Not Available,Not Available,Not Available,Not Available,Not Available,19,Not Available,Not Available,Not Available,Not Available,Not Available,19,Not Available,Not Available,Not Available,Not Available,Not Available,19,Not Available,Not Available,19,Not Available,Not Available,19
11305.0,ST VINCENTS BLOUNT,150 GILBREATH DRIVE,ONEONTA,AL,35121,BLOUNT,(205) 274-3000,Critical Access Hospitals,Voluntary non-profit - Private,No,,Not Available,16,7,2,0,2,0,,8,2,0,2,0,,11,4,0,3,1,,8,Not Available,5,12,9,
14003.0,JESSE BROWN VA MEDICAL CENTER - VA CHICAGO HEALTHCARE SYSTEM,820 S DAMEN STREET,CHICAGO,IL,60612,COOK,(312) 569-8387,Acute Care - Veterans Administration,Veterans Health Administration,Yes,,5,,7,5,3,2,0,,8,4,0,4,0,,11,6,0,6,0,,8,8,,12,4,
14017.0,EASTPOINTE HOSPITAL,7400 ROPER LANE,DAPHNE,AL,36526,BALDWIN,(251) 378-6500,Psychiatric,Voluntary non-profit - Other,No,,Not Available,19,Not Available,Not Available,Not Available,Not Available,Not Available,19,Not Available,Not Available,Not Available,Not Available,Not Available,19,Not Available,Not Available,Not Available,Not Available,Not Available,19,Not Available,Not Available,19,Not Available,Not Available,19
18003.0,Blanchfield ACH (FT Campbell),650 Joel Dr,Fort Campbell,KY,42223,CHRISTIAN,(270) 798-8400,Acute Care - Department of Defense,Department of Defense,Yes,,Not Available,22,Not Available,Not Available,Not Available,Not Available,Not Available,22,Not Available,Not Available,Not Available,Not Available,Not Available,22,Not Available,Not Available,Not Available,Not Available,Not Available,22,Not Available,Not Available,22,Not Available,Not Available,22
20008.0,BARTLETT REGIONAL HOSPITAL,3260 HOSPITAL DR,JUNEAU,AK,99801,JUNEAU,(907) 796-8900,Acute Care Hospitals,Government - Local,Yes,Y,5,,7,4,0,4,0,,8,3,0,3,0,,11,9,0,9,0,,8,8,,12,10,
21302.0,PROVIDENCE SEWARD HOSPITAL,"417 FIRST AVENUE, PO BOX 365",SEWARD,AK,99664,KENAI PENINSULA,(907) 224-5205,Critical Access Hospitals,Government - Local,Yes,,Not Available,16,7,Not Available,Not Available,Not Available,Not Available,5,8,Not Available,Not Available,Not Available,Not Available,5,11,Not Available,Not Available,Not Available,Not Available,5,8,Not Available,5,12,4,
21313.0,SOUTH PENINSULA HOSPITAL,4300 BARTLETT ST,HOMER,AK,99603,KENAI PENINSULA,(907) 235-8101,Critical Access Hospitals,Voluntary non-profit - Private,Yes,Y,Not Available,16,7,1,0,1,0,,8,Not Available,Not Available,Not Available,Not Available,5,11,4,0,4,0,,8,Not Available,5,12,9,
24002.0,ALASKA PSYCHIATRIC INSTITUTE,3700 PIPER STREET,ANCHORAGE,AK,99508,ANCHORAGE,(907) 269-7100,Psychiatric,Government - State,No,,Not Available,19,Not Available,Not Available,Not Available,Not Available,Not Available,19,Not Available,Not Available,Not Available,Not Available,Not Available,19,Not Available,Not Available,Not Available,Not Available,Not Available,19,Not Available,Not Available,19,Not Available,Not Available,19
26023.0,COLUMBIA MO VA MEDICAL CENTER,800 HOSPITAL DR,COLUMBIA,MO,65201,BOONE,(573) 814-6000,Acute Care - Veterans Administration,Veterans Health Administration,Yes,,4,,7,5,0,5,0,,8,4,0,4,0,,11,6,0,5,1,,8,8,,12,4,
30011.0,ST JOSEPH'S HOSPITAL,350 NORTH WILMOT ROAD,TUCSON,AZ,85711,PIMA,(520) 873-3000,Acute Care Hospitals,Voluntary non-profit - Other,Yes,Y,2,,7,6,0,5,1,,8,7,2,5,0,,11,8,0,8,0,,8,8,,12,9,
30037.0,HONORHEALTH TEMPE MEDICAL CENTER,1800 EAST VAN BUREN STREET,PHOENIX,AZ,85006,MARICOPA,(602) 251-8156,Acute Care Hospitals,Proprietary,Yes,,Not Available,16,7,Not Available,Not Available,Not Available,Not Available,5,8,2,0,2,0,,11,3,0,3,0,,8,8,,12,8,
30073.0,TUBA CITY REGIONAL HEALTH CARE CORPORATION,PO BOX 600,TUBA CITY,AZ,86045,COCONINO,(928) 283-2501,Acute Care Hospitals,Voluntary non-profit - Other,No,Y,Not Available,16,7,1,0,1,0,,8,2,1,1,0,,11,2,0,2,0,,8,8,,12,8,
30093.0,BANNER DEL E. WEBB MEDICAL CENTER,14502 WEST MEEKER BOULEVARD,SUN CITY WEST,AZ,85375,MARICOPA,(623) 524-4000,Acute Care Hospitals,Voluntary non-profit - Private,Yes,Y,3,,7,6,0,6,0,,8,7,2,5,0,,11,10,1,7,2,,8,8,,12,11,
30113.0,WHITERIVER PHS INDIAN HOSPITAL,200 WEST HOSPITAL DRIVE  (PO BOX 860),WHITERIVER,AZ,85941,NAVAJO,(928) 338-4911,Acute Care Hospitals,Government - Federal,No,Y,Not Available,16,7,1,0,1,0,,8,Not Available,Not Available,Not Available,Not Available,5,11,2,0,2,0,,8,8,,12,5,
30136.0,DIGNITY HEALTH - ARIZONA GENERAL HOSPITAL,7171 SOUTH 51ST AVENUE,LAVEEN,AZ,85339,MARICOPA,(623) 584-5100,Acute Care Hospitals,Proprietary,No,,Not Available,16,7,Not Available,Not Available,Not Available,Not Available,5,8,Not Available,Not Available,Not Available,Not Available,5,11,Not Available,Not Available,Not Available,Not Available,5,8,Not Available,5,12,8,
31001.0,VA NEW JERSEY HEALTH CARE SYSTEM,385 TREMONT AVENUE,EAST ORANGE,NJ,7018,ESSEX,(973) 676-1000,Acute Care - Veterans Administration,Veterans Health Administration,Yes,,3,,7,4,1,3,0,,8,3,0,3,0,,11,4,0,3,1,,8,8,,12,5,
31312.0,COPPER QUEEN COMMUNITY HOSPITAL,101 COLE AVENUE,BISBEE,AZ,85603,COCHISE,(520) 432-6401,Critical Access Hospitals,Voluntary non-profit - Private,Yes,,Not Available,16,7,Not Available,Not Available,Not Available,Not Available,5,8,Not Available,Not Available,Not Available,Not Available,5,11,1,0,1,0,,8,Not Available,5,12,4,
33011.0,BATH VA MEDICAL CENTER,76 VETERANS AVE.,BATH,NY,14810,STEUBEN,(607) 664-4000,Acute Care - Veterans Administration,Veterans Health Administration,No,,Not Available,16,7,1,0,1,0,,8,Not Available,Not Available,Not Available,Not Available,5,11,2,0,2,0,,8,Not Available,5,12,2,
34004.0,BANNER BEHAVIORAL HEALTH HOSPITAL,7575 EAST EARLL DRIVE,SCOTTSDALE,AZ,85251,MARICOPA,(480) 448-7500,Psychiatric,Voluntary non-profit - Private,No,,Not Available,19,Not Available,Not Available,Not Available,Not Available,Not Available,19,Not Available,Not Available,Not Available,Not Available,Not Available,19,Not Available,Not Available,Not Available,Not Available,Not Available,19,Not Available,Not Available,19,Not Available,Not Available,19
34023.0,THE GUIDANCE CENTER,2187 NORTH VICKEY STREET,FLAGSTAFF,AZ,86004,COCONINO,(928) 527-1899,Psychiatric,Voluntary non-profit - Private,No,,Not Available,19,Not Available,Not Available,Not Available,Not Available,Not Available,19,Not Available,Not Available,Not Available,Not Available,Not Available,19,Not Available,Not Available,Not Available,Not Available,Not Available,19,Not Available,Not Available,19,Not Available,Not Available,19
34033.0,EL DORADO SPRINGS,1400 NORTH WILMOT ROAD,TUCSON,AZ,85712,PIMA,(520) 222-8268,Psychiatric,Proprietary,No,,Not Available,19,Not Available,Not Available,Not Available,Not Available,Not Available,19,Not Available,Not Available,Not Available,Not Available,Not Available,19,Not Available,Not Available,Not Available,Not Available,Not Available,19,Not Available,Not Available,19,Not Available,Not Available,19
36006.0,88th Medical Group (Wright-Patterson AFB),88 MDG 4881 Sugar Maple Dr,Wright-Patterson AFB,OH,45433,GREENE,(937) 257-9926,Acute Care - Department of Defense,Department of Defense,Yes,,Not Available,22,Not Available,Not Available,Not Available,Not Available,Not Available,22,Not Available,Not Available,Not Available,Not Available,Not Available,22,Not Available,Not Available,Not Available,Not Available,Not Available,22,Not Available,Not Available,22,Not Available,Not Available,22
40011.0,CHAMBERS MEMORIAL HOSPITAL,719 DETROIT STREET,DANVILLE,AR,72833,YELL,(479) 495-2241,Acute Care Hospitals,Voluntary non-profit - Private,Yes,,3,,7,3,0,3,0,,8,Not Available,Not Available,Not Available,Not Available,5,11,5,0,5,0,,8,8,,12,7,
40029.0,"CONWAY REGIONAL MEDICAL CENTER, INC",2302 COLLEGE AVENUE,CONWAY,AR,72034,FAULKNER,(501) 329-3831,Acute Care Hospitals,Voluntary non-profit - Private,Yes,Y,3,,7,6,0,6,0,,8,8,2,6,0,,11,10,0,9,1,,8,8,,12,12,
40071.0,JEFFERSON REGIONAL MEDICAL CENTER,1600 WEST 40TH AVENUE,PINE BLUFF,AR,71603,JEFFERSON,(870) 541-7100,Acute Care Hospitals,Voluntary non-profit - Private,Yes,Y,2,,7,6,0,6,0,,8,7,1,6,0,,11,10,0,7,3,,8,8,,12,12,
40134.0,"ARKANSAS HEART HOSPITAL, LLC",1701 S SHACKLEFORD ROAD,LITTLE ROCK,AR,72211,PULASKI,(501) 219-7000,Acute Care Hospitals,Proprietary,Yes,,4,,7,7,0,7,0,,8,4,0,4,0,,11,8,0,8,0,,8,8,,12,8,
40781.0,HELENA REGIONAL MEDICAL CENTER,1801 MARTIN LUTHER KING JR DRIVE,HELENA,AR,72342,PHILLIPS,(870) 338-5800,Rural Emergency Hospital,Proprietary,Yes,,Not Available,19,Not Available,Not Available,Not Available,Not Available,Not Available,19,Not Available,Not Available,Not Available,Not Available,Not Available,19,Not Available,Not Available,Not Available,Not Available,Not Available,19,Not Available,Not Available,19,Not Available,Not Available,19
41309.0,LAWRENCE MEMORIAL HOSPITAL,1309 WEST MAIN STREET,WALNUT RIDGE,AR,72476,LAWRENCE,(870) 886-1200,Critical Access Hospitals,Voluntary non-profit - Private,Yes,,Not Available,16,7,Not Available,Not Available,Not Available,Not Available,5,8,Not Available,Not Available,Not Available,Not Available,5,11,1,0,1,0,,8,Not Available,5,12,5,
41323.0,ASHLEY COUNTY MEDICAL CENTER,1015 UNITY ROAD,CROSSETT,AR,71635,ASHLEY,(870) 364-4111,Critical Access Hospitals,Voluntary non-profit - Private,Yes,,3,,7,3,0,3,0,,8,1,0,1,0,,11,4,0,3,1,,8,Not Available,5,12,4,
41334.0,MENA REGIONAL HEALTH SYSTEM,311 North Morrow Street,MENA,AR,71953,POLK,(479) 394-6100,Critical Access Hospitals,Voluntary non-profit - Other,Yes,,Not Available,5,Not Available,Not Available,Not Available,Not Available,Not Available,5,Not Available,Not Available,Not Available,Not Available,Not Available,5,Not Available,Not Available,Not Available,Not Available,Not Available,5,Not Available,Not Available,5,Not Available,Not Available,5
44020.0,RIVERVIEW BEHAVIORAL HEALTH,701 ARKANSAS BOULEVARD SUITE 300,TEXARKANA,AR,71854,MILLER,(870) 772-5028,Psychiatric,Proprietary,No,,Not Available,19,Not Available,Not Available,Not Available,Not Available,Not Available,19,Not Available,Not Available,Not Available,Not Available,Not Available,19,Not Available,Not Available,Not Available,Not Available,Not Available,19,Not Available,Not Available,19,Not Available,Not Available,19
50017.0,MERCY GENERAL HOSPITAL,4001 J ST,SACRAMENTO,CA,95819,SACRAMENTO,(916) 453-4453,Acute Care Hospitals,Voluntary non-profit - Private,Yes,Y,4,,7,7,0,7,0,,8,8,4,4,0,,11,9,0,7,2,,8,8,,12,10,
50040.0,LAC/OLIVE VIEW-UCLA MEDICAL CENTER,14445 OLIVE VIEW DRIVE,SYLMAR,CA,91342,LOS ANGELES,(818) 364-1555,Acute Care Hospitals,Voluntary non-profit - Other,Yes,Y,2,,7,2,0,2,0,,8,7,2,4,1,,11,5,0,5,0,,8,8,,12,9,
50060.0,COMMUNITY REGIONAL MEDICAL CENTER,2823 FRESNO STREET,FRESNO,CA,93721,FRESNO,(559) 459-6000,Acute Care Hospitals,Voluntary non-profit - Private,Yes,Y,1,,7,7,0,6,1,,8,7,0,7,0,,11,10,0,6,4,,8,8,,12,10,
50077.0,SCRIPPS MERCY HOSPITAL,4077 5TH AVE,SAN DIEGO,CA,92103,SAN DIEGO,(619) 294-8111,Acute Care Hospitals,Voluntary non-profit - Private,Yes,Y,3,,7,7,1,6,0,,8,7,1,6,0,,11,11,1,9,1,,8,8,,12,11,
50101.0,SUTTER SOLANO MEDICAL CENTER,300 HOSPITAL DR,VALLEJO,CA,94589,SOLANO,(707) 554-5280,Acute Care Hospitals,Voluntary non-profit - Private,Yes,,3,,7,6,0,6,0,,8,6,1,5,0,,11,9,0,9,0,,8,8,,12,10,
50116.0,NORTHRIDGE HOSPITAL MEDICAL CENTER,18300 ROSCOE BLVD,NORTHRIDGE,CA,91325,LOS ANGELES,(818) 885-8500,Acute Care Hospitals,Voluntary non-profit - Private,Yes,Y,4,,7,7,2,5,0,,8,7,1,6,0,,11,10,0,7,3,,8,8,,12,8,
50131.0,NOVATO COMMUNITY HOSPITAL,180 ROWLAND WAY,NOVATO,CA,94945,MARIN,(415) 209-1300,Acute Care Hospitals,Voluntary non-profit - Other,Yes,,5,,7,3,0,3,0,,8,3,1,2,0,,11,7,0,7,0,,8,8,,12,8,
50149.0,CALIFORNIA HOSPITAL MEDICAL CENTER LA,1401 SOUTH GRAND AVENUE,LOS ANGELES,CA,90015,LOS ANGELES,(213) 748-2411,Acute Care Hospitals,Voluntary non-profit - Other,Yes,Y,3,,7,4,0,4,0,,8,8,1,7,0,,11,6,0,6,0,,8,8,,12,9,
50180.0,JOHN MUIR MEDICAL CENTER - WALNUT CREEK CAMPUS,1601 YGNACIO VALLEY RD,WALNUT CREEK,CA,94598,CONTRA COSTA,(925) 939-3000,Acute Care Hospitals,Voluntary non-profit - Other,Yes,Y,3,,7,6,2,3,1,,8,8,1,7,0,,11,10,0,9,1,,8,8,,12,10,
50226.0,AHMC ANAHEIM REGIONAL MEDICAL CENTER,1111 W LA PALMA AVENUE,ANAHEIM,CA,92801,ORANGE,(714) 774-1450,Acute Care Hospitals,Voluntary non-profit - Private,Yes,Y,3,,7,6,1,5,0,,8,5,0,5,0,,11,6,0,4,2,,8,8,,12,9,
50242.0,DOMINICAN HOSPITAL,1555 SOQUEL DRIVE,SANTA CRUZ,CA,95065,SANTA CRUZ,(831) 462-7700,Acute Care Hospitals,Voluntary non-profit - Private,Yes,Y,5,,7,7,1,6,0,,8,7,1,6,0,,11,11,1,9,1,,8,8,,12,10,
50278.0,PROVIDENCE HOLY CROSS MEDICAL CENTER,15031 RINALDI ST,MISSION HILLS,CA,91346,LOS ANGELES,(818) 365-8051,Acute Care Hospitals,Voluntary non-profit - Church,Yes,Y,4,,7,6,0,6,0,,8,8,2,6,0,,11,10,0,10,0,,8,8,,12,9,
50298.0,BARSTOW COMMUNITY HOSPITAL,820 E MOUNTAIN VIEW STREET,BARSTOW,CA,92311,SAN BERNARDINO,(760) 256-1761,Acute Care Hospitals,Proprietary,Yes,Y,1,,7,2,0,1,1,,8,3,0,2,1,,11,4,0,4,0,,8,8,,12,8,
50327.0,LOMA LINDA UNIVERSITY MEDICAL CENTER,11234 ANDERSON ST,LOMA LINDA,CA,92354,SAN BERNARDINO,(909) 558-4000,Acute Care Hospitals,Voluntary non-profit - Private,Yes,,3,,7,7,0,7,0,,8,7,5,2,0,,11,10,1,8,1,,8,8,,12,9,
50353.0,PROVIDENCE LITTLE COMPANY OF MARY MED CTR TORRANCE,4101 TORRANCE BLVD,TORRANCE,CA,90503,LOS ANGELES,(310) 540-7676,Acute Care Hospitals,Voluntary non-profit - Church,No,Y,4,,7,6,1,5,0,,8,8,2,6,0,,11,8,0,7,1,,8,8,,12,11,
50393.0,PIH HEALTH DOWNEY HOSPITAL,11500 BROOKSHIRE AVENUE,DOWNEY,CA,90241,LOS ANGELES,(562) 904-5000,Acute Care Hospitals,Voluntary non-profit - Private,Yes,,3,,7,4,0,4,0,,8,7,1,6,0,,11,7,1,6,0,,8,8,,12,8,
50438.0,HUNTINGTON HOSPITAL,100 W  CALIFORNIA BLVD,PASADENA,CA,91109,LOS ANGELES,(626) 397-5000,Acute Care Hospitals,Voluntary non-profit - Other,Yes,Y,2,,7,7,1,6,0,,8,8,0,7,1,,11,9,0,7,2,,8,8,,12,10,
50485.0,MEMORIALCARE LONG BEACH MEDICAL CENTER,2801 ATLANTIC AVE,LONG BEACH,CA,90806,LOS ANGELES,(562) 933-2000,Acute Care Hospitals,Voluntary non-profit - Other,No,,2,,7,7,0,7,0,,8,8,2,6,0,,11,11,0,11,0,,8,8,,12,10,
50516.0,MERCY SAN JUAN MEDICAL CENTER,6501 COYLE AVE,CARMICHAEL,CA,95608,SACRAMENTO,(916) 537-5000,Acute Care Hospitals,Voluntary non-profit - Private,Yes,Y,3,,7,7,0,7,0,,8,7,4,3,0,,11,11,0,10,1,,8,8,,12,10,
50549.0,LOS ROBLES HOSPITAL & MEDICAL CENTER,215 W JANSS RD,THOUSAND OAKS,CA,91360,VENTURA,(805) 497-2727,Acute Care Hospitals,Proprietary,Yes,Y,4,,7,7,2,5,0,,8,8,2,6,0,,11,9,0,6,3,,8,8,,12,9,
50588.0,SAN DIMAS COMMUNITY HOSPITAL,1350 W COVINA BLVD,SAN DIMAS,CA,91773,LOS ANGELES,(909) 599-6811,Acute Care Hospitals,Proprietary,Yes,,1,,7,2,0,2,0,,8,4,0,4,0,,11,5,0,4,1,,8,8,,12,10,
50625.0,CEDARS-SINAI MEDICAL CENTER,8700 BEVERLY BLVD,LOS ANGELES,CA,90048,LOS ANGELES,(310) 423-5000,Acute Care Hospitals,Voluntary non-profit - Other,Yes,Y,5,,7,7,6,1,0,,8,8,3,5,0,,11,11,2,6,3,,8,8,,12,11,
50686.0,"KAISER FOUNDATION HOSPITAL, RIVERSIDE",10800 MAGNOLIA AVENUE,RIVERSIDE,CA,92505,RIVERSIDE,(951) 353-2000,Acute Care Hospitals,Voluntary non-profit - Private,Yes,Y,5,,7,Not Available,Not Available,Not Available,Not Available,5,8,6,1,4,1,,11,1,0,1,0,,8,8,,12,6,
50714.0,SUTTER MATERNITY & SURGERY CENTER OF SANTA CRUZ,2900 CHANTICLEER AVENUE,SANTA CRUZ,CA,95065,SANTA CRUZ,(831) 477-2200,Acute Care Hospitals,Voluntary non-profit - Private,No,Y,Not Available,16,7,Not Available,Not Available,Not Available,Not Available,5,8,1,0,1,0,,11,4,0,4,0,,8,8,,12,5,
50744.0,ANAHEIM GLOBAL MEDICAL CENTER,1025 S ANAHEIM BLVD,ANAHEIM,CA,92805,ORANGE,(714) 533-6220,Acute Care Hospitals,Proprietary,No,,Not Available,16,7,1,0,1,0,,8,2,1,1,0,,11,2,0,2,0,,8,8,,12,5,
50764.0,SHASTA REGIONAL MEDICAL CENTER,1100 BUTTE ST,REDDING,CA,96001,SHASTA,(530) 244-5454,Acute Care Hospitals,Proprietary,Yes,,1,,7,7,0,7,0,,8,6,1,5,0,,11,9,0,8,1,,8,8,,12,7,
50777.0,KAISER FOUNDATION HOSPITAL - SAN LEANDRO,2500 MERCED STREET,SAN LEANDRO,CA,94577,ALAMEDA,(510) 454-1000,Acute Care Hospitals,Voluntary non-profit - Private,Yes,Y,2,,7,Not Available,Not Available,Not Available,Not Available,5,8,6,1,5,0,,11,2,0,2,0,,8,8,,12,6,
51300.0,EASTERN PLUMAS HOSPITAL - PORTOLA CAMPUS,500 FIRST AVENUE,PORTOLA,CA,96122,PLUMAS,(530) 832-6500,Critical Access Hospitals,Government - Hospital District or Authority,Yes,,Not Available,16,7,1,0,1,0,,8,Not Available,Not Available,Not Available,Not Available,5,11,2,0,2,0,,8,Not Available,5,12,3,
51310.0,ADVENTIST HEALTH HOWARD MEMORIAL,1 MARCELA DR,WILLITS,CA,95490,MENDOCINO,(707) 456-3031,Critical Access Hospitals,Voluntary non-profit - Church,Yes,,5,,7,3,0,3,0,,8,3,0,3,0,,11,7,1,5,1,,8,8,,12,7,
51321.0,HEALDSBURG HOSPITAL,1375 UNIVERSITY AVENUE,HEALDSBURG,CA,95448,SONOMA,(707) 431-6500,Critical Access Hospitals,Voluntary non-profit - Private,Yes,,Not Available,16,7,1,0,1,0,,8,Not Available,Not Available,Not Available,Not Available,5,11,3,0,3,0,,8,Not Available,5,12,3,
51332.0,MARK TWAIN MEDICAL CENTER,768 MOUNTAIN RANCH RD,SAN ANDREAS,CA,95249,CALAVERAS,(209) 754-3521,Critical Access Hospitals,Voluntary non-profit - Other,No,,3,,7,4,0,4,0,,8,1,0,1,0,,11,9,0,9,0,,8,8,,12,8,
53302.0,CHILDREN'S HOSP OF LOS ANGELES,"4650 SUNSET BLVD, MS 108",LOS ANGELES,CA,90027,LOS ANGELES,(323) 669-2164,Childrens,Voluntary non-profit - Private,Yes,,Not Available,19,Not Available,Not Available,Not Available,Not Available,Not Available,19,Not Available,Not Available,Not Available,Not Available,Not Available,19,Not Available,Not Available,Not Available,Not Available,Not Available,19,Not Available,Not Available,19,Not Available,Not Available,19
54032.0,BHC ALHAMBRA HOSPITAL,4619 N ROSEMEAD BLVD,ROSEMEAD,CA,91770,LOS ANGELES,(626) 286-1191,Psychiatric,Proprietary,No,,Not Available,19,Not Available,Not Available,Not Available,Not Available,Not Available,19,Not Available,Not Available,Not Available,Not Available,Not Available,19,Not Available,Not Available,Not Available,Not Available,Not Available,19,Not Available,Not Available,19,Not Available,Not Available,19
54095.0,AURORA SAN DIEGO,11878 AVENUE OF INDUSTRY,SAN DIEGO,CA,92128,SAN DIEGO,(858) 487-3200,Psychiatric,Proprietary,No,,Not Available,19,Not Available,Not Available,Not Available,Not Available,Not Available,19,Not Available,Not Available,Not Available,Not Available,Not Available,19,Not Available,Not Available,Not Available,Not Available,Not Available,19,Not Available,Not Available,19,Not Available,Not Available,19
54131.0,JOHN MUIR BEHAVIORAL HEALTH CENTER,2740 GRANT STREET,CONCORD,CA,94520,CONTRA COSTA,(925) 674-4101,Psychiatric,Voluntary non-profit - Private,Yes,,Not Available,19,Not Available,Not Available,Not Available,Not Available,Not Available,19,Not Available,Not Available,Not Available,Not Available,Not Available,19,Not Available,Not Available,Not Available,Not Available,Not Available,19,Not Available,Not Available,19,Not Available,Not Available,19
54152.0,SANTA CRUZ COUNTY PSYCHIATRIC HEALTH FACILITY,"2250 SOQUEL AVENUE, SUITE 150",SANTA CRUZ,CA,95062,SANTA CRUZ,(831) 600-2801,Psychiatric,Proprietary,No,,Not Available,19,Not Available,Not Available,Not Available,Not Available,Not Available,19,Not Available,Not Available,Not Available,Not Available,Not Available,19,Not Available,Not Available,Not Available,Not Available,Not Available,19,Not Available,Not Available,19,Not Available,Not Available,19
60004.0,INTERMOUNTAIN HEALTH PLATTE VALLEY HOSPITAL,1600 PRAIRIE CENTER PKWY,BRIGHTON,CO,80601,ADAMS,(303) 498-1600,Acute Care Hospitals,Voluntary non-profit - Private,Yes,Y,3,,7,2,0,2,0,,8,4,1,3,0,,11,5,0,5,0,,8,8,,12,11,
60020.0,"PARKVIEW MEDICAL CENTER, INC",400 W 16TH ST,PUEBLO,CO,81003,PUEBLO,(719) 584-4000,Acute Care Hospitals,Voluntary non-profit - Private,Yes,Y,2,,7,7,0,7,0,,8,7,2,5,0,,11,9,1,7,1,,8,8,,12,11,
60044.0,ST ELIZABETH HOSPITAL,1000 LINCOLN ST,FORT MORGAN,CO,80701,MORGAN,(970) 867-3391,Acute Care Hospitals,Voluntary non-profit - Other,Yes,Y,Not Available,16,7,2,0,2,0,,8,2,0,2,0,,11,5,0,5,0,,8,8,,12,9,
60103.0,CENTURA HEALTH-AVISTA ADVENTIST HOSPITAL,100 HEALTH PARK DR,LOUISVILLE,CO,80027,BOULDER,(303) 673-1000,Acute Care Hospitals,Voluntary non-profit - Church,Yes,Y,4,,7,2,0,2,0,,8,4,1,3,0,,11,7,2,5,0,,8,8,,12,9,
60124.0,ORTHOCOLORADO HOSP AT ST ANTHONY MED CAMPUS,11650 W 2ND PL,LAKEWOOD,CO,80228,JEFFERSON,(720) 321-5000,Acute Care Hospitals,Proprietary,Yes,,Not Available,16,7,Not Available,Not Available,Not Available,Not Available,5,8,2,0,2,0,,11,3,0,3,0,,8,8,,12,3,
61301.0,RIO GRANDE HOSPITAL,310 COUNTY RD 14,DEL NORTE,CO,81132,RIO GRANDE,(719) 657-2510,Critical Access Hospitals,Proprietary,Yes,,5,,7,3,0,3,0,,8,Not Available,Not Available,Not Available,Not Available,5,11,4,0,4,0,,8,8,,12,5,
61311.0,SOUTHEAST COLORADO HOSPITAL DISTRICT,373 E TENTH AVE,SPRINGFIELD,CO,81073,BACA,(719) 523-4501,Critical Access Hospitals,Government - Hospital District or Authority,Yes,,Not Available,16,7,1,0,1,0,,8,Not Available,Not Available,Not Available,Not Available,5,11,2,0,2,0,,8,Not Available,5,12,8,
61321.0,MT SAN RAFAEL HOSPITAL,410 BENEDICTA AVE,TRINIDAD,CO,81082,LAS ANIMAS,(719) 846-9213,Critical Access Hospitals,Voluntary non-profit - Private,Yes,,Not Available,16,7,1,0,1,0,,8,Not Available,Not Available,Not Available,Not Available,5,11,2,0,2,0,,8,Not Available,5,12,6,
61344.0,ST THOMAS MORE HOSPITAL,1338 PHAY AVE,CANON CITY,CO,81212,FREMONT,(719) 285-2000,Critical Access Hospitals,Voluntary non-profit - Private,Yes,Y,3,,7,3,0,3,0,,8,1,0,1,0,,11,6,1,5,0,,8,8,,12,10,
64028.0,DENVER SPRINGS,8835 AMERICAN WY,ENGLEWOOD,CO,80112,ARAPAHOE,(720) 643-4300,Psychiatric,Proprietary,No,,Not Available,19,Not Available,Not Available,Not Available,Not Available,Not Available,19,Not Available,Not Available,Not Available,Not Available,Not Available,19,Not Available,Not Available,Not Available,Not Available,Not Available,19,Not Available,Not Available,19,Not Available,Not Available,19
70010.0,BRIDGEPORT HOSPITAL,267 GRANT STREET,BRIDGEPORT,CT,6610,FAIRFIELD,(203) 384-3000,Acute Care Hospitals,Voluntary non-profit - Private,Yes,Y,3,,7,7,1,6,0,,8,8,2,6,0,,11,11,1,9,1,,8,8,,12,11,
70025.0,HARTFORD HOSPITAL,80 SEYMOUR STREET,HARTFORD,CT,6102,HARTFORD,(860) 545-5000,Acute Care Hospitals,Voluntary non-profit - Private,Yes,Y,4,,7,7,0,7,0,,8,8,5,3,0,,11,11,0,9,2,,8,8,,12,10,
73300.0,CONNECTICUT CHILDRENS MEDICAL CENTER,282 WASHINGTON STREET,HARTFORD,CT,6106,HARTFORD,(860) 545-9000,Childrens,Voluntary non-profit - Private,Yes,,Not Available,19,Not Available,Not Available,Not Available,Not Available,Not Available,19,Not Available,Not Available,Not Available,Not Available,Not Available,19,Not Available,Not Available,Not Available,Not Available,Not Available,19,Not Available,Not Available,19,Not Available,Not Available,19
80003.0,ST FRANCIS HOSPITAL,7TH AND CLAYTON STS,WILMINGTON,DE,19805,NEW CASTLE,(302) 421-4100,Acute Care Hospitals,Voluntary non-profit - Private,Yes,Y,3,,7,5,0,5,0,,8,4,1,3,0,,11,6,0,6,0,,8,8,,12,9,
84005.0,SUN BEHAVIORAL DELAWARE LLC,21655 BIDEN AVENUE,GEORGETOWN,DE,19947,SUSSEX,(302) 448-8415,Psychiatric,Proprietary,No,,Not Available,19,Not Available,Not Available,Not Available,Not Available,Not Available,19,Not Available,Not Available,Not Available,Not Available,Not Available,19,Not Available,Not Available,Not Available,Not Available,Not Available,19,Not Available,Not Available,19,Not Available,Not Available,19
100001.0,SHANDS JACKSONVILLE,655 W 8TH ST,JACKSONVILLE,FL,32209,DUVAL,(904) 244-4000,Acute Care Hospitals,Voluntary non-profit - Private,Yes,Y,3,,7,7,0,7,0,,8,7,1,6,0,,11,10,0,10,0,,8,8,,12,11,
100022.0,JACKSON HEALTH SYSTEM,1611 NW 12TH AVE,MIAMI,FL,33136,MIAMI-DADE,(305) 585-1111,Acute Care Hospitals,Government - Hospital District or Authority,Yes,Y,1,,7,6,0,3,3,,8,7,4,2,1,,11,9,0,7,2,,8,8,,12,11,
100038.0,MEMORIAL REGIONAL HOSPITAL,3501 JOHNSON ST,HOLLYWOOD,FL,33021,BROWARD,(954) 987-2000,Acute Care Hospitals,Government - Hospital District or Authority,Yes,Y,3,,7,7,0,7,0,,8,7,2,5,0,,11,11,0,9,2,,8,8,,12,10,
100051.0,ORLANDO HEALTH SOUTH LAKE HOSPITAL,1900 DON WICKHAM DR,CLERMONT,FL,34711,LAKE,(352) 394-4071,Acute Care Hospitals,Government - Hospital District or Authority,Yes,Y,3,,7,6,0,6,0,,8,7,2,5,0,,11,10,0,8,2,,8,8,,12,9,
100069.0,FLORIDA HOSPITAL CARROLLWOOD,7171 N DALE MABRY HWY,TAMPA,FL,33614,HILLSBOROUGH,(813) 615-7219,Acute Care Hospitals,Voluntary non-profit - Church,Yes,,3,,7,4,0,4,0,,8,7,1,6,0,,11,7,0,7,0,,8,8,,12,8,
100088.0,BAPTIST HEALTH MEDICAL CENTER - JACKSONVILLE,800 PRUDENTIAL DR,JACKSONVILLE,FL,32207,DUVAL,(904) 202-2000,Acute Care Hospitals,Voluntary non-profit - Private,Yes,Y,4,,7,7,3,4,0,,8,8,2,6,0,,11,11,1,9,1,,8,8,,12,12,
100117.0,BAPTIST MEDICAL CENTER  BEACHES,1350 13TH AVE S,JACKSONVILLE BEACH,FL,32250,DUVAL,(904) 247-2900,Acute Care Hospitals,Voluntary non-profit - Private,Yes,Y,3,,7,6,0,6,0,,8,8,1,7,0,,11,8,1,7,0,,8,8,,12,10,
100131.0,HCA FLORIDA AVENTURA HOSPITAL,20900 BISCAYNE BLVD,AVENTURA,FL,33180,MIAMI-DADE,(305) 682-7000,Acute Care Hospitals,Voluntary non-profit - Private,Yes,,3,,7,6,1,5,0,,8,7,2,5,0,,11,8,0,5,3,,8,8,,12,8,
100156.0,HCA FLORIDA LAKE CITY HOSPITAL,340 NW COMMERCE DR,LAKE CITY,FL,32055,COLUMBIA,(386) 719-9000,Acute Care Hospitals,Proprietary,Yes,,2,,7,6,0,6,0,,8,6,1,5,0,,11,7,1,5,1,,8,8,,12,9,
100179.0,HCA FLORIDA MEMORIAL HOSPITAL,3625 UNIVERSITY BLVD S,JACKSONVILLE,FL,32216,DUVAL,(904) 702-6111,Acute Care Hospitals,Proprietary,Yes,Y,2,,7,7,1,6,0,,8,7,4,3,0,,11,9,0,7,2,,8,8,,12,9,
100209.0,HCA FLORIDA KENDALL HOSPITAL,11750 BIRD RD,MIAMI,FL,33175,MIAMI-DADE,(305) 223-3000,Acute Care Hospitals,Proprietary,Yes,Y,3,,7,6,1,5,0,,8,7,2,5,0,,11,7,0,6,1,,8,8,,12,9,
100230.0,MEMORIAL HOSPITAL PEMBROKE,7800 SHERIDAN ST,PEMBROKE PINES,FL,33024,BROWARD,(954) 962-9650,Acute Care Hospitals,Government - Hospital District or Authority,Yes,,3,,7,4,0,4,0,,8,6,1,5,0,,11,5,0,4,1,,8,8,,12,8,
100249.0,TAMPA GENERAL HOSPITAL CRYSTAL RIVER,6201 N SUNCOAST BLVD,CRYSTAL RIVER,FL,34428,CITRUS,(352) 795-6560,Acute Care Hospitals,Voluntary non-profit - Private,No,,2,,7,6,0,6,0,,8,6,0,6,0,,11,8,0,8,0,,8,8,,12,8,
100266.0,GULF BREEZE HOSPITAL,1110 GULF BREEZE PKWY,GULF BREEZE,FL,32561,SANTA ROSA,(850) 934-2000,Acute Care Hospitals,Voluntary non-profit - Other,Yes,,4,,7,4,2,2,0,,8,4,0,4,0,,11,7,0,7,0,,8,8,,12,9,
100286.0,PHYSICIANS REGIONAL MEDICAL CENTER - PINE RIDGE,6101 PINE RIDGE ROAD,NAPLES,FL,34119,COLLIER,(239) 304-5145,Acute Care Hospitals,Proprietary,Yes,,1,,7,7,0,7,0,,8,7,1,6,0,,11,9,0,5,4,,8,8,,12,10,
100302.0,ORLANDO HEALTH ST CLOUD HOSPITAL,2906 17TH STREET,SAINT CLOUD,FL,34769,OSCEOLA,(407) 892-2135,Acute Care Hospitals,Proprietary,Yes,,1,,7,5,0,5,0,,8,2,0,2,0,,11,6,0,5,1,,8,8,,12,8,
100330.0,HALIFAX HEALTH /UF HEALTH MEDICAL CENTER OF DELTON,3300 HALIFAX CROSSINGS BLVD,DELTONA,FL,32725,VOLUSIA,(386) 425-4806,Acute Care Hospitals,Government - Local,Yes,,Not Available,16,7,2,0,2,0,,8,2,0,2,0,,11,3,0,3,0,,8,8,,12,7,
101303.0,LAKE BUTLER HOSPITAL,850 E MAIN ST,LAKE BUTLER,FL,32054,UNION,(386) 496-2323,Critical Access Hospitals,Proprietary,Yes,,Not Available,16,7,Not Available,Not Available,Not Available,Not Available,5,8,Not Available,Not Available,Not Available,Not Available,5,11,Not Available,Not Available,Not Available,Not Available,5,8,Not Available,5,12,4,
101315.0,JAY HOSPITAL,14114 ALABAMA ST,JAY,FL,32565,SANTA ROSA,(850) 675-4532,Critical Access Hospitals,Voluntary non-profit - Private,Yes,,Not Available,16,7,Not Available,Not Available,Not Available,Not Available,5,8,Not Available,Not Available,Not Available,Not Available,5,11,Not Available,Not Available,Not Available,Not Available,5,8,Not Available,5,12,Not Available,5
104024.0,"CIRCLES OF CARE, INC",400 E SHERIDAN RD,MELBOURNE,FL,32901,BREVARD,(321) 984-4900,Psychiatric,Voluntary non-profit - Private,No,,Not Available,19,Not Available,Not Available,Not Available,Not Available,Not Available,19,Not Available,Not Available,Not Available,Not Available,Not Available,19,Not Available,Not Available,Not Available,Not Available,Not Available,19,Not Available,Not Available,19,Not Available,Not Available,19
104071.0,THE VINES HOSPITAL,3130 SW 27TH AVE,OCALA,FL,34471,MARION,(352) 671-3130,Psychiatric,Proprietary,No,,Not Available,19,Not Available,Not Available,Not Available,Not Available,Not Available,19,Not Available,Not Available,Not Available,Not Available,Not Available,19,Not Available,Not Available,Not Available,Not Available,Not Available,19,Not Available,Not Available,19,Not Available,Not Available,19
104082.0,PALM POINT BEHAVIORAL HEALTH,2355 TRUMAN SCARBOROUGH WAY,TITUSVILLE,FL,32796,BREVARD,(321) 603-6550,Psychiatric,Proprietary,No,,Not Available,19,Not Available,Not Available,Not Available,Not Available,Not Available,19,Not Available,Not Available,Not Available,Not Available,Not Available,19,Not Available,Not Available,Not Available,Not Available,Not Available,19,Not Available,Not Available,19,Not Available,Not Available,19
110011.0,TANNER MEDICAL CENTER - CARROLLTON,705 DIXIE STREET,CARROLLTON,GA,30117,CARROLL,(770) 836-9580,Acute Care Hospitals,Government - Hospital District or Authority,No,Y,3,,7,6,0,6,0,,8,6,1,4,1,,11,9,0,7,2,,8,8,,12,11,
110030.0,PIEDMONT CARTERSVILLE MEDICAL CENTER,960 JOE FRANK HARRIS PARKWAY,CARTERSVILLE,GA,30120,BARTOW,(470) 490-1000,Acute Care Hospitals,Voluntary non-profit - Private,Yes,Y,2,,7,6,0,6,0,,8,7,1,6,0,,11,8,0,6,2,,8,8,,12,10,
110044.0,PHOEBE SUMTER MEDICAL CENTER,126 HIGHWAY 280 W,AMERICUS,GA,31719,SUMTER,(229) 931-1280,Acute Care Hospitals,Government - Hospital District or Authority,Yes,Y,1,,7,3,0,3,0,,8,3,1,1,1,,11,8,0,8,0,,8,8,,12,10,
110074.0,PIEDMONT ATHENS REGIONAL MEDICAL CENTER,1199 PRINCE AVENUE,ATHENS,GA,30606,CLARKE,(706) 475-7000,Acute Care Hospitals,Voluntary non-profit - Other,No,Y,4,,7,7,0,7,0,,8,7,3,3,1,,11,10,2,7,1,,8,8,,12,12,
110091.0,PIEDMONT ROCKDALE HOSPITAL,"1412 MILSTEAD AVENUE, NE",CONYERS,GA,30012,ROCKDALE,(770) 918-3000,Acute Care Hospitals,Proprietary,No,Y,2,,7,6,1,5,0,,8,7,1,5,1,,11,7,0,6,1,,8,8,,12,11,
110113.0,BURKE MEDICAL CENTER,351 SOUTH LIBERTY STREET,WAYNESBORO,GA,30830,BURKE,(706) 554-4435,Acute Care Hospitals,Proprietary,No,,Not Available,16,7,Not Available,Not Available,Not Available,Not Available,5,8,1,0,1,0,,11,2,0,2,0,,8,Not Available,5,12,6,
110146.0,SOUTHEAST GEORGIA HEALTH SYSTEM -- CAMDEN CAMPUS,2000 DAN PROCTOR DRIVE,SAINT MARYS,GA,31558,CAMDEN,(912) 576-6401,Acute Care Hospitals,Government - Hospital District or Authority,Yes,,Not Available,16,7,2,0,2,0,,8,2,0,2,0,,11,7,0,7,0,,8,8,,12,11,
110191.0,PIEDMONT HENRY HOSPITAL,1133 EAGLE'S LANDING PARKWAY,STOCKBRIDGE,GA,30281,HENRY,(678) 604-1000,Acute Care Hospitals,Government - Hospital District or Authority,No,Y,2,,7,6,0,6,0,,8,8,2,6,0,,11,8,0,7,1,,8,8,,12,10,
110229.0,"PIEDMONT NEWNAN HOSPITAL, INC",745 POPLAR ROAD,NEWNAN,GA,30265,COWETA,(770) 400-2300,Acute Care Hospitals,Voluntary non-profit - Private,Yes,Y,2,,7,6,0,6,0,,8,7,1,6,0,,11,10,0,9,1,,8,8,,12,11,
111302.0,BLECKLEY MEMORIAL HOSPITAL,145 PEACOCK STREET,COCHRAN,GA,31014,BLECKLEY,(478) 934-6211,Critical Access Hospitals,Government - Hospital District or Authority,Yes,,Not Available,16,7,Not Available,Not Available,Not Available,Not Available,5,8,1,0,1,0,,11,1,0,1,0,,8,Not Available,5,12,4,
111314.0,LIFEBRITE COMMUNITY HOSPITAL OF EARLY,11740 COLUMBIA STREET,BLAKELY,GA,39823,EARLY,(229) 723-4241,Critical Access Hospitals,Voluntary non-profit - Private,Yes,,Not Available,16,7,Not Available,Not Available,Not Available,Not Available,5,8,Not Available,Not Available,Not Available,Not Available,5,11,1,0,1,0,,8,Not Available,5,12,2,
111328.0,PHOEBE WORTH MEDICAL CENTER,807 SOUTH ISABELLA STREET,SYLVESTER,GA,31791,WORTH,(229) 777-3851,Critical Access Hospitals,Voluntary non-profit - Private,Yes,,Not Available,16,7,Not Available,Not Available,Not Available,Not Available,5,8,Not Available,Not Available,Not Available,Not Available,5,11,Not Available,Not Available,Not Available,Not Available,5,8,Not Available,5,12,5,
113300.0,ATHUR M BLANK HOSPITAL,2220 NORTH DRUID HILLS ROAD NE,ATLANTA,GA,30329,DE KALB,(404) 785-4577,Childrens,Voluntary non-profit - Private,Yes,,Not Available,19,Not Available,Not Available,Not Available,Not Available,Not Available,19,Not Available,Not Available,Not Available,Not Available,Not Available,19,Not Available,Not Available,Not Available,Not Available,Not Available,19,Not Available,Not Available,19,Not Available,Not Available,19
114029.0,EAST CENTRAL REGIONAL HOSPITAL,3405 MIKE PADGETT HWY,AUGUSTA,GA,30906,RICHMOND,(706) 792-7006,Psychiatric,Government - State,No,,Not Available,19,Not Available,Not Available,Not Available,Not Available,Not Available,19,Not Available,Not Available,Not Available,Not Available,Not Available,19,Not Available,Not Available,Not Available,Not Available,Not Available,19,Not Available,Not Available,19,Not Available,Not Available,19
120011.0,KAISER FOUNDATION HOSPITAL,3288 MOANALUA RD,HONOLULU,HI,96819,HONOLULU,(808) 432-0000,Acute Care Hospitals,Voluntary non-profit - Private,Yes,Y,3,,7,1,0,1,0,,8,6,1,5,0,,11,5,0,5,0,,8,8,,12,6,
121304.0,KAHUKU MEDICAL CENTER,56-117 PUALALEA STREET,KAHUKU,HI,96731,HONOLULU,(808) 293-6200,Critical Access Hospitals,Voluntary non-profit - Other,Yes,,Not Available,16,7,Not Available,Not Available,Not Available,Not Available,5,8,Not Available,Not Available,Not Available,Not Available,5,11,Not Available,Not Available,Not Available,Not Available,5,8,Not Available,5,12,2,
130006.0,ST LUKE'S REGIONAL MEDICAL CENTER,190 EAST BANNOCK STREET,BOISE,ID,83712,ADA,(208) 381-2222,Acute Care Hospitals,Voluntary non-profit - Private,Yes,Y,4,,7,7,0,7,0,,8,8,3,5,0,,11,11,4,6,1,,8,8,,12,12,
130066.0,NORTHWEST SPECIALTY HOSPITAL,1593 EAST POLSTON AVENUE,POST FALLS,ID,83854,KOOTENAI,(208) 262-2300,Acute Care Hospitals,Proprietary,No,,Not Available,16,7,Not Available,Not Available,Not Available,Not Available,5,8,2,0,2,0,,11,4,1,3,0,,8,8,,12,7,
131307.0,WEISER MEMORIAL HOSPITAL,645 EAST 5TH STREET,WEISER,ID,83672,WASHINGTON,(208) 549-0370,Critical Access Hospitals,Government - Hospital District or Authority,Yes,,Not Available,16,7,Not Available,Not Available,Not Available,Not Available,5,8,Not Available,Not Available,Not Available,Not Available,5,11,2,0,2,0,,8,Not Available,5,12,5,
131318.0,VALOR HEALTH,1202 EAST LOCUST STREET,EMMETT,ID,83617,GEM,(208) 365-3561,Critical Access Hospitals,Government - Local,Yes,,Not Available,16,7,Not Available,Not Available,Not Available,Not Available,5,8,Not Available,Not Available,Not Available,Not Available,5,11,1,0,1,0,,8,Not Available,5,12,5,
131328.0,BONNER GENERAL HOSPITAL,520 NORTH THIRD AVENUE,SANDPOINT,ID,83864,BONNER,(208) 263-1441,Critical Access Hospitals,Voluntary non-profit - Private,Yes,,1,,7,2,0,2,0,,8,3,0,3,0,,11,5,1,4,0,,8,8,,12,7,
140011.0,HERRIN HOSPITAL,201 S 14TH ST,HERRIN,IL,62948,WILLIAMSON,(618) 942-2171,Acute Care Hospitals,Voluntary non-profit - Private,Yes,,2,,7,6,0,5,1,,8,6,1,5,0,,11,7,0,5,2,,8,8,,12,11,
140046.0,GOOD SAMARITAN REGIONAL HLTH CENTER,1 GOOD SAMARITAN WAY,MOUNT VERNON,IL,62864,JEFFERSON,(618) 899-2201,Acute Care Hospitals,Voluntary non-profit - Private,Yes,Y,3,,7,6,0,6,0,,8,6,1,5,0,,11,10,0,9,1,,8,8,,12,10,
140065.0,ADVENTIST LA GRANGE MEMORIAL HOSPITAL,5101 S WILLOW SPRINGS RD,LA GRANGE,IL,60525,COOK,(708) 352-1200,Acute Care Hospitals,Voluntary non-profit - Church,Yes,,5,,7,6,0,6,0,,8,7,1,6,0,,11,7,3,4,0,,8,8,,12,10,
140091.0,CARLE FOUNDATION HOSPITAL,611 WEST PARK STREET,URBANA,IL,61801,CHAMPAIGN,(217) 383-3311,Acute Care Hospitals,Voluntary non-profit - Private,Yes,Y,3,,7,7,0,7,0,,8,7,2,5,0,,11,11,0,9,2,,8,8,,12,11,
140116.0,NORTHWESTERN MEDICINE MCHENRY,4201 MEDICAL CENTER DRIVE,MCHENRY,IL,60050,MC HENRY,(815) 344-5000,Acute Care Hospitals,Voluntary non-profit - Other,Yes,Y,5,,7,7,3,4,0,,8,7,1,6,0,,11,11,0,10,1,,8,8,,12,12,
140135.0,DECATUR MEMORIAL HOSPITAL,2300 NORTH EDWARD STREET,DECATUR,IL,62526,MACON,(217) 876-8121,Acute Care Hospitals,Voluntary non-profit - Other,Yes,Y,3,,7,6,1,5,0,,8,7,1,6,0,,11,10,0,9,1,,8,8,,12,11,
140164.0,MEMORIAL HOSPITAL OF CARBONDALE,405 W JACKSON,CARBONDALE,IL,62901,JACKSON,(618) 549-0721,Acute Care Hospitals,Voluntary non-profit - Private,Yes,Y,2,,7,7,0,7,0,,8,7,2,5,0,,11,11,0,9,2,,8,8,,12,9,
140185.0,MEMORIAL HOSPITAL,4500 MEMORIAL DRIVE,BELLEVILLE,IL,62226,ST. CLAIR,(618) 233-7750,Acute Care Hospitals,Voluntary non-profit - Private,Yes,Y,4,,7,7,0,7,0,,8,7,2,5,0,,11,9,0,9,0,,8,8,,12,11,
140209.0,METHODIST MEDICAL CENTER OF ILLINOIS,221 N E GLEN OAK AVE,PEORIA,IL,61636,PEORIA,(309) 672-5522,Acute Care Hospitals,Voluntary non-profit - Private,Yes,Y,1,,7,7,0,7,0,,8,6,1,5,0,,11,8,0,7,1,,8,8,,12,11,
140239.0,JAVON BEA HOSPITAL,2400 NORTH ROCKTON AVENUE,ROCKFORD,IL,61103,WINNEBAGO,(815) 968-6861,Acute Care Hospitals,Voluntary non-profit - Private,Yes,Y,2,,7,7,0,6,1,,8,6,0,5,1,,11,10,0,10,0,,8,8,,12,10,
140288.0,ADVOCATE GOOD SAMARITAN HOSPITAL,3815 HIGHLAND AVENUE,DOWNERS GROVE,IL,60515,DU PAGE,(630) 275-5900,Acute Care Hospitals,Voluntary non-profit - Private,Yes,Y,4,,7,7,1,6,0,,8,8,1,6,1,,11,9,0,8,1,,8,8,,12,12,
141301.0,KIRBY MEDICAL CENTER,1000 MEDICAL CENTER DRIVE,MONTICELLO,IL,61856,PIATT,(217) 762-2115,Critical Access Hospitals,Voluntary non-profit - Private,Yes,,Not Available,16,7,Not Available,Not Available,Not Available,Not Available,5,8,Not Available,Not Available,Not Available,Not Available,5,11,3,0,3,0,,8,Not Available,5,12,7,
141311.0,FAIRFIELD MEMORIAL HOSPITAL 1,303 N W 11TH STREET,FAIRFIELD,IL,62837,WAYNE,(618) 842-2611,Critical Access Hospitals,Voluntary non-profit - Private,Yes,,3,,7,3,0,3,0,,8,Not Available,Not Available,Not Available,Not Available,5,11,6,1,5,0,,8,Not Available,5,12,9,
141322.0,ABRAHAM LINCOLN MEMORIAL HOSPITAL,200 STAHLHUT DRIVE,LINCOLN,IL,62656,LOGAN,(217) 732-2161,Critical Access Hospitals,Voluntary non-profit - Private,Yes,,2,,7,3,0,3,0,,8,1,0,1,0,,11,6,0,6,0,,8,8,,12,6,
141332.0,HILLSBORO AREA HOSPITAL,1200 E TREMONT STREET,HILLSBORO,IL,62049,MONTGOMERY,(217) 532-6111,Critical Access Hospitals,Voluntary non-profit - Private,Yes,,Not Available,16,7,1,0,1,0,,8,Not Available,Not Available,Not Available,Not Available,5,11,3,0,3,0,,8,Not Available,5,12,4,
141342.0,DEACONESS ILLINOIS UNION COUNTY,517 NORTH MAIN STREET,ANNA,IL,62906,UNION,(618) 833-4511,Critical Access Hospitals,Proprietary,Yes,,Not Available,16,7,1,0,1,0,,8,Not Available,Not Available,Not Available,Not Available,5,11,3,0,3,0,,8,Not Available,5,12,8,
141352.0,JACKSONVILLE MEMORIAL HOSPITAL,1600 W WALNUT ST,JACKSONVILLE,IL,62650,MORGAN,(217) 245-9551,Critical Access Hospitals,Voluntary non-profit - Private,Yes,,Not Available,16,7,Not Available,Not Available,Not Available,Not Available,5,8,Not Available,Not Available,Not Available,Not Available,5,11,2,0,2,0,,8,Not Available,5,12,5,
144021.0,ANDREW MCFARLAND MENTAL HLTH CTR,901 SOUTHWIND RD,SPRINGFIELD,IL,62703,SANGAMON,(217) 786-6900,Psychiatric,Government - State,No,,Not Available,19,Not Available,Not Available,Not Available,Not Available,Not Available,19,Not Available,Not Available,Not Available,Not Available,Not Available,19,Not Available,Not Available,Not Available,Not Available,Not Available,19,Not Available,Not Available,19,Not Available,Not Available,19
144040.0,CHICAGO BEHAVIORAL HOSPITAL,555 WILSON LANE,DES PLAINES,IL,60016,COOK,(847) 768-5430,Psychiatric,Proprietary,No,,Not Available,19,Not Available,Not Available,Not Available,Not Available,Not Available,19,Not Available,Not Available,Not Available,Not Available,Not Available,19,Not Available,Not Available,Not Available,Not Available,Not Available,19,Not Available,Not Available,19,Not Available,Not Available,19
150009.0,NORTON CLARK HOSPITAL,1220 MISSOURI AVE,JEFFERSONVILLE,IN,47130,CLARK,(812) 283-2147,Acute Care Hospitals,Voluntary non-profit - Other,Yes,Y,3,,7,6,0,6,0,,8,6,1,4,1,,11,7,0,7,0,,8,8,,12,10,
150024.0,ESKENAZI HEALTH,720 ESKENAZI AVENUE,INDIANAPOLIS,IN,46202,MARION,(317) 880-4818,Acute Care Hospitals,Government - Local,Yes,Y,3,,7,6,0,6,0,,8,6,2,3,1,,11,8,0,8,0,,8,8,,12,10,
150047.0,"ST JOSEPH HEALTH SYSTEM, LLC",702 VAN BUREN ST.,FORT WAYNE,IN,46802,ALLEN,(260) 425-3000,Acute Care Hospitals,Proprietary,Yes,,Not Available,16,7,1,0,1,0,,8,2,0,2,0,,11,3,0,3,0,,8,8,,12,9,
150072.0,MEMORIAL HOSPITAL,1101 MICHIGAN AVE,LOGANSPORT,IN,46947,CASS,(574) 753-7541,Acute Care Hospitals,Government - Local,Yes,Y,4,,7,3,0,3,0,,8,2,0,2,0,,11,8,0,8,0,,8,8,,12,10,
150091.0,PARKVIEW HUNTINGTON HOSPITAL,2001 STULTS RD,HUNTINGTON,IN,46750,HUNTINGTON,(260) 355-3300,Acute Care Hospitals,Voluntary non-profit - Private,Yes,Y,4,,7,3,0,3,0,,8,2,0,2,0,,11,6,0,5,1,,8,8,,12,9,
150125.0,COMMUNITY HOSPITAL,901 MACARTHUR BLVD,MUNSTER,IN,46321,LAKE,(219) 836-1600,Acute Care Hospitals,Voluntary non-profit - Private,Yes,Y,3,,7,7,1,6,0,,8,8,1,7,0,,11,11,0,10,1,,8,8,,12,12,
150160.0,ORTHOINDY HOSPITAL,8400 NORTHWEST BLVD,INDIANAPOLIS,IN,46278,MARION,(317) 956-1000,Acute Care Hospitals,Physician,No,,Not Available,16,7,Not Available,Not Available,Not Available,Not Available,5,8,2,1,1,0,,11,3,1,2,0,,8,8,,12,4,
150177.0,UNITY PHYSICIANS HOSPITAL,4455 EDISON LAKES PKWY,MISHAWAKA,IN,46545,ST. JOSEPH,(574) 231-6800,Acute Care Hospitals,Physician,No,,Not Available,16,7,Not Available,Not Available,Not Available,Not Available,5,8,2,0,2,0,,11,3,0,3,0,,8,Not Available,5,12,3,
151305.0,PULASKI MEMORIAL HOSPITAL,616 E 13TH ST,WINAMAC,IN,46996,PULASKI,(574) 946-2100,Critical Access Hospitals,Voluntary non-profit - Other,Yes,,Not Available,16,7,1,0,1,0,,8,Not Available,Not Available,Not Available,Not Available,5,11,2,0,2,0,,8,Not Available,5,12,8,
151315.0,CAMERON MEMORIAL COMMUNITY HOSPITAL INC,416 E MAUMEE ST,ANGOLA,IN,46703,STEUBEN,(260) 665-2141,Critical Access Hospitals,Voluntary non-profit - Private,Yes,Y,3,,7,3,0,3,0,,8,2,0,2,0,,11,5,0,5,0,,8,8,,12,9,
151326.0,UNION HOSPITAL CLINTON,801 S MAIN ST,CLINTON,IN,47842,VERMILLION,(765) 832-1234,Critical Access Hospitals,Voluntary non-profit - Private,Yes,,3,,7,3,0,3,0,,8,Not Available,Not Available,Not Available,Not Available,5,11,4,0,4,0,,8,Not Available,5,12,7,
154008.0,NEURODIAGNOSTIC INSTITUTE,5435 E 16TH ST,INDIANAPOLIS,IN,46218,MARION,(317) 941-4000,Psychiatric,Government - State,Yes,,Not Available,19,Not Available,Not Available,Not Available,Not Available,Not Available,19,Not Available,Not Available,Not Available,Not Available,Not Available,19,Not Available,Not Available,Not Available,Not Available,Not Available,19,Not Available,Not Available,19,Not Available,Not Available,19
154035.0,FOUR COUNTY COUNSELING CENTER,1015 MICHIGAN AVE,LOGANSPORT,IN,46947,CASS,(574) 722-5151,Psychiatric,Voluntary non-profit - Private,No,,Not Available,19,Not Available,Not Available,Not Available,Not Available,Not Available,19,Not Available,Not Available,Not Available,Not Available,Not Available,19,Not Available,Not Available,Not Available,Not Available,Not Available,19,Not Available,Not Available,19,Not Available,Not Available,19
154058.0,DOCTORS NEUROPSYCHIATRIC HOSPITAL,417 S WHITLOCK ST,BREMEN,IN,46506,MARSHALL,(574) 546-0330,Psychiatric,Proprietary,No,,Not Available,19,Not Available,Not Available,Not Available,Not Available,Not Available,19,Not Available,Not Available,Not Available,Not Available,Not Available,19,Not Available,Not Available,Not Available,Not Available,Not Available,19,Not Available,Not Available,19,Not Available,Not Available,19
154071.0,ETHAN CROSSING ADDICTION CAMPUS OF INDIANAPOLIS,4102 SHORE DRIVE,INDIANAPOLIS,IN,46254,MARION,(937) 657-8152,Psychiatric,Proprietary,No,,Not Available,19,Not Available,Not Available,Not Available,Not Available,Not Available,19,Not Available,Not Available,Not Available,Not Available,Not Available,19,Not Available,Not Available,Not Available,Not Available,Not Available,19,Not Available,Not Available,19,Not Available,Not Available,19
160045.0,ST LUKES HOSPITAL,1026 A AVE NE,CEDAR RAPIDS,IA,52402,LINN,(319) 369-7211,Acute Care Hospitals,Voluntary non-profit - Private,Yes,Y,4,,7,7,1,6,0,,8,7,2,5,0,,11,11,1,10,0,,8,8,,12,12,
160083.0,MERCYONE DES MOINES MEDICAL CENTER,1111 6TH AVE,DES MOINES,IA,50314,POLK,(515) 247-4436,Acute Care Hospitals,Voluntary non-profit - Private,Yes,Y,2,,7,7,0,7,0,,8,8,3,5,0,,11,11,2,9,0,,8,8,,12,11,
160153.0,MERCYONE SIOUXLAND MEDICAL CENTER,801 5TH ST,SIOUX CITY,IA,51101,WOODBURY,(712) 279-2010,Acute Care Hospitals,Voluntary non-profit - Private,Yes,,1,,7,7,0,5,2,,8,7,0,7,0,,11,9,0,8,1,,8,8,,12,9,
161310.0,ADAIR COUNTY MEMORIAL HOSPITAL,609 SE KENT,GREENFIELD,IA,50849,ADAIR,(641) 743-2123,Critical Access Hospitals,Government - Local,Yes,,Not Available,16,7,Not Available,Not Available,Not Available,Not Available,5,8,Not Available,Not Available,Not Available,Not Available,5,11,1,0,1,0,,8,Not Available,5,12,3,
161320.0,COMMUNITY MEMORIAL HOSPITAL MEDICAL CENTER,909 WEST FIRST STREET,SUMNER,IA,50674,BREMER,(563) 578-3275,Critical Access Hospitals,Voluntary non-profit - Private,Yes,,Not Available,16,7,1,0,1,0,,8,Not Available,Not Available,Not Available,Not Available,5,11,3,0,3,0,,8,Not Available,5,12,3,
161330.0,AUDUBON COUNTY MEMORIAL HOSPITAL,515 PACIFIC AVENUE,AUDUBON,IA,50025,AUDUBON,(712) 563-2611,Critical Access Hospitals,Government - Local,Yes,,Not Available,16,7,Not Available,Not Available,Not Available,Not Available,5,8,Not Available,Not Available,Not Available,Not Available,5,11,1,0,1,0,,8,Not Available,5,12,4,
161340.0,DECATUR COUNTY HOSPITAL,1405 NW CHURCH STREET,LEON,IA,50144,DECATUR,(641) 446-4871,Critical Access Hospitals,Government - Local,Yes,,Not Available,16,7,1,0,1,0,,8,Not Available,Not Available,Not Available,Not Available,5,11,2,0,2,0,,8,Not Available,5,12,3,
161350.0,STEWART MEMORIAL COMMUNITY HOSPITAL,1301 WEST MAIN STREET,LAKE CITY,IA,51449,CALHOUN,(712) 464-3171,Critical Access Hospitals,Voluntary non-profit - Private,Yes,Y,Not Available,16,7,1,0,1,0,,8,Not Available,Not Available,Not Available,Not Available,5,11,3,0,3,0,,8,Not Available,5,12,4,
161360.0,ORANGE CITY AREA HEALTH SYSTEM,1000 LINCOLN CIRCLE SE,ORANGE CITY,IA,51041,SIOUX,(712) 737-4984,Critical Access Hospitals,Voluntary non-profit - Other,Yes,,Not Available,16,7,2,0,2,0,,8,1,0,1,0,,11,4,0,4,0,,8,8,,12,4,
161370.0,LORING HOSPITAL,211 HIGHLAND AVENUE PO BOX 217,SAC CITY,IA,50583,SAC,(712) 662-7105,Critical Access Hospitals,Voluntary non-profit - Private,No,,Not Available,16,7,1,0,1,0,,8,Not Available,Not Available,Not Available,Not Available,5,11,4,0,4,0,,8,Not Available,5,12,5,
161380.0,HANSEN FAMILY HOSPITAL,920 SOUTH OAK STREET,IOWA FALLS,IA,50126,HARDIN,(641) 648-4631,Critical Access Hospitals,Government - Local,Yes,,Not Available,16,7,2,0,2,0,,8,Not Available,Not Available,Not Available,Not Available,5,11,4,1,3,0,,8,Not Available,5,12,5,
170013.0,HAYS MEDICAL CENTER,2220 CANTERBURY DRIVE,HAYS,KS,67601,ELLIS,(785) 623-5000,Acute Care Hospitals,Voluntary non-profit - Other,Yes,Y,4,,7,7,0,6,1,,8,5,0,5,0,,11,11,2,9,0,,8,8,,12,11,
170074.0,"STORMONT VAIL HEALTH FLINT HILLS, LLC",1102 ST MARY'S ROAD,JUNCTION CITY,KS,66441,GEARY,(785) 210-3303,Acute Care Hospitals,Voluntary non-profit - Private,Yes,Y,Not Available,16,7,2,0,2,0,,8,1,0,1,0,,11,5,0,5,0,,8,8,,12,10,
170142.0,"ASCENSION VIA CHRISTI HOSPITAL MANHATTAN, INC",1823 COLLEGE AVE,MANHATTAN,KS,66502,RILEY,(785) 776-2831,Acute Care Hospitals,Voluntary non-profit - Private,Yes,Y,4,,7,6,0,6,0,,8,6,0,6,0,,11,8,2,6,0,,8,8,,12,9,
170190.0,MANHATTAN SURGICAL HOSPITAL LLC,1829 COLLEGE AVENUE,MANHATTAN,KS,66502,RILEY,(785) 776-5100,Acute Care Hospitals,Physician,No,,Not Available,16,7,Not Available,Not Available,Not Available,Not Available,5,8,2,0,2,0,,11,4,0,4,0,,8,8,,12,4,
170208.0,"ADVENTHEALTH SOUTH OVERLAND PARK, INC",7820 W 165TH STREET,OVERLAND PARK,KS,66223,JOHNSON,(913) 373-2000,Acute Care Hospitals,Voluntary non-profit - Private,Yes,Y,Not Available,16,7,Not Available,Not Available,Not Available,Not Available,5,8,Not Available,Not Available,Not Available,Not Available,5,11,Not Available,Not Available,Not Available,Not Available,5,8,Not Available,5,12,Not Available,5
171308.0,MERCY HOSPITAL COLUMBUS,220 N PENNSYLVANIA AVENUE,COLUMBUS,KS,66725,CHEROKEE,(620) 429-2545,Critical Access Hospitals,Voluntary non-profit - Church,Yes,,Not Available,16,7,Not Available,Not Available,Not Available,Not Available,5,8,Not Available,Not Available,Not Available,Not Available,5,11,Not Available,Not Available,Not Available,Not Available,5,8,Not Available,5,12,4,
171318.0,SEDAN CITY HOSPITAL,300 W NORTH STREET,SEDAN,KS,67361,CHAUTAUQUA,(620) 725-3115,Critical Access Hospitals,Government - Local,Yes,,Not Available,16,7,1,0,1,0,,8,Not Available,Not Available,Not Available,Not Available,5,11,2,0,2,0,,8,Not Available,5,12,4,
171329.0,CALDWELL REGIONAL MEDICAL CENTER,761 W 175TH ST S,CALDWELL,KS,67022,SUMNER,(620) 845-6492,Critical Access Hospitals,Government - Hospital District or Authority,Yes,,Not Available,16,7,1,0,1,0,,8,Not Available,Not Available,Not Available,Not Available,5,11,2,0,2,0,,8,Not Available,5,12,3,
171339.0,GREENWOOD COUNTY HOSPITAL,100 W 16TH STREET,EUREKA,KS,67045,GREENWOOD,(620) 583-7451,Critical Access Hospitals,Government - Local,Yes,,Not Available,16,7,1,0,1,0,,8,Not Available,Not Available,Not Available,Not Available,5,11,2,0,1,1,,8,Not Available,5,12,5,
171351.0,WASHINGTON COUNTY HOSPITAL,304 E 3RD STREET,WASHINGTON,KS,66968,WASHINGTON,(785) 325-2211,Critical Access Hospitals,Government - Local,Yes,,Not Available,16,7,Not Available,Not Available,Not Available,Not Available,5,8,Not Available,Not Available,Not Available,Not Available,5,11,2,0,2,0,,8,Not Available,5,12,2,
171361.0,REPUBLIC COUNTY HOSPITAL,2420 G STREET,BELLEVILLE,KS,66935,REPUBLIC,(785) 527-2254,Critical Access Hospitals,Voluntary non-profit - Private,Yes,Y,Not Available,16,7,2,0,2,0,,8,1,0,1,0,,11,5,0,5,0,,8,8,,12,6,
171372.0,SCOTT COUNTY HOSPITAL,201 ALBERT AVENUE,SCOTT CITY,KS,67871,SCOTT,(620) 872-5811,Critical Access Hospitals,Voluntary non-profit - Private,Yes,,4,,7,3,0,3,0,,8,Not Available,Not Available,Not Available,Not Available,5,11,4,0,4,0,,8,Not Available,5,12,5,
171382.0,AMBERWELL ATCHISON ASSOCIATION,800 RAVEN HILL DRIVE,ATCHISON,KS,66002,ATCHISON,(913) 367-2131,Critical Access Hospitals,Voluntary non-profit - Private,Yes,Y,Not Available,16,7,2,0,2,0,,8,1,0,1,0,,11,4,0,4,0,,8,8,,12,7,
174022.0,ADAIR ACUTE CARE AT OSAWATOMIE STATE HOSPITAL,500 STATE HOSPITAL DRIVE,OSAWATOMIE,KS,66064,MIAMI,(913) 755-7100,Psychiatric,Government - State,No,,Not Available,19,Not Available,Not Available,Not Available,Not Available,Not Available,19,Not Available,Not Available,Not Available,Not Available,Not Available,19,Not Available,Not Available,Not Available,Not Available,Not Available,19,Not Available,Not Available,19,Not Available,Not Available,19
180012.0,BAPTIST HEALTH HARDIN,913 NORTH DIXIE AVENUE,ELIZABETHTOWN,KY,42701,HARDIN,(270) 737-1212,Acute Care Hospitals,Government - Local,Yes,,2,,7,6,0,6,0,,8,7,1,6,0,,11,10,0,9,1,,8,8,,12,12,
180029.0,HAZARD ARH REGIONAL MEDICAL CENTER,100 MEDICAL CENTER DRIVE,HAZARD,KY,41701,PERRY,(606) 439-1331,Acute Care Hospitals,Voluntary non-profit - Private,Yes,Y,2,,7,6,0,6,0,,8,7,1,5,1,,11,10,0,8,2,,8,8,,12,10,
180050.0,HARLAN ARH HOSPITAL,81 BALL PARK ROAD,HARLAN,KY,40831,HARLAN,(606) 573-8100,Acute Care Hospitals,Voluntary non-profit - Other,Yes,Y,2,,7,3,0,3,0,,8,3,0,3,0,,11,5,0,5,0,,8,8,,12,8,
180080.0,BAPTIST HEALTH CORBIN,ONE TRILLIUM WAY,CORBIN,KY,40701,WHITLEY,(606) 528-1212,Acute Care Hospitals,Voluntary non-profit - Private,Yes,Y,4,,7,6,0,6,0,,8,7,1,6,0,,11,9,0,9,0,,8,8,,12,12,
180115.0,"ROCKCASTLE COUNTY HOSPITAL, INC.",145 NEWCOMB AVENUE,MOUNT VERNON,KY,40456,ROCKCASTLE,(606) 256-2195,Acute Care Hospitals,Voluntary non-profit - Private,Yes,,2,,7,3,0,2,1,,8,1,0,1,0,,11,5,0,5,0,,8,8,,12,8,
180149.0,TJ HEALTH COLUMBIA,901 WESTLAKE DRIVE,COLUMBIA,KY,42728,ADAIR,(270) 384-4753,Acute Care Hospitals,Government - Hospital District or Authority,Yes,,Not Available,16,7,1,0,1,0,,8,Not Available,Not Available,Not Available,Not Available,5,11,2,1,1,0,,8,Not Available,5,12,6,
181309.0,CASEY COUNTY HOSPITAL,187 WOLFORD AVENUE,LIBERTY,KY,42539,CASEY,(606) 787-6275,Critical Access Hospitals,Government - Hospital District or Authority,Yes,,2,,7,3,0,3,0,,8,2,0,1,1,,11,4,0,4,0,,8,Not Available,5,12,5,
181321.0,WAYNE COUNTY HOSPITAL,166 HOSPITAL STREET,MONTICELLO,KY,42633,WAYNE,(606) 348-9343,Critical Access Hospitals,Voluntary non-profit - Private,Yes,,Not Available,16,7,1,0,1,0,,8,Not Available,Not Available,Not Available,Not Available,5,11,4,0,4,0,,8,Not Available,5,12,4,
181332.0,FLEMING COUNTY HOSPITAL,55 FOUNDATION DRIVE,FLEMINGSBURG,KY,41041,FLEMING,(606) 849-2351,Critical Access Hospitals,Proprietary,Yes,,Not Available,16,7,1,0,1,0,,8,Not Available,Not Available,Not Available,Not Available,5,11,3,0,3,0,,8,8,,12,7,
184014.0,CUMBERLAND HALL HOSPITAL,270 WALTON WAY,HOPKINSVILLE,KY,42240,CHRISTIAN,(270) 886-1919,Psychiatric,Proprietary,No,,Not Available,19,Not Available,Not Available,Not Available,Not Available,Not Available,19,Not Available,Not Available,Not Available,Not Available,Not Available,19,Not Available,Not Available,Not Available,Not Available,Not Available,19,Not Available,Not Available,19,Not Available,Not Available,19
190013.0,WEST CALCASIEU CAMERON HOSPITAL,701 EAST CYPRESS STREET,SULPHUR,LA,70663,CALCASIEU,(337) 527-4240,Acute Care Hospitals,Government - Hospital District or Authority,Yes,Y,4,,7,4,0,4,0,,8,5,1,4,0,,11,9,0,9,0,,8,8,,12,11,
190036.0,OCHSNER MEDICAL CENTER ACUTE,1516 JEFFERSON HWY,NEW ORLEANS,LA,70121,JEFFERSON,(504) 842-3000,Acute Care Hospitals,Voluntary non-profit - Private,Yes,Y,4,,7,7,0,7,0,,8,8,3,5,0,,11,11,0,10,1,,8,8,,12,12,
190060.0,LAKE CHARLES MEMORIAL HOSPITAL,1701 OAK PARK BLVD,LAKE CHARLES,LA,70601,CALCASIEU,(337) 494-3000,Acute Care Hospitals,Voluntary non-profit - Private,Yes,Y,4,,7,7,1,6,0,,8,6,1,5,0,,11,10,2,8,0,,8,8,,12,11,
190106.0,OAKDALE COMMUNITY HOSPITAL,130 N HOSPITAL DR,OAKDALE,LA,71463,ALLEN,(318) 335-3700,Acute Care Hospitals,Proprietary,Yes,,Not Available,16,7,2,0,2,0,,8,1,0,1,0,,11,4,0,3,1,,8,Not Available,5,12,8,
190145.0,LASALLE GENERAL HOSPITAL,187 NINTH ST/HWY 84 WEST,JENA,LA,71342,LASALLE,(318) 992-9200,Acute Care Hospitals,Government - Hospital District or Authority,No,,Not Available,"16, 23",7,2,0,2,0,,8,Not Available,Not Available,Not Available,Not Available,5,11,3,0,3,0,,8,Not Available,5,12,7,
190202.0,OCHSNER MEDICAL CENTER - BATON ROUGE,17000 MEDICAL CENTER DR,BATON ROUGE,LA,70816,E. BATON ROUGE,(225) 752-2470,Acute Care Hospitals,Voluntary non-profit - Private,Yes,Y,3,,7,6,0,6,0,,8,6,1,5,0,,11,9,0,9,0,,8,8,,12,11,
190267.0,AVALA,67252 INDUSTRY LANE,COVINGTON,LA,70433,ST. TAMMANY,(985) 809-9888,Acute Care Hospitals,Physician,No,,Not Available,16,7,Not Available,Not Available,Not Available,Not Available,5,8,2,0,2,0,,11,3,0,3,0,,8,8,,12,3,
190313.0,NEW ORLEANS EAST HOSPITAL,5620 READ BLVD,NEW ORLEANS,LA,70127,ORLEANS,(504) 592-6600,Acute Care Hospitals,Government - Hospital District or Authority,Yes,,Not Available,16,7,Not Available,Not Available,Not Available,Not Available,5,8,2,0,2,0,,11,2,0,2,0,,8,8,,12,9,
191305.0,ST JAMES PARISH HOSPITAL,1645 LUTCHER AVENUE,LUTCHER,LA,70071,ST. JAMES,(225) 869-5512,Critical Access Hospitals,Government - Hospital District or Authority,Yes,,Not Available,16,7,Not Available,Not Available,Not Available,Not Available,5,8,Not Available,Not Available,Not Available,Not Available,5,11,2,0,2,0,,8,Not Available,5,12,7,
191315.0,HARDTNER MEDICAL CENTER,1102 N PINE ROAD,OLLA,LA,71465,LASALLE,(318) 495-3131,Critical Access Hospitals,Government - Hospital District or Authority,Yes,,Not Available,16,7,2,0,2,0,,8,Not Available,Not Available,Not Available,Not Available,5,11,4,0,3,1,,8,Not Available,5,12,7,
191325.0,LADY OF THE SEA GENERAL HOSPITAL,200 WEST 134TH PLACE,CUT OFF,LA,70345,LAFOURCHE,(985) 632-6401,Critical Access Hospitals,Government - Hospital District or Authority,Yes,,Not Available,16,7,Not Available,Not Available,Not Available,Not Available,5,8,Not Available,Not Available,Not Available,Not Available,5,11,Not Available,Not Available,Not Available,Not Available,5,8,Not Available,5,12,4,
194025.0,CENTRAL LOUISIANA STATE HOSPITAL,242 W SHAMROCK STREET,PINEVILLE,LA,71360,RAPIDES,(318) 484-6200,Psychiatric,Government - State,No,,Not Available,19,Not Available,Not Available,Not Available,Not Available,Not Available,19,Not Available,Not Available,Not Available,Not Available,Not Available,19,Not Available,Not Available,Not Available,Not Available,Not Available,19,Not Available,Not Available,19,Not Available,Not Available,19
194082.0,COMPASS SENIOR CARE HOSPITAL,"1 HOSPITAL DRIVE, SUITE 201",JENNINGS,LA,70546,JEFFRSON DAVIS,(337) 824-1558,Psychiatric,Proprietary,No,,Not Available,19,Not Available,Not Available,Not Available,Not Available,Not Available,19,Not Available,Not Available,Not Available,Not Available,Not Available,19,Not Available,Not Available,Not Available,Not Available,Not Available,19,Not Available,Not Available,19,Not Available,Not Available,19
194094.0,PHYSICIANS BEHAVIORAL HOSPITAL,2025 DESOTO ST,SHREVEPORT,LA,71103,CADDO,(318) 550-0520,Psychiatric,Proprietary,No,,Not Available,19,Not Available,Not Available,Not Available,Not Available,Not Available,19,Not Available,Not Available,Not Available,Not Available,Not Available,19,Not Available,Not Available,Not Available,Not Available,Not Available,19,Not Available,Not Available,19,Not Available,Not Available,19
194112.0,BEACON BEHAVIORAL HOSPITAL - CENTRAL,"323 EVERGREEN STREET, SUITE B",BUNKIE,LA,71322,AVOYELLES,(318) 346-3143,Psychiatric,Proprietary,No,,Not Available,19,Not Available,Not Available,Not Available,Not Available,Not Available,19,Not Available,Not Available,Not Available,Not Available,Not Available,19,Not Available,Not Available,Not Available,Not Available,Not Available,19,Not Available,Not Available,19,Not Available,Not Available,19
200008.0,NORTHERN LIGHT MERCY HOSPITAL,144 STATE STREET,PORTLAND,ME,4101,CUMBERLAND,(207) 879-3000,Acute Care Hospitals,Voluntary non-profit - Church,Yes,Y,3,,7,5,0,5,0,,8,5,1,4,0,,11,8,1,7,0,,8,8,,12,10,
200041.0,NORTHERN LIGHT INLAND HOSPITAL,200 KENNEDY MEMORIAL DRIVE,WATERVILLE,ME,4901,KENNEBEC,(207) 861-3000,Acute Care Hospitals,Proprietary,Yes,,Not Available,19,Not Available,Not Available,Not Available,Not Available,Not Available,19,Not Available,Not Available,Not Available,Not Available,Not Available,19,Not Available,Not Available,Not Available,Not Available,Not Available,19,Not Available,Not Available,19,Not Available,Not Available,19
201306.0,RUMFORD  HOSPITAL,420 FRANKLIN STREET,RUMFORD,ME,4276,OXFORD,(207) 369-1000,Critical Access Hospitals,Proprietary,Yes,,Not Available,16,7,1,0,1,0,,8,1,0,1,0,,11,2,0,2,0,,8,Not Available,5,12,6,
201316.0,MAINEHEALTH FRANKLIN HOSPITAL,111 FRANKLIN HEALTH COMMONS,FARMINGTON,ME,4938,FRANKLIN,(207) 778-6031,Critical Access Hospitals,Voluntary non-profit - Private,Yes,Y,Not Available,5,Not Available,Not Available,Not Available,Not Available,Not Available,5,Not Available,Not Available,Not Available,Not Available,Not Available,5,Not Available,Not Available,Not Available,Not Available,Not Available,5,Not Available,Not Available,5,Not Available,Not Available,5
210005.0,FREDERICK HEALTH HOSPITAL,400 WEST SEVENTH ST,FREDERICK,MD,21701,FREDERICK,(240) 566-3300,Acute Care Hospitals,Voluntary non-profit - Private,Yes,Y,3,,7,6,0,6,0,,8,6,1,5,0,,11,10,1,8,1,,8,8,,12,9,
210022.0,SUBURBAN HOSPITAL,8600 OLD GEORGETOWN ROAD,BETHESDA,MD,20814,MONTGOMERY,(301) 896-2576,Acute Care Hospitals,Voluntary non-profit - Private,Yes,,3,,7,7,0,7,0,,8,7,1,5,1,,11,9,0,8,1,,8,8,,12,9,
210035.0,UNIVERSITY OF MD CHARLES REGIONAL  MEDICAL CENTER,5 GARRETT AVENUE,LA PLATA,MD,20646,CHARLES,(301) 609-4265,Acute Care Hospitals,Voluntary non-profit - Private,Yes,Y,4,,7,6,0,6,0,,8,7,0,7,0,,11,7,1,4,2,,8,8,,12,10,
210056.0,MEDSTAR GOOD SAMARITAN HOSPITAL,5601 LOCH RAVEN BOULEVARD,BALTIMORE,MD,21239,BALTIMORE CITY,(443) 444-3902,Acute Care Hospitals,Voluntary non-profit - Other,Yes,,3,,7,6,1,5,0,,8,6,1,5,0,,11,6,0,6,0,,8,8,,12,8,
213301.0,KENNEDY KRIEGER INSTITUTE,707 NORTH  BROADWAY,BALTIMORE,MD,21205,BALTIMORE CITY,(443) 923-9301,Childrens,Voluntary non-profit - Private,Yes,,Not Available,19,Not Available,Not Available,Not Available,Not Available,Not Available,19,Not Available,Not Available,Not Available,Not Available,Not Available,19,Not Available,Not Available,Not Available,Not Available,Not Available,19,Not Available,Not Available,19,Not Available,Not Available,19
220002.0,MOUNT AUBURN HOSPITAL,330 MOUNT AUBURN STREET,CAMBRIDGE,MA,2138,MIDDLESEX,(617) 492-3500,Acute Care Hospitals,Voluntary non-profit - Private,Yes,Y,4,,7,7,1,6,0,,8,7,1,6,0,,11,11,0,9,2,,8,8,,12,11,
220024.0,HOLYOKE MEDICAL CENTER,575 BEECH STREET,HOLYOKE,MA,1040,HAMPDEN,(413) 534-2500,Acute Care Hospitals,Voluntary non-profit - Private,Yes,,2,,7,5,0,5,0,,8,6,0,6,0,,11,8,0,8,0,,8,8,,12,9,
220060.0,BETH ISRAEL DEACONESS HOSPITAL PLYMOUTH,275 SANDWICH STREET,PLYMOUTH,MA,2360,PLYMOUTH,(508) 746-2000,Acute Care Hospitals,Voluntary non-profit - Private,Yes,Y,4,,7,6,1,5,0,,8,7,1,6,0,,11,10,0,9,1,,8,8,,12,11,
220077.0,BAYSTATE MEDICAL CENTER,759 CHESTNUT STREET,SPRINGFIELD,MA,1199,HAMPDEN,(413) 794-0000,Acute Care Hospitals,Voluntary non-profit - Private,Yes,Y,1,,7,7,0,7,0,,8,8,4,3,1,,11,11,0,8,3,,8,8,,12,11,
220101.0,NEWTON-WELLESLEY HOSPITAL,2014 WASHINGTON STREET,NEWTON,MA,2462,MIDDLESEX,(617) 243-6000,Acute Care Hospitals,Voluntary non-profit - Private,Yes,Y,5,,7,6,2,4,0,,8,7,3,4,0,,11,9,1,8,0,,8,8,,12,12,
220171.0,"LAHEY HOSPITAL & MEDICAL CENTER, BURLINGTON",41 & 45 MALL ROAD,BURLINGTON,MA,1803,MIDDLESEX,(781) 744-5100,Acute Care Hospitals,Voluntary non-profit - Private,Yes,,5,,7,7,2,5,0,,8,7,2,5,0,,11,11,1,10,0,,8,8,,12,10,
223304.0,THE SHRINERS' HOSPITAL FOR CHILDREN - BOSTON,51 BLOSSOM STREET,BOSTON,MA,2114,SUFFOLK,(617) 722-3000,Childrens,Proprietary,No,,Not Available,19,Not Available,Not Available,Not Available,Not Available,Not Available,19,Not Available,Not Available,Not Available,Not Available,Not Available,19,Not Available,Not Available,Not Available,Not Available,Not Available,19,Not Available,Not Available,19,Not Available,Not Available,19
224032.0,WORCESTER RECOVERY CENTER AND HOSPITAL,309 BELMONT STREET,WORCESTER,MA,1604,WORCESTER,(508) 752-4681,Psychiatric,Government - State,No,,Not Available,19,Not Available,Not Available,Not Available,Not Available,Not Available,19,Not Available,Not Available,Not Available,Not Available,Not Available,19,Not Available,Not Available,Not Available,Not Available,Not Available,19,Not Available,Not Available,19,Not Available,Not Available,19
230003.0,COREWELL HEALTH ZEELAND HOSPITAL,8333 FELCH ST,ZEELAND,MI,49464,OTTAWA,(616) 772-4644,Acute Care Hospitals,Voluntary non-profit - Private,Yes,Y,Not Available,16,7,2,0,2,0,,8,2,0,2,0,,11,5,0,5,0,,8,8,,12,10,
230029.0,TRINITY HEALTH OAKLAND HOSPITAL,44405 WOODWARD AVE,PONTIAC,MI,48341,OAKLAND,(248) 858-3000,Acute Care Hospitals,Voluntary non-profit - Private,Yes,Y,2,,7,7,0,7,0,,8,8,1,7,0,,11,11,1,9,1,,8,8,,12,11,
230053.0,HENRY FORD HEALTH HOSPITAL,2799 W GRAND BLVD,DETROIT,MI,48202,WAYNE,(313) 916-2600,Acute Care Hospitals,Voluntary non-profit - Private,Yes,Y,3,,7,7,0,7,0,,8,7,3,4,0,,11,10,0,7,3,,8,8,,12,11,
230075.0,BRONSON BATTLE CREEK HOSPITAL,300 NORTH AVENUE,BATTLE CREEK,MI,49017,CALHOUN,(269) 966-8000,Acute Care Hospitals,Proprietary,Yes,Y,4,,7,4,0,4,0,,8,7,1,6,0,,11,9,0,9,0,,8,8,,12,11,
230099.0,PROMEDICA MONROE REGIONAL HOSPITAL,718 N MACOMB ST,MONROE,MI,48162,MONROE,(734) 240-8400,Acute Care Hospitals,Voluntary non-profit - Other,Yes,Y,2,,7,5,0,5,0,,8,6,0,5,1,,11,9,0,7,2,,8,8,,12,11,
230133.0,MUNSON HEALTHCARE OTSEGO MEMORIAL HOSPITAL,825 N CENTER AVE,GAYLORD,MI,49735,OTSEGO,(989) 731-2100,Acute Care Hospitals,Voluntary non-profit - Private,No,Y,4,,7,4,0,4,0,,8,3,0,3,0,,11,8,0,8,0,,8,8,,12,11,
230176.0,COREWELL HEALTH TRENTON HOSPITAL,5450 FORT STREET,TRENTON,MI,48183,WAYNE,(734) 671-3800,Acute Care Hospitals,Voluntary non-profit - Private,Yes,Y,1,,7,6,1,5,0,,8,6,1,4,1,,11,7,0,5,2,,8,8,,12,10,
230227.0,MCLAREN MACOMB,1000 HARRINGTON ST,MOUNT CLEMENS,MI,48043,MACOMB,(586) 493-8000,Acute Care Hospitals,Voluntary non-profit - Private,Yes,Y,1,,7,7,0,6,1,,8,6,1,4,1,,11,8,0,7,1,,8,8,,12,11,
230270.0,BEAUMONT HOSPITAL - TAYLOR,10000 TELEGRAPH ROAD,TAYLOR,MI,48180,WAYNE,(313) 295-5000,Acute Care Hospitals,Voluntary non-profit - Private,Yes,,1,,7,5,0,5,0,,8,5,0,5,0,,11,6,0,5,1,,8,8,,12,9,
231300.0,PAUL OLIVER MEMORIAL HOSPITAL,224 PARK AVENUE,FRANKFORT,MI,49635,BENZIE,(231) 352-2200,Critical Access Hospitals,Government - Local,Yes,,Not Available,16,7,Not Available,Not Available,Not Available,Not Available,5,8,Not Available,Not Available,Not Available,Not Available,5,11,3,0,3,0,,8,Not Available,5,12,5,
231312.0,SHERIDAN COMMUNITY HOSPITAL,301 N MAIN ST,SHERIDAN,MI,48884,MONTCALM,(989) 291-3261,Critical Access Hospitals,Voluntary non-profit - Private,Yes,,Not Available,16,7,Not Available,Not Available,Not Available,Not Available,5,8,Not Available,Not Available,Not Available,Not Available,5,11,1,0,1,0,,8,Not Available,5,12,3,
231323.0,COREWELL HEALTH REED CITY HOSPITAL,"300 N PATTERSON, PO BOX 75",REED CITY,MI,49677,OSCEOLA,(616) 225-6901,Critical Access Hospitals,Voluntary non-profit - Private,Yes,,Not Available,16,7,Not Available,Not Available,Not Available,Not Available,5,8,Not Available,Not Available,Not Available,Not Available,5,11,3,0,3,0,,8,Not Available,5,12,8,
231333.0,ASPIRUS IRONWOOD HOSPITAL,N10561 GRAND VIEW LANE,IRONWOOD,MI,49938,GOGEBIC,(906) 932-2525,Critical Access Hospitals,Voluntary non-profit - Private,Yes,Y,Not Available,16,7,2,0,2,0,,8,Not Available,Not Available,Not Available,Not Available,5,11,3,0,1,2,,8,8,,12,7,
234025.0,CARO PSYCHIATRIC HOSPITAL,2040 CHAMBERS RD,CARO,MI,48723,TUSCOLA,(989) 673-3191,Psychiatric,Government - State,No,,Not Available,19,Not Available,Not Available,Not Available,Not Available,Not Available,19,Not Available,Not Available,Not Available,Not Available,Not Available,19,Not Available,Not Available,Not Available,Not Available,Not Available,19,Not Available,Not Available,19,Not Available,Not Available,19
234045.0,METROPOLITAN BEHAVIORAL HEALTH,18001 ROTUNDA DRIVE,DEARBORN,MI,48124,WAYNE,(313) 633-2600,Psychiatric,Proprietary,No,,Not Available,19,Not Available,Not Available,Not Available,Not Available,Not Available,19,Not Available,Not Available,Not Available,Not Available,Not Available,19,Not Available,Not Available,Not Available,Not Available,Not Available,19,Not Available,Not Available,19,Not Available,Not Available,19
240020.0,CAMBRIDGE MEDICAL CENTER,701 SOUTH DELLWOOD AVENUE,CAMBRIDGE,MN,55008,ISANTI,(763) 689-7700,Acute Care Hospitals,Voluntary non-profit - Private,Yes,,3,,7,2,0,2,0,,8,3,0,3,0,,11,6,0,6,0,,8,8,,12,9,
240052.0,LAKE REGION HEALTHCARE CORPORATION,712 SOUTH CASCADE STREET,FERGUS FALLS,MN,56537,OTTER TAIL,(218) 736-8000,Acute Care Hospitals,Voluntary non-profit - Private,Yes,,5,,7,3,0,3,0,,8,3,0,3,0,,11,8,1,7,0,,8,8,,12,10,
240078.0,M HEALTH FAIRVIEW SOUTHDALE HOSPITAL,6401 FRANCE AVENUE SOUTH,EDINA,MN,55435,HENNEPIN,(952) 924-5000,Acute Care Hospitals,Voluntary non-profit - Private,Yes,Y,4,,7,7,1,6,0,,8,8,1,7,0,,11,9,2,6,1,,8,8,,12,10,
240141.0,FAIRVIEW NORTHLAND REGIONAL HOSPITAL,911 NORTHLAND DRIVE,PRINCETON,MN,55371,MILLE LACS,(952) 892-2101,Acute Care Hospitals,Voluntary non-profit - Other,Yes,Y,Not Available,16,7,1,0,1,0,,8,2,0,2,0,,11,6,0,6,0,,8,8,,12,10,
241302.0,SANFORD WESTBROOK MEDICAL CENTER,920 BELL AVENUE PO BOX 188,WESTBROOK,MN,56183,COTTONWOOD,(507) 274-1119,Critical Access Hospitals,Voluntary non-profit - Private,Yes,,Not Available,16,7,Not Available,Not Available,Not Available,Not Available,5,8,Not Available,Not Available,Not Available,Not Available,5,11,1,0,1,0,,8,Not Available,5,12,3,
241314.0,JOHNSON MEMORIAL HOSPITAL,1282 WALNUT STREET,DAWSON,MN,56232,LAC QUI PARLE,(320) 769-4323,Critical Access Hospitals,Government - Hospital District or Authority,Yes,,Not Available,16,7,Not Available,Not Available,Not Available,Not Available,5,8,Not Available,Not Available,Not Available,Not Available,5,11,1,0,1,0,,8,Not Available,5,12,5,
241325.0,CHIPPEWA COUNTY HOSPITAL,824 NORTH 11TH STREET,MONTEVIDEO,MN,56265,CHIPPEWA,(320) 269-8877,Critical Access Hospitals,Government - Local,Yes,,Not Available,16,7,1,0,1,0,,8,Not Available,Not Available,Not Available,Not Available,5,11,4,0,4,0,,8,8,,12,6,
241336.0,KITTSON HEALTHCARE,1010 SOUTH BIRCH AVENUE,HALLOCK,MN,56728,KITTSON,(218) 843-3612,Critical Access Hospitals,Voluntary non-profit - Private,Yes,,Not Available,16,7,Not Available,Not Available,Not Available,Not Available,5,8,Not Available,Not Available,Not Available,Not Available,5,11,2,0,2,0,,8,Not Available,5,12,2,
241346.0,MAYO CLINIC HEALTH SYSTEM - CANNON FALLS,32021 COUNTY 24 BOULEVARD,CANNON FALLS,MN,55009,GOODHUE,(507) 263-6000,Critical Access Hospitals,Voluntary non-profit - Private,Yes,,Not Available,16,7,Not Available,Not Available,Not Available,Not Available,5,8,Not Available,Not Available,Not Available,Not Available,5,11,1,0,1,0,,8,Not Available,5,12,5,
241357.0,ESSENTIA HEALTH FOSSTON,900 HILLIGOSS BOULEVARD SE,FOSSTON,MN,56542,POLK,(218) 435-1133,Critical Access Hospitals,Voluntary non-profit - Private,Yes,,Not Available,16,7,Not Available,Not Available,Not Available,Not Available,5,8,Not Available,Not Available,Not Available,Not Available,5,11,1,0,1,0,,8,Not Available,5,12,7,
241367.0,WELIA HEALTH,301 SOUTH HIGHWAY 65,MORA,MN,55051,KANABEC,(320) 679-1212,Critical Access Hospitals,Government - Local,Yes,,Not Available,16,7,2,0,2,0,,8,2,0,2,0,,11,6,0,6,0,,8,8,,12,6,
241377.0,ST FRANCIS MEDICAL CENTER,2400 ST FRANCIS DRIVE,BRECKENRIDGE,MN,56520,WILKIN,(218) 643-3000,Critical Access Hospitals,Voluntary non-profit - Church,Yes,,Not Available,16,7,2,0,2,0,,8,Not Available,Not Available,Not Available,Not Available,5,11,4,0,4,0,,8,Not Available,5,12,7,
244012.0,COMMUNITY BEHAVIORAL HEALTH HOSPITAL ALEXANDRIA,1610 8TH AVENUE EAST,ALEXANDRIA,MN,56308,DOUGLAS,(320) 335-6201,Psychiatric,Government - State,No,,Not Available,19,Not Available,Not Available,Not Available,Not Available,Not Available,19,Not Available,Not Available,Not Available,Not Available,Not Available,19,Not Available,Not Available,Not Available,Not Available,Not Available,19,Not Available,Not Available,19,Not Available,Not Available,19
250007.0,MERIT HEALTH BILOXI,150 REYNOIR STREET,BILOXI,MS,39530,HARRISON,(228) 432-1571,Acute Care Hospitals,Proprietary,Yes,Y,1,,7,4,0,3,1,,8,3,1,2,0,,11,6,0,6,0,,8,8,,12,10,
250036.0,GEORGE REGIONAL HEALTH SYSTEM,859 WINTER STREET,LUCEDALE,MS,39452,GEORGE,(601) 947-3161,Acute Care Hospitals,Government - Local,Yes,Y,Not Available,16,7,2,0,1,1,,8,2,0,2,0,,11,4,0,4,0,,8,8,,12,8,
250058.0,SOUTH CENTRAL REG MED CTR,1220 JEFFERSON ST BOX 607,LAUREL,MS,39440,JONES,(601) 426-4000,Acute Care Hospitals,Government - Local,Yes,Y,1,,7,5,0,4,1,,8,7,1,5,1,,11,10,1,7,2,,8,8,,12,11,
250085.0,MARION GENERAL HOSPITAL,1560 SUMRALL RD,COLUMBIA,MS,39429,MARION,(601) 736-6303,Acute Care Hospitals,Government - Local,Yes,,Not Available,16,7,2,0,2,0,,8,1,0,1,0,,11,3,0,3,0,,8,Not Available,5,12,7,
250117.0,HIGHLAND COMMUNITY  HOSPITAL,130 HIGHLAND PKWY,PICAYUNE,MS,39466,PEARL RIVER,(601) 358-9400,Acute Care Hospitals,Government - Local,Yes,Y,1,,7,3,0,2,1,,8,3,0,3,0,,11,6,0,5,1,,8,Not Available,5,12,10,
250162.0,OCHSNER MEDICAL CENTER-HANCOCK,149 DRINKWATER BLVD,BAY SAINT LOUIS,MS,39520,HANCOCK,(228) 467-8600,Acute Care Hospitals,Government - Local,Yes,,Not Available,16,7,2,0,2,0,,8,2,0,2,0,,11,5,1,4,0,,8,Not Available,5,12,10,
250785.0,PROGRESSIVE HEALTH GROUP OF HOUSTON,1002 EAST MADISON STREET,HOUSTON,MS,38851,CHICKASAW,(662) 456-3700,Rural Emergency Hospital,Proprietary,Yes,,Not Available,19,Not Available,Not Available,Not Available,Not Available,Not Available,19,Not Available,Not Available,Not Available,Not Available,Not Available,19,Not Available,Not Available,Not Available,Not Available,Not Available,19,Not Available,Not Available,19,Not Available,Not Available,19
251315.0,BAPTIST MEDICAL CENTER-LEAKE,1100 HIGHWAY 16 EAST,CARTHAGE,MS,39051,LEAKE,(601) 267-1422,Critical Access Hospitals,Voluntary non-profit - Private,Yes,,4,,7,3,0,3,0,,8,1,0,1,0,,11,5,0,5,0,,8,Not Available,5,12,5,
251326.0,JEFFERSON DAVIS COMMUNITY HOSPITAL CAH,1102 ROSE STREET,PRENTISS,MS,39474,JEFFERSON DAVIS,(601) 792-4276,Critical Access Hospitals,Government - State,Yes,,Not Available,16,7,Not Available,Not Available,Not Available,Not Available,5,8,Not Available,Not Available,Not Available,Not Available,5,11,Not Available,Not Available,Not Available,Not Available,5,8,Not Available,5,12,3,
252013.0,ALLEGIANCE SPECIALTY HOSPITAL OF GREENVILLE,"300 SOUTH WASHINGTON AVE, 3RD FLOOR",GREENVILLE,MS,38701,WASHINGTON,(662) 332-7344,Long-term,Proprietary,No,,Not Available,19,Not Available,Not Available,Not Available,Not Available,Not Available,19,Not Available,Not Available,Not Available,Not Available,Not Available,19,Not Available,Not Available,Not Available,Not Available,Not Available,19,Not Available,Not Available,19,Not Available,Not Available,19
260005.0,SSM ST JOSEPH HEALTH CENTER,300 1ST CAPITOL DR,SAINT CHARLES,MO,63301,ST. CHARLES,(636) 947-5000,Acute Care Hospitals,Voluntary non-profit - Private,Yes,,2,,7,6,0,6,0,,8,6,1,5,0,,11,7,0,5,2,,8,8,,12,10,
260027.0,RESEARCH MEDICAL CENTER,2316 E MEYER BLVD,KANSAS CITY,MO,64132,JACKSON,(816) 276-4000,Acute Care Hospitals,Proprietary,Yes,Y,2,,7,7,0,7,0,,8,6,2,3,1,,11,10,0,7,3,,8,8,,12,9,
260065.0,MERCY HOSPITAL SPRINGFIELD,2115 S. Fremont Ave,SPRINGFIELD,MO,65804,GREENE,(417) 820-2000,Acute Care Hospitals,Voluntary non-profit - Private,Yes,Y,2,,7,7,0,7,0,,8,8,2,5,1,,11,11,1,10,0,,8,8,,12,11,
260095.0,CENTERPOINT MEDICAL CENTER,19600 EAST 39TH STREET,INDEPENDENCE,MO,64057,JACKSON,(816) 698-7000,Acute Care Hospitals,Proprietary,Yes,Y,3,,7,7,0,7,0,,8,7,2,5,0,,11,11,0,10,1,,8,8,,12,12,
260137.0,FREEMAN HEALTH SYSTEM - FREEMAN WEST,1102 WEST 32ND STREET,JOPLIN,MO,64804,JASPER,(417) 347-1111,Acute Care Hospitals,Voluntary non-profit - Private,Yes,Y,2,,7,7,0,6,1,,8,8,0,8,0,,11,11,1,10,0,,8,8,,12,12,
260179.0,ST LUKES HOSPITAL,232 S WOODS MILL RD,CHESTERFIELD,MO,63017,ST. LOUIS,(314) 434-1500,Acute Care Hospitals,Voluntary non-profit - Private,Yes,Y,4,,7,7,1,6,0,,8,8,3,5,0,,11,11,0,7,4,,8,8,,12,11,
260216.0,SAINT LUKE'S EAST  HOSPITAL,100 N E SAINT LUKE'S BOULEVARD,LEES SUMMIT,MO,64086,JACKSON,(816) 347-5000,Acute Care Hospitals,Voluntary non-profit - Private,Yes,Y,4,,7,6,1,5,0,,8,7,1,6,0,,11,8,0,6,2,,8,8,,12,12,
261309.0,WRIGHT MEMORIAL HOSPITAL,191 IOWA BOULEVARD,TRENTON,MO,64683,GRUNDY,(660) 359-5621,Critical Access Hospitals,Voluntary non-profit - Private,Yes,,Not Available,16,7,2,0,2,0,,8,Not Available,Not Available,Not Available,Not Available,5,11,3,1,2,0,,8,Not Available,5,12,6,
261320.0,LAFAYETTE REGIONAL HEALTH CENTER,1500 STATE STREET,LEXINGTON,MO,64067,LAFAYETTE,(660) 259-2203,Critical Access Hospitals,Proprietary,Yes,,Not Available,16,7,1,0,1,0,,8,Not Available,Not Available,Not Available,Not Available,5,11,4,0,4,0,,8,8,,12,8,
261331.0,FREEMAN NEOSHO HOSPITAL,113 WEST HICKORY STREET,NEOSHO,MO,64850,NEWTON,(417) 451-1234,Critical Access Hospitals,Voluntary non-profit - Private,Yes,,Not Available,16,7,2,0,2,0,,8,1,0,1,0,,11,4,0,4,0,,8,8,,12,8,
263303.0,RANKEN JORDAN PEDIATRIC BRIDGE HOSPITAL,11365 DORSETT ROAD,MARYLAND HEIGHTS,MO,63043,ST. LOUIS,(314) 872-6400,Childrens,Voluntary non-profit - Other,No,,Not Available,19,Not Available,Not Available,Not Available,Not Available,Not Available,19,Not Available,Not Available,Not Available,Not Available,Not Available,19,Not Available,Not Available,Not Available,Not Available,Not Available,19,Not Available,Not Available,19,Not Available,Not Available,19
264031.0,OSAGE BEACH CENTER FOR BEHAVIORAL HEALTH,840 PASSOVER ROAD,OSAGE BEACH,MO,65065,CAMDEN,(573) 302-0319,Psychiatric,Proprietary,No,,Not Available,19,Not Available,Not Available,Not Available,Not Available,Not Available,19,Not Available,Not Available,Not Available,Not Available,Not Available,19,Not Available,Not Available,Not Available,Not Available,Not Available,19,Not Available,Not Available,19,Not Available,Not Available,19
270023.0,COMMUNITY MEDICAL CENTER,2827 FORT MISSOULA RD,MISSOULA,MT,59804,MISSOULA,(406) 728-4100,Acute Care Hospitals,Voluntary non-profit - Private,Yes,Y,4,,7,6,0,6,0,,8,5,0,4,1,,11,9,1,8,0,,8,8,,12,11,
271304.0,MISSOURI RIVER MEDICAL CENTER,1501 ST CHARLES ST,FORT BENTON,MT,59442,CHOUTEAU,(406) 622-3331,Critical Access Hospitals,Government - Hospital District or Authority,Yes,,Not Available,16,7,Not Available,Not Available,Not Available,Not Available,5,8,Not Available,Not Available,Not Available,Not Available,5,11,Not Available,Not Available,Not Available,Not Available,5,8,Not Available,5,12,Not Available,5
271314.0,DEER LODGE MEDICAL CENTER,1100 HOLLENBACK LN,DEER LODGE,MT,59722,POWELL,(406) 846-2212,Critical Access Hospitals,Voluntary non-profit - Private,Yes,,Not Available,16,7,Not Available,Not Available,Not Available,Not Available,5,8,Not Available,Not Available,Not Available,Not Available,5,11,1,0,1,0,,8,Not Available,5,12,5,
271324.0,PONDERA MEDICAL CENTER,805 SUNSET BLVD,CONRAD,MT,59425,PONDERA,(406) 271-3211,Critical Access Hospitals,Voluntary non-profit - Private,Yes,,Not Available,16,7,Not Available,Not Available,Not Available,Not Available,5,8,Not Available,Not Available,Not Available,Not Available,5,11,1,0,1,0,,8,Not Available,5,12,3,
271334.0,LOGAN HEALTH - CHESTER,315 W MADISON AVE,CHESTER,MT,59522,LIBERTY,(406) 759-5181,Critical Access Hospitals,Voluntary non-profit - Private,Yes,,Not Available,16,7,Not Available,Not Available,Not Available,Not Available,5,8,Not Available,Not Available,Not Available,Not Available,5,11,Not Available,Not Available,Not Available,Not Available,5,8,Not Available,5,12,3,
271344.0,SIDNEY HEALTH CENTER,216 14TH AVE SW,SIDNEY,MT,59270,RICHLAND,(406) 488-2100,Critical Access Hospitals,Voluntary non-profit - Private,Yes,Y,5,,7,3,0,3,0,,8,3,0,3,0,,11,7,1,6,0,,8,8,,12,9,
280020.0,CHI HEALTH ST. ELIZABETH,555 SOUTH 70TH ST,LINCOLN,NE,68510,LANCASTER,(402) 219-7700,Acute Care Hospitals,Voluntary non-profit - Private,Yes,Y,3,,7,6,0,6,0,,8,7,1,6,0,,11,7,0,6,1,,8,8,,12,9,
280105.0,CHI HEALTH MIDLANDS,11111 SOUTH 84TH ST,PAPILLION,NE,68046,SARPY,(402) 593-3000,Acute Care Hospitals,Voluntary non-profit - Church,Yes,,Not Available,16,7,2,0,2,0,,8,2,0,2,0,,11,5,0,5,0,,8,8,,12,9,
280134.0,KEARNEY REGIONAL MEDICAL CENTER,804 22ND AVENUE,KEARNEY,NE,68845,BUFFALO,(308) 455-3600,Acute Care Hospitals,Proprietary,Yes,Y,4,,7,7,0,7,0,,8,6,1,4,1,,11,9,1,8,0,,8,8,,12,10,
281307.0,SAUNDERS MEDICAL CENTER,1760 COUNTY RD J,WAHOO,NE,68066,SAUNDERS,(402) 443-4191,Critical Access Hospitals,Government - Local,Yes,,Not Available,16,7,1,0,1,0,,8,Not Available,Not Available,Not Available,Not Available,5,11,3,0,2,1,,8,Not Available,5,12,6,
281318.0,MORRILL COUNTY COMMUNITY HOSPITAL,1313 S STREET,BRIDGEPORT,NE,69336,MORRILL,(308) 262-1616,Critical Access Hospitals,Government - Local,Yes,,Not Available,16,7,Not Available,Not Available,Not Available,Not Available,5,8,Not Available,Not Available,Not Available,Not Available,5,11,2,0,2,0,,8,Not Available,5,12,3,
281329.0,AVERA ST ANTHONY'S HOSPITAL,300 NORTH 2ND ST,O' NEILL,NE,68763,HOLT,(402) 336-2611,Critical Access Hospitals,Voluntary non-profit - Church,Yes,,Not Available,16,7,2,0,2,0,,8,2,0,2,0,,11,7,0,7,0,,8,8,,12,6,
281341.0,CHADRON COMMUNITY HOSPITAL AND HEALTH SERVICES,825 CENTENNIAL DRIVE,CHADRON,NE,69337,DAWES,(308) 432-5586,Critical Access Hospitals,Voluntary non-profit - Private,Yes,,Not Available,16,7,Not Available,Not Available,Not Available,Not Available,5,8,Not Available,Not Available,Not Available,Not Available,5,11,2,0,2,0,,8,8,,12,6,
281351.0,CHASE COUNTY COMMUNITY HOSPITAL,"P O BOX 819, 600 W 12TH ST",IMPERIAL,NE,69033,CHASE,(308) 882-7111,Critical Access Hospitals,Government - Local,Yes,,Not Available,16,7,1,0,1,0,,8,Not Available,Not Available,Not Available,Not Available,5,11,1,0,1,0,,8,Not Available,5,12,4,
281361.0,LEXINGTON REGIONAL HEALTH CENTER,"P O BOX 980, 1201 NORTH ERIE ST",LEXINGTON,NE,68850,DAWSON,(308) 324-5651,Critical Access Hospitals,Government - Hospital District or Authority,Yes,,Not Available,16,7,1,0,1,0,,8,Not Available,Not Available,Not Available,Not Available,5,11,3,0,2,1,,8,Not Available,5,12,6,
290003.0,SUNRISE HOSPITAL AND MEDICAL CENTER,3186 S MARYLAND PKWY,LAS VEGAS,NV,89109,CLARK,(702) 731-8000,Acute Care Hospitals,Proprietary,Yes,,2,,7,7,2,5,0,,8,8,2,6,0,,11,8,0,8,0,,8,8,,12,8,
290041.0,SUMMERLIN HOSPITAL MEDICAL CENTER,657 TOWN CENTER DRIVE,LAS VEGAS,NV,89144,CLARK,(702) 233-7500,Acute Care Hospitals,Proprietary,Yes,Y,3,,7,7,0,7,0,,8,7,3,4,0,,11,10,0,9,1,,8,8,,12,10,
290062.0,WEST HENDERSON HOSPITAL,1155 RAIDERS WAY,HENDERSON,NV,89052,CLARK,(702) 369-7612,Acute Care Hospitals,Proprietary,Yes,,Not Available,19,Not Available,Not Available,Not Available,Not Available,Not Available,19,Not Available,Not Available,Not Available,Not Available,Not Available,19,Not Available,Not Available,Not Available,Not Available,Not Available,19,Not Available,Not Available,19,Not Available,Not Available,19
291311.0,DESERT VIEW HOSPITAL,360 SOUTH LOLA LANE,PAHRUMP,NV,89048,NYE,(775) 751-7500,Critical Access Hospitals,Proprietary,Yes,,2,,7,3,0,3,0,,8,Not Available,Not Available,Not Available,Not Available,5,11,5,0,5,0,,8,8,,12,5,
294015.0,"RENO BEHAVIORAL HEALTHCARE HOSPITAL, LLC",6940 SIERRA CENTER PKWY,RENO,NV,89511,WASHOE,(248) 905-5091,Psychiatric,Proprietary,No,,Not Available,19,Not Available,Not Available,Not Available,Not Available,Not Available,19,Not Available,Not Available,Not Available,Not Available,Not Available,19,Not Available,Not Available,Not Available,Not Available,Not Available,19,Not Available,Not Available,19,Not Available,Not Available,19
300020.0,SOUTHERN NH MEDICAL CENTER,8 PROSPECT STREET,NASHUA,NH,3060,HILLSBOROUGH,(603) 577-2000,Acute Care Hospitals,Voluntary non-profit - Private,Yes,Y,3,,7,6,0,6,0,,8,7,1,6,0,,11,8,0,7,1,,8,8,,12,11,
301306.0,CONCORD HOSPITAL- FRANKLIN,15 AIKEN AVENUE,FRANKLIN,NH,3235,MERRIMACK,(603) 934-2060,Critical Access Hospitals,Voluntary non-profit - Private,Yes,,Not Available,16,7,1,0,1,0,,8,1,0,1,0,,11,2,0,2,0,,8,Not Available,5,12,8,
310002.0,NEWARK BETH ISRAEL MEDICAL CENTER,201 LYONS AVE,NEWARK,NJ,7112,ESSEX,(973) 926-7000,Acute Care Hospitals,Voluntary non-profit - Private,Yes,Y,2,,7,7,0,7,0,,8,7,1,6,0,,11,10,0,7,3,,8,8,,12,10,
310015.0,MORRISTOWN MEDICAL CENTER,100 MADISON AVE,MORRISTOWN,NJ,7962,MORRIS,(973) 971-5450,Acute Care Hospitals,Voluntary non-profit - Private,Yes,Y,5,,7,7,3,4,0,,8,8,5,3,0,,11,11,4,5,2,,8,8,,12,11,
310031.0,DEBORAH HEART AND LUNG CENTER,200 TRENTON ROAD,BROWNS MILLS,NJ,8015,BURLINGTON,(609) 893-6611,Acute Care Hospitals,Voluntary non-profit - Private,No,,4,,7,6,0,6,0,,8,4,2,2,0,,11,7,0,5,2,,8,8,,12,6,
310048.0,ROBERT WOOD JOHNSON UNIVERSITY HOSPITAL - SOMERSET,110 REHILL AVE,SOMERVILLE,NJ,8876,SOMERSET,(908) 685-2200,Acute Care Hospitals,Voluntary non-profit - Private,Yes,Y,3,,7,6,0,5,1,,8,7,1,6,0,,11,10,0,8,2,,8,8,,12,10,
310069.0,INSPIRA MEDICAL CENTER MULLICA HILL,501 WEST FRONT STREET,ELMER,NJ,8318,SALEM,(856) 363-1000,Acute Care Hospitals,Voluntary non-profit - Private,Yes,Y,3,,7,6,0,6,0,,8,6,2,4,0,,11,9,0,6,3,,8,8,,12,11,
310096.0,SAINT MICHAEL'S MEDICAL CENTER,111 CENTRAL AVENUE,NEWARK,NJ,7102,ESSEX,(973) 877-5350,Acute Care Hospitals,Voluntary non-profit - Private,Yes,,4,,7,3,1,2,0,,8,6,1,5,0,,11,8,0,8,0,,8,8,,12,8,
312024.0,SILVER LAKE HOSPITAL LTACH,495 NORTH 13TH STREET,NEWARK,NJ,7107,ESSEX,(973) 587-7713,Long-term,Voluntary non-profit - Church,No,,Not Available,19,Not Available,Not Available,Not Available,Not Available,Not Available,19,Not Available,Not Available,Not Available,Not Available,Not Available,19,Not Available,Not Available,Not Available,Not Available,Not Available,19,Not Available,Not Available,19,Not Available,Not Available,19
314019.0,RAMAPO RIDGE BEHAVIORAL HEALTH HOSPITAL,301 SICOMAC AVE,WYCKOFF,NJ,7481,BERGEN,(201) 848-5805,Psychiatric,Voluntary non-profit - Private,No,,Not Available,19,Not Available,Not Available,Not Available,Not Available,Not Available,19,Not Available,Not Available,Not Available,Not Available,Not Available,19,Not Available,Not Available,Not Available,Not Available,Not Available,19,Not Available,Not Available,19,Not Available,Not Available,19
320006.0,EASTERN NEW MEXICO MEDICAL CENTER,405 W COUNTRY CLUB ROAD,ROSWELL,NM,88201,CHAVES,(575) 624-8722,Acute Care Hospitals,Proprietary,Yes,Y,2,,7,5,0,5,0,,8,4,0,4,0,,11,7,0,7,0,,8,8,,12,11,
320059.0,NORTHERN NAVAJO MEDICAL CENTER,US HWY 491 NORTH,SHIPROCK,NM,87420,SAN JUAN,(505) 368-6001,Acute Care Hospitals,Government - Federal,Yes,,Not Available,16,7,2,0,2,0,,8,2,0,2,0,,11,3,0,3,0,,8,8,,12,5,
320090.0,PRESBYTERIAN SANTA FE MEDICAL CENTER,4801 BECKNER ROAD,SANTA FE,NM,87507,SANTA FE,(505) 772-6216,Acute Care Hospitals,Voluntary non-profit - Private,Yes,Y,3,,7,2,0,2,0,,8,3,0,3,0,,11,5,0,5,0,,8,8,,12,11,
321308.0,CIBOLA GENERAL HOSPITAL,1016 E ROOSEVELT AVENUE,GRANTS,NM,87020,CIBOLA,(505) 287-5300,Critical Access Hospitals,Voluntary non-profit - Private,Yes,,Not Available,16,7,1,0,1,0,,8,Not Available,Not Available,Not Available,Not Available,5,11,3,1,2,0,,8,Not Available,5,12,7,
330005.0,KALEIDA HEALTH,100 HIGH STREET,BUFFALO,NY,14210,ERIE,(716) 859-8620,Acute Care Hospitals,Voluntary non-profit - Private,Yes,Y,3,,7,7,2,4,1,,8,8,2,5,1,,11,11,1,9,1,,8,8,,12,10,
330028.0,RICHMOND UNIVERSITY MEDICAL CENTER,355 BARD AVENUE,STATEN ISLAND,NY,10310,RICHMOND,(718) 354-5047,Acute Care Hospitals,Voluntary non-profit - Private,Yes,Y,1,,7,6,0,6,0,,8,7,0,7,0,,11,10,0,9,1,,8,8,,12,6,
330056.0,BROOKLYN HOSPITAL CENTER - DOWNTOWN CAMPUS,121 DEKALB AVENUE,BROOKLYN,NY,11201,KINGS,(718) 250-8000,Acute Care Hospitals,Voluntary non-profit - Other,Yes,Y,2,,7,5,0,5,0,,8,8,1,7,0,,11,10,0,8,2,,8,8,,12,9,
330080.0,LINCOLN MEDICAL & MENTAL HEALTH CENTER,234 EAST 149TH STREET,BRONX,NY,10451,BRONX,(718) 579-5000,Acute Care Hospitals,Government - Local,Yes,Y,1,,7,4,0,4,0,,8,6,3,3,0,,11,5,0,5,0,,8,8,,12,9,
330104.0,NYACK HOSPITAL,160 NORTH MIDLAND AVENUE,NYACK,NY,10960,ROCKLAND,(845) 348-2000,Acute Care Hospitals,Voluntary non-profit - Other,No,Y,2,,7,6,0,6,0,,8,7,1,6,0,,11,10,0,8,2,,8,8,,12,10,
330135.0,BON SECOURS COMMUNITY HOSPITAL,160 EAST MAIN STREET,PORT JERVIS,NY,12771,ORANGE,(845) 856-5351,Acute Care Hospitals,Voluntary non-profit - Church,Yes,,2,,7,4,0,4,0,,8,2,0,2,0,,11,6,0,4,2,,8,8,,12,9,
330162.0,NORTHERN WESTCHESTER HOSPITAL,400 EAST MAIN STREET,MOUNT KISCO,NY,10549,WESTCHESTER,(914) 666-1200,Acute Care Hospitals,Voluntary non-profit - Private,Yes,Y,5,,7,6,0,6,0,,8,8,2,6,0,,11,10,0,10,0,,8,8,,12,11,
330188.0,MOUNT ST. MARY'S HOSPITAL & HEALTH CENTER,5300 MILITARY ROAD,LEWISTON,NY,14092,NIAGARA,(716) 297-4800,Acute Care Hospitals,Voluntary non-profit - Private,Yes,,3,,7,4,0,4,0,,8,4,1,3,0,,11,6,0,4,2,,8,8,,12,11,
330203.0,CROUSE HOSPITAL,736 IRVING AVENUE,SYRACUSE,NY,13210,ONONDAGA,(315) 470-7449,Acute Care Hospitals,Voluntary non-profit - Private,Yes,Y,2,,7,6,1,4,1,,8,8,2,6,0,,11,8,0,6,2,,8,8,,12,11,
330222.0,SARATOGA HOSPITAL,211 CHURCH STREET,SARATOGA SPRINGS,NY,12866,SARATOGA,(518) 587-3222,Acute Care Hospitals,Voluntary non-profit - Private,Yes,Y,3,,7,6,0,5,1,,8,7,1,6,0,,11,10,0,9,1,,8,8,,12,11,
330240.0,HARLEM HOSPITAL CENTER,506 LENOX AVENUE,NEW YORK,NY,10037,NEW YORK,(212) 939-1000,Acute Care Hospitals,Government - Local,Yes,Y,1,,7,3,0,3,0,,8,6,1,5,0,,11,5,0,2,3,,8,8,,12,9,
330273.0,PUTNAM HOSPITAL CENTER,670 STONELEIGH AVENUE,CARMEL,NY,10512,PUTNAM,(914) 279-5711,Acute Care Hospitals,Voluntary non-profit - Private,Yes,Y,3,,7,4,1,3,0,,8,2,0,2,0,,11,6,0,6,0,,8,8,,12,9,
330350.0,SUNY/DOWNSTATE UNIVERSITY HOSPITAL OF BROOKLYN,445 LENOX ROAD,BROOKLYN,NY,11203,KINGS,(718) 270-1000,Acute Care Hospitals,Government - State,Yes,Y,1,,7,4,0,4,0,,8,6,1,5,0,,11,6,0,4,2,,8,8,,12,9,
330411.0,UNITY SPECIALTY HOSPITAL,89 GENESEE STREET,ROCHESTER,NY,14611,MONROE,(585) 723-7000,Acute Care Hospitals,Voluntary non-profit - Private,No,,Not Available,5,Not Available,Not Available,Not Available,Not Available,Not Available,5,Not Available,Not Available,Not Available,Not Available,Not Available,5,Not Available,Not Available,Not Available,Not Available,Not Available,5,Not Available,Not Available,5,Not Available,Not Available,5
331312.0,"DELAWARE VALLEY HOSPITAL, INC",1 TITUS PLACE,WALTON,NY,13856,DELAWARE,(607) 865-2188,Critical Access Hospitals,Voluntary non-profit - Private,Yes,,Not Available,16,7,Not Available,Not Available,Not Available,Not Available,5,8,Not Available,Not Available,Not Available,Not Available,5,11,1,0,1,0,,8,Not Available,5,12,6,
331322.0,"SLHS MASSENA, INC",1 HOSPITAL DRIVE,MASSENA,NY,13662,ST. LAWRENCE,(315) 769-4234,Critical Access Hospitals,Voluntary non-profit - Private,Yes,,Not Available,16,7,Not Available,Not Available,Not Available,Not Available,5,8,Not Available,Not Available,Not Available,Not Available,5,11,Not Available,Not Available,Not Available,Not Available,5,8,Not Available,5,12,Not Available,5
334015.0,ROCKLAND PSYCH CTR,140 OLD ORANGEBURG RD,ORANGEBURG,NY,10962,ROCKLAND,(845) 359-1000,Psychiatric,Government - State,No,,Not Available,19,Not Available,Not Available,Not Available,Not Available,Not Available,19,Not Available,Not Available,Not Available,Not Available,Not Available,19,Not Available,Not Available,Not Available,Not Available,Not Available,19,Not Available,Not Available,19,Not Available,Not Available,19
334049.0,FOUR WINDS OF SARATOGA,30 CRESCENT AVE,SARATOGA SPRINGS,NY,12866,SARATOGA,(518) 584-3600,Psychiatric,Proprietary,Yes,,Not Available,19,Not Available,Not Available,Not Available,Not Available,Not Available,19,Not Available,Not Available,Not Available,Not Available,Not Available,19,Not Available,Not Available,Not Available,Not Available,Not Available,19,Not Available,Not Available,19,Not Available,Not Available,19
334067.0,NEW YORK CITY CHILDRENS PSYCH CENTER,7403 COMMONWEALTH BLVD,BELLEROSE,NY,11426,QUEENS,(718) 692-2543,Psychiatric,Government - State,No,,Not Available,19,Not Available,Not Available,Not Available,Not Available,Not Available,19,Not Available,Not Available,Not Available,Not Available,Not Available,19,Not Available,Not Available,Not Available,Not Available,Not Available,19,Not Available,Not Available,19,Not Available,Not Available,19
340016.0,HARRIS REGIONAL HOSPITAL,68 HOSPITAL RD,SYLVA,NC,28779,JACKSON,(828) 586-7000,Acute Care Hospitals,Proprietary,Yes,Y,3,,7,4,0,4,0,,8,6,0,6,0,,11,9,0,9,0,,8,8,,12,11,
340039.0,IREDELL MEMORIAL HOSPITAL INC,557 BROOKDALE DR,STATESVILLE,NC,28677,IREDELL,(704) 878-5661,Acute Care Hospitals,Voluntary non-profit - Private,Yes,Y,3,,7,6,0,6,0,,8,7,1,6,0,,11,7,0,7,0,,8,8,,12,10,
340061.0,UNC HOSPITALS,101 MANNING DRIVE,CHAPEL HILL,NC,27514,ORANGE,(919) 966-4141,Acute Care Hospitals,Government - State,Yes,Y,5,,7,7,1,6,0,,8,8,1,6,1,,11,11,1,10,0,,8,8,,12,11,
340090.0,JOHNSTON HEALTH,509 BRIGHT LEAF BLVD,SMITHFIELD,NC,27577,JOHNSTON,(919) 934-8171,Acute Care Hospitals,Government - Hospital District or Authority,Yes,Y,3,,7,6,0,6,0,,8,7,1,6,0,,11,10,0,10,0,,8,8,,12,10,
340115.0,FIRSTHEALTH MOORE REGIONAL HOSPITAL,155 MEMORIAL DRIVE,PINEHURST,NC,28374,MOORE,(910) 715-1000,Acute Care Hospitals,Voluntary non-profit - Private,Yes,Y,4,,7,7,0,7,0,,8,8,3,5,0,,11,11,1,10,0,,8,8,,12,12,
340132.0,MARIA PARHAM MEDICAL CENTER,PO BOX 59,HENDERSON,NC,27536,VANCE,(252) 431-3708,Acute Care Hospitals,Proprietary,Yes,Y,2,,7,5,0,4,1,,8,6,1,5,0,,11,8,0,7,1,,8,8,,12,10,
340158.0,NOVANT HEALTH BRUNSWICK MEDICAL CENTER,1 MEDICAL CENTER DR  PO BOX 139,SUPPLY,NC,28462,BRUNSWICK,(910) 755-8121,Acute Care Hospitals,Voluntary non-profit - Other,Yes,Y,4,,7,6,0,5,1,,8,6,1,5,0,,11,9,0,8,1,,8,8,,12,10,
340195.0,NOVANT HEALTH BALLANTYNE MEDICAL CENTER,10905 PROVIDENCE ROAD W,CHARLOTTE,NC,28277,MECKLENBURG,(704) 384-4000,Acute Care Hospitals,Voluntary non-profit - Private,Yes,Y,Not Available,16,7,Not Available,Not Available,Not Available,Not Available,5,8,Not Available,Not Available,Not Available,Not Available,5,11,Not Available,Not Available,Not Available,Not Available,5,8,Not Available,5,12,3,
341318.0,VIDANT CHOWAN HOSPITAL,211 VIRGINIA RD,EDENTON,NC,27932,CHOWAN,(252) 482-8451,Critical Access Hospitals,Government - Local,Yes,Y,2,,7,4,0,4,0,,8,2,0,2,0,,11,8,0,8,0,,8,8,,12,9,
341329.0,BLUE RIDGE REGIONAL HOSPITAL,125 HOSPITAL DRIVE,SPRUCE PINE,NC,28777,MITCHELL,(828) 765-4201,Critical Access Hospitals,Voluntary non-profit - Private,Yes,,3,,7,3,0,3,0,,8,1,0,1,0,,11,6,1,5,0,,8,8,,12,10,
344032.0,TRIANGLE SPRINGS,10901 WORLD TRADE BLVD,RALEIGH,NC,27617,WAKE,(919) 746-8900,Psychiatric,Proprietary,No,,Not Available,19,Not Available,Not Available,Not Available,Not Available,Not Available,19,Not Available,Not Available,Not Available,Not Available,Not Available,19,Not Available,Not Available,Not Available,Not Available,Not Available,19,Not Available,Not Available,19,Not Available,Not Available,19
350063.0,P H S INDIAN HOSP AT BELCOURT-QUENTIN N BURDICK,PO BOX 160,BELCOURT,ND,58316,ROLETTE,(701) 477-6111,Acute Care Hospitals,Government - Federal,Yes,,Not Available,16,7,1,0,1,0,,8,Not Available,Not Available,Not Available,Not Available,5,11,2,0,2,0,,8,Not Available,5,12,3,
351308.0,NELSON COUNTY HEALTH SYSTEM,200 N MAIN ST,MCVILLE,ND,58254,NELSON,(701) 322-4328,Critical Access Hospitals,Voluntary non-profit - Private,Yes,,Not Available,16,7,Not Available,Not Available,Not Available,Not Available,5,8,Not Available,Not Available,Not Available,Not Available,5,11,1,0,1,0,,8,Not Available,5,12,3,
351319.0,PEMBINA COUNTY MEMORIAL HOSPITAL,BOX 380,CAVALIER,ND,58220,PEMBINA,(701) 265-8461,Critical Access Hospitals,Voluntary non-profit - Private,Yes,,Not Available,16,7,Not Available,Not Available,Not Available,Not Available,5,8,Not Available,Not Available,Not Available,Not Available,5,11,2,0,2,0,,8,Not Available,5,12,5,
351329.0,SANFORD HILLSBORO,12 THIRD STREET SE,HILLSBORO,ND,58045,TRAILL,(701) 636-3200,Critical Access Hospitals,Voluntary non-profit - Private,Yes,,Not Available,16,7,Not Available,Not Available,Not Available,Not Available,5,8,Not Available,Not Available,Not Available,Not Available,5,11,1,0,1,0,,8,Not Available,5,12,4,
354004.0,PRAIRIE ST JOHN'S,510 4TH STREET SOUTH,FARGO,ND,58103,CASS,(701) 476-7200,Psychiatric,Proprietary,No,,Not Available,19,Not Available,Not Available,Not Available,Not Available,Not Available,19,Not Available,Not Available,Not Available,Not Available,Not Available,19,Not Available,Not Available,Not Available,Not Available,Not Available,19,Not Available,Not Available,19,Not Available,Not Available,19
360013.0,WILSON MEMORIAL HOSPITAL,915 WEST MICHIGAN STREET,SIDNEY,OH,45365,SHELBY,(937) 498-5405,Acute Care Hospitals,Voluntary non-profit - Private,Yes,Y,3,,7,4,0,4,0,,8,2,0,2,0,,11,6,0,6,0,,8,8,,12,11,
360035.0,MOUNT CARMEL EAST & WEST,6001 EAST BROAD STREET,COLUMBUS,OH,43213,FRANKLIN,(614) 234-5000,Acute Care Hospitals,Voluntary non-profit - Private,Yes,Y,3,,7,7,0,7,0,,8,8,1,7,0,,11,9,0,8,1,,8,8,,12,11,
360056.0,MERCY HEALTH - FAIRFIELD HOSPITAL,3000 MACK ROAD,FAIRFIELD,OH,45014,BUTLER,(513) 870-7000,Acute Care Hospitals,Voluntary non-profit - Private,Yes,Y,3,,7,7,0,7,0,,8,8,1,6,1,,11,9,0,9,0,,8,8,,12,11,
360075.0,UH REGIONAL HOSPITALS,13207 RAVENNA ROAD,CHARDON,OH,44024,GEAUGA,(440) 285-6246,Acute Care Hospitals,Proprietary,Yes,Y,4,,7,5,0,5,0,,8,6,0,6,0,,11,9,0,8,1,,8,8,,12,11,
360087.0,LUTHERAN HOSPITAL,1730 WEST 25TH STREET,CLEVELAND,OH,44113,CUYAHOGA,(216) 696-4300,Acute Care Hospitals,Voluntary non-profit - Private,Yes,,3,,7,2,0,2,0,,8,4,0,4,0,,11,5,1,4,0,,8,8,,12,8,
360118.0,OHIOHEALTH MANSFIELD HOSPITAL,335 GLESSNER AVENUE,MANSFIELD,OH,44903,RICHLAND,(419) 526-8000,Acute Care Hospitals,Voluntary non-profit - Private,Yes,Y,2,,7,7,0,7,0,,8,6,1,4,1,,11,10,1,8,1,,8,8,,12,10,
360144.0,SOUTH POINTE HOSPITAL,20000 HARVARD ROAD,WARRENSVILLE HEIGHTS,OH,44122,CUYAHOGA,(216) 491-6523,Acute Care Hospitals,Voluntary non-profit - Other,No,,4,,7,4,2,2,0,,8,6,2,4,0,,11,8,0,7,1,,8,8,,12,8,
360163.0,CHRIST HOSPITAL,2139 AUBURN AVENUE,CINCINNATI,OH,45219,HAMILTON,(513) 585-2000,Acute Care Hospitals,Voluntary non-profit - Private,Yes,Y,5,,7,7,1,6,0,,8,8,2,6,0,,11,11,0,11,0,,8,8,,12,12,
360203.0,SOUTHEASTERN OHIO REGIONAL MEDICAL CENTER,1341 NORTH CLARK STREET,CAMBRIDGE,OH,43725,GUERNSEY,(740) 439-8000,Acute Care Hospitals,Voluntary non-profit - Private,Yes,Y,3,,7,3,0,3,0,,8,5,0,4,1,,11,8,0,8,0,,8,8,,12,11,
360263.0,INSTITUTE FOR ORTHOPAEDIC SURGERY,"801 MEDICAL DRIVE, SUITE B",LIMA,OH,45804,ALLEN,(419) 224-7586,Acute Care Hospitals,Proprietary,No,,Not Available,16,7,Not Available,Not Available,Not Available,Not Available,5,8,2,0,2,0,,11,3,0,3,0,,8,8,,12,3,
360359.0,UNIVERSITY HOSPITALS AHUJA MEDICAL CENTER,3999 RICHMOND ROAD,BEACHWOOD,OH,44122,CUYAHOGA,(216) 593-5511,Acute Care Hospitals,Voluntary non-profit - Private,Yes,,3,,7,7,1,6,0,,8,7,1,6,0,,11,9,0,9,0,,8,8,,12,10,
361303.0,LODI COMMUNITY HOSPITAL,225 ELYRIA STREET,LODI,OH,44254,MEDINA,(330) 948-1222,Critical Access Hospitals,Voluntary non-profit - Private,Yes,,Not Available,16,7,Not Available,Not Available,Not Available,Not Available,5,8,Not Available,Not Available,Not Available,Not Available,5,11,Not Available,Not Available,Not Available,Not Available,5,8,8,,12,7,
361314.0,MAGRUDER HOSPITAL,615 FULTON ST,PORT CLINTON,OH,43452,OTTAWA,(419) 734-3131,Critical Access Hospitals,Voluntary non-profit - Private,Yes,,Not Available,16,7,2,0,2,0,,8,Not Available,Not Available,Not Available,Not Available,5,11,7,0,6,1,,8,Not Available,5,12,5,
361325.0,GALION COMMUNITY HOSPITAL,269 PORTLAND WAY SOUTH,GALION,OH,44833,CRAWFORD,(419) 468-4841,Critical Access Hospitals,Voluntary non-profit - Church,No,Y,Not Available,5,7,Not Available,Not Available,Not Available,Not Available,5,8,Not Available,Not Available,Not Available,Not Available,5,11,Not Available,Not Available,Not Available,Not Available,5,8,Not Available,5,12,Not Available,5
363300.0,CINCINNATI CHILDREN'S HOSPITAL MEDICAL CENTER,3333 BURNET AVENUE,CINCINNATI,OH,45229,HAMILTON,(513) 636-3333,Childrens,Voluntary non-profit - Private,Yes,,Not Available,19,Not Available,Not Available,Not Available,Not Available,Not Available,19,Not Available,Not Available,Not Available,Not Available,Not Available,19,Not Available,Not Available,Not Available,Not Available,Not Available,19,Not Available,Not Available,19,Not Available,Not Available,19
364014.0,NORTHWEST OHIO PSYCHIATRIC HOSPITAL,930 SOUTH DETROIT AVENUE,TOLEDO,OH,43614,LUCAS,(419) 381-1881,Psychiatric,Government - State,Yes,,Not Available,19,Not Available,Not Available,Not Available,Not Available,Not Available,19,Not Available,Not Available,Not Available,Not Available,Not Available,19,Not Available,Not Available,Not Available,Not Available,Not Available,19,Not Available,Not Available,19,Not Available,Not Available,19
364047.0,RIDGEVIEW HOSPITAL,17872 LINCOLN HIGHWAY,MIDDLE POINT,OH,45863,VAN WERT,(419) 968-2950,Psychiatric,Proprietary,Yes,,Not Available,19,Not Available,Not Available,Not Available,Not Available,Not Available,19,Not Available,Not Available,Not Available,Not Available,Not Available,19,Not Available,Not Available,Not Available,Not Available,Not Available,19,Not Available,Not Available,19,Not Available,Not Available,19
364057.0,BLUERIDGE VISTA HEALTH AND WELLNESS,5500 VERULAM AVENUE,CINCINNATI,OH,45213,HAMILTON,(513) 841-3001,Psychiatric,Proprietary,No,,Not Available,19,Not Available,Not Available,Not Available,Not Available,Not Available,19,Not Available,Not Available,Not Available,Not Available,Not Available,19,Not Available,Not Available,Not Available,Not Available,Not Available,19,Not Available,Not Available,19,Not Available,Not Available,19
370001.0,HILLCREST MEDICAL CENTER,1120 SOUTH UTICA AVENUE,TULSA,OK,74104,TULSA,(918) 579-1000,Acute Care Hospitals,Proprietary,Yes,Y,3,,7,7,0,7,0,,8,8,3,5,0,,11,11,1,10,0,,8,8,,12,10,
370019.0,GREAT PLAINS REGIONAL MEDICAL CENTER,1801 WEST 3RD STREET,ELK CITY,OK,73644,BECKHAM,(580) 225-2511,Acute Care Hospitals,Voluntary non-profit - Private,Yes,Y,2,,7,2,0,2,0,,8,3,0,2,1,,11,6,0,6,0,,8,8,,12,9,
370047.0,"MERCY HOSPITAL ARDMORE, INC",1011 14TH AVE NW,ARDMORE,OK,73401,CARTER,(580) 223-5400,Acute Care Hospitals,Voluntary non-profit - Church,Yes,Y,4,,7,6,0,6,0,,8,3,1,2,0,,11,9,0,9,0,,8,8,,12,12,
370094.0,SSM HEALTH ST ANTHONY HOSPITAL - MIDWEST,2825 PARKLAWN DRIVE,MIDWEST CITY,OK,73110,OKLAHOMA,(405) 610-4411,Acute Care Hospitals,Voluntary non-profit - Private,Yes,,2,,7,6,0,6,0,,8,7,1,6,0,,11,8,0,8,0,,8,8,,12,11,
370166.0,WAGONER COMMUNITY HOSPITAL,1200 WEST CHEROKEE STREET,WAGONER,OK,74467,WAGONER,(918) 485-5514,Acute Care Hospitals,Government - Hospital District or Authority,Yes,,Not Available,16,7,2,0,2,0,,8,1,0,1,0,,11,4,0,4,0,,8,Not Available,5,12,8,
370201.0,SURGICAL HOSPITAL OF OKLAHOMA,100 SOUTHEAST 59TH STREET,OKLAHOMA CITY,OK,73129,OKLAHOMA,(405) 634-9300,Acute Care Hospitals,Physician,Yes,,Not Available,16,7,Not Available,Not Available,Not Available,Not Available,5,8,2,0,2,0,,11,3,0,3,0,,8,8,,12,2,
370218.0,"SAINT FRANCIS HOSPITAL SOUTH, LLC",10501 EAST 91ST STREET SOUTH,TULSA,OK,74133,TULSA,(918) 307-6010,Acute Care Hospitals,Voluntary non-profit - Private,Yes,Y,5,,7,5,1,4,0,,8,5,0,5,0,,11,7,0,7,0,,8,8,,12,12,
370240.0,INTEGRIS COMMUNITY HOSPITAL - COUNCIL CROSSING,9417 N COUNCIL ROAD,OKLAHOMA CITY,OK,73162,OKLAHOMA,(405) 550-3280,Acute Care Hospitals,Proprietary,No,,Not Available,16,7,1,0,1,0,,8,Not Available,Not Available,Not Available,Not Available,5,11,2,0,2,0,,8,Not Available,5,12,7,
371300.0,ATOKA COUNTY MEDICAL CENTER,1590 WEST LIBERTY ROAD,ATOKA,OK,74525,ATOKA,(580) 889-3333,Critical Access Hospitals,Government - Hospital District or Authority,Yes,,Not Available,16,7,3,0,3,0,,8,Not Available,Not Available,Not Available,Not Available,5,11,4,0,4,0,,8,Not Available,5,12,2,
371311.0,JEFFERSON COUNTY HOSPITAL,INTERSECTION HYWS 81 & 70,WAURIKA,OK,73573,JEFFERSON,(580) 228-2344,Critical Access Hospitals,Voluntary non-profit - Private,Yes,,Not Available,16,7,Not Available,Not Available,Not Available,Not Available,5,8,Not Available,Not Available,Not Available,Not Available,5,11,2,0,2,0,,8,Not Available,5,12,5,
371322.0,BEAVER COUNTY MEMORIAL HOSPITAL,212 EAST 8TH STREET,BEAVER,OK,73932,BEAVER,(580) 625-4551,Critical Access Hospitals,Government - Hospital District or Authority,Yes,,Not Available,16,7,Not Available,Not Available,Not Available,Not Available,5,8,Not Available,Not Available,Not Available,Not Available,5,11,1,0,1,0,,8,Not Available,5,12,3,
371333.0,CREEK NATION COMMUNITY HOSPITAL,1800 E COPLIN,OKEMAH,OK,74859,OKFUSKEE,(918) 623-1424,Critical Access Hospitals,Tribal,Yes,,Not Available,16,7,1,0,1,0,,8,Not Available,Not Available,Not Available,Not Available,5,11,2,0,2,0,,8,Not Available,5,12,3,
373303.0,"THE CHILDREN'S CENTER, INC",6800 NW 39TH EXPRESSWAY,BETHANY,OK,73008,OKLAHOMA,(405) 789-6711,Childrens,Voluntary non-profit - Private,Yes,,Not Available,19,Not Available,Not Available,Not Available,Not Available,Not Available,19,Not Available,Not Available,Not Available,Not Available,Not Available,19,Not Available,Not Available,Not Available,Not Available,Not Available,19,Not Available,Not Available,19,Not Available,Not Available,19
39001.0,JAMES E. VAN ZANDT VA MEDICAL CENTER (ALTOONA),2907 PLEASANT VALLEY BOULEVARD,ALTOONA,PA,16602,BLAIR,(814) 943-8164,Acute Care - Veterans Administration,Veterans Health Administration,No,,4,,7,3,0,3,0,,8,Not Available,Not Available,Not Available,Not Available,5,11,4,0,3,1,,8,8,,12,3,
42011.0,COLUMBIA SC VA MEDICAL CENTER,6439 GARNERS FERRY ROAD,COLUMBIA,SC,29209,RICHLAND,(803) 695-7980,Acute Care - Veterans Administration,Veterans Health Administration,Yes,,5,,7,3,0,3,0,,8,3,0,3,0,,11,5,0,5,0,,8,8,,12,5,
45068.0,William Beaumont AMG (FT Bliss),18511 Highlander Medics St,El Paso,TX,79920,EL PASO,(915) 742-7777,Acute Care - Department of Defense,Department of Defense,Yes,,Not Available,22,Not Available,Not Available,Not Available,Not Available,Not Available,22,Not Available,Not Available,Not Available,Not Available,Not Available,22,Not Available,Not Available,Not Available,Not Available,Not Available,22,Not Available,Not Available,22,Not Available,Not Available,22
49008.0,NMC Portsmouth,620 John Paul Jones Cir,Portsmouth,VA,23708,PORTSMOUTH CITY,(757) 953-5000,Acute Care - Department of Defense,Department of Defense,Yes,,Not Available,22,Not Available,Not Available,Not Available,Not Available,Not Available,22,Not Available,Not Available,Not Available,Not Available,Not Available,22,Not Available,Not Available,Not Available,Not Available,Not Available,22,Not Available,Not Available,22,Not Available,Not Available,22
52002.0,TOMAH VA MEDICAL CENTER,500 EAST VETERANS STREET,TOMAH,WI,54660,MONROE,(608) 372-3971,Acute Care - Veterans Administration,Veterans Health Administration,No,,Not Available,16,7,Not Available,Not Available,Not Available,Not Available,5,8,Not Available,Not Available,Not Available,Not Available,5,11,2,0,2,0,,8,Not Available,5,12,2,
374020.0,"LAUREATE PSYCHIATRIC CLINIC AND HOSPITAL, INC",6655 SOUTH YALE AVENUE,TULSA,OK,74136,TULSA,(918) 481-4000,Psychiatric,Voluntary non-profit - Private,No,,Not Available,19,Not Available,Not Available,Not Available,Not Available,Not Available,19,Not Available,Not Available,Not Available,Not Available,Not Available,19,Not Available,Not Available,Not Available,Not Available,Not Available,19,Not Available,Not Available,19,Not Available,Not Available,19
380007.0,LEGACY EMANUEL MEDICAL CENTER,2801 N GANTENBEIN AVENUE,PORTLAND,OR,97227,MULTNOMAH,(503) 413-2200,Acute Care Hospitals,Voluntary non-profit - Private,Yes,Y,3,,7,7,0,6,1,,8,6,2,4,0,,11,8,0,7,1,,8,8,,12,9,
380029.0,LEGACY SILVERTON MEDICAL CENTER,342 FAIRVIEW STREET,SILVERTON,OR,97381,MARION,(503) 873-1500,Acute Care Hospitals,Voluntary non-profit - Private,Yes,Y,Not Available,16,7,Not Available,Not Available,Not Available,Not Available,5,8,2,1,1,0,,11,3,0,3,0,,8,8,,12,10,
380071.0,WILLAMETTE VALLEY MEDICAL CENTER,2700 SE STRATUS AVE.,MCMINNVILLE,OR,97128,YAMHILL,(503) 472-6131,Acute Care Hospitals,Voluntary non-profit - Private,Yes,Y,2,,7,5,0,5,0,,8,2,1,1,0,,11,6,1,5,0,,8,8,,12,11,
381303.0,PROVIDENCE SEASIDE HOSPITAL,725 S WAHANNA ROAD,SEASIDE,OR,97138,CLATSOP,(503) 717-7000,Critical Access Hospitals,Voluntary non-profit - Church,Yes,Y,Not Available,16,7,2,0,2,0,,8,1,0,1,0,,11,5,0,4,1,,8,8,,12,9,
381313.0,ST CHARLES MEDICAL CENTER PRINEVILLE,384 SE COMBS FLAT ROAD,PRINEVILLE,OR,97754,CROOK,(541) 447-6254,Critical Access Hospitals,Voluntary non-profit - Private,Yes,,Not Available,16,7,2,0,2,0,,8,1,0,1,0,,11,4,1,3,0,,8,8,,12,9,
381323.0,SAMARITAN LEBANON COMMUNITY HOSPITAL,525 N SANTIAM HIGHWAY,LEBANON,OR,97355,LINN,(541) 258-2101,Critical Access Hospitals,Voluntary non-profit - Church,Yes,Y,1,,7,3,0,3,0,,8,2,0,2,0,,11,8,0,7,1,,8,8,,12,8,
390006.0,GEISINGER MEDICAL CENTER,100 NORTH ACADEMY AVENUE,DANVILLE,PA,17822,MONTOUR,(570) 271-6211,Acute Care Hospitals,Voluntary non-profit - Private,Yes,Y,4,,7,7,1,6,0,,8,8,2,5,1,,11,11,1,9,1,,8,8,,12,11,
390032.0,ALLEGHENY VALLEY HOSPITAL,1301 CARLISLE ST,NATRONA,PA,15065,ALLEGHENY,(412) 224-5100,Acute Care Hospitals,Voluntary non-profit - Private,Yes,,4,,7,3,0,3,0,,8,3,0,3,0,,11,8,0,8,0,,8,8,,12,10,
390048.0,GEISINGER-LEWISTOWN HOSPITAL,400 HIGHLAND AVENUE,LEWISTOWN,PA,17044,MIFFLIN,(717) 248-5411,Acute Care Hospitals,Voluntary non-profit - Private,Yes,Y,5,,7,5,0,5,0,,8,5,1,4,0,,11,8,1,7,0,,8,8,,12,11,
390067.0,UPMC PINNACLE HOSPITALS,409 SOUTH SECOND STREET,HARRISBURG,PA,17104,DAUPHIN,(717) 782-3131,Acute Care Hospitals,Voluntary non-profit - Private,Yes,Y,4,,7,7,1,6,0,,8,8,4,4,0,,11,11,1,9,1,,8,8,,12,12,
390097.0,HOLY REDEEMER HOSPITAL AND MEDICAL CENTER,1648 HUNTINGDON PIKE,MEADOWBROOK,PA,19046,MONTGOMERY,(215) 947-3000,Acute Care Hospitals,Voluntary non-profit - Church,Yes,Y,2,,7,5,0,5,0,,8,7,1,6,0,,11,10,0,9,1,,8,8,,12,9,
390115.0,JEFFERSON HEALTH- NORTHEAST,10800 KNIGHTS ROAD,PHILADELPHIA,PA,19114,PHILADELPHIA,(215) 612-4000,Acute Care Hospitals,Voluntary non-profit - Private,Yes,,1,,7,7,0,7,0,,8,7,1,6,0,,11,11,0,8,3,,8,8,,12,11,
390142.0,JEFFERSON EINSTEIN PHILADELPHIA HOSPITAL,5501 OLD YORK ROAD,PHILADELPHIA,PA,19141,PHILADELPHIA,(215) 456-6090,Acute Care Hospitals,Voluntary non-profit - Other,Yes,Y,2,,7,6,0,6,0,,8,8,1,7,0,,11,10,0,9,1,,8,8,,12,12,
390163.0,ACMH HOSPITAL,ONE NOLTE DRIVE,KITTANNING,PA,16201,ARMSTRONG,(724) 543-8500,Acute Care Hospitals,Voluntary non-profit - Private,Yes,Y,2,,7,3,0,3,0,,8,4,1,3,0,,11,9,0,9,0,,8,8,,12,11,
390185.0,LEHIGH VALLEY HOSPITAL - HAZLETON,700 EAST BROAD STREET,HAZLETON,PA,18201,LUZERNE,(570) 501-4000,Acute Care Hospitals,Voluntary non-profit - Other,Yes,Y,1,,7,6,0,6,0,,8,6,0,5,1,,11,9,0,8,1,,8,8,,12,11,
390222.0,RIDDLE MEMORIAL HOSPITAL,1068 WEST BALTIMORE PIKE,MEDIA,PA,19063,DELAWARE,(610) 566-9400,Acute Care Hospitals,Voluntary non-profit - Private,Yes,Y,3,,7,6,0,6,0,,8,7,1,6,0,,11,8,1,6,1,,8,8,,12,12,
390265.0,JEFFERSON HOSPITAL,565 COAL VALLEY ROAD,JEFFERSON HILLS,PA,15025,ALLEGHENY,(412) 469-5000,Acute Care Hospitals,Voluntary non-profit - Private,Yes,Y,3,,7,7,0,7,0,,8,7,2,5,0,,11,11,0,11,0,,8,8,,12,11,
390322.0,ROTHMAN ORTHOPAEDIC SPECIALTY HOSPITAL,3300 TILLMAN DRIVE,BENSALEM,PA,19020,BUCKS,(215) 244-7400,Acute Care Hospitals,Proprietary,No,,Not Available,16,7,Not Available,Not Available,Not Available,Not Available,5,8,2,0,2,0,,11,3,1,2,0,,8,8,,12,3,
390332.0,GEISINGER ST. LUKE'S  HOSPITAL,100 PARAMOUNT BOULEVARD,ORWIGSBURG,PA,17961,SCHUYLKILL,(272) 639-4990,Acute Care Hospitals,Voluntary non-profit - Private,No,,4,,7,4,0,4,0,,8,2,1,1,0,,11,6,0,6,0,,8,8,,12,9,
391301.0,UPMC MUNCY,215 EAST WATER STREET,MUNCY,PA,17756,LYCOMING,(570) 546-8282,Critical Access Hospitals,Voluntary non-profit - Private,Yes,,Not Available,16,7,2,0,2,0,,8,Not Available,Not Available,Not Available,Not Available,5,11,5,0,5,0,,8,8,,12,6,
391313.0,UPMC COLE,1001 EAST SECOND STREET,COUDERSPORT,PA,16915,POTTER,(814) 274-9301,Critical Access Hospitals,Voluntary non-profit - Private,Yes,Y,4,,7,3,0,3,0,,8,2,0,2,0,,11,7,0,7,0,,8,8,,12,7,
393309.0,SHRINERS HOSPITALS FOR CHILDREN - PHILADELPHIA,3551 N BROAD STREET,PHILADELPHIA,PA,19104,PHILADELPHIA,(215) 430-4000,Childrens,Voluntary non-profit - Other,No,,Not Available,19,Not Available,Not Available,Not Available,Not Available,Not Available,19,Not Available,Not Available,Not Available,Not Available,Not Available,19,Not Available,Not Available,Not Available,Not Available,Not Available,19,Not Available,Not Available,19,Not Available,Not Available,19
394027.0,FAIRMOUNT BEHAVIORAL HEALTH SYSTEM,561 FAIRTHORNE AVENUE,PHILADELPHIA,PA,19128,PHILADELPHIA,(215) 487-4000,Psychiatric,Proprietary,No,,Not Available,19,Not Available,Not Available,Not Available,Not Available,Not Available,19,Not Available,Not Available,Not Available,Not Available,Not Available,19,Not Available,Not Available,Not Available,Not Available,Not Available,19,Not Available,Not Available,19,Not Available,Not Available,19
394053.0,HAVEN BEHAVIORAL HOSPITAL OF PHILADELPHIA,"3301 SCOTTS LANE, FOUR FALLS BUILDING",PHILADELPHIA,PA,19129,PHILADELPHIA,(215) 475-3400,Psychiatric,Proprietary,No,,Not Available,19,Not Available,Not Available,Not Available,Not Available,Not Available,19,Not Available,Not Available,Not Available,Not Available,Not Available,19,Not Available,Not Available,Not Available,Not Available,Not Available,19,Not Available,Not Available,19,Not Available,Not Available,19
400006.0,DOCTOR'S CENTER DE SAN JUAN,PDA. 20 C/ SAN RAFAEL # 1395,SANTURCE,PR,909,SAN JUAN,(787) 723-2950,Acute Care Hospitals,Proprietary,Yes,,Not Available,16,7,1,0,1,0,,8,2,0,2,0,,11,2,0,0,2,,8,8,,12,4,
400019.0,HOSPITAL PAVIA SANTURCE,STREET PROFESOR AUGUSTO RODRIGUEZ #1462,SAN JUAN,PR,910,SAN JUAN,(787) 641-1616,Acute Care Hospitals,Voluntary non-profit - Private,Yes,,1,17,7,4,0,3,1,,8,2,0,0,2,,11,3,0,3,0,,8,Not Available,5,12,4,
400102.0,DOCTORS' CENTER BAYAMON,CALLE  J 9 EXTENSION  HERMANAS DAVILA,BAYAMON,PR,960,BAYAMON,(787) 622-5420,Acute Care Hospitals,Proprietary,Yes,,Not Available,16,7,1,0,1,0,,8,Not Available,Not Available,Not Available,Not Available,5,11,1,0,1,0,,8,8,,12,2,
400114.0,MANATI MEDICAL CENTER DR OTERO LOPEZ,CARR 668 CALLE HERNANDEZ CARRION URB ATENAS,MANATI,PR,674,MANATI,(787) 621-3700,Acute Care Hospitals,Voluntary non-profit - Private,Yes,Y,3,,7,Not Available,Not Available,Not Available,Not Available,5,8,4,2,2,0,,11,2,0,2,0,,8,8,,12,10,
400128.0,"HOSPITAL PAVIA HATO REY, INC",AVE PONCE DE LEON 435,HATO REY,PR,919,SAN JUAN,(787) 754-0909,Acute Care Hospitals,Proprietary,Yes,,Not Available,16,7,Not Available,Not Available,Not Available,Not Available,5,8,Not Available,Not Available,Not Available,Not Available,5,11,1,0,1,0,,8,Not Available,5,12,1,
403301.0,UNIVERSITY PEDIATRIC HOSPITAL,PUERTO RICO MEDICAL CENTER IN RIO PIEDRAS,SAN JUAN,PR,935,SAN JUAN,(787) 777-3232,Childrens,Government - State,Yes,,Not Available,19,Not Available,Not Available,Not Available,Not Available,Not Available,19,Not Available,Not Available,Not Available,Not Available,Not Available,19,Not Available,Not Available,Not Available,Not Available,Not Available,19,Not Available,Not Available,19,Not Available,Not Available,19
410009.0,KENT COUNTY MEMORIAL HOSPITAL,455 TOLL GATE RD,WARWICK,RI,2886,KENT,(401) 737-7010,Acute Care Hospitals,Proprietary,Yes,Y,2,,7,6,0,6,0,,8,6,1,5,0,,11,10,0,7,3,,8,8,,12,10,
420007.0,SPARTANBURG MEDICAL CENTER,101 E WOOD ST,SPARTANBURG,SC,29303,SPARTANBURG,(864) 560-6554,Acute Care Hospitals,Government - Hospital District or Authority,Yes,Y,2,,7,7,0,4,3,,8,7,2,5,0,,11,11,0,9,2,,8,8,,12,12,
420027.0,ANMED HEALTH,800 N FANT ST,ANDERSON,SC,29621,ANDERSON,(864) 512-2830,Acute Care Hospitals,Voluntary non-profit - Private,Yes,Y,4,,7,7,0,7,0,,8,7,3,4,0,,11,10,0,9,1,,8,8,,12,11,
420053.0,NEWBERRY COUNTY MEMORIAL HOSPITAL,2669 KINARD ST PO BOX 497,NEWBERRY,SC,29108,NEWBERRY,(803) 405-7145,Acute Care Hospitals,Voluntary non-profit - Other,Yes,Y,3,,7,2,0,1,1,,8,3,0,3,0,,11,8,0,8,0,,8,8,,12,8,
420080.0,HILTON HEAD REGIONAL MEDICAL CENTER,25 HOSPITAL CENTER BLVD,HILTON HEAD ISLAND,SC,29926,BEAUFORT,(843) 681-6122,Acute Care Hospitals,Voluntary non-profit - Other,Yes,Y,3,,7,7,0,7,0,,8,6,1,5,0,,11,11,0,11,0,,8,8,,12,12,
420103.0,PELHAM MEDICAL CENTER,250 WESTMORELAND ROAD,GREER,SC,29651,GREENVILLE,(864) 560-6554,Acute Care Hospitals,Government - Hospital District or Authority,Yes,,5,,7,4,0,4,0,,8,3,0,3,0,,11,6,0,6,0,,8,8,,12,9,
421304.0,EDGEFIELD COUNTY HEALTHCARE AN AFFILIATE OF SELF R,300 RIDGE MEDICAL PLAZA,EDGEFIELD,SC,29384,LAURENS,(803) 637-3174,Critical Access Hospitals,Voluntary non-profit - Private,Yes,,Not Available,16,7,Not Available,Not Available,Not Available,Not Available,5,8,Not Available,Not Available,Not Available,Not Available,5,11,1,0,1,0,,8,Not Available,5,12,5,
430005.0,"PRAIRIE LAKES HEALTHCARE SYSTEM, INC",401 9TH AVENUE NW  POST OFFICE BOX 1210,WATERTOWN,SD,57201,CODINGTON,(605) 882-7000,Acute Care Hospitals,Voluntary non-profit - Private,Yes,Y,4,,7,5,0,5,0,,8,4,1,3,0,,11,9,1,8,0,,8,8,,12,12,
430089.0,DUNES SURGICAL HOSPITAL,600 N SIOUX POINT ROAD,DAKOTA DUNES,SD,57049,UNION,(605) 232-3332,Acute Care Hospitals,Proprietary,No,,Not Available,16,7,Not Available,Not Available,Not Available,Not Available,5,8,2,0,2,0,,11,4,1,3,0,,8,8,,12,4,
431302.0,AVERA MISSOURI RIVER HEALTH CENTER,606 EAST GARFIELD,GETTYSBURG,SD,57442,POTTER,(605) 765-2488,Critical Access Hospitals,Voluntary non-profit - Private,Yes,,Not Available,16,7,1,0,1,0,,8,Not Available,Not Available,Not Available,Not Available,5,11,1,0,1,0,,8,Not Available,5,12,4,
431314.0,BENNETT COUNTY HOSPITAL AND NURSING HOME - CAH,102 MAJOR ALLEN   POST OFFICE BOX 70D,MARTIN,SD,57551,BENNETT,(605) 685-6622,Critical Access Hospitals,Voluntary non-profit - Private,Yes,,Not Available,16,7,Not Available,Not Available,Not Available,Not Available,5,8,Not Available,Not Available,Not Available,Not Available,5,11,Not Available,Not Available,Not Available,Not Available,5,8,Not Available,5,12,2,
431324.0,AVERA WESKOTA MEMORIAL MEDICAL CENTER - CAH,604 1ST ST NE,WESSINGTON SPRINGS,SD,57382,JERAULD,(605) 539-1201,Critical Access Hospitals,Voluntary non-profit - Private,Yes,,Not Available,16,7,Not Available,Not Available,Not Available,Not Available,5,8,Not Available,Not Available,Not Available,Not Available,5,11,1,0,1,0,,8,Not Available,5,12,3,
431334.0,WINNER REGIONAL HEALTHCARE CENTER - CAH,745 EAST 8TH STREET,WINNER,SD,57580,TRIPP,(605) 842-7100,Critical Access Hospitals,Voluntary non-profit - Private,Yes,,Not Available,16,7,1,0,1,0,,8,Not Available,Not Available,Not Available,Not Available,5,11,3,0,3,0,,8,Not Available,5,12,5,
440002.0,JACKSON-MADISON COUNTY GENERAL HOSPITAL,620 SKYLINE DRIVE,JACKSON,TN,38301,MADISON,(731) 541-5000,Acute Care Hospitals,Government - Hospital District or Authority,Yes,Y,3,,7,7,1,5,1,,8,6,3,2,1,,11,10,1,8,1,,8,8,,12,12,
440017.0,WELLMONT HOLSTON VALLEY MEDICAL CENTER,130 WEST RAVINE ROAD,KINGSPORT,TN,37662,SULLIVAN,(423) 224-4000,Acute Care Hospitals,Voluntary non-profit - Private,Yes,,3,,7,7,0,6,1,,8,7,1,6,0,,11,9,0,9,0,,8,8,,12,11,
440039.0,VANDERBILT UNIVERSITY MEDICAL CENTER,1211 MEDICAL CENTER DRIVE,NASHVILLE,TN,37232,DAVIDSON,(615) 322-3454,Acute Care Hospitals,Voluntary non-profit - Private,Yes,Y,4,,7,7,1,6,0,,8,8,2,4,2,,11,11,1,9,1,,8,8,,12,10,
440060.0,WEST TENNESSEE HEALTHCARE MILAN HOSPITAL,4039 HIGHLAND ST,MILAN,TN,38358,GIBSON,(731) 686-1591,Acute Care Hospitals,Government - Local,Yes,,Not Available,16,7,1,0,1,0,,8,1,0,1,0,,11,4,0,4,0,,8,Not Available,5,12,7,
440091.0,"MEMORIAL HEALTHCARE SYSTEM, INC",2525 DESALES AVE,CHATTANOOGA,TN,37404,HAMILTON,(423) 495-2525,Acute Care Hospitals,Voluntary non-profit - Church,No,,4,,7,7,0,6,1,,8,8,4,4,0,,11,11,2,9,0,,8,8,,12,10,
440132.0,WEST TENNESSEE HEALTHCARE HENRY COUNTY HOSPITAL,301 TYSON AVENUE,PARIS,TN,38242,HENRY,(731) 642-1220,Acute Care Hospitals,Government - Hospital District or Authority,Yes,,3,,7,4,0,4,0,,8,2,0,2,0,,11,6,1,5,0,,8,8,,12,11,
440161.0,TRISTAR CENTENNIAL MEDICAL CENTER,2300 PATTERSON STREET,NASHVILLE,TN,37203,DAVIDSON,(615) 342-1000,Acute Care Hospitals,Proprietary,Yes,Y,4,,7,7,0,7,0,,8,8,4,4,0,,11,11,1,8,2,,8,8,,12,10,
440194.0,TRISTAR HENDERSONVILLE MEDICAL CENTER,355 NEW SHACKLE ISLAND RD,HENDERSONVILLE,TN,37075,SUMNER,(615) 338-1000,Acute Care Hospitals,Proprietary,Yes,Y,4,,7,6,0,6,0,,8,7,1,6,0,,11,8,1,7,0,,8,8,,12,11,
440780.0,WAYNE MEDICAL CENTER,103 J V MANGUBAT DR,WAYNESBORO,TN,38485,WAYNE,(931) 722-5411,Rural Emergency Hospital,Voluntary non-profit - Other,Yes,,Not Available,19,Not Available,Not Available,Not Available,Not Available,Not Available,19,Not Available,Not Available,Not Available,Not Available,Not Available,19,Not Available,Not Available,Not Available,Not Available,Not Available,19,Not Available,Not Available,19,Not Available,Not Available,19
441313.0,HANCOCK COUNTY HOSPITAL,1519 MAIN STREET HWY 33,SNEEDVILLE,TN,37869,HANCOCK,(423) 733-5001,Critical Access Hospitals,Voluntary non-profit - Other,Yes,,Not Available,16,7,Not Available,Not Available,Not Available,Not Available,5,8,Not Available,Not Available,Not Available,Not Available,5,11,Not Available,Not Available,Not Available,Not Available,5,8,Not Available,5,12,5,
444003.0,RIDGEVIEW PSYCHIATRIC HOSPITAL AND CENTER,240 W TYRONE RD,OAK RIDGE,TN,37830,ANDERSON,(865) 482-1076,Psychiatric,Voluntary non-profit - Private,No,,Not Available,19,Not Available,Not Available,Not Available,Not Available,Not Available,19,Not Available,Not Available,Not Available,Not Available,Not Available,19,Not Available,Not Available,Not Available,Not Available,Not Available,19,Not Available,Not Available,19,Not Available,Not Available,19
444024.0,UNITY PSYCHIATRIC CARE-MEMPHIS,1505 N SECOND STREET,MEMPHIS,TN,38107,SHELBY,(901) 791-0600,Psychiatric,Proprietary,No,,Not Available,19,Not Available,Not Available,Not Available,Not Available,Not Available,19,Not Available,Not Available,Not Available,Not Available,Not Available,19,Not Available,Not Available,Not Available,Not Available,Not Available,19,Not Available,Not Available,19,Not Available,Not Available,19
450007.0,PETERSON REGIONAL MEDICAL CENTER,551 HILL COUNTRY DRIVE,KERRVILLE,TX,78028,KERR,(830) 896-4200,Acute Care Hospitals,Voluntary non-profit - Private,Yes,Y,4,,7,5,0,5,0,,8,5,1,3,1,,11,8,0,8,0,,8,8,,12,12,
450032.0,CHRISTUS GOOD SHEPHERD MEDICAL CENTER,700 E MARSHALL AVE,LONGVIEW,TX,75601,GREGG,(903) 927-6712,Acute Care Hospitals,Voluntary non-profit - Private,Yes,Y,3,,7,7,0,7,0,,8,6,2,4,0,,11,10,0,10,0,,8,8,,12,12,
450054.0,BAYLOR SCOTT & WHITE MEDICAL CENTER - TEMPLE,2401 S  31ST ST,TEMPLE,TX,76508,BELL,(254) 724-2111,Acute Care Hospitals,Voluntary non-profit - Private,Yes,Y,4,,7,7,1,6,0,,8,8,5,2,1,,11,11,1,10,0,,8,8,,12,11,
450083.0,UT HEALTH EAST TEXAS TYLER REGIONAL HOSPITAL,1000 SOUTH BECKHAM AVE,TYLER,TX,75701,SMITH,(903) 597-0351,Acute Care Hospitals,Proprietary,Yes,Y,1,,7,7,0,5,2,,8,7,1,6,0,,11,11,0,7,4,,8,8,,12,11,
450119.0,SOUTH TEXAS HEALTH SYSTEM,1102 W TRENTON ROAD,EDINBURG,TX,78539,HIDALGO,(956) 632-4000,Acute Care Hospitals,Proprietary,Yes,Y,4,,7,7,0,7,0,,8,6,1,5,0,,11,8,0,8,0,,8,8,,12,10,
450148.0,TEXAS HEALTH HARRIS METHODIST HOSPITAL CLEBURNE,201 WALLS DRIVE,CLEBURNE,TX,76031,JOHNSON,(817) 641-2251,Acute Care Hospitals,Voluntary non-profit - Church,Yes,,3,,7,3,0,3,0,,8,2,0,2,0,,11,6,1,5,0,,8,8,,12,9,
450194.0,UT HEALTH EAST TEXAS JACKSONVILLE HOSPITAL,501 S RAGSDALE,JACKSONVILLE,TX,75766,CHEROKEE,(903) 541-5000,Acute Care Hospitals,Proprietary,Yes,Y,Not Available,16,7,2,0,2,0,,8,2,0,2,0,,11,5,0,4,1,,8,8,,12,10,
450231.0,BSA HOSPITAL,1600 WALLACE BLVD,AMARILLO,TX,79106,POTTER,(806) 212-2000,Acute Care Hospitals,Proprietary,Yes,Y,2,,7,7,0,5,2,,8,8,4,3,1,,11,11,0,10,1,,8,8,,12,10,
450324.0,TEXOMA MEDICAL CENTER,5016 S US HIGHWAY 75,DENISON,TX,75020,GRAYSON,(903) 416-4000,Acute Care Hospitals,Proprietary,Yes,Y,3,,7,7,2,5,0,,8,7,3,4,0,,11,9,0,7,2,,8,8,,12,11,
450379.0,DALLAS MEDICAL CENTER,7 MEDICAL PARKWAY,DALLAS,TX,75234,DALLAS,(972) 247-1000,Acute Care Hospitals,Proprietary,Yes,,Not Available,16,7,2,0,2,0,,8,2,1,1,0,,11,3,0,3,0,,8,8,,12,7,
450424.0,HOUSTON METHODIST BAYTOWN HOSPITAL,4401 GARTH ROAD,BAYTOWN,TX,77521,HARRIS,(281) 420-8600,Acute Care Hospitals,Voluntary non-profit - Private,Yes,Y,5,,7,7,1,6,0,,8,6,3,3,0,,11,10,0,10,0,,8,8,,12,12,
450489.0,MEDICAL ARTS HOSPITAL,2200 N BRYAN AVE,LAMESA,TX,79331,DAWSON,(806) 872-2183,Acute Care Hospitals,Government - Hospital District or Authority,Yes,,Not Available,16,7,1,0,1,0,,8,Not Available,Not Available,Not Available,Not Available,5,11,2,0,2,0,,8,Not Available,5,12,6,
450584.0,WILBARGER GENERAL HOSPITAL,920 HILLCREST DR,VERNON,TX,76384,WILBARGER,(940) 552-9351,Acute Care Hospitals,Government - Hospital District or Authority,Yes,,Not Available,16,7,2,0,2,0,,8,1,0,1,0,,11,4,0,4,0,,8,Not Available,5,12,8,
450641.0,NOCONA GENERAL HOSPITAL,100 PARK ROAD,NOCONA,TX,76255,MONTAGUE,(940) 825-3235,Acute Care Hospitals,Government - Hospital District or Authority,Yes,,Not Available,16,7,1,0,1,0,,8,Not Available,Not Available,Not Available,Not Available,5,11,3,0,3,0,,8,Not Available,5,12,8,
450661.0,ODESSA REGIONAL MEDICAL CENTER,520 E 6TH STREET,ODESSA,TX,79761,ECTOR,(432) 582-8340,Acute Care Hospitals,Proprietary,Yes,Y,3,,7,6,0,6,0,,8,4,2,2,0,,11,8,1,7,0,,8,8,,12,10,
450684.0,MEMORIAL HERMANN NORTHEAST HOSPITAL,18951 MEMORIAL NORTH,HUMBLE,TX,77338,HARRIS,(281) 540-7700,Acute Care Hospitals,Voluntary non-profit - Private,Yes,Y,3,,7,6,0,6,0,,8,7,1,5,1,,11,9,0,8,1,,8,8,,12,11,
450718.0,ROUND ROCK MEDICAL CENTER,2400 ROUND ROCK AVE,ROUND ROCK,TX,78681,WILLIAMSON,(512) 341-1000,Acute Care Hospitals,Proprietary,Yes,Y,3,,7,7,0,7,0,,8,6,3,3,0,,11,8,0,7,1,,8,8,,12,10,
450779.0,TEXAS HEALTH HARRIS METHODIST HOSPITAL SOUTHWEST F,6100 HARRIS PKWY,FORT WORTH,TX,76132,TARRANT,(817) 433-5000,Acute Care Hospitals,Voluntary non-profit - Private,Yes,Y,4,,7,6,0,6,0,,8,8,3,5,0,,11,8,1,7,0,,8,8,,12,10,
450828.0,CHRISTUS SPOHN HOSPITAL ALICE,2500 E MAIN STREET,ALICE,TX,78332,JIM WELLS,(361) 661-8016,Acute Care Hospitals,Voluntary non-profit - Private,Yes,Y,5,,7,3,0,3,0,,8,3,0,3,0,,11,3,1,2,0,,8,8,,12,10,
450855.0,HARLINGEN MEDICAL CENTER,5501 SOUTH EXPRESSWAY 77,HARLINGEN,TX,78550,CAMERON,(956) 365-1000,Acute Care Hospitals,Proprietary,Yes,Y,4,,7,5,0,5,0,,8,7,1,6,0,,11,8,0,8,0,,8,8,,12,10,
450875.0,QUAIL CREEK SURGICAL HOSPITAL,6819 PLUM CREEK,AMARILLO,TX,79124,POTTER,(806) 354-6100,Acute Care Hospitals,Proprietary,Yes,,Not Available,16,7,Not Available,Not Available,Not Available,Not Available,5,8,2,0,2,0,,11,3,0,3,0,,8,8,,12,4,
451300.0,PARMER COUNTY COMMUNITY HOSPITAL,1307 CLEVELAND STREET,FRIONA,TX,79035,PARMER,(806) 250-2754,Critical Access Hospitals,Voluntary non-profit - Private,Yes,,Not Available,16,7,1,0,1,0,,8,Not Available,Not Available,Not Available,Not Available,5,11,2,0,2,0,,8,Not Available,5,12,3,
451311.0,SWEENY COMMUNITY HOSPITAL,305 NORTH MCKINNEY,SWEENY,TX,77480,BRAZORIA,(979) 548-3311,Critical Access Hospitals,Government - Hospital District or Authority,Yes,,Not Available,16,7,Not Available,Not Available,Not Available,Not Available,5,8,Not Available,Not Available,Not Available,Not Available,5,11,Not Available,Not Available,Not Available,Not Available,5,8,Not Available,5,12,4,
451322.0,GRIMES ST JOSEPH HEALTH CENTER,210 JUDSON ST,NAVASOTA,TX,77868,GRIMES,(936) 825-6585,Critical Access Hospitals,Voluntary non-profit - Private,Yes,,Not Available,16,7,Not Available,Not Available,Not Available,Not Available,5,8,Not Available,Not Available,Not Available,Not Available,5,11,Not Available,Not Available,Not Available,Not Available,5,8,Not Available,5,12,4,
451334.0,PARKVIEW HOSPITAL,901 S. SWEETWATER,WHEELER,TX,79096,WHEELER,(806) 826-5581,Critical Access Hospitals,Government - Hospital District or Authority,Yes,,Not Available,16,7,Not Available,Not Available,Not Available,Not Available,5,8,Not Available,Not Available,Not Available,Not Available,5,11,Not Available,Not Available,Not Available,Not Available,5,8,Not Available,5,12,2,
451346.0,YOAKUM COMMUNITY HOSPITAL,1200 CARL RAMERT DRIVE,YOAKUM,TX,77995,LAVACA,(361) 293-2321,Critical Access Hospitals,Voluntary non-profit - Private,Yes,,Not Available,16,7,2,0,1,1,,8,Not Available,Not Available,Not Available,Not Available,5,11,4,0,4,0,,8,Not Available,5,12,6,
451356.0,MEMORIAL MEDICAL CENTER,701 N VIRGINIA ST,PORT LAVACA,TX,77979,CALHOUN,(361) 552-6713,Critical Access Hospitals,Government - Local,Yes,,Not Available,16,7,2,0,2,0,,8,Not Available,Not Available,Not Available,Not Available,5,11,4,0,4,0,,8,Not Available,5,12,3,
451369.0,GOLDEN PLAINS COMMUNITY HOSPITAL,100 MEDICAL DRIVE,BORGER,TX,79007,HUTCHINSON,(806) 273-1100,Critical Access Hospitals,Proprietary,Yes,,Not Available,16,7,Not Available,Not Available,Not Available,Not Available,5,8,Not Available,Not Available,Not Available,Not Available,5,11,1,0,1,0,,8,Not Available,5,12,2,
451379.0,CORYELL MEMORIAL HOSPITAL,1507 W MAIN STREET,GATESVILLE,TX,76528,CORYELL,(254) 865-8251,Critical Access Hospitals,Government - Hospital District or Authority,Yes,,Not Available,16,7,1,0,1,0,,8,2,0,2,0,,11,3,0,3,0,,8,8,,12,5,
451391.0,FRIO REGIONAL HOSPITAL,200 S IH 35,PEARSALL,TX,78061,FRIO,(830) 334-3617,Critical Access Hospitals,Voluntary non-profit - Private,Yes,,Not Available,16,7,Not Available,Not Available,Not Available,Not Available,5,8,Not Available,Not Available,Not Available,Not Available,5,11,2,0,2,0,,8,Not Available,5,12,7,
453301.0,DRISCOLL CHILDRENS HOSPITAL,3533 S ALAMEDA,CORPUS CHRISTI,TX,78411,NUECES,(361) 739-4846,Childrens,Voluntary non-profit - Private,Yes,,Not Available,19,Not Available,Not Available,Not Available,Not Available,Not Available,19,Not Available,Not Available,Not Available,Not Available,Not Available,19,Not Available,Not Available,Not Available,Not Available,Not Available,19,Not Available,Not Available,19,Not Available,Not Available,19
453316.0,CHILDRENS MEDICAL CENTER PLANO,7601 PRESTON ROAD,PLANO,TX,75024,COLLIN,(214) 456-1792,Childrens,Voluntary non-profit - Private,Yes,,Not Available,19,Not Available,Not Available,Not Available,Not Available,Not Available,19,Not Available,Not Available,Not Available,Not Available,Not Available,19,Not Available,Not Available,Not Available,Not Available,Not Available,19,Not Available,Not Available,19,Not Available,Not Available,19
454012.0,MILLWOOD HOSPITAL,1011 NORTH COOPER STREET,ARLINGTON,TX,76011,TARRANT,(817) 261-3121,Psychiatric,Proprietary,No,,Not Available,19,Not Available,Not Available,Not Available,Not Available,Not Available,19,Not Available,Not Available,Not Available,Not Available,Not Available,19,Not Available,Not Available,Not Available,Not Available,Not Available,19,Not Available,Not Available,19,Not Available,Not Available,19
454084.0,AUSTIN STATE HOSPITAL,4110 GUADALUPE,AUSTIN,TX,78751,TRAVIS,(512) 419-2100,Psychiatric,Government - State,No,,Not Available,19,Not Available,Not Available,Not Available,Not Available,Not Available,19,Not Available,Not Available,Not Available,Not Available,Not Available,19,Not Available,Not Available,Not Available,Not Available,Not Available,19,Not Available,Not Available,19,Not Available,Not Available,19
454109.0,EL PASO BEHAVIORAL HEALTH SYSTEM,1900 DENVER AVE,EL PASO,TX,79902,EL PASO,(915) 544-4000,Psychiatric,Proprietary,Yes,,Not Available,19,Not Available,Not Available,Not Available,Not Available,Not Available,19,Not Available,Not Available,Not Available,Not Available,Not Available,19,Not Available,Not Available,Not Available,Not Available,Not Available,19,Not Available,Not Available,19,Not Available,Not Available,19
454126.0,DALLAS BEHAVIORAL HEALTHCARE HOSPITAL LLC,800 KIRNWOOD DRIVE,DE SOTO,TX,75115,DALLAS,(972) 296-1005,Psychiatric,Voluntary non-profit - Other,No,,Not Available,19,Not Available,Not Available,Not Available,Not Available,Not Available,19,Not Available,Not Available,Not Available,Not Available,Not Available,19,Not Available,Not Available,Not Available,Not Available,Not Available,19,Not Available,Not Available,19,Not Available,Not Available,19
454141.0,PALMS BEHAVIORAL HEALTH,613 VICTORIA LANE,HARLINGEN,TX,78550,CAMERON,(956) 365-2600,Psychiatric,Proprietary,No,,Not Available,19,Not Available,Not Available,Not Available,Not Available,Not Available,19,Not Available,Not Available,Not Available,Not Available,Not Available,19,Not Available,Not Available,Not Available,Not Available,Not Available,19,Not Available,Not Available,19,Not Available,Not Available,19
454154.0,OCEANS BEHAVIORAL HOSPITAL OF AMARILLO,7501 WALLACE BLVD STE 200,AMARILLO,TX,79124,POTTER,(806) 310-2205,Psychiatric,Proprietary,No,,Not Available,19,Not Available,Not Available,Not Available,Not Available,Not Available,19,Not Available,Not Available,Not Available,Not Available,Not Available,19,Not Available,Not Available,Not Available,Not Available,Not Available,19,Not Available,Not Available,19,Not Available,Not Available,19
460006.0,LDS HOSPITAL,8TH AVENUE AND C STREET,SALT LAKE CITY,UT,84143,SALT LAKE,(801) 408-1100,Acute Care Hospitals,Voluntary non-profit - Private,Yes,Y,4,,7,2,0,2,0,,8,8,0,8,0,,11,8,0,8,0,,8,8,,12,9,
460021.0,ST. GEORGE REGIONAL HOSPITAL,1380 EAST MEDICAL CENTER DRIVE,ST GEORGE,UT,84790,WASHINGTON,(435) 251-2100,Acute Care Hospitals,Voluntary non-profit - Private,Yes,Y,4,,7,7,1,6,0,,8,8,3,5,0,,11,11,2,9,0,,8,8,,12,12,
460051.0,HOLY CROSS HOSPITAL-JORDAN VALLEY,3580 WEST 9000 SOUTH,WEST JORDAN,UT,84088,SALT LAKE,(801) 561-8888,Acute Care Hospitals,Voluntary non-profit - Private,Yes,Y,3,,7,6,0,6,0,,8,6,1,5,0,,11,8,0,8,0,,8,8,,12,12,
461302.0,MOAB REGIONAL HOSPITAL,450 WEST WILLIAMS WAY,MOAB,UT,84532,GRAND,(435) 719-3500,Critical Access Hospitals,Voluntary non-profit - Private,Yes,,Not Available,16,7,Not Available,Not Available,Not Available,Not Available,5,8,Not Available,Not Available,Not Available,Not Available,5,11,1,0,1,0,,8,Not Available,5,12,1,
461335.0,BEAVER VALLEY HOSPITAL,1109 NORTH 100 WEST,BEAVER,UT,84713,BEAVER,(435) 438-7100,Critical Access Hospitals,Government - Local,Yes,,Not Available,16,7,1,0,1,0,,8,Not Available,Not Available,Not Available,Not Available,5,11,3,0,3,0,,8,Not Available,5,12,3,
470012.0,SOUTHWESTERN VERMONT MEDICAL CENTER,100 HOSPITAL DRIVE,BENNINGTON,VT,5201,BENNINGTON,(802) 442-6361,Acute Care Hospitals,Voluntary non-profit - Private,Yes,Y,4,,7,5,0,5,0,,8,3,0,3,0,,11,9,1,8,0,,8,8,,12,12,
474001.0,BRATTLEBORO RETREAT,ANNA MARSH LANE PO BOX 803,BRATTLEBORO,VT,5301,WINDHAM,(802) 257-7785,Psychiatric,Voluntary non-profit - Private,Yes,,Not Available,19,Not Available,Not Available,Not Available,Not Available,Not Available,19,Not Available,Not Available,Not Available,Not Available,Not Available,19,Not Available,Not Available,Not Available,Not Available,Not Available,19,Not Available,Not Available,19,Not Available,Not Available,19
490017.0,BON SECOURS MARYVIEW MEDICAL CENTER,3636 HIGH STREET,PORTSMOUTH,VA,23707,PORTSMOUTH CITY,(757) 398-2200,Acute Care Hospitals,Voluntary non-profit - Private,Yes,,3,,7,7,0,6,1,,8,7,3,4,0,,11,11,0,11,0,,8,8,,12,10,
490037.0,RIVERSIDE SHORE MEMORIAL HOSPITAL,20480 MARKET STREET,ONANCOCK,VA,23417,ACCOMACK,(757) 414-8000,Acute Care Hospitals,Voluntary non-profit - Private,Yes,Y,3,,7,5,0,5,0,,8,2,1,1,0,,11,8,0,8,0,,8,8,,12,11,
490050.0,VIRGINIA HOSPITAL CENTER,1701 NORTH GEORGE MASON DRIVE,ARLINGTON,VA,22205,ARLINGTON,(703) 558-5000,Acute Care Hospitals,Voluntary non-profit - Private,Yes,Y,5,,7,7,0,7,0,,8,8,1,7,0,,11,9,1,7,1,,8,8,,12,11,
490075.0,SOVAH HEALTH DANVILLE,142 SOUTH MAIN STREET,DANVILLE,VA,24541,DANVILLE CITY,(434) 799-2100,Acute Care Hospitals,Proprietary,Yes,Y,2,,7,6,0,6,0,,8,7,1,6,0,,11,10,0,9,1,,8,8,,12,11,
490098.0,COMMUNITY MEMORIAL HOSPITAL,1755 NORTH MECKLENBURG AVENUE,SOUTH HILL,VA,23970,MECKLENBURG,(434) 447-3151,Acute Care Hospitals,Government - Hospital District or Authority,Yes,Y,3,,7,4,0,4,0,,8,3,1,2,0,,11,8,1,6,1,,8,8,,12,11,
490116.0,LEWISGALE HOSPITAL PULASKI,2400 LEE HIGHWAY,PULASKI,VA,24301,PULASKI,(540) 994-8100,Acute Care Hospitals,Proprietary,Yes,,3,,7,4,0,4,0,,8,2,0,2,0,,11,8,0,8,0,,8,8,,12,9,
490140.0,"STAFFORD HOSPITAL, LLC",101 HOSPITAL CENTER BOULEVARD,STAFFORD,VA,22554,STAFFORD,(540) 741-9000,Acute Care Hospitals,Voluntary non-profit - Private,Yes,Y,3,,7,5,0,5,0,,8,2,1,1,0,,11,6,0,5,1,,8,8,,12,9,
491307.0,"PAGE MEMORIAL HOSPITAL, INC",200 MEMORIAL DRIVE,LURAY,VA,22835,PAGE,(540) 743-4561,Critical Access Hospitals,Voluntary non-profit - Private,Yes,,Not Available,16,7,2,0,2,0,,8,1,0,1,0,,11,5,1,4,0,,8,8,,12,7,
494025.0,VIRGINIA BEACH PSYCHIATRIC CENTER,1100 FIRST COLONIAL ROAD,VIRGINIA BEACH,VA,23454,VIRGINIA BEACH CITY,(757) 496-6000,Psychiatric,Proprietary,No,,Not Available,19,Not Available,Not Available,Not Available,Not Available,Not Available,19,Not Available,Not Available,Not Available,Not Available,Not Available,19,Not Available,Not Available,Not Available,Not Available,Not Available,19,Not Available,Not Available,19,Not Available,Not Available,19
500014.0,PROVIDENCE REGIONAL MEDICAL CENTER EVERETT,1321 COLBY AVENUE,EVERETT,WA,98201,SNOHOMISH,(425) 261-2000,Acute Care Hospitals,Voluntary non-profit - Church,Yes,Y,2,,7,7,0,7,0,,8,8,1,7,0,,11,9,1,8,0,,8,8,,12,11,
500031.0,GRAYS HARBOR COMMUNITY HOSPITAL,915 ANDERSON DRIVE,ABERDEEN,WA,98520,GRAYS HARBOR,(360) 532-8330,Acute Care Hospitals,Voluntary non-profit - Private,Yes,Y,2,,7,5,0,4,1,,8,4,0,4,0,,11,8,0,7,1,,8,8,,12,12,
500053.0,TRIOS HEALTH,3780 PLAZA WAY,KENNEWICK,WA,99338,BENTON,(509) 586-6111,Acute Care Hospitals,Government - Hospital District or Authority,Yes,Y,1,,7,5,0,3,2,,8,3,0,3,0,,11,10,0,10,0,,8,8,,12,11,
500108.0,ST JOSEPH MEDICAL CENTER,1717 SOUTH J STREET,TACOMA,WA,98405,PIERCE,(253) 627-4101,Acute Care Hospitals,Voluntary non-profit - Church,Yes,Y,4,,7,7,0,7,0,,8,7,4,3,0,,11,10,1,8,1,,8,8,,12,10,
501301.0,GARFIELD COUNTY PUBLIC HOSPITAL DISTRICT #1,66 NORTH SIXTH STREET,POMEROY,WA,99347,GARFIELD,(509) 843-1591,Critical Access Hospitals,Government - Hospital District or Authority,Yes,,Not Available,16,7,Not Available,Not Available,Not Available,Not Available,5,8,Not Available,Not Available,Not Available,Not Available,5,11,Not Available,Not Available,Not Available,Not Available,5,8,Not Available,5,12,Not Available,5
501312.0,PROSSER MEMORIAL HOSPITAL,723 MEMORIAL STREET,PROSSER,WA,99350,BENTON,(509) 786-2222,Critical Access Hospitals,Government - Hospital District or Authority,Yes,Y,5,,7,3,0,3,0,,8,1,0,1,0,,11,3,0,3,0,,8,8,,12,7,
501322.0,FERRY COUNTY MEMORIAL HOSPITAL,36 KLONDIKE ROAD,REPUBLIC,WA,99166,FERRY,(509) 775-3333,Critical Access Hospitals,Government - Hospital District or Authority,Yes,,Not Available,16,7,Not Available,Not Available,Not Available,Not Available,5,8,Not Available,Not Available,Not Available,Not Available,5,11,1,0,1,0,,8,Not Available,5,12,2,
501332.0,TRI-STATE MEMORIAL HOSPITAL,1221 HIGHLAND AVENUE,CLARKSTON,WA,99403,ASOTIN,(509) 758-5511,Critical Access Hospitals,Voluntary non-profit - Private,Yes,,3,,7,4,0,4,0,,8,Not Available,Not Available,Not Available,Not Available,5,11,8,1,7,0,,8,8,,12,6,
503301.0,MARY BRIDGE CHILDREN'S HOSPITAL,317 MARTIN LUTHER KING JR W BOX 5299,TACOMA,WA,98415,PIERCE,(253) 403-1400,Childrens,Voluntary non-profit - Other,Yes,,Not Available,19,Not Available,Not Available,Not Available,Not Available,Not Available,19,Not Available,Not Available,Not Available,Not Available,Not Available,19,Not Available,Not Available,Not Available,Not Available,Not Available,19,Not Available,Not Available,19,Not Available,Not Available,19
504016.0,WELLFOUND BEHAVIORAL HEALTH HOSPITAL,3402 S 19TH ST,TACOMA,WA,98405,PIERCE,(253) 403-4565,Psychiatric,Voluntary non-profit - Private,No,,Not Available,19,Not Available,Not Available,Not Available,Not Available,Not Available,19,Not Available,Not Available,Not Available,Not Available,Not Available,19,Not Available,Not Available,Not Available,Not Available,Not Available,19,Not Available,Not Available,19,Not Available,Not Available,19
510024.0,MON HEALTH MEDICAL CENTER,1200 JD ANDERSON DRIVE,MORGANTOWN,WV,26505,MONONGALIA,(304) 598-1200,Acute Care Hospitals,Voluntary non-profit - Private,Yes,Y,4,,7,7,0,7,0,,8,7,0,7,0,,11,11,1,10,0,,8,8,,12,10,
510070.0,RALEIGH GENERAL HOSPITAL,1710 HARPER ROAD,BECKLEY,WV,25801,RALEIGH,(304) 256-4100,Acute Care Hospitals,Proprietary,Yes,Y,1,,7,6,0,5,1,,8,5,1,4,0,,11,7,0,5,2,,8,8,,12,11,
511306.0,ROANE GENERAL HOSPITAL,200 HOSPITAL DRIVE,SPENCER,WV,25276,ROANE,(304) 927-4444,Critical Access Hospitals,Voluntary non-profit - Private,Yes,,Not Available,16,7,Not Available,Not Available,Not Available,Not Available,5,8,Not Available,Not Available,Not Available,Not Available,5,11,1,0,1,0,,8,Not Available,5,12,6,
511316.0,GRANT MEMORIAL HOSPITAL,117 HOSPITAL DRIVE,PETERSBURG,WV,26847,GRANT,(304) 257-1026,Critical Access Hospitals,Voluntary non-profit - Other,Yes,Y,4,,7,3,0,3,0,,8,2,0,2,0,,11,4,1,3,0,,8,8,,12,4,
514011.0,"HIGHLAND-CLARKSBURG HOSPITAL, INC",3 HOSPITAL PLAZA,CLARKSBURG,WV,26301,HARRISON,(304) 969-3100,Psychiatric,Voluntary non-profit - Private,Yes,,Not Available,19,Not Available,Not Available,Not Available,Not Available,Not Available,19,Not Available,Not Available,Not Available,Not Available,Not Available,19,Not Available,Not Available,Not Available,Not Available,Not Available,19,Not Available,Not Available,19,Not Available,Not Available,19
520030.0,ASPIRUS WAUSAU HOSPITAL,333 PINE RIDGE BLVD,WAUSAU,WI,54401,MARATHON,(715) 847-2000,Acute Care Hospitals,Proprietary,Yes,Y,4,,7,7,0,7,0,,8,7,1,5,1,,11,11,1,10,0,,8,8,,12,11,
520051.0,ASCENSION COLUMBIA ST MARYS HOSPITAL MILWAUKEE,2323 N LAKE DR,MILWAUKEE,WI,53211,MILWAUKEE,(414) 585-1374,Acute Care Hospitals,Voluntary non-profit - Church,Yes,Y,2,,7,7,0,7,0,,8,7,2,5,0,,11,10,0,9,1,,8,8,,12,10,
520078.0,ASCENSION ST FRANCIS HOSPITAL,3237 S 16TH ST,MILWAUKEE,WI,53215,MILWAUKEE,(414) 647-5000,Acute Care Hospitals,Voluntary non-profit - Private,Yes,,4,,7,3,0,3,0,,8,4,0,4,0,,11,8,0,7,1,,8,8,,12,7,
520100.0,BELOIT HEALTH SYSTEM,1969 W HART RD,BELOIT,WI,53511,ROCK,(608) 364-5011,Acute Care Hospitals,Voluntary non-profit - Private,Yes,Y,4,,7,6,0,6,0,,8,5,0,5,0,,11,9,0,9,0,,8,8,,12,11,
520160.0,THEDACARE REGIONAL MEDICAL CENTER - APPLETON INC,1818 N MEADE ST,APPLETON,WI,54911,OUTAGAMIE,(920) 731-4101,Acute Care Hospitals,Voluntary non-profit - Private,Yes,Y,4,,7,7,0,7,0,,8,7,1,5,1,,11,11,3,8,0,,8,8,,12,11,
520207.0,AURORA MEDICAL CENTER,975 PORT WASHINGTON ROAD,GRAFTON,WI,53024,OZAUKEE,(262) 329-1000,Acute Care Hospitals,Voluntary non-profit - Private,Yes,Y,5,,7,7,1,6,0,,8,7,0,7,0,,11,9,0,7,2,,8,8,,12,11,
521304.0,GUNDERSEN ST JOSEPHS HOSPITAL AND CLINICS,400 WATER AVE,HILLSBORO,WI,54634,VERNON,(608) 489-8000,Critical Access Hospitals,Voluntary non-profit - Private,Yes,,Not Available,16,7,Not Available,Not Available,Not Available,Not Available,5,8,Not Available,Not Available,Not Available,Not Available,5,11,1,0,1,0,,8,Not Available,5,12,4,
521315.0,MAYO CLINIC HEALTH SYSTEM-NORTHLAND,1222 E WOODLAND AVE,BARRON,WI,54812,BARRON,(715) 537-3186,Critical Access Hospitals,Voluntary non-profit - Private,Yes,,Not Available,16,7,2,0,2,0,,8,1,0,1,0,,11,5,0,5,0,,8,8,,12,6,
521325.0,FLAMBEAU HOSPITAL,98 SHERRY AVE,PARK FALLS,WI,54552,PRICE,(715) 762-7500,Critical Access Hospitals,Voluntary non-profit - Private,Yes,,Not Available,16,7,2,0,2,0,,8,Not Available,Not Available,Not Available,Not Available,5,11,4,0,4,0,,8,Not Available,5,12,7,
521335.0,HUDSON HOSPITAL,405 STAGELINE ROAD,HUDSON,WI,54016,ST. CROIX,(715) 531-6000,Critical Access Hospitals,Voluntary non-profit - Private,Yes,Y,Not Available,16,7,2,0,2,0,,8,1,0,1,0,,11,7,1,6,0,,8,8,,12,11,
521345.0,WESTFIELDS HOSPITAL AND CLINIC,535 HOSPITAL RD,NEW RICHMOND,WI,54017,ST. CROIX,(715) 246-2101,Critical Access Hospitals,Voluntary non-profit - Private,Yes,Y,Not Available,16,7,2,0,2,0,,8,1,0,1,0,,11,5,0,5,0,,8,8,,12,8,
521355.0,THEDACARE MEDICAL CENTER - BERLIN INC,225 MEMORIAL DRIVE,BERLIN,WI,54923,GREEN LAKE,(920) 361-1313,Critical Access Hospitals,Voluntary non-profit - Private,Yes,Y,Not Available,16,7,2,0,2,0,,8,1,0,1,0,,11,7,0,7,0,,8,8,,12,6,
524014.0,BROWN COUNTY COMMUNITY TREATMENT CTR,3150 GERSHWIN DRIVE,GREEN BAY,WI,54311,BROWN,(920) 391-4700,Psychiatric,Government - Local,No,,Not Available,19,Not Available,Not Available,Not Available,Not Available,Not Available,19,Not Available,Not Available,Not Available,Not Available,Not Available,19,Not Available,Not Available,Not Available,Not Available,Not Available,19,Not Available,Not Available,19,Not Available,Not Available,19
524044.0,"MENTAL HEALTH EMERGENCY CENTER, INC",1525 N 12TH ST,MILWAUKEE,WI,53205,MILWAUKEE,(414) 966-3030,Psychiatric,Voluntary non-profit - Private,No,,Not Available,19,Not Available,Not Available,Not Available,Not Available,Not Available,19,Not Available,Not Available,Not Available,Not Available,Not Available,19,Not Available,Not Available,Not Available,Not Available,Not Available,19,Not Available,Not Available,19,Not Available,Not Available,19
531302.0,MEMORIAL HOSPITAL OF CONVERSE COUNTY,111 SOUTH 5TH STREET,DOUGLAS,WY,82633,CONVERSE,(307) 358-2122,Critical Access Hospitals,Government - Local,Yes,Y,Not Available,16,7,2,0,2,0,,8,1,0,1,0,,11,6,0,6,0,,8,8,,12,5,
531312.0,CODY REGIONAL HEALTH,707 SHERIDAN AVENUE,CODY,WY,82414,PARK,(307) 572-7501,Critical Access Hospitals,Government - Hospital District or Authority,Yes,Y,Not Available,5,7,Not Available,Not Available,Not Available,Not Available,5,8,Not Available,Not Available,Not Available,Not Available,5,11,Not Available,Not Available,Not Available,Not Available,5,8,Not Available,5,12,Not Available,5
650001.0,GUAM MEMORIAL  HOSPITAL AUTHORITY,85O GOV CARLOS G CAMACHO ROAD,TAMUNING,GU,96913,GUAM,(671) 647-2552,Acute Care Hospitals,Government - Local,Yes,,2,,7,5,0,5,0,,8,Not Available,Not Available,Not Available,Not Available,5,11,7,0,4,3,,8,Not Available,5,12,6,
670034.0,BAYLOR SCOTT & WHITE MEDICAL CENTER - ROUND ROCK,300 UNIVERSITY BLVD,ROUND ROCK,TX,78664,WILLIAMSON,(512) 509-0401,Acute Care Hospitals,Voluntary non-profit - Private,Yes,Y,4,,7,7,0,7,0,,8,7,0,7,0,,11,11,1,9,1,,8,8,,12,12,
670059.0,CHI ST LUKES LAKESIDE HOSPITAL,17400 ST LUKES WAY,THE WOODLANDS,TX,77384,MONTGOMERY,(936) 266-4055,Acute Care Hospitals,Voluntary non-profit - Other,Yes,,Not Available,16,7,Not Available,Not Available,Not Available,Not Available,5,8,2,0,2,0,,11,3,0,3,0,,8,8,,12,7,
670077.0,HOUSTON METHODIST WEST HOSPITAL,18500 KATY FREEWAY,HOUSTON,TX,77094,HARRIS,(832) 522-1000,Acute Care Hospitals,Voluntary non-profit - Private,Yes,Y,4,,7,7,0,7,0,,8,8,2,5,1,,11,11,1,10,0,,8,8,,12,12,
670103.0,MEDICAL CITY ALLIANCE,3101 NORTH TARRANT PARKWAY,FORT WORTH,TX,76177,TARRANT,(817) 639-1100,Acute Care Hospitals,Voluntary non-profit - Private,Yes,Y,5,,7,4,0,4,0,,8,5,1,4,0,,11,6,0,6,0,,8,8,,12,10,
670124.0,THE HOSPITALS OF PROVIDENCE HORIZON CITY CAMPUS,"13600 HORIZON STREET, SUITE 100",HORIZON CITY,TX,79928,EL PASO,(915) 407-7878,Acute Care Hospitals,Proprietary,Yes,,Not Available,16,7,1,0,1,0,,8,Not Available,Not Available,Not Available,Not Available,5,11,2,0,2,0,,8,Not Available,5,12,7,
670266.0,TOWNSEN MEMORIAL HOSPITAL,1475 FM 1960 BYPASS E,HUMBLE,TX,77338,HARRIS,(281) 369-9001,Acute Care Hospitals,Proprietary,Yes,,Not Available,16,7,Not Available,Not Available,Not Available,Not Available,5,8,1,0,1,0,,11,1,0,1,0,,8,Not Available,5,12,3,
670327.0,EXCEPTIONAL COMMUNITY HOSPITAL LUBBOCK,6401 SPUR 327,LUBBOCK,TX,79424,LUBBOCK,(469) 341-7800,Acute Care Hospitals,Proprietary,Yes,,Not Available,19,Not Available,Not Available,Not Available,Not Available,Not Available,19,Not Available,Not Available,Not Available,Not Available,Not Available,19,Not Available,Not Available,Not Available,Not Available,Not Available,19,Not Available,Not Available,19,Not Available,Not Available,19
