facility_id,facility_name,address,city,state,zip_code,county,telephone_number,hospital_type,hospital_ownership,emergency_services,meets_criteria_for_birthing_friendly_designation,hospital_overall_rating,hospital_overall_rating_footnote,mort_group_measure_count,count_of_facility_mort_measures,count_of_mort_measures_better,count_of_mort_measures_no_different,count_of_mort_measures_worse,mort_group_footnote,safety_group_measure_count,count_of_facility_safety_measures,count_of_safety_measures_better,count_of_safety_measures_no_different,count_of_safety_measures_worse,safety_group_footnote,readm_group_measure_count,count_of_facility_readm_measures,count_of_readm_measures_better,count_of_readm_measures_no_different,count_of_readm_measures_worse,readm_group_footnote,pt_exp_group_measure_count,count_of_facility_pt_exp_measures,pt_exp_group_footnote,te_group_measure_count,count_of_facility_te_measures,te_group_footnote
3012.0,PHOENIX VA MEDICAL CENTER,650 E. INDIAN SCHOOL ROAD,PHOENIX,AZ,85012,MARICOPA,(602) 222-6444,Acute Care - Veterans Administration,Veterans Health Administration,Yes,,5,,7,5,2,3,0,,8,4,0,4,0,,11,6,2,4,0,,8,8,,12,6,
5030.0,VA N CALIFORNIA HEALTHCARE SYSTEM,10535 HOSPITAL WAY,MATHER,CA,95655,SACRAMENTO,(800) 382-8387,Acute Care - Veterans Administration,Veterans Health Administration,Yes,,4,,7,5,2,3,0,,8,3,0,3,0,,11,4,0,4,0,,8,8,,12,5,
6007.0,GRAND JUNCTION VA MEDICAL CENTER,2121 N. AVENUE,GRAND JUNCTION,CO,81501,MESA,(970) 244-1329,Acute Care - Veterans Administration,Veterans Health Administration,Yes,,5,,7,3,0,3,0,,8,2,0,2,0,,11,5,1,4,0,,8,8,,12,5,
10011.0,ST. VINCENT'S EAST,50 MEDICAL PARK EAST DRIVE,BIRMINGHAM,AL,35235,JEFFERSON,(205) 838-3122,Acute Care Hospitals,Voluntary non-profit - Private,Yes,,2,,7,7,0,6,1,,8,7,3,4,0,,11,9,0,8,1,,8,8,,12,8,
10023.0,BAPTIST MEDICAL CENTER SOUTH,2105 EAST SOUTH BOULEVARD,MONTGOMERY,AL,36116,MONTGOMERY,(334) 288-2100,Acute Care Hospitals,Government - Hospital District or Authority,Yes,Y,1,,7,7,0,7,0,,8,7,1,5,1,,11,11,1,8,2,,8,8,,12,9,
10045.0,FAYETTE MEDICAL CENTER,1653 TEMPLE AVENUE NORTH,FAYETTE,AL,35555,FAYETTE,(205) 932-5966,Acute Care Hospitals,Voluntary non-profit - Other,Yes,,2,,7,3,0,3,0,,8,2,0,2,0,,11,5,0,5,0,,8,8,,12,8,
10061.0,HIGHLANDS MEDICAL CENTER,380 WOODS COVE ROAD,SCOTTSBORO,AL,35768,JACKSON,(256) 259-4444,Acute Care Hospitals,Government - Hospital District or Authority,Yes,Y,3,,7,4,0,4,0,,8,3,0,3,0,,11,6,0,6,0,,8,8,,12,10,
10085.0,DECATUR MORGAN HOSPITAL - DECATUR CAMPUS,1201 7TH STREET SE,DECATUR,AL,35601,MORGAN,(256) 341-2000,Acute Care Hospitals,Government - Hospital District or Authority,Yes,Y,3,,7,6,0,6,0,,8,7,2,5,0,,11,7,0,7,0,,8,8,,12,11,
10099.0,ORLANDO VA MEDICAL CENTER,13800 VETERANS WAY,ORLANDO,FL,32827,ORANGE,(407) 631-1000,Acute Care - Veterans Administration,Veterans Health Administration,Yes,,5,,7,5,2,3,0,,8,4,0,4,0,,11,6,1,4,1,,8,8,,12,7,
10114.0,"MEDICAL WEST, AN AFFILIATE OF UAB HEALTH SYSTEM",995 9TH AVENUE SOUTHWEST,BESSEMER,AL,35022,JEFFERSON,(205) 481-7000,Acute Care Hospitals,Government - Hospital District or Authority,Yes,Y,2,,7,5,0,5,0,,8,6,1,5,0,,11,6,0,5,1,,8,8,,12,10,
10139.0,BROOKWOOD BAPTIST MEDICAL CENTER,1280 COLUMBIANA ROAD STE 102,VESTAVIA,AL,35216,JEFFERSON,(205) 877-1000,Acute Care Hospitals,Proprietary,Yes,Y,2,,7,7,0,7,0,,8,7,1,6,0,,11,8,0,6,2,,8,8,,12,10,
10173.0,ST VINCENT'S CHILTON,2030 LAY DAM ROAD,CLANTON,AL,35045,CHILTON,(205) 258-4400,Acute Care Hospitals,Voluntary non-profit - Church,Yes,,Not Available,16,7,1,0,1,0,,8,2,0,2,0,,11,3,0,3,0,,8,8,,12,8,
11302.0,RED BAY HOSPITAL,211 HOSPITAL ROAD,RED BAY,AL,35582,FRANKLIN,(256) 356-9532,Critical Access Hospitals,Government - Hospital District or Authority,Yes,,Not Available,16,7,Not Available,Not Available,Not Available,Not Available,5,8,Not Available,Not Available,Not Available,Not Available,5,11,1,0,1,0,,8,Not Available,5,12,6,
13301.0,USA HEALTH CHILDREN'S & WOMEN'S HOSPITAL,1700 CENTER STREET,MOBILE,AL,36604,MOBILE,(251) 415-1000,Childrens,Government - State,Yes,,Not Available,19,Not Available,Not Available,Not Available,Not Available,Not Available,19,Not Available,Not Available,Not Available,Not Available,Not Available,19,Not Available,Not Available,Not Available,Not Available,Not Available,19,Not Available,Not Available,19,Not Available,Not Available,19
14015.0,BEACON CHILDREN'S HOSPITAL,150 HOSPITAL DRIVE,LUVERNE,AL,36049,CRENSHAW,(334) 335-5040,Psychiatric,Proprietary,No,,Not Available,19,Not Available,Not Available,Not Available,Not Available,Not Available,19,Not Available,Not Available,Not Available,Not Available,Not Available,19,Not Available,Not Available,Not Available,Not Available,Not Available,19,Not Available,Not Available,19,Not Available,Not Available,19
17005.0,VA EASTERN KANSAS HEALTHCARE SYSTEM,2200 SW GAGE BOULEVARD,TOPEKA,KS,66622,SHAWNEE,(913) 682-2000,Acute Care - Veterans Administration,Veterans Health Administration,Yes,,5,,7,4,0,4,0,,8,1,0,1,0,,11,4,1,3,0,,8,8,,12,4,
20003.0,TOGUS VA MEDICAL CENTER,1 VA CENTER,AUGUSTA,ME,4330,KENNEBEC,(207) 623-8411,Acute Care - Veterans Administration,Veterans Health Administration,Yes,,4,,7,4,0,4,0,,8,2,0,2,0,,11,5,0,5,0,,8,8,,12,5,
21020.0,VA MARYLAND HEALTHCARE SYSTEM - BALTIMORE,10 NORTH GREENE STREET,BALTIMORE,MD,21201,BALTIMORE CITY,(410) 605-7016,Acute Care - Veterans Administration,Veterans Health Administration,Yes,,3,,7,4,2,2,0,,8,4,0,4,0,,11,6,1,5,0,,8,8,,12,5,
21311.0,PEACEHEALTH KETCHIKAN MEDICAL CENTER,3100 TONGASS AVENUE,KETCHIKAN,AK,99901,KETCHIKAN GATEWAY,(907) 225-5171,Critical Access Hospitals,Voluntary non-profit - Church,Yes,Y,Not Available,16,7,2,0,2,0,,8,2,0,2,0,,11,4,1,3,0,,8,Not Available,5,12,8,
23037.0,DETROIT (JOHN D. DINGELL) VA MEDICAL CENTER,4646 JOHN R.,DETROIT,MI,48201,WAYNE,(313) 576-1000,Acute Care - Veterans Administration,Veterans Health Administration,Yes,,5,,7,5,2,3,0,,8,4,0,4,0,,11,5,1,4,0,,8,8,,12,5,
26007.0,POPLAR BLUFF VA MEDICAL CENTER,1500 N. WESTWOOD BLVD.,POPLAR BLUFF,MO,63901,BUTLER,(573) 686-4151,Acute Care - Veterans Administration,Veterans Health Administration,No,,Not Available,16,7,3,0,3,0,,8,Not Available,Not Available,Not Available,Not Available,5,11,4,0,4,0,,8,Not Available,5,12,2,
30007.0,VERDE VALLEY MEDICAL CENTER,269 SOUTH CANDY LANE,COTTONWOOD,AZ,86326,YAVAPAI,(928) 773-2357,Acute Care Hospitals,Voluntary non-profit - Private,Yes,Y,3,,7,6,0,6,0,,8,3,1,1,1,,11,9,0,9,0,,8,8,,12,12,
30030.0,ABRAZO CENTRAL CAMPUS,2000 WEST BETHANY HOME ROAD,PHOENIX,AZ,85015,MARICOPA,(602) 249-0212,Acute Care Hospitals,Physician,Yes,,2,,7,5,0,5,0,,8,5,0,5,0,,11,6,0,6,0,,8,8,,12,8,
30069.0,HAVASU REGIONAL MEDICAL CENTER,101 CIVIC CENTER LANE,LAKE HAVASU CITY,AZ,86403,MOHAVE,(928) 855-8185,Acute Care Hospitals,Proprietary,Yes,Y,3,,7,7,0,7,0,,8,5,1,4,0,,11,11,0,10,1,,8,8,,12,11,
30089.0,BANNER THUNDERBIRD MEDICAL CENTER,5555 WEST THUNDERBIRD ROAD,GLENDALE,AZ,85306,MARICOPA,(602) 865-4470,Acute Care Hospitals,Government - Hospital District or Authority,No,Y,3,,7,7,0,7,0,,8,7,2,5,0,,11,10,0,10,0,,8,8,,12,10,
30111.0,BANNER-UNIVERSITY MEDICAL CENTER SOUTH CAMPUS,2800 EAST AJO WAY,TUCSON,AZ,85713,PIMA,(520) 874-2000,Acute Care Hospitals,Voluntary non-profit - Private,Yes,,3,,7,4,0,4,0,,8,6,0,6,0,,11,5,0,5,0,,8,8,,12,8,
30130.0,BANNER IRONWOOD MEDICAL CENTER,37000 NORTH GANTZEL ROAD,QUEEN CREEK,AZ,85140,PINAL,(480) 394-4000,Acute Care Hospitals,Voluntary non-profit - Private,Yes,Y,3,,7,4,0,4,0,,8,4,1,3,0,,11,6,0,5,1,,8,8,,12,10,
30154.0,EXCEPTIONAL COMMUNITY HOSPITAL YUMA,2648 SOUTH ARABY RD,YUMA,AZ,85365,YUMA,(469) 341-7800,Acute Care Hospitals,Proprietary,Yes,,Not Available,16,7,Not Available,Not Available,Not Available,Not Available,5,8,Not Available,Not Available,Not Available,Not Available,5,11,Not Available,Not Available,Not Available,Not Available,5,8,Not Available,5,12,2,
31309.0,SAGE MEMORIAL HOSPITAL,HIGHWAY 264 WEST AND 191 SOUTH,GANADO,AZ,86505,APACHE,(928) 755-4500,Critical Access Hospitals,Voluntary non-profit - Private,No,,Not Available,16,7,1,0,1,0,,8,Not Available,Not Available,Not Available,Not Available,5,11,2,0,2,0,,8,Not Available,5,12,3,
32005.0,VA NEW MEXICO HEALTHCARE SYSTEM,1501 SAN PEDRO DRIVE SE,ALBUQUERQUE,NM,87108,BERNALILLO,(505) 256-2889,Acute Care - Veterans Administration,Veterans Health Administration,Yes,,3,,7,5,2,3,0,,8,4,0,3,1,,11,6,1,5,0,,8,8,,12,5,
33025.0,Keller ACH (West Point),900 Washington Rd,West Point,NY,10996,ORANGE,(845) 938-4034,Acute Care - Department of Defense,Department of Defense,Yes,,Not Available,22,Not Available,Not Available,Not Available,Not Available,Not Available,22,Not Available,Not Available,Not Available,Not Available,Not Available,22,Not Available,Not Available,Not Available,Not Available,Not Available,22,Not Available,Not Available,22,Not Available,Not Available,22
34021.0,ARIZONA STATE HOSPITAL,2500 EAST VAN BUREN STREET,PHOENIX,AZ,85008,MARICOPA,(602) 220-6000,Psychiatric,Government - State,No,,Not Available,19,Not Available,Not Available,Not Available,Not Available,Not Available,19,Not Available,Not Available,Not Available,Not Available,Not Available,19,Not Available,Not Available,Not Available,Not Available,Not Available,19,Not Available,Not Available,19,Not Available,Not Available,19
34031.0,QUAIL RUN BEHAVIORAL HEALTH,2545 WEST QUAIL AVENUE,PHOENIX,AZ,85027,MARICOPA,(602) 455-5700,Psychiatric,Voluntary non-profit - Other,No,,Not Available,19,Not Available,Not Available,Not Available,Not Available,Not Available,19,Not Available,Not Available,Not Available,Not Available,Not Available,19,Not Available,Not Available,Not Available,Not Available,Not Available,19,Not Available,Not Available,19,Not Available,Not Available,19
36001.0,LOUIS STOKES CLEVELAND VA MEDICAL CENTER,10701 EAST BLVD,CLEVELAND,OH,44106,CUYAHOGA,(216) 791-3800,Acute Care - Veterans Administration,Veterans Health Administration,Yes,,5,,7,5,1,4,0,,8,4,1,3,0,,11,6,1,5,0,,8,8,,12,6,
40007.0,CHI-ST VINCENT INFIRMARY,TWO ST VINCENT CIRCLE,LITTLE ROCK,AR,72205,PULASKI,(501) 552-3000,Acute Care Hospitals,Voluntary non-profit - Private,Yes,,3,,7,7,0,7,0,,8,6,2,3,1,,11,10,1,8,1,,8,8,,12,9,
40026.0,CHI ST. VINCENT HOSPITAL HOT SPRINGS,300 WERNER STREET,HOT SPRINGS,AR,71903,GARLAND,(501) 622-1000,Acute Care Hospitals,Voluntary non-profit - Private,Yes,Y,3,,7,7,0,6,1,,8,7,3,4,0,,11,11,0,11,0,,8,8,,12,12,
40067.0,MAGNOLIA HOSPITAL,101 HOSPITAL DRIVE,MAGNOLIA,AR,71753,COLUMBIA,(870) 235-3000,Acute Care Hospitals,Government - Local,Yes,,2,,7,3,0,3,0,,8,1,0,1,0,,11,5,0,5,0,,8,8,,12,8,
40119.0,WHITE RIVER MEDICAL CENTER,1710 HARRISON STREET,BATESVILLE,AR,72503,INDEPENDENCE,(870) 262-1200,Acute Care Hospitals,Voluntary non-profit - Private,Yes,Y,3,,7,6,0,6,0,,8,7,1,5,1,,11,10,0,10,0,,8,8,,12,11,
40779.0,ST BERNARDS FIVE RIVERS MEDICAL CENTER,2801 MEDICAL CENTER DRIVE,POCAHONTAS,AR,72455,RANDOLPH,(870) 892-6000,Rural Emergency Hospital,Government - Local,Yes,,Not Available,19,Not Available,Not Available,Not Available,Not Available,Not Available,19,Not Available,Not Available,Not Available,Not Available,Not Available,19,Not Available,Not Available,Not Available,Not Available,Not Available,19,Not Available,Not Available,19,Not Available,Not Available,19
41307.0,CROSSRIDGE COMMUNITY HOSPITAL,310 SOUTH FALLS BOULEVARD,WYNNE,AR,72396,CROSS,(870) 238-3300,Critical Access Hospitals,Voluntary non-profit - Private,Yes,,3,,7,3,0,3,0,,8,Not Available,Not Available,Not Available,Not Available,5,11,5,0,4,1,,8,Not Available,5,12,5,
41321.0,BAPTIST HEALTH MEDICAL CENTER-ARKADELPHIA,3050 TWIN RIVERS DRIVE,ARKADELPHIA,AR,71923,CLARK,(870) 245-2622,Critical Access Hospitals,Voluntary non-profit - Private,Yes,Y,Not Available,16,7,1,0,1,0,,8,Not Available,Not Available,Not Available,Not Available,5,11,3,0,3,0,,8,Not Available,5,12,10,
41332.0,UNITY HEALTH - NEWPORT,1205 MCLAIN STREET,NEWPORT,AR,72112,JACKSON,(870) 523-8911,Critical Access Hospitals,Voluntary non-profit - Private,Yes,,Not Available,16,7,1,0,1,0,,8,Not Available,Not Available,Not Available,Not Available,5,11,2,0,2,0,,8,8,,12,6,
44017.0,UNITED METHODIST BEHAVIORAL HOSPITAL,1601 MURPHY DRIVE,MAUMELLE,AR,72113,PULASKI,(501) 803-3388,Psychiatric,Voluntary non-profit - Private,No,,Not Available,19,Not Available,Not Available,Not Available,Not Available,Not Available,19,Not Available,Not Available,Not Available,Not Available,Not Available,19,Not Available,Not Available,Not Available,Not Available,Not Available,19,Not Available,Not Available,19,Not Available,Not Available,19
50013.0,ADVENTIST HEALTH ST HELENA,10 WOODLAND ROAD,SAINT HELENA,CA,94574,NAPA,(707) 963-3611,Acute Care Hospitals,Voluntary non-profit - Private,No,,4,,7,7,0,7,0,,8,5,0,5,0,,11,11,1,10,0,,8,8,,12,9,
50038.0,SANTA CLARA VALLEY MEDICAL CENTER,751 SOUTH BASCOM AVENUE,SAN JOSE,CA,95128,SANTA CLARA,(408) 885-5000,Acute Care Hospitals,Government - Local,Yes,Y,3,,7,7,1,6,0,,8,8,1,7,0,,11,11,0,11,0,,8,8,,12,12,
50057.0,KAWEAH HEALTH MEDICAL CENTER,400 W MINERAL KING AVE,VISALIA,CA,93291,TULARE,(559) 624-2000,Acute Care Hospitals,Government - Hospital District or Authority,Yes,Y,3,,7,7,0,6,1,,8,7,2,5,0,,11,11,0,10,1,,8,8,,12,12,
50075.0,KAISER FOUNDATION HOSPITAL - OAKLAND/RICHMOND,275 WEST MACARTHUR BOULEVARD,OAKLAND,CA,94611,ALAMEDA,(510) 752-1000,Acute Care Hospitals,Voluntary non-profit - Private,Yes,Y,2,,7,5,0,5,0,,8,6,1,5,0,,11,4,0,4,0,,8,8,,12,6,
50099.0,SAN ANTONIO REGIONAL HOSPITAL,999 SAN BERNARDINO ROAD,UPLAND,CA,91786,SAN BERNARDINO,(909) 985-2811,Acute Care Hospitals,Voluntary non-profit - Other,Yes,Y,3,,7,7,0,7,0,,8,7,1,6,0,,11,8,0,8,0,,8,8,,12,11,
50113.0,SAN MATEO MEDICAL CENTER,222 W 39TH AVE,SAN MATEO,CA,94403,SAN MATEO,(650) 573-2222,Acute Care Hospitals,Government - Local,Yes,,Not Available,16,7,1,0,1,0,,8,2,0,2,0,,11,3,0,3,0,,8,8,,12,7,
50128.0,TRI-CITY MEDICAL CENTER,4002 VISTA WAY,OCEANSIDE,CA,92056,SAN DIEGO,(760) 724-8411,Acute Care Hospitals,Government - Hospital District or Authority,Yes,,2,,7,6,0,6,0,,8,6,0,6,0,,11,9,1,8,0,,8,8,,12,9,
50140.0,KAISER FOUNDATION HOSPITAL FONTANA/ONTARIO,9961 SIERRA AVE,FONTANA,CA,92335,SAN BERNARDINO,(909) 427-5000,Acute Care Hospitals,Voluntary non-profit - Private,Yes,Y,3,,7,3,0,3,0,,8,7,2,5,0,,11,2,0,2,0,,8,8,,12,6,
50174.0,PROVIDENCE SANTA ROSA MEMORIAL HOSPITAL,1165 MONTGOMERY DR,SANTA ROSA,CA,95405,SONOMA,(707) 525-5300,Acute Care Hospitals,Voluntary non-profit - Private,Yes,Y,2,,7,7,0,7,0,,8,7,1,6,0,,11,11,0,9,2,,8,8,,12,12,
50222.0,SHARP CHULA VISTA MEDICAL CENTER,751 MEDICAL CENTER COURT,CHULA VISTA,CA,91911,SAN DIEGO,(619) 502-5800,Acute Care Hospitals,Proprietary,Yes,Y,4,,7,7,1,6,0,,8,8,2,6,0,,11,11,0,10,1,,8,8,,12,9,
50238.0,USC ARCADIA HOSPITAL,300 W HUNTINGTON DR,ARCADIA,CA,91007,LOS ANGELES,(626) 898-8000,Acute Care Hospitals,Voluntary non-profit - Private,Yes,Y,3,,7,6,0,6,0,,8,7,0,7,0,,11,8,0,7,1,,8,8,,12,9,
50272.0,REDLANDS COMMUNITY HOSPITAL,350 TERRACINA BLVD,REDLANDS,CA,92373,SAN BERNARDINO,(909) 335-5500,Acute Care Hospitals,Voluntary non-profit - Private,Yes,Y,3,,7,5,0,4,1,,8,6,1,5,0,,11,7,1,6,0,,8,8,,12,9,
50292.0,RIVERSIDE UNIVERSITY HEALTH SYSTEM-MEDICAL CENTER,26520 CACTUS AVENUE,MORENO VALLEY,CA,92555,RIVERSIDE,(951) 486-4000,Acute Care Hospitals,Government - Local,Yes,Y,3,,7,5,0,5,0,,8,7,4,3,0,,11,6,0,5,1,,8,8,,12,10,
50320.0,HIGHLAND HOSPITAL,1411 EAST 31ST STREET,OAKLAND,CA,94602,ALAMEDA,(510) 437-4800,Acute Care Hospitals,Government - Hospital District or Authority,Yes,Y,1,,7,6,0,6,0,,8,6,0,4,2,,11,9,0,8,1,,8,8,,12,10,
50351.0,TORRANCE MEMORIAL MEDICAL CENTER,3330 LOMITA BLVD,TORRANCE,CA,90509,LOS ANGELES,(310) 325-9110,Acute Care Hospitals,Voluntary non-profit - Other,Yes,Y,4,,7,7,2,5,0,,8,8,2,6,0,,11,11,2,8,1,,8,8,,12,11,
50382.0,EMANATE HEALTH INTER-COMMUNITY HOSPITAL,210 W  SAN BERNARDINO ROAD,COVINA,CA,91723,LOS ANGELES,(626) 814-2468,Acute Care Hospitals,Proprietary,Yes,Y,1,,7,7,0,6,1,,8,7,2,5,0,,11,9,0,7,2,,8,8,,12,10,
50425.0,KAISER FOUNDATION HOSPITAL - SACRAMENTO,2025 MORSE AVENUE,SACRAMENTO,CA,95825,SACRAMENTO,(916) 973-5000,Acute Care Hospitals,Voluntary non-profit - Private,Yes,,3,,7,3,0,3,0,,8,6,1,5,0,,11,3,0,3,0,,8,8,,12,5,
50471.0,PIH HEALTH GOOD SAMARITAN HOSPITAL,1225 WILSHIRE BOULEVARD,LOS ANGELES,CA,90017,LOS ANGELES,(213) 977-2121,Acute Care Hospitals,Proprietary,No,Y,2,,7,7,0,7,0,,8,7,1,6,0,,11,9,0,6,3,,8,8,,12,10,
50512.0,KAISER FOUNDATION HOSPITAL - FREMONT,39400 PASEO PADRE PKWY,FREMONT,CA,94538,ALAMEDA,(510) 784-4000,Acute Care Hospitals,Voluntary non-profit - Private,Yes,,4,,7,Not Available,Not Available,Not Available,Not Available,5,8,6,0,6,0,,11,1,0,1,0,,8,8,,12,5,
50543.0,COLLEGE HOSPITAL COSTA MESA,301 VICTORIA STREET,COSTA MESA,CA,92627,ORANGE,(949) 642-2734,Acute Care Hospitals,Proprietary,No,,Not Available,16,7,Not Available,Not Available,Not Available,Not Available,5,8,1,1,0,0,,11,Not Available,Not Available,Not Available,Not Available,5,8,Not Available,5,12,3,
50581.0,UCI HEALTH-LAKEWOOD,3700 SOUTH ST,LAKEWOOD,CA,90712,LOS ANGELES,(562) 602-6751,Acute Care Hospitals,Proprietary,Yes,,2,,7,6,0,6,0,,8,6,2,4,0,,11,7,0,5,2,,8,8,,12,8,
50609.0,KAISER FOUNDATION HOSPITAL - ORANGE COUNTY - ANAHEIM,3440 E LA PALMA AVE,ANAHEIM,CA,92806,ORANGE,(714) 279-4000,Acute Care Hospitals,Voluntary non-profit - Private,Yes,Y,4,,7,Not Available,Not Available,Not Available,Not Available,5,8,7,2,5,0,,11,1,0,1,0,,8,8,,12,6,
50678.0,MEMORIALCARE ORANGE COAST MEDICAL CENTER,9920 TALBERT AVENUE,FOUNTAIN VALLEY,CA,92708,ORANGE,(714) 378-7000,Acute Care Hospitals,Proprietary,Yes,Y,3,,7,7,1,6,0,,8,7,0,7,0,,11,9,0,9,0,,8,8,,12,9,
50709.0,DESERT VALLEY HOSPITAL,16850 BEAR VALLEY RD,VICTORVILLE,CA,92395,SAN BERNARDINO,(760) 241-8000,Acute Care Hospitals,Proprietary,Yes,Y,3,,7,6,0,6,0,,8,6,1,5,0,,11,8,0,8,0,,8,8,,12,11,
50739.0,CENTINELA HOSPITAL MEDICAL CENTER,555 EAST HARDY STREET,INGLEWOOD,CA,90301,LOS ANGELES,(310) 673-4660,Acute Care Hospitals,Proprietary,No,,2,,7,6,2,4,0,,8,6,2,4,0,,11,5,0,3,2,,8,8,,12,9,
50761.0,PROVIDENCE CEDARS SINAI TARZANA MEDICAL CENTER,18321 CLARK STREET,TARZANA,CA,91356,LOS ANGELES,(818) 881-0800,Acute Care Hospitals,Voluntary non-profit - Private,Yes,Y,3,,7,7,0,7,0,,8,8,0,8,0,,11,10,0,7,3,,8,8,,12,9,
50775.0,TEMECULA VALLEY HOSPITAL,31700 TEMECULA PKWY,TEMECULA,CA,92592,RIVERSIDE,(951) 331-2200,Acute Care Hospitals,Proprietary,Yes,,3,,7,7,0,7,0,,8,7,1,6,0,,11,8,1,7,0,,8,8,,12,7,
50854.0,"ANAHEIM COMMUNITY HOSPITAL, LLC",3350 W BALL RD,ANAHEIM,CA,92804,ORANGE,(248) 905-5091,Acute Care Hospitals,Proprietary,No,,Not Available,16,7,Not Available,Not Available,Not Available,Not Available,5,8,Not Available,Not Available,Not Available,Not Available,5,11,Not Available,Not Available,Not Available,Not Available,5,8,Not Available,5,12,Not Available,5
51308.0,SURPRISE VALLEY COMMUNITY HOSPITAL,741 NORTH MAIN STREET,CEDARVILLE,CA,96104,MODOC,(530) 279-6111,Critical Access Hospitals,Government - Hospital District or Authority,Yes,,Not Available,16,7,Not Available,Not Available,Not Available,Not Available,5,8,Not Available,Not Available,Not Available,Not Available,5,11,Not Available,Not Available,Not Available,Not Available,5,8,Not Available,5,12,Not Available,5
51319.0,MERCY MEDICAL CENTER OF MT SHASTA,914 PINE STREET,MOUNT SHASTA,CA,96067,SISKIYOU,(530) 926-6111,Critical Access Hospitals,Voluntary non-profit - Other,Yes,Y,3,,7,4,0,4,0,,8,Not Available,Not Available,Not Available,Not Available,5,11,5,1,4,0,,8,8,,12,10,
51330.0,MODOC MEDICAL CENTER,1111 N NAGLE STREET,ALTURAS,CA,96101,MODOC,(530) 233-5131,Critical Access Hospitals,Government - Hospital District or Authority,Yes,,Not Available,16,7,2,0,2,0,,8,Not Available,Not Available,Not Available,Not Available,5,11,3,0,3,0,,8,Not Available,5,12,2,
53300.0,VALLEY CHILDREN'S HOSPITAL,9300 VALLEY CHILDRENS PLACE,MADERA,CA,93636,MADERA,(559) 353-5116,Childrens,Voluntary non-profit - Private,Yes,,Not Available,19,Not Available,Not Available,Not Available,Not Available,Not Available,19,Not Available,Not Available,Not Available,Not Available,Not Available,19,Not Available,Not Available,Not Available,Not Available,Not Available,19,Not Available,Not Available,19,Not Available,Not Available,19
54009.0,RESNICK NEUROPSYCHIATRIC HOSPITAL AT UCLA,150 MEDICAL PLAZA-RM-4230C,LOS ANGELES,CA,90095,LOS ANGELES,(310) 825-6962,Psychiatric,Government - State,Yes,,Not Available,19,Not Available,Not Available,Not Available,Not Available,Not Available,19,Not Available,Not Available,Not Available,Not Available,Not Available,19,Not Available,Not Available,Not Available,Not Available,Not Available,19,Not Available,Not Available,19,Not Available,Not Available,19
54087.0,"BHC SIERRA VISTA HOSPITAL, INC",8001 BRUCEVILLE ROAD,SACRAMENTO,CA,95823,SACRAMENTO,(916) 423-2000,Psychiatric,Proprietary,No,,Not Available,19,Not Available,Not Available,Not Available,Not Available,Not Available,19,Not Available,Not Available,Not Available,Not Available,Not Available,19,Not Available,Not Available,Not Available,Not Available,Not Available,19,Not Available,Not Available,19,Not Available,Not Available,19
54125.0,SANTA BARBARA COUNTY PSYCHIATRIC HEALTH FACILITY,315 CAMINO DEL REMEDIO,SANTA BARBARA,CA,93110,SANTA BARBARA,(805) 681-5244,Psychiatric,Government - Local,No,,Not Available,19,Not Available,Not Available,Not Available,Not Available,Not Available,19,Not Available,Not Available,Not Available,Not Available,Not Available,19,Not Available,Not Available,Not Available,Not Available,Not Available,19,Not Available,Not Available,19,Not Available,Not Available,19
54150.0,KAISER PERMANENTE PSYCHIATRIC HEALTH FACILITY-SANT,3840 HOMESTEAD ROAD,SANTA CLARA,CA,95051,SANTA CLARA,(408) 851-4850,Psychiatric,Proprietary,Yes,,Not Available,19,Not Available,Not Available,Not Available,Not Available,Not Available,19,Not Available,Not Available,Not Available,Not Available,Not Available,19,Not Available,Not Available,Not Available,Not Available,Not Available,19,Not Available,Not Available,19,Not Available,Not Available,19
60001.0,BANNER NORTH COLORADO MEDICAL CENTER,1801 16TH ST,GREELEY,CO,80631,WELD,(970) 810-4121,Acute Care Hospitals,Voluntary non-profit - Private,Yes,Y,4,,7,7,0,7,0,,8,7,2,4,1,,11,11,0,11,0,,8,8,,12,11,
60014.0,HCA HEALTHONE PRESBYTERIAN ST LUKES,1719 E 19TH AVE,DENVER,CO,80218,DENVER,(303) 839-6000,Acute Care Hospitals,Government - State,Yes,Y,3,,7,3,0,3,0,,8,7,2,5,0,,11,7,0,6,1,,8,8,,12,9,
60032.0,HCA HEALTHONE ROSE,4567 E 9TH AVE,DENVER,CO,80220,DENVER,(303) 320-2121,Acute Care Hospitals,Proprietary,Yes,Y,3,,7,6,0,6,0,,8,7,1,6,0,,11,7,0,7,0,,8,8,,12,10,
60096.0,VAIL HEALTH HOSPITAL,181 W MEADOW DR,VAIL,CO,81657,EAGLE,(970) 476-2451,Acute Care Hospitals,Voluntary non-profit - Other,Yes,Y,5,,7,3,0,3,0,,8,3,0,3,0,,11,8,0,8,0,,8,8,,12,10,
60118.0,ST ANTHONY SUMMIT MEDICAL CENTER,340 PEAK ONE DRIVE,FRISCO,CO,80443,SUMMIT,(970) 668-3300,Acute Care Hospitals,Voluntary non-profit - Church,Yes,Y,Not Available,16,7,Not Available,Not Available,Not Available,Not Available,5,8,2,0,2,0,,11,2,0,2,0,,8,8,,12,10,
60133.0,ST FRANCIS HOSPITAL - INTERQUEST,10860 NEW ALLEGIANCE DR,COLORADO SPRINGS,CO,80921,EL PASO,(719) 757-7000,Acute Care Hospitals,Voluntary non-profit - Private,Yes,,Not Available,16,7,Not Available,Not Available,Not Available,Not Available,5,8,Not Available,Not Available,Not Available,Not Available,5,11,Not Available,Not Available,Not Available,Not Available,5,8,Not Available,5,12,1,
61309.0,WRAY COMMUNITY DISTRICT HOSPITAL,1017 W 7TH ST,WRAY,CO,80758,YUMA,(970) 332-4811,Critical Access Hospitals,Government - Hospital District or Authority,Yes,Y,Not Available,16,7,Not Available,Not Available,Not Available,Not Available,5,8,1,0,1,0,,11,4,0,4,0,,8,Not Available,5,12,8,
61319.0,ST VINCENT GENERAL HOSPITAL DISTRICT,816 W 4TH ST,LEADVILLE,CO,80461,LAKE,(719) 486-0230,Critical Access Hospitals,Government - Hospital District or Authority,Yes,,Not Available,16,7,Not Available,Not Available,Not Available,Not Available,5,8,Not Available,Not Available,Not Available,Not Available,5,11,Not Available,Not Available,Not Available,Not Available,5,8,Not Available,5,12,1,
61336.0,ARKANSAS VALLEY REGIONAL MEDICAL CENTER,1100 CARSON AVENUE,LAJUNA,CO,81050,OTERO,(719) 363-1428,Critical Access Hospitals,Voluntary non-profit - Private,Yes,,Not Available,5,7,Not Available,Not Available,Not Available,Not Available,5,8,Not Available,Not Available,Not Available,Not Available,5,11,Not Available,Not Available,Not Available,Not Available,5,8,Not Available,5,12,2,
64024.0,HIGHLANDS BEHAVIORAL HEALTH SYSTEM,8565 S POPLAR WY,LITTLETON,CO,80130,DOUGLAS,(720) 348-2801,Psychiatric,Proprietary,No,,Not Available,19,Not Available,Not Available,Not Available,Not Available,Not Available,19,Not Available,Not Available,Not Available,Not Available,Not Available,19,Not Available,Not Available,Not Available,Not Available,Not Available,19,Not Available,Not Available,19,Not Available,Not Available,19
70007.0,LAWRENCE & MEMORIAL HOSPITAL,365 MONTAUK AVE,NEW LONDON,CT,6320,NEW LONDON,(860) 442-0711,Acute Care Hospitals,Voluntary non-profit - Private,Yes,Y,3,,7,6,0,6,0,,8,7,2,5,0,,11,10,0,8,2,,8,8,,12,12,
70022.0,YALE-NEW HAVEN HOSPITAL,20 YORK ST,NEW HAVEN,CT,6504,NEW HAVEN,(203) 688-4242,Acute Care Hospitals,Voluntary non-profit - Private,Yes,Y,3,,7,7,3,4,0,,8,8,2,6,0,,11,11,1,7,3,,8,8,,12,10,
70036.0,JOHN DEMPSEY HOSPITAL OF THE UNIVERSITY OF CONNECT,263 FARMINGTON AVE,FARMINGTON,CT,6032,HARTFORD,(860) 679-1145,Acute Care Hospitals,Government - Local,Yes,Y,3,,7,6,1,5,0,,8,6,1,5,0,,11,9,0,8,1,,8,8,,12,10,
74017.0,CONNECTICUT BEHAVIORAL HEALTH HOSPITAL,1 ABRAHMS BOULEVARD,WEST HARTFORD,CT,6117,HARTFORD,(860) 218-2300,Psychiatric,Voluntary non-profit - Private,No,,Not Available,19,Not Available,Not Available,Not Available,Not Available,Not Available,19,Not Available,Not Available,Not Available,Not Available,Not Available,19,Not Available,Not Available,Not Available,Not Available,Not Available,19,Not Available,Not Available,19,Not Available,Not Available,19
84003.0,MEADOWWOOD BEHAVIORAL HEALTH SYSTEM,575 SOUTH DUPONT HIGHWAY,NEW CASTLE,DE,19720,NEW CASTLE,(302) 328-3330,Psychiatric,Proprietary,No,,Not Available,19,Not Available,Not Available,Not Available,Not Available,Not Available,19,Not Available,Not Available,Not Available,Not Available,Not Available,19,Not Available,Not Available,Not Available,Not Available,Not Available,19,Not Available,Not Available,19,Not Available,Not Available,19
94001.0,ST ELIZABETHS HOSPITAL,"1100 ALABAMA AVENUE, SE",WASHINGTON,DC,20032,THE DISTRICT,(202) 299-5500,Psychiatric,Government - State,No,,Not Available,19,Not Available,Not Available,Not Available,Not Available,Not Available,19,Not Available,Not Available,Not Available,Not Available,Not Available,19,Not Available,Not Available,Not Available,Not Available,Not Available,19,Not Available,Not Available,19,Not Available,Not Available,19
100018.0,NAPLES COMMUNITY HOSPITAL,350 7TH ST N,NAPLES,FL,34102,COLLIER,(239) 624-5000,Acute Care Hospitals,Voluntary non-profit - Private,Yes,Y,3,,7,7,0,6,1,,8,8,2,6,0,,11,11,0,9,2,,8,8,,12,11,
100034.0,"MOUNT SINAI MEDICAL CENTER OF FLORIDA, INC",4300 ALTON RD,MIAMI BEACH,FL,33140,MIAMI-DADE,(305) 674-2121,Acute Care Hospitals,Voluntary non-profit - Private,Yes,Y,3,,7,7,0,7,0,,8,7,2,3,2,,11,11,0,9,2,,8,8,,12,10,
100049.0,HCA FLORIDA HIGHLANDS HOSPITAL,3600 S HIGHLANDS AVE,SEBRING,FL,33870,HIGHLANDS,(863) 385-6101,Acute Care Hospitals,Proprietary,Yes,,2,,7,6,0,6,0,,8,5,1,4,0,,11,8,1,6,1,,8,8,,12,8,
100067.0,ST ANTHONYS HOSPITAL,1200 SEVENTH AVE N,SAINT PETERSBURG,FL,33705,PINELLAS,(727) 825-1100,Acute Care Hospitals,Voluntary non-profit - Church,Yes,,3,,7,6,0,6,0,,8,6,1,5,0,,11,9,0,8,1,,8,8,,12,9,
100086.0,BROWARD HEALTH NORTH,201 E SAMPLE RD,DEERFIELD BEACH,FL,33064,BROWARD,(954) 786-6400,Acute Care Hospitals,Government - Hospital District or Authority,Yes,,2,,7,6,0,6,0,,8,7,2,5,0,,11,10,0,7,3,,8,8,,12,8,
100110.0,HCA FLORIDA OSCEOLA HOSPITAL,700 WEST OAK STREET,KISSIMMEE,FL,34741,OSCEOLA,(407) 846-2266,Acute Care Hospitals,Proprietary,Yes,Y,1,,7,7,0,7,0,,8,7,3,4,0,,11,7,0,3,4,,8,8,,12,8,
100128.0,TAMPA GENERAL HOSPITAL,1 TAMPA GENERAL CIR,TAMPA,FL,33606,HILLSBOROUGH,(813) 844-7000,Acute Care Hospitals,Voluntary non-profit - Private,Yes,Y,2,,7,7,2,5,0,,8,8,2,4,2,,11,11,0,7,4,,8,8,,12,10,
100151.0,MAYO CLINIC,4500 SAN PABLO RD,JACKSONVILLE,FL,32224,DUVAL,(904) 953-2000,Acute Care Hospitals,Voluntary non-profit - Private,Yes,,5,,7,7,4,3,0,,8,8,4,4,0,,11,11,2,9,0,,8,8,,12,10,
100176.0,PALM BEACH GARDENS MEDICAL CENTER,3360 BURNS RD,PALM BEACH GARDENS,FL,33410,PALM BEACH,(561) 622-1411,Acute Care Hospitals,Proprietary,Yes,,1,,7,7,0,7,0,,8,7,1,6,0,,11,9,0,8,1,,8,8,,12,8,
100204.0,HCA FLORIDA NORTH FLORIDA HOSPITAL,6500 W NEWBERRY RD,GAINESVILLE,FL,32605,ALACHUA,(352) 333-4100,Acute Care Hospitals,Proprietary,Yes,Y,2,,7,7,2,5,0,,8,8,3,5,0,,11,9,1,7,1,,8,8,,12,10,
100226.0,HCA FLORIDA ORANGE PARK HOSPITAL,2001 KINGSLEY AVE,ORANGE PARK,FL,32073,CLAY,(904) 276-8500,Acute Care Hospitals,Voluntary non-profit - Other,Yes,Y,3,,7,7,0,7,0,,8,7,2,5,0,,11,9,0,9,0,,8,8,,12,9,
100246.0,HCA FLORIDA LAWNWOOD HOSPITAL,1700 S 23RD ST,FORT PIERCE,FL,34950,ST. LUCIE,(772) 461-4000,Acute Care Hospitals,Proprietary,Yes,Y,1,,7,7,0,7,0,,8,6,2,4,0,,11,7,0,4,3,,8,8,,12,9,
100264.0,HCA FLORIDA OAK HILL HOSPITAL,11375 CORTEZ BLVD,BROOKSVILLE,FL,34613,HERNANDO,(352) 596-6632,Acute Care Hospitals,Proprietary,Yes,Y,2,,7,7,1,6,0,,8,7,2,5,0,,11,9,0,7,2,,8,8,,12,9,
100284.0,KERALTY HOSPITAL,2500 SW 75TH AVE,MIAMI,FL,33155,MIAMI-DADE,(305) 263-9270,Acute Care Hospitals,Proprietary,Yes,,1,,7,3,0,3,0,,8,4,1,3,0,,11,4,0,2,2,,8,8,,12,8,
100298.0,FLORIDA STATE HOSPITAL UNIT 31 MED,100 N MAIN ST,CHATTAHOOCHEE,FL,32324,GADSDEN,(850) 663-7536,Acute Care Hospitals,Government - State,No,,Not Available,19,Not Available,Not Available,Not Available,Not Available,Not Available,19,Not Available,Not Available,Not Available,Not Available,Not Available,19,Not Available,Not Available,Not Available,Not Available,Not Available,19,Not Available,Not Available,19,Not Available,Not Available,19
100321.0,ASCENSION ST VINCENT'S CLAY COUNTY,1670 ST VINCENTS WAY,MIDDLEBURG,FL,32068,CLAY,(904) 602-1000,Acute Care Hospitals,Voluntary non-profit - Private,Yes,Y,3,,7,6,0,6,0,,8,7,1,6,0,,11,8,0,7,1,,8,8,,12,10,
100365.0,NORTH WALTON DOCTORS HOSPITAL,4413 US HWY 331 S,DEFUNIAK SPRINGS,FL,32435,WALTON,(850) 920-2065,Acute Care Hospitals,Physician,Yes,,Not Available,19,Not Available,Not Available,Not Available,Not Available,Not Available,19,Not Available,Not Available,Not Available,Not Available,Not Available,19,Not Available,Not Available,Not Available,Not Available,Not Available,19,Not Available,Not Available,19,Not Available,Not Available,19
101313.0,MARINERS HOSPITAL,91500 OVERSEAS HIGHWAY,TAVERNIER,FL,33070,MONROE,(305) 434-3000,Critical Access Hospitals,Voluntary non-profit - Private,Yes,,Not Available,16,7,1,0,1,0,,8,Not Available,Not Available,Not Available,Not Available,5,11,7,0,7,0,,8,Not Available,5,12,9,
104017.0,WINDMOOR HEALTHCARE OF CLEARWATER,11300 US 19 N,CLEARWATER,FL,33764,PINELLAS,(727) 541-2646,Psychiatric,Proprietary,No,,Not Available,19,Not Available,Not Available,Not Available,Not Available,Not Available,19,Not Available,Not Available,Not Available,Not Available,Not Available,19,Not Available,Not Available,Not Available,Not Available,Not Available,19,Not Available,Not Available,19,Not Available,Not Available,19
104069.0,WEKIVA SPRINGS,3947 SALISBURY RD,JACKSONVILLE,FL,32216,DUVAL,(904) 296-3533,Psychiatric,Proprietary,No,,Not Available,19,Not Available,Not Available,Not Available,Not Available,Not Available,19,Not Available,Not Available,Not Available,Not Available,Not Available,19,Not Available,Not Available,Not Available,Not Available,Not Available,19,Not Available,Not Available,19,Not Available,Not Available,19
104080.0,CORAL SHORES BEHAVIORAL HEALTH,5995 SE COMMUNITY DRIVE,STUART,FL,34997,MARTIN,(772) 403-4000,Psychiatric,Voluntary non-profit - Other,No,,Not Available,19,Not Available,Not Available,Not Available,Not Available,Not Available,19,Not Available,Not Available,Not Available,Not Available,Not Available,19,Not Available,Not Available,Not Available,Not Available,Not Available,19,Not Available,Not Available,19,Not Available,Not Available,19
110008.0,NORTHSIDE HOSPITAL CHEROKEE,450 NORTHSIDE CHEROKEE BOULEVARD,CANTON,GA,30115,CHEROKEE,(770) 244-1000,Acute Care Hospitals,Voluntary non-profit - Other,Yes,Y,4,,7,6,2,4,0,,8,8,1,7,0,,11,10,0,10,0,,8,8,,12,12,
110028.0,PIEDMONT AUGUSTA HOSPITAL,1350 WALTON WAY,AUGUSTA,GA,30901,RICHMOND,(706) 722-9011,Acute Care Hospitals,Government - Hospital District or Authority,Yes,Y,2,,7,7,0,6,1,,8,8,3,5,0,,11,9,1,7,1,,8,8,,12,11,
110042.0,WELLSTAR PAULDING MEDICAL CENTER,2518 JIMMY LEE SMITH PARKWAY,HIRAM,GA,30141,PAULDING,(470) 644-7000,Acute Care Hospitals,Voluntary non-profit - Other,No,,4,,7,6,1,5,0,,8,6,1,5,0,,11,7,0,6,1,,8,8,,12,10,
110071.0,APPLING HEALTHCARE,163 E TOLLISON STREET,BAXLEY,GA,31513,APPLING,(912) 367-9841,Acute Care Hospitals,Government - Hospital District or Authority,Yes,,Not Available,16,7,1,0,1,0,,8,Not Available,Not Available,Not Available,Not Available,5,11,2,0,2,0,,8,Not Available,5,12,7,
110087.0,NORTHSIDE HOSPITAL GWINNETT,1000 MEDICAL CENTER BOULEVARD,LAWRENCEVILLE,GA,30045,GWINNETT,(678) 312-4310,Acute Care Hospitals,Government - Hospital District or Authority,Yes,Y,3,,7,7,0,7,0,,8,8,1,7,0,,11,11,0,10,1,,8,8,,12,11,
110109.0,EMANUEL MEDICAL CENTER,117 KITE ROAD,SWAINSBORO,GA,30401,EMANUEL,(478) 289-1304,Acute Care Hospitals,Government - Hospital District or Authority,Yes,,4,,7,3,0,3,0,,8,1,0,1,0,,11,5,1,4,0,,8,8,,12,8,
110142.0,EVANS MEMORIAL HOSPITAL,200 N RIVER STREET,CLAXTON,GA,30417,EVANS,(912) 739-5105,Acute Care Hospitals,Government - Hospital District or Authority,Yes,,Not Available,16,7,1,0,1,0,,8,1,0,1,0,,11,3,0,3,0,,8,8,,12,8,
110184.0,WELLSTAR DOUGLAS MEDICAL CENTER,8954 HOSPITAL DRIVE,DOUGLASVILLE,GA,30134,DOUGLAS,(770) 949-1500,Acute Care Hospitals,Voluntary non-profit - Private,Yes,Y,3,,7,5,0,5,0,,8,6,0,6,0,,11,7,1,6,0,,8,8,,12,11,
110225.0,PIEDMONT MOUNTAINSIDE HOSPITAL INC,1266 HIGHWAY 515 SOUTH,JASPER,GA,30143,PICKENS,(706) 692-2441,Acute Care Hospitals,Voluntary non-profit - Other,No,Y,4,,7,4,0,4,0,,8,4,1,3,0,,11,6,0,6,0,,8,8,,12,10,
110780.0,BLUE RIDGE MEDICAL CENTER,2855 OLD HIGHWAY 5 NORTH,BLUE RIDGE,GA,30513,FANNIN,(706) 632-3711,Rural Emergency Hospital,Proprietary,Yes,,Not Available,19,Not Available,Not Available,Not Available,Not Available,Not Available,19,Not Available,Not Available,Not Available,Not Available,Not Available,19,Not Available,Not Available,Not Available,Not Available,Not Available,19,Not Available,Not Available,19,Not Available,Not Available,19
111312.0,OPTIM MEDICAL CENTER - SCREVEN,215 MIMS ROAD,SYLVANIA,GA,30467,SCREVEN,(912) 564-7426,Critical Access Hospitals,Proprietary,Yes,,Not Available,16,7,Not Available,Not Available,Not Available,Not Available,5,8,Not Available,Not Available,Not Available,Not Available,5,11,2,0,2,0,,8,Not Available,5,12,7,
111326.0,SGMC HEALTH LANIER,116 WEST THIGPEN AVENUE,LAKELAND,GA,31635,LANIER,(229) 482-8402,Critical Access Hospitals,Government - Hospital District or Authority,Yes,,Not Available,16,7,Not Available,Not Available,Not Available,Not Available,5,8,Not Available,Not Available,Not Available,Not Available,5,11,Not Available,Not Available,Not Available,Not Available,5,8,Not Available,5,12,6,
111336.0,MOUNTAIN LAKES MEDICAL CENTER,162 LEGACY POINT,CLAYTON,GA,30525,RABUN,(706) 782-3100,Critical Access Hospitals,Proprietary,Yes,,Not Available,16,7,Not Available,Not Available,Not Available,Not Available,5,8,Not Available,Not Available,Not Available,Not Available,5,11,1,0,1,0,,8,Not Available,5,12,6,
114019.0,GEORGIA REGIONAL HOSPITAL ATLANTA,3073 PANTHERSVILLE ROAD,DECATUR,GA,30034,DE KALB,(404) 243-2100,Psychiatric,Government - State,No,,Not Available,19,Not Available,Not Available,Not Available,Not Available,Not Available,19,Not Available,Not Available,Not Available,Not Available,Not Available,19,Not Available,Not Available,Not Available,Not Available,Not Available,19,Not Available,Not Available,19,Not Available,Not Available,19
120006.0,ADVENTIST HEALTH CASTLE,640 ULUKAHIKI ST,KAILUA,HI,96734,HONOLULU,(808) 263-5015,Acute Care Hospitals,Voluntary non-profit - Church,Yes,Y,5,,7,5,0,5,0,,8,7,1,6,0,,11,10,0,10,0,,8,8,,12,10,
121302.0,KOHALA HOSPITAL,54-383 HOSPITAL ROAD,KAPAAU,HI,96755,HAWAII,(808) 889-6211,Critical Access Hospitals,Government - State,Yes,,Not Available,16,7,Not Available,Not Available,Not Available,Not Available,5,8,Not Available,Not Available,Not Available,Not Available,5,11,Not Available,Not Available,Not Available,Not Available,5,8,Not Available,5,12,4,
130002.0,ST LUKES MAGIC VALLEY MEDICAL CENTER,801 POLE LINE ROAD WEST,TWIN FALLS,ID,83301,TWIN FALLS,(208) 814-1000,Acute Care Hospitals,Voluntary non-profit - Private,Yes,Y,5,,7,6,0,6,0,,8,6,1,5,0,,11,7,1,6,0,,8,8,,12,12,
130063.0,TREASURE VALLEY HOSPITAL,8800 WEST EMERALD STREET,BOISE,ID,83704,ADA,(208) 373-5000,Acute Care Hospitals,Proprietary,No,,Not Available,16,7,Not Available,Not Available,Not Available,Not Available,5,8,1,0,1,0,,11,2,1,1,0,,8,8,,12,3,
131304.0,POWER COUNTY HOSPITAL DISTRICT,510 ROOSEVELT STREET,AMERICAN FALLS,ID,83211,POWER,(208) 226-3200,Critical Access Hospitals,Government - Hospital District or Authority,Yes,,Not Available,16,7,Not Available,Not Available,Not Available,Not Available,5,8,Not Available,Not Available,Not Available,Not Available,5,11,Not Available,Not Available,Not Available,Not Available,5,8,Not Available,5,12,2,
131316.0,BEAR LAKE MEMORIAL HOSPITAL,164 SOUTH FIFTH STREET,MONTPELIER,ID,83254,BEAR LAKE,(208) 847-1630,Critical Access Hospitals,Government - Local,Yes,Y,Not Available,16,7,1,0,1,0,,8,Not Available,Not Available,Not Available,Not Available,5,11,3,0,3,0,,8,Not Available,5,12,3,
131326.0,CASSIA REGIONAL HOSPITAL,1501 HILAND AVENUE,BURLEY,ID,83318,CASSIA,(208) 678-4444,Critical Access Hospitals,Voluntary non-profit - Private,Yes,Y,Not Available,16,7,2,0,2,0,,8,Not Available,Not Available,Not Available,Not Available,5,11,4,1,3,0,,8,8,,12,9,
140008.0,LOYOLA GOTTLIEB MEMORIAL HOSPITAL,701 WEST NORTH AVE,MELROSE PARK,IL,60160,COOK,(708) 681-3200,Acute Care Hospitals,Voluntary non-profit - Private,Yes,,2,,7,6,0,6,0,,8,6,1,5,0,,11,8,0,5,3,,8,8,,12,9,
140034.0,SSM HEALTH ST MARY'S HOSPITAL -CENTRALIA,400 NORTH PLEASANT AVENUE,CENTRALIA,IL,62801,MARION,(618) 436-8000,Acute Care Hospitals,Voluntary non-profit - Church,Yes,,2,,7,4,0,4,0,,8,2,0,2,0,,11,6,0,5,1,,8,8,,12,10,
140063.0,RUSH OAK PARK HOSPITAL,520 S MAPLE AVE,OAK PARK,IL,60304,COOK,(708) 383-9300,Acute Care Hospitals,Voluntary non-profit - Church,Yes,,4,,7,5,2,3,0,,8,5,1,4,0,,11,8,0,7,1,,8,8,,12,10,
140088.0,THE UNIVERSITY OF CHICAGO MEDICAL CENTER,5841 SOUTH MARYLAND,CHICAGO,IL,60637,COOK,(773) 702-9785,Acute Care Hospitals,Voluntary non-profit - Private,Yes,Y,4,,7,7,2,5,0,,8,7,4,3,0,,11,10,0,7,3,,8,8,,12,11,
140114.0,SWEDISH HOSPITAL,5145 N CALIFORNIA AVE,CHICAGO,IL,60625,COOK,(773) 878-8200,Acute Care Hospitals,Voluntary non-profit - Church,Yes,Y,2,,7,6,0,6,0,,8,7,1,6,0,,11,10,0,9,1,,8,8,,12,12,
140130.0,NORTHWESTERN LAKE FOREST HOSPITAL,1000 N WESTMORELAND ROAD,LAKE FOREST,IL,60045,LAKE,(847) 234-5600,Acute Care Hospitals,Voluntary non-profit - Other,Yes,Y,5,,7,6,3,3,0,,8,8,1,7,0,,11,10,1,7,2,,8,8,,12,11,
140161.0,SAINT JAMES HOSPITAL,2500 WEST REYNOLDS STREET,PONTIAC,IL,61764,LIVINGSTON,(815) 842-2828,Acute Care Hospitals,Voluntary non-profit - Church,No,,3,,7,4,0,4,0,,8,3,0,3,0,,11,7,0,7,0,,8,8,,12,10,
140182.0,ADVOCATE ILLINOIS MASONIC MEDICAL CENTER,836 WEST WELLINGTON AVENUE,CHICAGO,IL,60657,COOK,(773) 975-1600,Acute Care Hospitals,Voluntary non-profit - Private,Yes,Y,3,,7,6,1,5,0,,8,7,1,6,0,,11,9,0,8,1,,8,8,,12,10,
140206.0,HUMBOLDT PARK HEALTH,1044 N FRANCISCO AVE,CHICAGO,IL,60622,COOK,(773) 292-8200,Acute Care Hospitals,Voluntary non-profit - Private,Yes,Y,1,,7,3,0,3,0,,8,5,0,5,0,,11,5,0,4,1,,8,8,,12,9,
140231.0,EDWARD HOSPITAL,801 SOUTH WASHINGTON,NAPERVILLE,IL,60540,DU PAGE,(630) 527-3000,Acute Care Hospitals,Voluntary non-profit - Private,Yes,Y,4,,7,7,1,6,0,,8,8,2,6,0,,11,11,0,10,1,,8,8,,12,11,
140281.0,NORTHWESTERN MEMORIAL HOSPITAL,251 E HURON ST,CHICAGO,IL,60611,COOK,(312) 926-2000,Acute Care Hospitals,Voluntary non-profit - Private,Yes,Y,5,,7,7,4,3,0,,8,8,4,4,0,,11,11,1,6,4,,8,8,,12,11,
140308.0,MERCYHEALTH HOSPITAL & PHYSICIAN CLINIC-CRYSTAL LA,875 S ROUTE 31,CRYSTAL LAKE,IL,60014,MC HENRY,(792) 220-5500,Acute Care Hospitals,Voluntary non-profit - Private,Yes,,Not Available,16,7,Not Available,Not Available,Not Available,Not Available,5,8,Not Available,Not Available,Not Available,Not Available,5,11,Not Available,Not Available,Not Available,Not Available,5,8,Not Available,5,12,3,
141309.0,CARLE EUREKA  HOSPITAL,101 S MAJOR ST,EUREKA,IL,61530,WOODFORD,(309) 467-2371,Critical Access Hospitals,Voluntary non-profit - Private,Yes,,Not Available,16,7,Not Available,Not Available,Not Available,Not Available,5,8,Not Available,Not Available,Not Available,Not Available,5,11,2,0,2,0,,8,Not Available,5,12,7,
141320.0,PARIS COMMUNITY HOSPITAL,721 E COURT STREET,PARIS,IL,61944,EDGAR,(217) 465-4141,Critical Access Hospitals,Voluntary non-profit - Private,Yes,,2,,7,3,0,3,0,,8,Not Available,Not Available,Not Available,Not Available,5,11,5,0,5,0,,8,8,,12,8,
141330.0,HOPEDALE HOSPITAL,107 TREMONT STREET,HOPEDALE,IL,61747,TAZEWELL,(309) 449-3321,Critical Access Hospitals,Voluntary non-profit - Private,Yes,,Not Available,16,7,Not Available,Not Available,Not Available,Not Available,5,8,Not Available,Not Available,Not Available,Not Available,5,11,3,0,3,0,,8,Not Available,5,12,5,
141340.0,VALLEY WEST COMMUNITY HOSPITAL,1301 NORTH MAIN STREET,SANDWICH,IL,60548,DE KALB,(815) 786-8484,Critical Access Hospitals,Voluntary non-profit - Private,Yes,,Not Available,16,7,1,0,1,0,,8,Not Available,Not Available,Not Available,Not Available,5,11,5,0,5,0,,8,Not Available,5,12,8,
141350.0,ST FRANCIS HOSPITAL,1215 FRANCISCAN DR,LITCHFIELD,IL,62056,MONTGOMERY,(217) 324-2191,Critical Access Hospitals,Voluntary non-profit - Church,Yes,Y,3,,7,3,0,3,0,,8,1,0,1,0,,11,8,0,8,0,,8,8,,12,9,
144010.0,CHICAGO READ MENTAL HEALTH CENTER,4200 N OAK PARK AVE,CHICAGO,IL,60634,COOK,(773) 794-4000,Psychiatric,Government - State,No,,Not Available,19,Not Available,Not Available,Not Available,Not Available,Not Available,19,Not Available,Not Available,Not Available,Not Available,Not Available,19,Not Available,Not Available,Not Available,Not Available,Not Available,19,Not Available,Not Available,19,Not Available,Not Available,19
144038.0,CHOATE MENTAL HEALTH & DEVELOPMENT CTR,1000 N MAIN ST,ANNA,IL,62906,UNION,(618) 833-5161,Psychiatric,Government - State,No,,Not Available,19,Not Available,Not Available,Not Available,Not Available,Not Available,19,Not Available,Not Available,Not Available,Not Available,Not Available,19,Not Available,Not Available,Not Available,Not Available,Not Available,19,Not Available,Not Available,19,Not Available,Not Available,19
150007.0,COMMUNITY HOWARD REGIONAL HEALTH INC.,3500 S LAFOUNTAIN ST,KOKOMO,IN,46902,HOWARD,(765) 776-8000,Acute Care Hospitals,Voluntary non-profit - Private,Yes,Y,4,,7,6,0,5,1,,8,6,1,5,0,,11,10,1,9,0,,8,8,,12,11,
150022.0,FRANCISCAN HEALTH CRAWFORDSVILLE,1710 LAFAYETTE RD,CRAWFORDSVILLE,IN,47933,MONTGOMERY,(765) 362-2800,Acute Care Hospitals,Voluntary non-profit - Church,Yes,,4,,7,4,0,4,0,,8,2,0,2,0,,11,6,0,6,0,,8,8,,12,10,
150045.0,PARKVIEW DEKALB HOSPITAL,1316 E SEVENTH ST,AUBURN,IN,46706,DE KALB,(260) 925-4600,Acute Care Hospitals,Voluntary non-profit - Private,Yes,,4,,7,3,0,3,0,,8,2,0,2,0,,11,5,0,5,0,,8,8,,12,10,
150065.0,SCHNECK MEDICAL CENTER,411 W TIPTON ST,SEYMOUR,IN,47274,JACKSON,(812) 522-2349,Acute Care Hospitals,Government - Local,Yes,Y,5,,7,4,0,4,0,,8,4,0,4,0,,11,9,1,8,0,,8,8,,12,11,
150089.0,INDIANA UNIVERSITY HEALTH BALL MEMORIAL HOSPITAL,2401 UNIVERSITY AVE,MUNCIE,IN,47303,DELAWARE,(765) 747-3111,Acute Care Hospitals,Voluntary non-profit - Private,Yes,Y,3,,7,7,1,6,0,,8,7,1,5,1,,11,11,0,10,1,,8,8,,12,11,
150113.0,COMMUNITY HOSPITAL OF ANDERSON AND MADISON COUNTY,1515 N MADISON AVE,ANDERSON,IN,46011,MADISON,(765) 298-4242,Acute Care Hospitals,Voluntary non-profit - Private,Yes,Y,4,,7,5,0,5,0,,8,6,1,5,0,,11,9,1,8,0,,8,8,,12,11,
150157.0,ASCENSION ST VINCENT CARMEL,13500 N MERIDIAN ST,CARMEL,IN,46032,HAMILTON,(317) 582-7000,Acute Care Hospitals,Voluntary non-profit - Private,Yes,Y,3,,7,4,0,4,0,,8,5,0,5,0,,11,6,0,5,1,,8,8,,12,8,
150172.0,PHYSICIANS' MEDICAL CENTER LLC,4023 REAS LN,NEW ALBANY,IN,47150,FLOYD,(812) 206-7660,Acute Care Hospitals,Physician,No,,Not Available,16,7,Not Available,Not Available,Not Available,Not Available,5,8,2,0,2,0,,11,4,0,3,1,,8,Not Available,5,12,4,
151303.0,ASCENSION ST VINCENT JENNINGS,301 HENRY ST,NORTH VERNON,IN,47265,JENNINGS,(812) 352-4228,Critical Access Hospitals,Voluntary non-profit - Church,Yes,,Not Available,16,7,Not Available,Not Available,Not Available,Not Available,5,8,Not Available,Not Available,Not Available,Not Available,5,11,3,1,2,0,,8,Not Available,5,12,6,
151313.0,WOODLAWN HOSPITAL,1400 E 9TH ST,ROCHESTER,IN,46975,FULTON,(574) 223-3141,Critical Access Hospitals,Government - Local,Yes,,Not Available,16,7,1,0,1,0,,8,1,0,1,0,,11,4,0,4,0,,8,Not Available,5,12,4,
151324.0,"FRANCISCAN HEALTH RENSSELAER, INC",1104 E GRACE ST,RENSSELAER,IN,47978,JASPER,(219) 866-5141,Critical Access Hospitals,Voluntary non-profit - Private,Yes,,Not Available,16,7,2,0,2,0,,8,Not Available,Not Available,Not Available,Not Available,5,11,5,0,5,0,,8,Not Available,5,12,8,
151334.0,NORTON SCOTT HOSPITAL,1451 N GARDNER ST,SCOTTSBURG,IN,47170,SCOTT,(812) 752-3456,Critical Access Hospitals,Proprietary,Yes,,4,,7,3,0,3,0,,8,Not Available,Not Available,Not Available,Not Available,5,11,5,1,4,0,,8,Not Available,5,12,7,
154024.0,VALLE VISTA HEALTH SYSTEM,898 E MAIN ST,GREENWOOD,IN,46143,JOHNSON,(317) 883-5300,Psychiatric,Proprietary,No,,Not Available,19,Not Available,Not Available,Not Available,Not Available,Not Available,19,Not Available,Not Available,Not Available,Not Available,Not Available,19,Not Available,Not Available,Not Available,Not Available,Not Available,19,Not Available,Not Available,19,Not Available,Not Available,19
154056.0,EVANSVILLE STATE HOSPITAL,3400 LINCOLN AVENUE,EVANSVILLE,IN,47714,VANDERBURGH,(812) 469-6800,Psychiatric,Government - State,No,,Not Available,19,Not Available,Not Available,Not Available,Not Available,Not Available,19,Not Available,Not Available,Not Available,Not Available,Not Available,19,Not Available,Not Available,Not Available,Not Available,Not Available,19,Not Available,Not Available,19,Not Available,Not Available,19
154067.0,HENDRICKS BEHAVIORAL HOSPITAL,1051 SOUTHFIELD DRIVE,PLAINFIELD,IN,46168,HENDRICKS,(844) 991-9900,Psychiatric,Proprietary,No,,Not Available,19,Not Available,Not Available,Not Available,Not Available,Not Available,19,Not Available,Not Available,Not Available,Not Available,Not Available,19,Not Available,Not Available,Not Available,Not Available,Not Available,19,Not Available,Not Available,19,Not Available,Not Available,19
160033.0,GENESIS MEDICAL CENTER-DAVENPORT,1227 EAST RUSHOLME STREET,DAVENPORT,IA,52803,SCOTT,(563) 421-1000,Acute Care Hospitals,Voluntary non-profit - Private,Yes,Y,1,,7,7,0,7,0,,8,7,1,6,0,,11,11,1,7,3,,8,8,,12,12,
160080.0,MERCYONE CLINTON MEDICAL CENTER,1410 NORTH 4TH STREET,CLINTON,IA,52732,CLINTON,(563) 244-5555,Acute Care Hospitals,Voluntary non-profit - Private,Yes,Y,4,,7,5,0,4,1,,8,4,0,4,0,,11,9,2,7,0,,8,8,,12,11,
160146.0,ST LUKES REGIONAL MEDICAL CENTER,2720 STONE PARK BOULEVARD,SIOUX CITY,IA,51104,WOODBURY,(712) 279-3500,Acute Care Hospitals,Voluntary non-profit - Private,Yes,Y,1,,7,6,0,5,1,,8,6,0,6,0,,11,6,0,6,0,,8,8,,12,9,
161308.0,FRANKLIN GENERAL HOSPITAL,1720 CENTRAL AVENUE EAST,HAMPTON,IA,50441,FRANKLIN,(641) 456-5000,Critical Access Hospitals,Government - Local,Yes,,Not Available,16,7,1,0,1,0,,8,Not Available,Not Available,Not Available,Not Available,5,11,3,0,3,0,,8,Not Available,5,12,7,
161318.0,VETERANS MEMORIAL HOSPITAL,40 1ST STREET SE,WAUKON,IA,52172,ALLAMAKEE,(563) 568-3411,Critical Access Hospitals,Government - Local,Yes,,Not Available,16,7,1,0,1,0,,8,1,0,1,0,,11,4,0,4,0,,8,Not Available,5,12,3,
161328.0,REGIONAL HEALTH SERVICES OF HOWARD COUNTY,235 8TH AVENUE WEST,CRESCO,IA,52136,HOWARD,(563) 547-2101,Critical Access Hospitals,Government - Local,Yes,Y,Not Available,16,7,2,0,2,0,,8,Not Available,Not Available,Not Available,Not Available,5,11,5,2,3,0,,8,Not Available,5,12,5,
161338.0,MERCYONE OELWEIN MEDICAL CENTER,201 EIGHTH AVENUE SE,OELWEIN,IA,50662,FAYETTE,(319) 283-6000,Critical Access Hospitals,Voluntary non-profit - Private,Yes,,Not Available,16,7,1,0,1,0,,8,Not Available,Not Available,Not Available,Not Available,5,11,1,0,1,0,,8,Not Available,5,12,4,
161348.0,CLARKE COUNTY HOSPITAL,800 S FILLMORE ST,OSCEOLA,IA,50213,CLARKE,(641) 342-2184,Critical Access Hospitals,Voluntary non-profit - Other,Yes,,Not Available,16,7,2,0,2,0,,8,Not Available,Not Available,Not Available,Not Available,5,11,5,0,5,0,,8,Not Available,5,12,6,
161358.0,WAYNE COUNTY HOSPITAL,417 SOUTH EAST STREET,CORYDON,IA,50060,WAYNE,(641) 872-2260,Critical Access Hospitals,Government - Local,Yes,,Not Available,16,7,1,0,1,0,,8,1,0,1,0,,11,6,2,4,0,,8,Not Available,5,12,2,
161368.0,FLOYD VALLEY HEALTHCARE,714 LINCOLN ST NE,LE MARS,IA,51031,PLYMOUTH,(712) 546-7871,Critical Access Hospitals,Government - Local,Yes,Y,Not Available,16,7,2,0,2,0,,8,1,0,1,0,,11,5,0,5,0,,8,8,,12,5,
161378.0,MERCYONE DYERSVILLE MEDICAL CENTER,1111 3RD STREET SW,DYERSVILLE,IA,52040,DUBUQUE,(563) 875-2900,Critical Access Hospitals,Voluntary non-profit - Private,Yes,,Not Available,16,7,Not Available,Not Available,Not Available,Not Available,5,8,Not Available,Not Available,Not Available,Not Available,5,11,1,0,1,0,,8,Not Available,5,12,3,
170009.0,SAINT JOHN HOSPITAL,3500 SOUTH 4TH STREET,LEAVENWORTH,KS,66048,LEAVENWORTH,(913) 680-6000,Acute Care Hospitals,Voluntary non-profit - Other,Yes,,Not Available,16,7,2,0,2,0,,8,1,0,1,0,,11,5,0,5,0,,8,8,,12,9,
170049.0,OLATHE MEDICAL CENTER,20333 WEST 151ST STREET,OLATHE,KS,66061,JOHNSON,(913) 791-4200,Acute Care Hospitals,Voluntary non-profit - Private,Yes,Y,4,,7,7,0,7,0,,8,7,3,4,0,,11,11,1,10,0,,8,8,,12,12,
170123.0,WESLEY MEDICAL CENTER,550 N HILLSIDE STREET,WICHITA,KS,67214,SEDGWICK,(316) 962-2000,Acute Care Hospitals,Proprietary,Yes,Y,4,,7,7,1,6,0,,8,8,4,4,0,,11,11,3,7,1,,8,8,,12,11,
170187.0,SALINA SURGICAL HOSPITAL,401 SOUTH SANTA FE AVENUE,SALINA,KS,67401,SALINE,(785) 827-0610,Acute Care Hospitals,Physician,No,,Not Available,16,7,Not Available,Not Available,Not Available,Not Available,5,8,2,0,2,0,,11,6,0,6,0,,8,8,,12,4,
170203.0,MERCY SPECIALTY HOSPITAL SOUTHEAST KANSAS,1619 K 66,GALENA,KS,66739,CHEROKEE,(620) 783-1732,Acute Care Hospitals,Voluntary non-profit - Private,No,,Not Available,16,7,Not Available,Not Available,Not Available,Not Available,5,8,2,0,2,0,,11,4,0,4,0,,8,8,,12,6,
171306.0,WICHITA COUNTY HEALTH CENTER,211 E EARL STREET,LEOTI,KS,67861,WICHITA,(620) 375-2233,Critical Access Hospitals,Government - Local,Yes,,Not Available,16,7,Not Available,Not Available,Not Available,Not Available,5,8,Not Available,Not Available,Not Available,Not Available,5,11,1,0,1,0,,8,Not Available,5,12,4,
171316.0,ANDERSON COUNTY HOSPITAL,421 S MAPLE,GARNETT,KS,66032,ANDERSON,(785) 448-3131,Critical Access Hospitals,Voluntary non-profit - Private,Yes,,Not Available,16,7,Not Available,Not Available,Not Available,Not Available,5,8,Not Available,Not Available,Not Available,Not Available,5,11,2,0,2,0,,8,Not Available,5,12,5,
171327.0,ELLSWORTH COUNTY MEDICAL CENTER,1604 AYLWARD AVENUE,ELLSWORTH,KS,67439,ELLSWORTH,(785) 472-3111,Critical Access Hospitals,Proprietary,Yes,,4,,7,3,0,3,0,,8,Not Available,Not Available,Not Available,Not Available,5,11,5,1,4,0,,8,Not Available,5,12,6,
171337.0,WAMEGO HEALTH CENTER,711 GENN DRIVE,WAMEGO,KS,66547,POTTAWATOMIE,(785) 456-2295,Critical Access Hospitals,Voluntary non-profit - Other,Yes,,Not Available,16,7,Not Available,Not Available,Not Available,Not Available,5,8,Not Available,Not Available,Not Available,Not Available,5,11,2,0,2,0,,8,Not Available,5,12,6,
171349.0,CLOUD COUNTY HEALTH CENTER,155 WEST COLLEGE DRIVE,CONCORDIA,KS,66901,CLOUD,(785) 243-1234,Critical Access Hospitals,Voluntary non-profit - Private,Yes,,Not Available,16,7,1,0,1,0,,8,Not Available,Not Available,Not Available,Not Available,5,11,3,0,3,0,,8,Not Available,5,12,5,
171359.0,GREELEY COUNTY HEALTH SERVICES,506 3RD STREET,TRIBUNE,KS,67879,GREELEY,(620) 376-4221,Critical Access Hospitals,Government - Local,Yes,,Not Available,16,7,1,0,1,0,,8,Not Available,Not Available,Not Available,Not Available,5,11,3,0,3,0,,8,Not Available,5,12,2,
171370.0,GOODLAND REGIONAL MEDICAL CENTER,220 WEST SECOND STREET,GOODLAND,KS,67735,SHERMAN,(785) 890-3625,Critical Access Hospitals,Government - Local,Yes,,4,,7,3,0,3,0,,8,Not Available,Not Available,Not Available,Not Available,5,11,5,0,5,0,,8,Not Available,5,12,6,
171380.0,NEOSHO MEMORIAL REGIONAL MEDICAL CENTER,629 SOUTH PLUMMER AVE,CHANUTE,KS,66720,NEOSHO,(620) 431-4000,Critical Access Hospitals,Government - Local,Yes,Y,2,,7,3,0,3,0,,8,2,0,2,0,,11,6,0,6,0,,8,8,,12,10,
174016.0,PRAIRIE VIEW INC,1901 E FIRST STREET PO BOX 467,NEWTON,KS,67114,HARVEY,(316) 284-6400,Psychiatric,Voluntary non-profit - Private,No,,Not Available,19,Not Available,Not Available,Not Available,Not Available,Not Available,19,Not Available,Not Available,Not Available,Not Available,Not Available,19,Not Available,Not Available,Not Available,Not Available,Not Available,19,Not Available,Not Available,19,Not Available,Not Available,19
180010.0,SAINT JOSEPH HOSPITAL,ONE SAINT JOSEPH DRIVE,LEXINGTON,KY,40504,FAYETTE,(859) 313-1000,Acute Care Hospitals,Voluntary non-profit - Church,Yes,,2,,7,7,1,5,1,,8,7,5,1,1,,11,9,0,9,0,,8,8,,12,9,
180025.0,CHI SAINT JOSEPH FLAGET MEMORIAL HOSPITAL,4305 NEW SHEPHERDSVILLE ROAD,BARDSTOWN,KY,40004,NELSON,(502) 350-5000,Acute Care Hospitals,Voluntary non-profit - Private,Yes,Y,Not Available,16,7,2,0,2,0,,8,2,0,2,0,,11,8,0,8,0,,8,8,,12,10,
180048.0,EPHRAIM MCDOWELL REGIONAL MEDICAL CENTER,217 SOUTH THIRD STREET,DANVILLE,KY,40422,BOYLE,(859) 239-1000,Acute Care Hospitals,Voluntary non-profit - Private,Yes,Y,2,,7,6,0,5,1,,8,6,2,4,0,,11,9,0,9,0,,8,8,,12,11,
180078.0,PAINTSVILLE ARH HOSPITAL,625 JAMES S TRIMBLE BOULEVARD,PAINTSVILLE,KY,41240,JOHNSON,(606) 789-3511,Acute Care Hospitals,Proprietary,Yes,,2,,7,3,0,2,1,,8,2,0,2,0,,11,5,0,4,1,,8,8,,12,8,
180104.0,BAPTIST HEALTH PADUCAH,2501 KENTUCKY AVENUE,PADUCAH,KY,42003,MC CRACKEN,(270) 575-2100,Acute Care Hospitals,Voluntary non-profit - Church,Yes,Y,5,,7,7,0,7,0,,8,6,1,4,1,,11,10,2,8,0,,8,8,,12,12,
180141.0,UNIVERSITY OF LOUISVILLE HOSPITAL,530 SOUTH JACKSON STREET,LOUISVILLE,KY,40202,JEFFERSON,(502) 562-3000,Acute Care Hospitals,Voluntary non-profit - Private,Yes,Y,1,,7,6,0,5,1,,8,7,1,5,1,,11,8,0,7,1,,8,8,,12,10,
181307.0,MORGAN COUNTY ARH HOSPITAL,476 LIBERTY ROAD,WEST LIBERTY,KY,41472,MORGAN,(606) 743-3186,Critical Access Hospitals,Voluntary non-profit - Private,Yes,,Not Available,16,7,1,0,1,0,,8,Not Available,Not Available,Not Available,Not Available,5,11,2,0,2,0,,8,Not Available,5,12,6,
181319.0,BRECKINRIDGE MEMORIAL HOSPITAL,1011 OLD HIGHWAY 60,HARDINSBURG,KY,40143,BRECKINRIDGE,(270) 756-7000,Critical Access Hospitals,Government - Local,Yes,,2,,7,3,0,3,0,,8,Not Available,Not Available,Not Available,Not Available,5,11,4,0,4,0,,8,Not Available,5,12,6,
181330.0,RUSSELL COUNTY HOSPITAL,153 DOWELL ROAD,RUSSELL SPRINGS,KY,42642,RUSSELL,(270) 866-4141,Critical Access Hospitals,Government - Local,Yes,,Not Available,16,7,1,0,1,0,,8,Not Available,Not Available,Not Available,Not Available,5,11,2,0,2,0,,8,Not Available,5,12,3,
184009.0,THE RIDGE BEHAVIORAL HEALTH SYSTEM,3050 RIO DOSA DRIVE,LEXINGTON,KY,40509,FAYETTE,(859) 269-2325,Psychiatric,Proprietary,No,,Not Available,19,Not Available,Not Available,Not Available,Not Available,Not Available,19,Not Available,Not Available,Not Available,Not Available,Not Available,19,Not Available,Not Available,Not Available,Not Available,Not Available,19,Not Available,Not Available,19,Not Available,Not Available,19
190008.0,TERREBONNE GENERAL MEDICAL CENTER - PARISH,8166 MAIN STREET,HOUMA,LA,70360,TERREBONNE,(985) 873-4141,Acute Care Hospitals,Government - Hospital District or Authority,Yes,Y,4,,7,7,0,6,1,,8,8,1,7,0,,11,11,1,10,0,,8,8,,12,10,
190027.0,CHRISTUS OCHSNER ST PATRICK HOSPITAL,524 DR MICHAEL DEBAKEY DRIVE,LAKE CHARLES,LA,70601,CALCASIEU,(337) 436-2511,Acute Care Hospitals,Voluntary non-profit - Private,Yes,,4,,7,7,0,7,0,,8,6,1,5,0,,11,8,2,6,0,,8,8,,12,10,
190053.0,OCHSNER AMERICAN LEGION HOSPITAL,1634 ELTON ROAD,JENNINGS,LA,70546,JEFFRSON DAVIS,(337) 616-7000,Acute Care Hospitals,Voluntary non-profit - Private,Yes,Y,2,,7,4,0,4,0,,8,2,0,2,0,,11,6,0,5,1,,8,8,,12,9,
190099.0,AVOYELLES HOSPITAL,4231 HIGHWAY 1192,MARKSVILLE,LA,71351,AVOYELLES,(318) 253-8611,Acute Care Hospitals,Proprietary,Yes,,Not Available,16,7,2,0,1,1,,8,1,0,1,0,,11,5,0,5,0,,8,Not Available,5,12,8,
190140.0,FRANKLIN MEDICAL CENTER,2106 LOOP ROAD,WINNSBORO,LA,71295,FRANKLIN,(318) 435-9411,Acute Care Hospitals,Government - Hospital District or Authority,Yes,,Not Available,16,7,1,0,1,0,,8,1,0,1,0,,11,4,0,4,0,,8,8,,12,7,
190190.0,"CALDWELL MEMORIAL HOSPITAL, INC",411 MAIN STREET,COLUMBIA,LA,71418,CALDWELL,(318) 649-6111,Acute Care Hospitals,Proprietary,No,,Not Available,16,7,Not Available,Not Available,Not Available,Not Available,5,8,Not Available,Not Available,Not Available,Not Available,5,11,2,0,2,0,,8,Not Available,5,12,3,
190259.0,LAFAYETTE SURGICAL SPECIALTY HOSPITAL,1101 KALISTE SALOOM RD,LAFAYETTE,LA,70508,LAFAYETTE,(337) 769-4100,Acute Care Hospitals,Physician,No,,Not Available,16,7,Not Available,Not Available,Not Available,Not Available,5,8,2,0,2,0,,11,3,0,3,0,,8,8,,12,3,
190308.0,ST BERNARD PARISH HOSPITAL,8000 WEST JUDGE PEREZ DRIVE,CHALMETTE,LA,70043,ST. BERNARD,(504) 826-9500,Acute Care Hospitals,Government - Hospital District or Authority,Yes,,Not Available,16,7,2,0,2,0,,8,2,0,2,0,,11,4,0,4,0,,8,8,,12,9,
191302.0,OCHSNER ST MARTIN HOSPITAL,210 CHAMPAGNE BOULEVARD,BREAUX BRIDGE,LA,70517,ST. MARTIN,(337) 332-2178,Critical Access Hospitals,Voluntary non-profit - Private,Yes,,Not Available,16,7,1,0,1,0,,8,1,0,1,0,,11,3,1,1,1,,8,Not Available,5,12,8,
191313.0,RIVERSIDE MEDICAL CENTER,1900 SOUTH MAIN ST,FRANKLINTON,LA,70438,WASHINGTON,(985) 795-4431,Critical Access Hospitals,Government - Hospital District or Authority,Yes,,Not Available,16,7,1,0,1,0,,8,Not Available,Not Available,Not Available,Not Available,5,11,3,0,3,0,,8,Not Available,5,12,4,
191323.0,RICHLAND PARISH HOSPITAL-DELHI,407 CINCINNATI STREET,DELHI,LA,71232,RICHLAND,(318) 878-5171,Critical Access Hospitals,Government - Hospital District or Authority,Yes,,Not Available,16,7,1,0,1,0,,8,Not Available,Not Available,Not Available,Not Available,5,11,4,0,4,0,,8,Not Available,5,12,7,
194020.0,BRENTWOOD HOSPITAL,1006 HIGHLAND AVENUE,SHREVEPORT,LA,71106,CADDO,(318) 678-7500,Psychiatric,Proprietary,No,,Not Available,19,Not Available,Not Available,Not Available,Not Available,Not Available,19,Not Available,Not Available,Not Available,Not Available,Not Available,19,Not Available,Not Available,Not Available,Not Available,Not Available,19,Not Available,Not Available,19,Not Available,Not Available,19
194080.0,"BEACON BEHAVIORAL HOSPITAL - NORTHSHORE, LLC","64026 HWY 434, SUITE 300 (3RD FLOOR)",LACOMBE,LA,70445,ST. TAMMANY,(985) 882-0226,Psychiatric,Proprietary,No,,Not Available,19,Not Available,Not Available,Not Available,Not Available,Not Available,19,Not Available,Not Available,Not Available,Not Available,Not Available,19,Not Available,Not Available,Not Available,Not Available,Not Available,19,Not Available,Not Available,19,Not Available,Not Available,19
194090.0,OCEANS BEHAVIORAL HOSPITAL OF LAKE CHARLES,302 W MCNEESE ST,LAKE CHARLES,LA,70605,CALCASIEU,(337) 474-7581,Psychiatric,Proprietary,No,,Not Available,19,Not Available,Not Available,Not Available,Not Available,Not Available,19,Not Available,Not Available,Not Available,Not Available,Not Available,19,Not Available,Not Available,Not Available,Not Available,Not Available,19,Not Available,Not Available,19,Not Available,Not Available,19
194107.0,BATON ROUGE BEHAVIORAL HOSPITAL,4040 NORTH BLVD.,BATON ROUGE,LA,70806,E. BATON ROUGE,(225) 300-8470,Psychiatric,Proprietary,No,,Not Available,19,Not Available,Not Available,Not Available,Not Available,Not Available,19,Not Available,Not Available,Not Available,Not Available,Not Available,19,Not Available,Not Available,Not Available,Not Available,Not Available,19,Not Available,Not Available,19,Not Available,Not Available,19
194120.0,STONEBRIDGE BEHAVIORAL HOSPITAL,"2837 ERNEST STREET, SUITE A",LAKE CHARLES,LA,70601,CALCASIEU,(337) 439-8111,Psychiatric,Proprietary,No,,Not Available,19,Not Available,Not Available,Not Available,Not Available,Not Available,19,Not Available,Not Available,Not Available,Not Available,Not Available,19,Not Available,Not Available,Not Available,Not Available,Not Available,19,Not Available,Not Available,19,Not Available,Not Available,19
200034.0,ST MARY'S REGIONAL MEDICAL CENTER,93 CAMPUS AVENUE - PO BOX 291,LEWISTON,ME,4243,ANDROSCOGGIN,(207) 777-8100,Acute Care Hospitals,Voluntary non-profit - Church,Yes,,3,,7,2,0,2,0,,8,3,1,2,0,,11,7,1,6,0,,8,8,,12,8,
201304.0,MOUNT DESERT ISLAND HOSPITAL,10 WAYMAN LANE,BAR HARBOR,ME,4609,HANCOCK,(207) 288-5081,Critical Access Hospitals,Voluntary non-profit - Private,Yes,Y,Not Available,16,7,2,0,2,0,,8,1,0,1,0,,11,2,0,2,0,,8,8,,12,6,
201314.0,REDINGTON FAIRVIEW GENERAL HOSPITAL,46 FAIRVIEW AVE   PO BOX 468,SKOWHEGAN,ME,4976,SOMERSET,(207) 474-5121,Critical Access Hospitals,Proprietary,Yes,,4,,7,5,0,5,0,,8,1,0,1,0,,11,6,1,5,0,,8,8,,12,7,
210003.0,UNIVERSITY OF MD CAPITAL REGION MEDICAL CENTER,901 NORTH HARRY S TRUMAN DRIVE,UPPER MARLBORO,MD,20774,PRINCE GEORGES,(301) 618-2000,Acute Care Hospitals,Voluntary non-profit - Private,Yes,Y,3,,7,7,0,7,0,,8,6,3,2,1,,11,8,0,7,1,,8,8,,12,8,
210018.0,MEDSTAR MONTGOMERY MEDICAL CENTER,18101 PRINCE PHILIP DRIVE,OLNEY,MD,20832,MONTGOMERY,(301) 774-8771,Acute Care Hospitals,Voluntary non-profit - Private,Yes,Y,3,,7,6,0,6,0,,8,5,3,2,0,,11,8,0,8,0,,8,8,,12,9,
210033.0,CARROLL HOSPITAL CENTER,200 MEMORIAL AVENUE,WESTMINSTER,MD,21157,CARROLL,(410) 848-3000,Acute Care Hospitals,Voluntary non-profit - Private,Yes,Y,3,,7,6,0,5,1,,8,7,1,6,0,,11,8,1,7,0,,8,8,,12,8,
210049.0,UMD UPPER CHESAPEAKE MEDICAL CENTER,500 UPPER CHESAPEAKE DRIVE,BEL AIR,MD,21014,HARFORD,(443) 643-3303,Acute Care Hospitals,Voluntary non-profit - Other,Yes,Y,2,,7,6,0,6,0,,8,7,1,5,1,,11,8,0,7,1,,8,8,,12,11,
210065.0,HOLY CROSS GERMANTOWN HOSPITAL,19801 OBSERVATION DRIVE,GERMANTOWN,MD,20876,MONTGOMERY,(301) 557-6020,Acute Care Hospitals,Voluntary non-profit - Private,Yes,Y,2,,7,4,0,4,0,,8,6,0,6,0,,11,6,0,6,0,,8,8,,12,9,
214022.0,UM UPPER CHESAPEAKE BEHAVIORAL HEALTH PAVILION AT,660 MCHENRY ROAD,ABERDEEN,MD,21001,HARFORD,(443) 843-5000,Psychiatric,Voluntary non-profit - Private,Yes,,Not Available,19,Not Available,Not Available,Not Available,Not Available,Not Available,19,Not Available,Not Available,Not Available,Not Available,Not Available,19,Not Available,Not Available,Not Available,Not Available,Not Available,19,Not Available,Not Available,19,Not Available,Not Available,19
220019.0,UMASS MEMORIAL HEALTH - HARRINGTON HOSPITAL,100 SOUTH STREET,SOUTHBRIDGE,MA,1550,WORCESTER,(508) 765-9771,Acute Care Hospitals,Voluntary non-profit - Private,Yes,,2,,7,5,0,5,0,,8,3,1,2,0,,11,8,0,7,1,,8,8,,12,10,
220049.0,UMASS MEMORIAL HEALTHCARE-MARLBOROUGH HOSPITAL,157 UNION STREET,MARLBOROUGH,MA,1752,MIDDLESEX,(508) 481-5000,Acute Care Hospitals,Voluntary non-profit - Private,Yes,,2,,7,5,0,5,0,,8,4,0,4,0,,11,6,0,5,1,,8,8,,12,10,
220074.0,SOUTHCOAST HOSPITALS GROUP,363 HIGHLAND AVENUE,FALL RIVER,MA,2720,BRISTOL,(508) 679-3131,Acute Care Hospitals,Voluntary non-profit - Private,Yes,Y,4,,7,7,1,6,0,,8,8,2,6,0,,11,11,0,11,0,,8,8,,12,12,
220098.0,NASHOBA VALLEY MEDICAL CENTER,200 GROTON ROAD,AYER,MA,1432,MIDDLESEX,(978) 784-9000,Acute Care Hospitals,Proprietary,Yes,,Not Available,19,Not Available,Not Available,Not Available,Not Available,Not Available,19,Not Available,Not Available,Not Available,Not Available,Not Available,19,Not Available,Not Available,Not Available,Not Available,Not Available,19,Not Available,Not Available,19,Not Available,Not Available,19
220135.0,FALMOUTH HOSPITAL,67 & 100 TER HEUN DRIVE,FALMOUTH,MA,2540,BARNSTABLE,(508) 548-5300,Acute Care Hospitals,Voluntary non-profit - Private,Yes,,4,,7,6,1,5,0,,8,5,0,5,0,,11,8,0,8,0,,8,8,,12,11,
223300.0,FRANCISCAN CHILDREN'S HOSPITAL & REHAB CENTER,30 WARREN STREET,BRIGHTON,MA,2135,SUFFOLK,(617) 254-3800,Childrens,Voluntary non-profit - Private,No,,Not Available,19,Not Available,Not Available,Not Available,Not Available,Not Available,19,Not Available,Not Available,Not Available,Not Available,Not Available,19,Not Available,Not Available,Not Available,Not Available,Not Available,19,Not Available,Not Available,19,Not Available,Not Available,19
224028.0,DR JOHN C CORRIGAN MENTAL HEALTH CENTER,49 HILLSIDE STREET,FALL RIVER,MA,2720,BRISTOL,(508) 235-7600,Psychiatric,Government - State,No,,Not Available,19,Not Available,Not Available,Not Available,Not Available,Not Available,19,Not Available,Not Available,Not Available,Not Available,Not Available,19,Not Available,Not Available,Not Available,Not Available,Not Available,19,Not Available,Not Available,19,Not Available,Not Available,19
224047.0,VALLEY SPRINGS BEHAVIORAL HEALTH HOSPITAL,45 LOWER WESTFIELD ROAD,HOLYOKE,MA,1040,HAMPDEN,(413) 315-4100,Psychiatric,Proprietary,No,,Not Available,19,Not Available,Not Available,Not Available,Not Available,Not Available,19,Not Available,Not Available,Not Available,Not Available,Not Available,19,Not Available,Not Available,Not Available,Not Available,Not Available,19,Not Available,Not Available,19,Not Available,Not Available,19
230022.0,INSIGHT HOSPITAL AND MEDICAL CENTER COLDWATER,274 E CHICAGO ST,COLDWATER,MI,49036,BRANCH,(517) 279-5489,Acute Care Hospitals,Government - Local,Yes,,2,,7,4,0,4,0,,8,3,0,3,0,,11,8,0,8,0,,8,8,,12,10,
230046.0,UNIVERSITY OF MICHIGAN HEALTH SYSTEM,"1500 E MEDICAL CENTER DRIVE, SPC 5474",ANN ARBOR,MI,48109,WASHTENAW,(734) 764-1505,Acute Care Hospitals,Voluntary non-profit - Private,Yes,Y,4,,7,7,2,5,0,,8,8,4,4,0,,11,11,1,9,1,,8,8,,12,12,
230071.0,STRAITH HOSPITAL FOR SPECIAL SURGERY,23901 LAHSER,SOUTHFIELD,MI,48033,OAKLAND,(248) 357-3360,Acute Care Hospitals,Voluntary non-profit - Private,No,,Not Available,16,7,Not Available,Not Available,Not Available,Not Available,5,8,Not Available,Not Available,Not Available,Not Available,5,11,2,0,2,0,,8,Not Available,5,12,3,
230095.0,MYMICHIGAN MEDICAL CENTER WEST BRANCH,2463 SOUTH M-30,WEST BRANCH,MI,48661,OGEMAW,(989) 345-3660,Acute Care Hospitals,Government - Local,Yes,Y,4,,7,4,0,4,0,,8,2,0,2,0,,11,6,0,6,0,,8,8,,12,11,
230130.0,BEAUMONT HOSPITAL ROYAL OAK,3601 W THIRTEEN MILE RD,ROYAL OAK,MI,48073,OAKLAND,(248) 898-5400,Acute Care Hospitals,Voluntary non-profit - Private,Yes,Y,3,,7,7,2,5,0,,8,8,2,5,1,,11,11,0,8,3,,8,8,,12,11,
230167.0,MCLAREN GREATER LANSING,2900 COLLINS ROAD,LANSING,MI,48910,INGHAM,(517) 975-5600,Acute Care Hospitals,Voluntary non-profit - Private,Yes,Y,2,,7,7,0,6,1,,8,8,0,8,0,,11,11,0,10,1,,8,8,,12,10,
230217.0,OAKLAWN HOSPITAL,200 N MADISON,MARSHALL,MI,49068,CALHOUN,(269) 781-4271,Acute Care Hospitals,Voluntary non-profit - Other,Yes,Y,4,,7,4,0,4,0,,8,4,0,4,0,,11,6,0,6,0,,8,8,,12,11,
230264.0,SOUTHEAST MICHIGAN SURGICAL HOSPITAL LLC,21230 DEQUINDRE ROAD,WARREN,MI,48091,MACOMB,(586) 427-1000,Acute Care Hospitals,Voluntary non-profit - Private,No,,Not Available,16,7,Not Available,Not Available,Not Available,Not Available,5,8,1,0,1,0,,11,Not Available,Not Available,Not Available,Not Available,5,8,Not Available,5,12,3,
230303.0,MUNSON HEALTHCARE MANISTEE HOSPITAL,1465 E PARKDALE AVE,MANISTEE,MI,49660,MANISTEE,(231) 398-1000,Acute Care Hospitals,Voluntary non-profit - Other,Yes,,4,,7,3,0,3,0,,8,2,0,2,0,,11,5,0,5,0,,8,8,,12,8,
231310.0,SCHEURER HOSPITAL,170 N CASEVILLE RD,PIGEON,MI,48755,HURON,(989) 453-3223,Critical Access Hospitals,Voluntary non-profit - Other,Yes,,Not Available,16,7,1,0,1,0,,8,1,0,1,0,,11,6,0,6,0,,8,Not Available,5,12,8,
231321.0,BELL HOSPITAL,901 LAKESHORE DRIVE,ISHPEMING,MI,49849,MARQUETTE,(906) 486-4431,Critical Access Hospitals,Proprietary,Yes,Y,Not Available,16,7,2,0,2,0,,8,2,0,2,0,,11,6,0,6,0,,8,8,,12,9,
231331.0,SPARROW IONIA HOSPITAL,3565 S STATE ROAD,IONIA,MI,48846,IONIA,(616) 527-4200,Critical Access Hospitals,Voluntary non-profit - Private,Yes,,4,,7,3,0,3,0,,8,1,0,1,0,,11,4,0,4,0,,8,8,,12,6,
234021.0,HARBOR OAKS HOSPITAL,35031 23 MILE RD,NEW BALTIMORE,MI,48047,MACOMB,(586) 725-5777,Psychiatric,Proprietary,No,,Not Available,19,Not Available,Not Available,Not Available,Not Available,Not Available,19,Not Available,Not Available,Not Available,Not Available,Not Available,19,Not Available,Not Available,Not Available,Not Available,Not Available,19,Not Available,Not Available,19,Not Available,Not Available,19
234043.0,CEDAR CREEK HOSPITAL,101 WEST TOWNSEND ROAD,SAINT JOHNS,MI,48879,CLINTON,(989) 403-6022,Psychiatric,Proprietary,No,,Not Available,19,Not Available,Not Available,Not Available,Not Available,Not Available,19,Not Available,Not Available,Not Available,Not Available,Not Available,19,Not Available,Not Available,Not Available,Not Available,Not Available,19,Not Available,Not Available,19,Not Available,Not Available,19
240018.0,MAYO CLINIC HEALTH SYSTEM IN RED WING,701 HEWITT BOULEVARD,RED WING,MN,55066,GOODHUE,(651) 267-5000,Acute Care Hospitals,Voluntary non-profit - Private,Yes,Y,4,,7,2,0,2,0,,8,3,0,3,0,,11,8,0,8,0,,8,8,,12,10,
240047.0,ST LUKES HOSPITAL,915 EAST 1ST STREET,DULUTH,MN,55805,ST. LOUIS,(218) 249-5555,Acute Care Hospitals,Voluntary non-profit - Private,Yes,Y,3,,7,7,0,7,0,,8,7,0,7,0,,11,11,0,11,0,,8,8,,12,11,
240075.0,ESSENTIA HEALTH ST JOSEPH'S MEDICAL CENTER,523 NORTH 3RD STREET,BRAINERD,MN,56401,CROW WING,(218) 829-2861,Acute Care Hospitals,Voluntary non-profit - Private,Yes,Y,5,,7,5,0,5,0,,8,5,1,4,0,,11,9,1,8,0,,8,8,,12,11,
240106.0,REGIONS HOSPITAL,640 JACKSON STREET,SAINT PAUL,MN,55101,RAMSEY,(651) 254-1616,Acute Care Hospitals,Voluntary non-profit - Private,Yes,Y,4,,7,7,0,7,0,,8,8,2,6,0,,11,11,0,11,0,,8,8,,12,11,
240779.0,MAHNOMEN HEALTH CENTER,414 W JEFFERSON PO BOX 396,MAHNOMEN,MN,56557,MAHNOMEN,(218) 935-2511,Rural Emergency Hospital,Government - Local,Yes,,Not Available,19,Not Available,Not Available,Not Available,Not Available,Not Available,19,Not Available,Not Available,Not Available,Not Available,Not Available,19,Not Available,Not Available,Not Available,Not Available,Not Available,19,Not Available,Not Available,19,Not Available,Not Available,19
241312.0,COOK HOSPITAL,10 SE FIFTH ST,COOK,MN,55723,ST. LOUIS,(218) 666-5945,Critical Access Hospitals,Government - Hospital District or Authority,Yes,,Not Available,16,7,Not Available,Not Available,Not Available,Not Available,5,8,Not Available,Not Available,Not Available,Not Available,5,11,Not Available,Not Available,Not Available,Not Available,5,8,Not Available,5,12,4,
241322.0,RAINY LAKE MEDICAL CENTER,1400 HIGHWAY 71,INTERNATIONAL FALLS,MN,56649,KOOCHICHING,(218) 283-4481,Critical Access Hospitals,Voluntary non-profit - Private,Yes,,Not Available,16,7,Not Available,Not Available,Not Available,Not Available,5,8,2,1,1,0,,11,2,1,1,0,,8,Not Available,5,12,5,
241334.0,RIVER'S EDGE HOSPITAL & CLINIC,1900 NORTH SUNRISE DRIVE,ST PETER,MN,56082,NICOLLET,(507) 931-2200,Critical Access Hospitals,Government - Local,Yes,,Not Available,16,7,Not Available,Not Available,Not Available,Not Available,5,8,1,0,1,0,,11,3,0,3,0,,8,8,,12,6,
241344.0,LIFECARE MEDICAL CENTER,715 DELMORE DRIVE,ROSEAU,MN,56751,ROSEAU,(218) 463-2500,Critical Access Hospitals,Voluntary non-profit - Private,Yes,,Not Available,16,7,1,0,1,0,,8,Not Available,Not Available,Not Available,Not Available,5,11,5,0,5,0,,8,Not Available,5,12,6,
241355.0,GLENCOE REGIONAL HEALTH,1805 HENNEPIN AVENUE NORTH,GLENCOE,MN,55336,MC LEOD,(320) 864-3121,Critical Access Hospitals,Voluntary non-profit - Other,Yes,Y,Not Available,16,7,Not Available,Not Available,Not Available,Not Available,5,8,Not Available,Not Available,Not Available,Not Available,5,11,2,0,2,0,,8,8,,12,6,
241365.0,CENTRACARE - BENSON,1815 WISCONSIN AVENUE,BENSON,MN,56215,SWIFT,(320) 843-4232,Critical Access Hospitals,Government - Hospital District or Authority,Yes,,Not Available,16,7,Not Available,Not Available,Not Available,Not Available,5,8,Not Available,Not Available,Not Available,Not Available,5,11,1,0,1,0,,8,Not Available,5,12,5,
241375.0,MINNESOTA VALLEY HEALTH CENTER  INC,621 SOUTH FOURTH STREET,LE SUEUR,MN,56058,LE SUEUR,(507) 665-3375,Critical Access Hospitals,Voluntary non-profit - Private,Yes,,Not Available,16,7,Not Available,Not Available,Not Available,Not Available,5,8,Not Available,Not Available,Not Available,Not Available,5,11,Not Available,Not Available,Not Available,Not Available,5,8,Not Available,5,12,3,
244005.0,CHILD AND ADOLESCENT BEHAVIORAL HEALTH HOSPITAL,2301 TRANSPORTATION DRIVE NE,WILLMAR,MN,56201,KANDIYOHI,(320) 441-0125,Psychiatric,Government - State,No,,Not Available,19,Not Available,Not Available,Not Available,Not Available,Not Available,19,Not Available,Not Available,Not Available,Not Available,Not Available,19,Not Available,Not Available,Not Available,Not Available,Not Available,19,Not Available,Not Available,19,Not Available,Not Available,19
250004.0,NORTH MISSISSIPPI MEDICAL CENTER,830 S GLOSTER STREET,TUPELO,MS,38801,LEE,(662) 377-6608,Acute Care Hospitals,Voluntary non-profit - Private,Yes,Y,2,,7,7,0,5,2,,8,7,1,5,1,,11,11,1,9,1,,8,8,,12,8,
250031.0,MERIT HEALTH RIVER REGION,2100 HWY 61 N,VICKSBURG,MS,39183,WARREN,(601) 883-5000,Acute Care Hospitals,Proprietary,Yes,Y,2,,7,7,0,7,0,,8,5,1,4,0,,11,8,0,7,1,,8,8,,12,11,
250050.0,OCH REGIONAL MEDICAL CENTER,400 HOSPITAL ROAD /MAIL PO BOX 1506,STARKVILLE,MS,39759,OKTIBBEHA,(662) 323-4320,Acute Care Hospitals,Government - Local,Yes,Y,2,,7,3,0,2,1,,8,2,0,2,0,,11,5,0,5,0,,8,8,,12,9,
250082.0,DELTA HEALTH SYSTEM - THE MEDICAL CENTER,1400 E UNION ST,GREENVILLE,MS,38701,WASHINGTON,(662) 378-3783,Acute Care Hospitals,Government - Local,Yes,Y,1,,7,5,0,3,2,,8,4,1,3,0,,11,10,0,8,2,,8,8,,12,11,
250102.0,MISSISSIPPI BAPTIST MEDICAL CENTER,1225 N STATE ST,JACKSON,MS,39202,HINDS,(601) 968-1000,Acute Care Hospitals,Voluntary non-profit - Private,Yes,Y,2,,7,7,0,7,0,,8,8,1,4,3,,11,11,1,8,2,,8,8,,12,12,
250151.0,ALLIANCE HEALTH CENTER,5000 HIGHWAY 39 NORTH,MERIDIAN,MS,39301,LAUDERDALE,(601) 483-6211,Acute Care Hospitals,Proprietary,No,,Not Available,16,7,Not Available,Not Available,Not Available,Not Available,5,8,1,1,0,0,,11,Not Available,Not Available,Not Available,Not Available,5,8,Not Available,5,12,2,
250783.0,PERRY COUNTY GENERAL HOSPITAL,206 BAY ST,RICHTON,MS,39476,GREENE,(601) 788-6316,Rural Emergency Hospital,Government - Local,Yes,,Not Available,19,Not Available,Not Available,Not Available,Not Available,Not Available,19,Not Available,Not Available,Not Available,Not Available,Not Available,19,Not Available,Not Available,Not Available,Not Available,Not Available,19,Not Available,Not Available,19,Not Available,Not Available,19
251312.0,TYLER HOLMES MEMORIAL HOSPITAL CAH,409 TYLER HOLMES DRIVE,WINONA,MS,38967,MONTGOMERY,(662) 283-6126,Critical Access Hospitals,Government - Local,Yes,,Not Available,16,7,2,0,2,0,,8,Not Available,Not Available,Not Available,Not Available,5,11,2,0,2,0,,8,Not Available,5,12,5,
251324.0,WALTHALL COUNTY GENERAL HOSPITAL CAH,100 HOSPITAL DRIVE,TYLERTOWN,MS,39667,WALTHALL,(601) 876-2122,Critical Access Hospitals,Government - Local,Yes,,Not Available,16,7,Not Available,Not Available,Not Available,Not Available,5,8,Not Available,Not Available,Not Available,Not Available,5,11,1,0,1,0,,8,Not Available,5,12,4,
251337.0,TIPPAH COUNTY HOSPITAL,1005 CITY AVE NORTH,RIPLEY,MS,38663,TIPPAH,(662) 837-9221,Critical Access Hospitals,Government - Local,Yes,,5,,7,3,0,3,0,,8,1,0,1,0,,11,4,0,4,0,,8,Not Available,5,12,6,
254013.0,OCEANS BEHAVIORAL HOSPITAL OF TUPELO,4579 S EASON BLVD,TUPELO,MS,38801,LEE,(337) 347-7371,Psychiatric,Proprietary,No,,Not Available,19,Not Available,Not Available,Not Available,Not Available,Not Available,19,Not Available,Not Available,Not Available,Not Available,Not Available,19,Not Available,Not Available,Not Available,Not Available,Not Available,19,Not Available,Not Available,19,Not Available,Not Available,19
260024.0,TEXAS COUNTY MEMORIAL HOSPITAL,1333 SAM HOUSTON BOULEVARD,HOUSTON,MO,65483,TEXAS,(417) 967-3311,Acute Care Hospitals,Voluntary non-profit - Other,Yes,Y,2,,7,3,0,2,1,,8,1,0,1,0,,11,5,0,5,0,,8,8,,12,8,
260061.0,NEVADA REGIONAL MEDICAL CENTER,800 S ASH ST,NEVADA,MO,64772,VERNON,(417) 667-3355,Acute Care Hospitals,Government - Local,Yes,Y,Not Available,16,7,2,0,2,0,,8,1,0,1,0,,11,4,0,4,0,,8,Not Available,5,12,9,
260091.0,SSM HEALTH ST MARY'S HOSPITAL - ST LOUIS,6420 CLAYTON RD,SAINT LOUIS,MO,63117,ST. LOUIS,(314) 768-8000,Acute Care Hospitals,Voluntary non-profit - Private,Yes,Y,2,,7,6,0,6,0,,8,8,3,5,0,,11,10,0,8,2,,8,8,,12,11,
260113.0,MISSOURI DELTA MEDICAL CENTER,1008 NORTH MAIN ST,SIKESTON,MO,63801,SCOTT,(573) 472-7586,Acute Care Hospitals,Voluntary non-profit - Private,Yes,Y,2,,7,4,0,4,0,,8,3,0,3,0,,11,8,1,7,0,,8,8,,12,10,
260176.0,ST LUKE'S DES PERES HOSPITAL,2345 DOUGHERTY FERRY ROAD,ST LOUIS,MO,63122,ST. LOUIS,(314) 966-9100,Acute Care Hospitals,Proprietary,Yes,,3,,7,2,0,2,0,,8,3,1,2,0,,11,6,0,5,1,,8,8,,12,8,
260200.0,SSM ST JOSEPH HOSPITAL WEST,100 MEDICAL PLAZA,LAKE SAINT LOUIS,MO,63367,ST. CHARLES,(636) 625-5200,Acute Care Hospitals,Voluntary non-profit - Church,Yes,Y,3,,7,6,0,6,0,,8,7,1,6,0,,11,7,0,6,1,,8,8,,12,11,
261307.0,PERSHING MEMORIAL HOSPITAL,130 EAST LOCKLING,BROOKFIELD,MO,64628,LINN,(660) 258-2222,Critical Access Hospitals,Voluntary non-profit - Private,Yes,,Not Available,16,7,1,0,1,0,,8,Not Available,Not Available,Not Available,Not Available,5,11,3,0,3,0,,8,Not Available,5,12,6,
261318.0,SALEM MEMORIAL DISTRICT HOSPITAL,"PO BOX 774,",SALEM,MO,65560,DENT,(573) 729-6626,Critical Access Hospitals,Government - Hospital District or Authority,Yes,,4,,7,3,0,3,0,,8,1,0,1,0,,11,6,0,6,0,,8,Not Available,5,12,5,
261329.0,COX MONETT HOSPITAL,1000 E US HIGHWAY 60,MONETT,MO,65708,BARRY,(417) 354-1400,Critical Access Hospitals,Voluntary non-profit - Private,Yes,,Not Available,16,7,2,0,2,0,,8,Not Available,Not Available,Not Available,Not Available,5,11,4,0,4,0,,8,8,,12,7,
263301.0,ST LOUIS CHILDRENS HOSPITAL,ONE CHILDRENS PLACE,SAINT LOUIS,MO,63110,ST. LOUIS CITY,(314) 454-6000,Childrens,Voluntary non-profit - Other,Yes,,Not Available,19,Not Available,Not Available,Not Available,Not Available,Not Available,19,Not Available,Not Available,Not Available,Not Available,Not Available,19,Not Available,Not Available,Not Available,Not Available,Not Available,19,Not Available,Not Available,19,Not Available,Not Available,19
264020.0,ROYAL OAKS HOSPITAL,307 N MAIN,WINDSOR,MO,65360,HENRY,(660) 647-2182,Psychiatric,Voluntary non-profit - Private,No,,Not Available,19,Not Available,Not Available,Not Available,Not Available,Not Available,19,Not Available,Not Available,Not Available,Not Available,Not Available,19,Not Available,Not Available,Not Available,Not Available,Not Available,19,Not Available,Not Available,19,Not Available,Not Available,19
270014.0,ST. PATRICK HOSPITAL,500 W BROADWAY,MISSOULA,MT,59802,MISSOULA,(406) 543-7271,Acute Care Hospitals,Voluntary non-profit - Church,Yes,Y,5,,7,7,0,7,0,,8,7,2,5,0,,11,11,0,11,0,,8,8,,12,12,
271302.0,DAHL MEMORIAL HEALTHCARE ASSOCIATION INC,215 SANDY ST,EKALAKA,MT,59324,CARTER,(406) 775-8739,Critical Access Hospitals,Voluntary non-profit - Private,Yes,,Not Available,16,7,Not Available,Not Available,Not Available,Not Available,5,8,Not Available,Not Available,Not Available,Not Available,5,11,Not Available,Not Available,Not Available,Not Available,5,8,Not Available,5,12,1,
271312.0,PHILLIPS COUNTY HOSPITAL - CAH,311 S 8TH AVE E,MALTA,MT,59538,PHILLIPS,(406) 654-1100,Critical Access Hospitals,Voluntary non-profit - Private,Yes,,Not Available,16,7,Not Available,Not Available,Not Available,Not Available,5,8,Not Available,Not Available,Not Available,Not Available,5,11,2,0,2,0,,8,Not Available,5,12,Not Available,5
271322.0,SHERIDAN MEMORIAL HOSPTIAL,440 W LAUREL AVE,PLENTYWOOD,MT,59254,SHERIDAN,(406) 765-3700,Critical Access Hospitals,Voluntary non-profit - Private,Yes,,Not Available,16,7,Not Available,Not Available,Not Available,Not Available,5,8,Not Available,Not Available,Not Available,Not Available,5,11,1,0,1,0,,8,Not Available,5,12,4,
271332.0,GLENDIVE MEDICAL CENTER,202 PROSPECT DR,GLENDIVE,MT,59330,DAWSON,(406) 345-3306,Critical Access Hospitals,Voluntary non-profit - Private,Yes,,Not Available,16,7,2,0,2,0,,8,1,0,1,0,,11,6,1,5,0,,8,Not Available,5,12,5,
271342.0,DANIELS MEMORIAL HOSPITAL,105 5TH AVE E,SCOBEY,MT,59263,DANIELS,(406) 487-2296,Critical Access Hospitals,Voluntary non-profit - Private,Yes,,Not Available,16,7,Not Available,Not Available,Not Available,Not Available,5,8,Not Available,Not Available,Not Available,Not Available,5,11,1,0,1,0,,8,Not Available,5,12,4,
280009.0,CHI HEALTH GOOD SAMARITAN,"P O BOX 1990, 10 EAST 31ST ST",KEARNEY,NE,68848,BUFFALO,(308) 865-7900,Acute Care Hospitals,Voluntary non-profit - Church,Yes,Y,4,,7,7,0,7,0,,8,7,1,6,0,,11,9,1,8,0,,8,8,,12,10,
280077.0,METHODIST FREMONT HEALTH,450 EAST 23RD ST,FREMONT,NE,68025,DODGE,(402) 721-1610,Acute Care Hospitals,Voluntary non-profit - Private,Yes,Y,3,,7,4,0,4,0,,8,3,0,3,0,,11,7,0,7,0,,8,8,,12,11,
280132.0,"BELLEVUE MEDICAL CENTER, LLC",2500 BELLEVUE MEDICAL CENTER DR,BELLEVUE,NE,68123,SARPY,(402) 763-3600,Acute Care Hospitals,Proprietary,Yes,,5,,7,6,2,4,0,,8,6,0,6,0,,11,8,0,8,0,,8,8,,12,9,
281305.0,KIMBALL HEALTH SERVICES,505 SOUTH BURG ST,KIMBALL,NE,69145,KIMBALL,(308) 235-1952,Critical Access Hospitals,Government - Local,Yes,,Not Available,16,7,1,0,1,0,,8,Not Available,Not Available,Not Available,Not Available,5,11,2,0,2,0,,8,Not Available,5,12,3,
281315.0,BRODSTONE HEALTHCARE,"P O BOX 187, 520 EAST 10TH ST",SUPERIOR,NE,68978,NUCKOLLS,(402) 879-3281,Critical Access Hospitals,Proprietary,Yes,Y,Not Available,16,7,2,0,2,0,,8,1,0,1,0,,11,4,0,4,0,,8,Not Available,5,12,6,
281327.0,COZAD COMMUNITY HOSPITAL,"P O BOX 108, 300 EAST 12TH ST",COZAD,NE,69130,DAWSON,(308) 784-2261,Critical Access Hospitals,Government - Hospital District or Authority,Yes,,Not Available,16,7,1,0,1,0,,8,Not Available,Not Available,Not Available,Not Available,5,11,3,1,2,0,,8,Not Available,5,12,3,
281339.0,MEMORIAL HEALTH CARE SYSTEMS,300 NORTH COLUMBIA AVE,SEWARD,NE,68434,SEWARD,(402) 643-2971,Critical Access Hospitals,Voluntary non-profit - Private,Yes,Y,Not Available,16,7,2,0,2,0,,8,Not Available,Not Available,Not Available,Not Available,5,11,5,0,5,0,,8,Not Available,5,12,5,
281349.0,PENDER COMMUNITY HOSPITAL,"100 HOSPITAL DRIVE, PO BOX 100",PENDER,NE,68047,THURSTON,(402) 385-3083,Critical Access Hospitals,Government - Local,Yes,,Not Available,16,7,1,0,1,0,,8,Not Available,Not Available,Not Available,Not Available,5,11,3,0,3,0,,8,Not Available,5,12,5,
281359.0,MEMORIAL COMMUNITY HOSPITAL & HEALTH SYSTEM,810 NORTH 22ND ST,BLAIR,NE,68008,WASHINGTON,(402) 426-1502,Critical Access Hospitals,Voluntary non-profit - Private,Yes,Y,Not Available,16,7,Not Available,Not Available,Not Available,Not Available,5,8,Not Available,Not Available,Not Available,Not Available,5,11,2,0,2,0,,8,8,,12,8,
284009.0,DOUGLAS COUNTY COMMUNITY MENTAL HEALTH CENTER,4102 WOOLWORTH AVE,OMAHA,NE,68105,DOUGLAS,(402) 444-7676,Psychiatric,Government - Local,No,,Not Available,19,Not Available,Not Available,Not Available,Not Available,Not Available,19,Not Available,Not Available,Not Available,Not Available,Not Available,19,Not Available,Not Available,Not Available,Not Available,Not Available,19,Not Available,Not Available,19,Not Available,Not Available,19
290032.0,NORTHERN NEVADA MEDICAL CENTER,2375 E PRATER WAY,SPARKS,NV,89434,WASHOE,(775) 331-7000,Acute Care Hospitals,Voluntary non-profit - Private,Yes,,4,,7,6,0,6,0,,8,5,0,5,0,,11,8,1,7,0,,8,8,,12,9,
290057.0,HENDERSON HOSPITAL,1050 WEST GALLERIA DRIVE,HENDERSON,NV,89011,CLARK,(702) 963-7000,Acute Care Hospitals,Proprietary,Yes,Y,2,,7,6,0,6,0,,8,7,3,4,0,,11,8,0,6,2,,8,8,,12,9,
291308.0,HUMBOLDT GENERAL HOSPITAL,118 EAST HASKELL STREET,WINNEMUCCA,NV,89445,HUMBOLDT,(775) 623-5222,Critical Access Hospitals,Government - Hospital District or Authority,Yes,Y,3,,7,3,0,3,0,,8,Not Available,Not Available,Not Available,Not Available,5,11,5,0,5,0,,8,Not Available,5,12,8,
294012.0,SEVEN HILLS BEHAVIORAL INSTITUTE,3021 W HORIZON RIDGE PKWY,HENDERSON,NV,89052,CLARK,(702) 646-5000,Psychiatric,Proprietary,No,,Not Available,19,Not Available,Not Available,Not Available,Not Available,Not Available,19,Not Available,Not Available,Not Available,Not Available,Not Available,19,Not Available,Not Available,Not Available,Not Available,Not Available,19,Not Available,Not Available,19,Not Available,Not Available,19
300018.0,WENTWORTH-DOUGLASS HOSPITAL,789 CENTRAL AVE,DOVER,NH,3820,STRAFFORD,(603) 740-2580,Acute Care Hospitals,Voluntary non-profit - Private,Yes,Y,4,,7,6,0,6,0,,8,7,1,6,0,,11,10,0,9,1,,8,8,,12,12,
301304.0,NEW LONDON HOSPITAL,273 COUNTY ROAD,NEW LONDON,NH,3257,MERRIMACK,(603) 526-2911,Critical Access Hospitals,Voluntary non-profit - Private,Yes,,Not Available,16,7,2,0,2,0,,8,2,0,2,0,,11,7,0,7,0,,8,8,,12,6,
304001.0,HAMPSTEAD HOSPITAL,218 EAST ROAD,HAMPSTEAD,NH,3841,ROCKINGHAM,(603) 329-5311,Psychiatric,Proprietary,No,,Not Available,19,Not Available,Not Available,Not Available,Not Available,Not Available,19,Not Available,Not Available,Not Available,Not Available,Not Available,19,Not Available,Not Available,Not Available,Not Available,Not Available,19,Not Available,Not Available,19,Not Available,Not Available,19
310012.0,VALLEY HOSPITAL,4 VALLEY HEALTH PLAZA,PARAMUS,NJ,7652,BERGEN,(201) 447-8000,Acute Care Hospitals,Voluntary non-profit - Private,Yes,Y,3,,7,7,1,6,0,,8,8,1,6,1,,11,11,1,9,1,,8,8,,12,11,
310028.0,NEWTON MEDICAL CENTER,175 HIGH ST,NEWTON,NJ,7860,SUSSEX,(973) 383-2121,Acute Care Hospitals,Voluntary non-profit - Private,Yes,Y,4,,7,6,0,6,0,,8,7,1,6,0,,11,10,0,10,0,,8,8,,12,11,
310045.0,ENGLEWOOD HOSPITAL AND MEDICAL CENTER,350 ENGLE ST,ENGLEWOOD,NJ,7631,BERGEN,(201) 894-3000,Acute Care Hospitals,Voluntary non-profit - Private,Yes,Y,4,,7,7,0,7,0,,8,7,2,5,0,,11,11,0,8,3,,8,8,,12,11,
310061.0,VIRTUA WILLINGBORO HOSPITAL,218A SUNSET ROAD,WILLINGBORO,NJ,8046,BURLINGTON,(609) 835-2900,Acute Care Hospitals,Voluntary non-profit - Private,Yes,,2,,7,5,0,5,0,,8,4,0,4,0,,11,6,0,5,1,,8,8,,12,8,
310086.0,JEFFERSON STRATFORD HOSPITAL,18 EAST LAUREL ROAD,STRATFORD,NJ,8084,CAMDEN,(856) 346-7802,Acute Care Hospitals,Voluntary non-profit - Private,Yes,Y,2,,7,6,0,6,0,,8,8,1,7,0,,11,10,0,7,3,,8,8,,12,11,
310119.0,THE UNIVERSITY HOSPITAL,150 BERGEN ST,NEWARK,NJ,7103,ESSEX,(973) 972-4300,Acute Care Hospitals,Government - State,Yes,Y,1,,7,5,0,4,1,,8,6,1,4,1,,11,7,0,6,1,,8,8,,12,9,
314016.0,GREYSTONE PARK PSYCHIATRIC HOSPITAL,59 KOCH AVENUE,MORRIS PLAINS,NJ,7950,MORRIS,(973) 538-1800,Psychiatric,Government - State,No,,Not Available,19,Not Available,Not Available,Not Available,Not Available,Not Available,19,Not Available,Not Available,Not Available,Not Available,Not Available,19,Not Available,Not Available,Not Available,Not Available,Not Available,19,Not Available,Not Available,19,Not Available,Not Available,19
320004.0,CHRISTUS SOUTHERN NEW MEXICO,2669 SCENIC DRIVE,ALAMOGORDO,NM,88310,OTERO,(575) 439-6100,Acute Care Hospitals,Voluntary non-profit - Private,Yes,Y,3,,7,6,0,6,0,,8,5,0,5,0,,11,10,0,9,1,,8,8,,12,11,
320033.0,LOS ALAMOS MEDICAL CENTER,3917 WEST ROAD,LOS ALAMOS,NM,87544,LOS ALAMOS,(505) 662-4201,Acute Care Hospitals,Proprietary,Yes,Y,Not Available,16,7,1,0,1,0,,8,1,0,1,0,,11,4,0,4,0,,8,8,,12,9,
320085.0,MOUNTAIN VIEW REGIONAL MEDICAL CENTER,4311 EAST LOHMAN AVENUE,LAS CRUCES,NM,88011,DONA ANA,(575) 556-7610,Acute Care Hospitals,Proprietary,Yes,Y,1,,7,7,0,7,0,,8,6,1,5,0,,11,10,0,9,1,,8,8,,12,11,
321306.0,LINCOLN COUNTY MEDICAL CENTER,211 SUDDERTH DRIVE,RUIDOSO,NM,88345,LINCOLN,(575) 257-2800,Critical Access Hospitals,Voluntary non-profit - Private,Yes,Y,2,,7,3,0,3,0,,8,1,0,1,0,,11,4,0,3,1,,8,8,,12,8,
324013.0,HAVEN BEHAVIORAL HOSPITAL OF ALBUQUERQUE,"5400 GIBSON BOULEVARD SE, 4TH FLOOR BOX# 8",ALBUQUERQUE,NM,87108,BERNALILLO,(505) 254-4500,Psychiatric,Proprietary,No,,Not Available,19,Not Available,Not Available,Not Available,Not Available,Not Available,19,Not Available,Not Available,Not Available,Not Available,Not Available,19,Not Available,Not Available,Not Available,Not Available,Not Available,19,Not Available,Not Available,19,Not Available,Not Available,19
330024.0,MOUNT SINAI HOSPITAL,ONE GUSTAVE L LEVY PLACE,NEW YORK,NY,10029,NEW YORK,(212) 241-7981,Acute Care Hospitals,Voluntary non-profit - Private,Yes,Y,3,,7,7,3,4,0,,8,8,3,5,0,,11,11,0,11,0,,8,8,,12,11,
330049.0,NORTHERN DUTCHESS HOSPITAL,6511 SPRINGBROOK AVENUE,RHINEBECK,NY,12572,DUTCHESS,(845) 871-3391,Acute Care Hospitals,Voluntary non-profit - Private,Yes,Y,4,,7,5,0,5,0,,8,6,1,5,0,,11,9,0,8,1,,8,8,,12,9,
330078.0,SISTERS OF CHARITY HOSPITAL,2157 MAIN STREET,BUFFALO,NY,14214,ERIE,(716) 862-1000,Acute Care Hospitals,Voluntary non-profit - Private,Yes,Y,3,,7,4,0,4,0,,8,7,2,4,1,,11,6,1,5,0,,8,8,,12,9,
330102.0,KENMORE MERCY HOSPITAL,2950 ELMWOOD AVENUE,KENMORE,NY,14217,ERIE,(716) 447-6100,Acute Care Hospitals,Voluntary non-profit - Private,Yes,,2,,7,6,0,6,0,,8,6,3,3,0,,11,7,0,6,1,,8,8,,12,8,
330127.0,JACOBI MEDICAL CENTER,1400 PELHAM PARKWAY SOUTH,BRONX,NY,10461,BRONX,(718) 918-5000,Acute Care Hospitals,Government - Local,Yes,Y,1,,7,6,0,6,0,,8,6,1,4,1,,11,6,0,5,1,,8,8,,12,9,
330158.0,GOOD SAMARITAN HOSPITAL OF SUFFERN,255 LAFAYETTE AVENUE,SUFFERN,NY,10901,ROCKLAND,(914) 368-5000,Acute Care Hospitals,Voluntary non-profit - Private,Yes,Y,2,,7,7,0,7,0,,8,7,1,6,0,,11,11,0,9,2,,8,8,,12,10,
330184.0,MONTEFIORE NEW ROCHELLE HOSPITAL,16 GUION PLACE,NEW ROCHELLE,NY,10802,WESTCHESTER,(914) 632-5000,Acute Care Hospitals,Voluntary non-profit - Private,Yes,Y,1,,7,5,0,5,0,,8,6,1,5,0,,11,7,0,5,2,,8,8,,12,9,
330199.0,METROPOLITAN HOSPITAL CENTER,1901 FIRST AVENUE,NEW YORK,NY,10029,NEW YORK,(212) 423-6262,Acute Care Hospitals,Government - Local,Yes,Y,3,,7,2,0,2,0,,8,6,2,4,0,,11,3,0,3,0,,8,8,,12,8,
330219.0,ERIE COUNTY MEDICAL CENTER,462 GRIDER STREET,BUFFALO,NY,14215,ERIE,(716) 898-3936,Acute Care Hospitals,Voluntary non-profit - Other,Yes,,2,,7,4,0,4,0,,8,7,2,4,1,,11,9,0,8,1,,8,8,,12,8,
330238.0,NICHOLAS H NOYES MEMORIAL HOSPITAL,111  CLARA BARTON STREET,DANSVILLE,NY,14437,LIVINGSTON,(585) 335-6001,Acute Care Hospitals,Voluntary non-profit - Private,Yes,Y,3,,7,3,0,3,0,,8,4,0,4,0,,11,7,1,5,1,,8,8,,12,10,
330267.0,HUDSON VALLEY HOSPITAL CENTER,1980 CROMPOND ROAD,CORTLANDT MANOR,NY,10567,WESTCHESTER,(914) 734-3611,Acute Care Hospitals,Voluntary non-profit - Private,Yes,Y,4,,7,5,0,5,0,,8,7,1,6,0,,11,9,2,6,1,,8,8,,12,10,
330331.0,PLAINVIEW HOSPITAL,888 OLD COUNTRY ROAD,PLAINVIEW,NY,11803,NASSAU,(516) 719-3000,Acute Care Hospitals,Voluntary non-profit - Private,Yes,,4,,7,6,0,6,0,,8,7,1,6,0,,11,7,0,7,0,,8,8,,12,9,
330405.0,HELEN HAYES HOSPITAL,51 NORTH ROUTE 9W,WEST HAVERSTRAW,NY,10993,ROCKLAND,(845) 786-4000,Acute Care Hospitals,Government - State,No,,Not Available,16,7,Not Available,Not Available,Not Available,Not Available,5,8,Not Available,Not Available,Not Available,Not Available,5,11,Not Available,Not Available,Not Available,Not Available,5,8,Not Available,5,12,2,
331310.0,ELLENVILLE REGIONAL HOSPITAL,10 HEALTHY WAY,ELLENVILLE,NY,12428,ULSTER,(845) 647-6400,Critical Access Hospitals,Voluntary non-profit - Private,Yes,,Not Available,16,7,1,0,1,0,,8,Not Available,Not Available,Not Available,Not Available,5,11,3,0,3,0,,8,Not Available,5,12,4,
331320.0,COBLESKILL REGIONAL HOSPITAL,178 GRANDVIEW DRIVE,COBLESKILL,NY,12043,SCHOHARIE,(518) 254-3456,Critical Access Hospitals,Voluntary non-profit - Private,Yes,,3,,7,3,0,3,0,,8,1,0,1,0,,11,5,0,5,0,,8,8,,12,8,
334012.0,GREATER BINGHAMTON HEALTH CENTER,425 ROBINSON ST,BINGHAMTON,NY,13901,BROOME,(607) 724-1391,Psychiatric,Government - State,Yes,,Not Available,19,Not Available,Not Available,Not Available,Not Available,Not Available,19,Not Available,Not Available,Not Available,Not Available,Not Available,19,Not Available,Not Available,Not Available,Not Available,Not Available,19,Not Available,Not Available,19,Not Available,Not Available,19
334046.0,CAPITAL DISTRICT PSYCH CENTER,75 NEW SCOTLAND AVE,ALBANY,NY,12208,ALBANY,(845) 398-5566,Psychiatric,Government - State,No,,Not Available,19,Not Available,Not Available,Not Available,Not Available,Not Available,19,Not Available,Not Available,Not Available,Not Available,Not Available,19,Not Available,Not Available,Not Available,Not Available,Not Available,19,Not Available,Not Available,19,Not Available,Not Available,19
334065.0,WESTERN NY CHILDRENS PSYCHIATRIC CENTER,1010 EAST & WEST ROAD,WEST SENECA,NY,14224,ERIE,(716) 677-7000,Psychiatric,Government - State,Yes,,Not Available,19,Not Available,Not Available,Not Available,Not Available,Not Available,19,Not Available,Not Available,Not Available,Not Available,Not Available,19,Not Available,Not Available,Not Available,Not Available,Not Available,19,Not Available,Not Available,19,Not Available,Not Available,19
340014.0,NOVANT HEALTH FORSYTH MEDICAL CENTER,3333 SILAS CREEK PARKWAY,WINSTON-SALEM,NC,27103,FORSYTH,(336) 718-5000,Acute Care Hospitals,Voluntary non-profit - Private,Yes,Y,4,,7,7,1,6,0,,8,8,5,3,0,,11,11,2,7,2,,8,8,,12,11,
340030.0,DUKE UNIVERSITY HOSPITAL,2301  ERWIN RD,DURHAM,NC,27705,DURHAM,(919) 684-8111,Acute Care Hospitals,Proprietary,Yes,Y,5,,7,7,2,4,1,,8,8,2,5,1,,11,11,2,9,0,,8,8,,12,12,
340053.0,NOVANT HEALTH PRESBYTERIAN MEDICAL CENTER,200 HAWTHORNE LANE BOX 33549,CHARLOTTE,NC,28233,MECKLENBURG,(704) 384-4000,Acute Care Hospitals,Voluntary non-profit - Private,Yes,Y,4,,7,7,1,6,0,,8,8,2,6,0,,11,11,0,9,2,,8,8,,12,11,
340085.0,NOVANT HEALTH THOMASVILLE MEDICAL CENTER,207 OLD LEXINGTON RD BOX 789,THOMASVILLE,NC,27360,DAVIDSON,(336) 472-2000,Acute Care Hospitals,Voluntary non-profit - Private,Yes,Y,3,,7,4,0,4,0,,8,5,1,4,0,,11,8,0,7,1,,8,8,,12,9,
340113.0,CAROLINAS MEDICAL CENTER/BEHAV HEALTH,1000 BLYTHE BLVD,CHARLOTTE,NC,28203,MECKLENBURG,(704) 355-2000,Acute Care Hospitals,Government - Hospital District or Authority,Yes,Y,3,,7,7,0,7,0,,8,8,1,6,1,,11,11,0,9,2,,8,8,,12,10,
340130.0,ATRIUM HEALTH UNION,600 HOSPITAL DR,MONROE,NC,28112,UNION,(704) 283-3100,Acute Care Hospitals,Government - Hospital District or Authority,Yes,Y,3,,7,6,0,6,0,,8,7,1,6,0,,11,8,0,5,3,,8,8,,12,11,
340155.0,DUKE REGIONAL HOSPITAL,3643 N ROXBORO STREET,DURHAM,NC,27704,DURHAM,(919) 470-4000,Acute Care Hospitals,Government - Local,Yes,Y,4,,7,7,0,7,0,,8,7,1,6,0,,11,11,1,10,0,,8,8,,12,10,
340188.0,CAPE FEAR VALLEY HOKE HOSPITAL,210 MEDICAL PAVILION DRIVE,RAEFORD,NC,28376,HOKE,(910) 904-8000,Acute Care Hospitals,Voluntary non-profit - Private,Yes,,4,,7,3,0,3,0,,8,3,0,3,0,,11,6,0,5,1,,8,8,,12,8,
341316.0,HIGHLANDS CASHIERS HOSPITAL,190 HOSPITAL DRIVE,HIGHLANDS,NC,28741,MACON,(828) 526-1200,Critical Access Hospitals,Voluntary non-profit - Private,Yes,,Not Available,16,7,1,0,1,0,,8,1,0,1,0,,11,2,0,2,0,,8,Not Available,5,12,7,
341327.0,J ARTHUR DOSHER MEMORIAL HOSPITAL,924 HOWE ST,SOUTHPORT,NC,28461,BRUNSWICK,(910) 457-3800,Critical Access Hospitals,Voluntary non-profit - Other,Yes,,Not Available,16,7,2,0,2,0,,8,1,0,1,0,,11,6,0,6,0,,8,8,,12,6,
344029.0,"GOOD HOPE HOSPITAL, INC",410 DENIM DRIVE,ERWIN,NC,28339,HARNETT,(910) 230-4011,Psychiatric,Voluntary non-profit - Private,No,,Not Available,19,Not Available,Not Available,Not Available,Not Available,Not Available,19,Not Available,Not Available,Not Available,Not Available,Not Available,19,Not Available,Not Available,Not Available,Not Available,Not Available,19,Not Available,Not Available,19,Not Available,Not Available,19
350015.0,SANFORD MEDICAL CENTER BISMARCK,300 N 7TH ST,BISMARCK,ND,58506,BURLEIGH,(701) 323-6000,Acute Care Hospitals,Voluntary non-profit - Private,Yes,Y,4,,7,7,1,6,0,,8,6,2,4,0,,11,10,2,8,0,,8,8,,12,11,
351306.0,COOPERSTOWN MEDICAL CENTER,1200 ROBERTS AVE NE,COOPERSTOWN,ND,58425,GRIGGS,(701) 797-2221,Critical Access Hospitals,Voluntary non-profit - Private,Yes,,Not Available,16,7,Not Available,Not Available,Not Available,Not Available,5,8,Not Available,Not Available,Not Available,Not Available,5,11,Not Available,Not Available,Not Available,Not Available,5,8,Not Available,5,12,3,
351316.0,PRESENTATION MEDICAL CENTER,213 SECOND AVE NE,ROLLA,ND,58367,ROLETTE,(701) 477-3161,Critical Access Hospitals,Voluntary non-profit - Private,Yes,,Not Available,16,7,1,0,1,0,,8,Not Available,Not Available,Not Available,Not Available,5,11,2,0,1,1,,8,Not Available,5,12,3,
351327.0,SMP HEALTH ST ALOISIUS,325 E BREWSTER ST,HARVEY,ND,58341,WELLS,(701) 324-4651,Critical Access Hospitals,Voluntary non-profit - Private,Yes,,Not Available,16,7,2,0,2,0,,8,Not Available,Not Available,Not Available,Not Available,5,11,3,0,1,2,,8,Not Available,5,12,4,
351364.0,STANDING ROCK SERVICE UNIT,10 NORTH RIVER ROAD,"FORT YATES,",ND,58538,SIOUX,(701) 854-3831,Critical Access Hospitals,Government - Federal,Yes,,Not Available,16,7,Not Available,Not Available,Not Available,Not Available,5,8,Not Available,Not Available,Not Available,Not Available,5,11,Not Available,Not Available,Not Available,Not Available,5,8,Not Available,5,12,2,
360011.0,MARION GENERAL HOSPITAL,1000 MCKINLEY PARK DRIVE,MARION,OH,43302,MARION,(740) 383-8400,Acute Care Hospitals,Voluntary non-profit - Private,Yes,Y,4,,7,6,0,6,0,,8,7,1,6,0,,11,9,1,7,1,,8,8,,12,10,
360029.0,WOOD COUNTY HOSPITAL,950 WEST WOOSTER STREET,BOWLING GREEN,OH,43402,WOOD,(419) 354-8900,Acute Care Hospitals,Voluntary non-profit - Private,Yes,Y,4,,7,3,0,3,0,,8,3,0,3,0,,11,7,0,7,0,,8,8,,12,10,
360054.0,HOLZER MEDICAL CENTER,100 JACKSON PIKE,GALLIPOLIS,OH,45631,GALLIA,(740) 446-5030,Acute Care Hospitals,Voluntary non-profit - Private,Yes,Y,4,,7,5,0,5,0,,8,4,0,4,0,,11,9,0,9,0,,8,8,,12,12,
360071.0,VAN WERT COUNTY HOSPITAL,1250 S WASHINGTON STREET,VAN WERT,OH,45891,VAN WERT,(419) 238-8627,Acute Care Hospitals,Voluntary non-profit - Private,No,,4,,7,1,0,1,0,,8,3,0,3,0,,11,5,1,4,0,,8,8,,12,10,
360085.0,OHIO STATE UNIVERSITY STATE HEALTH SYSTEM,410 WEST 10TH AVENUE,COLUMBUS,OH,43210,FRANKLIN,(614) 293-9700,Acute Care Hospitals,Government - State,Yes,Y,3,,7,7,3,4,0,,8,8,2,4,2,,11,11,0,11,0,,8,8,,12,11,
360109.0,COSHOCTON REGIONAL MEDICAL CENTER,1460 ORANGE STREET,COSHOCTON,OH,43812,COSHOCTON,(740) 622-6411,Acute Care Hospitals,Voluntary non-profit - Private,Yes,,Not Available,16,7,2,0,2,0,,8,2,0,2,0,,11,4,1,3,0,,8,8,,12,9,
360137.0,UH CLEVELAND MEDICAL CENTER,11100 EUCLID AVENUE,CLEVELAND,OH,44106,CUYAHOGA,(216) 844-1000,Acute Care Hospitals,Voluntary non-profit - Private,Yes,Y,3,,7,7,0,7,0,,8,8,2,5,1,,11,11,0,9,2,,8,8,,12,11,
360159.0,ADENA REGIONAL MEDICAL CENTER,272 HOSPITAL ROAD,CHILLICOTHE,OH,45601,ROSS,(740) 779-7500,Acute Care Hospitals,Voluntary non-profit - Private,Yes,Y,3,,7,7,0,7,0,,8,8,1,6,1,,11,11,0,11,0,,8,8,,12,12,
360189.0,MADISON HEALTH,210 NORTH MAIN STREET,LONDON,OH,43140,MADISON,(740) 845-7000,Acute Care Hospitals,Voluntary non-profit - Private,Yes,,Not Available,16,7,2,0,2,0,,8,2,0,2,0,,11,6,0,6,0,,8,8,,12,8,
360245.0,GLENBEIGH HEALTH SOURCES,2863 STATE ROUTE 45,ROCK CREEK,OH,44084,ASHTABULA,(440) 563-3400,Acute Care Hospitals,Proprietary,No,,Not Available,16,7,Not Available,Not Available,Not Available,Not Available,5,8,1,1,0,0,,11,1,0,1,0,,8,Not Available,5,12,2,
360355.0,OHIO VALLEY SURGICAL HOSPITAL,100 WEST MAIN STREET,SPRINGFIELD,OH,45502,CLARK,(937) 521-3900,Acute Care Hospitals,Voluntary non-profit - Private,No,,Not Available,16,7,Not Available,Not Available,Not Available,Not Available,5,8,1,0,1,0,,11,3,0,3,0,,8,Not Available,5,12,5,
361300.0,PAULDING COUNTY HOSPITAL,1035 WEST WAYNE ST.,PAULDING,OH,45879,PAULDING,(419) 399-4080,Critical Access Hospitals,Government - Local,Yes,,Not Available,16,7,1,0,1,0,,8,Not Available,Not Available,Not Available,Not Available,5,11,3,0,3,0,,8,Not Available,5,12,4,
361312.0,MERCY HEALTH - URBANA HOSPITAL,904 SCIOTO STREET,URBANA,OH,43078,CHAMPAIGN,(937) 653-5231,Critical Access Hospitals,Voluntary non-profit - Private,Yes,,5,,7,3,0,3,0,,8,1,0,1,0,,11,4,0,4,0,,8,Not Available,5,12,8,
361323.0,AULTMAN ORRVILLE HOSPITAL,832 SOUTH MAIN STREET,ORRVILLE,OH,44667,WAYNE,(330) 682-3010,Critical Access Hospitals,Voluntary non-profit - Private,Yes,Y,Not Available,16,7,1,0,1,0,,8,1,0,1,0,,11,5,0,5,0,,8,8,,12,9,
361333.0,FULTON COUNTY HEALTH CENTER,725 SOUTH SHOOP AVENUE,WAUSEON,OH,43567,FULTON,(419) 335-2015,Critical Access Hospitals,Voluntary non-profit - Private,Yes,,3,,7,3,0,3,0,,8,1,0,1,0,,11,8,0,8,0,,8,8,,12,10,
364007.0,TWIN VALLEY BEHAVIORAL HEALTHCARE,2200 WEST BROAD STREET,COLUMBUS,OH,43223,FRANKLIN,(614) 752-0333,Psychiatric,Government - Local,Yes,,Not Available,19,Not Available,Not Available,Not Available,Not Available,Not Available,19,Not Available,Not Available,Not Available,Not Available,Not Available,19,Not Available,Not Available,Not Available,Not Available,Not Available,19,Not Available,Not Available,19,Not Available,Not Available,19
364041.0,OHIO HOSPITAL FOR PSYCHIATRY,880 GREENLAWN AVENUE,COLUMBUS,OH,43223,FRANKLIN,(614) 449-9664,Psychiatric,Proprietary,No,,Not Available,19,Not Available,Not Available,Not Available,Not Available,Not Available,19,Not Available,Not Available,Not Available,Not Available,Not Available,19,Not Available,Not Available,Not Available,Not Available,Not Available,19,Not Available,Not Available,19,Not Available,Not Available,19
364055.0,SOJOURN AT SENECA SENIOR BEHAVIORAL HEALTH HOSPITA,50 ST LAWRENCE DRIVE,TIFFIN,OH,44883,SENECA,(567) 207-2230,Psychiatric,Voluntary non-profit - Private,No,,Not Available,19,Not Available,Not Available,Not Available,Not Available,Not Available,19,Not Available,Not Available,Not Available,Not Available,Not Available,19,Not Available,Not Available,Not Available,Not Available,Not Available,19,Not Available,Not Available,19,Not Available,Not Available,19
364065.0,GLENWOOD BEHAVIORAL HEALTH HOSPITAL,2446 KIPLING AVENUE,CINCINNATI,OH,45239,HAMILTON,(615) 861-7566,Psychiatric,Proprietary,No,,Not Available,19,Not Available,Not Available,Not Available,Not Available,Not Available,19,Not Available,Not Available,Not Available,Not Available,Not Available,19,Not Available,Not Available,Not Available,Not Available,Not Available,19,Not Available,Not Available,19,Not Available,Not Available,19
370016.0,INTEGRIS HEALTH ENID HOSPITAL,600 SOUTH MONROE,ENID,OK,73701,GARFIELD,(580) 233-2300,Acute Care Hospitals,Voluntary non-profit - Private,Yes,Y,4,,7,5,0,5,0,,8,4,0,4,0,,11,9,1,8,0,,8,8,,12,10,
370037.0,SSM HEALTH ST ANTHONY HOSPITAL - OKLAHOMA CITY,1000 NORTH LEE AVENUE,OKLAHOMA CITY,OK,73101,OKLAHOMA,(405) 272-7000,Acute Care Hospitals,Voluntary non-profit - Church,Yes,Y,3,,7,7,0,7,0,,8,7,1,4,2,,11,11,1,8,2,,8,8,,12,12,
370091.0,"SAINT FRANCIS HOSPITAL, INC",6161 SOUTH YALE,TULSA,OK,74136,TULSA,(918) 494-8467,Acute Care Hospitals,Voluntary non-profit - Private,Yes,Y,4,,7,7,0,7,0,,8,8,4,4,0,,11,11,0,11,0,,8,8,,12,11,
370149.0,SSM HEALTH ST ANTHONY HOSPITAL - SHAWNEE,1102 W MACARTHUR,SHAWNEE,OK,74801,POTTAWATOMIE,(405) 273-2270,Acute Care Hospitals,Voluntary non-profit - Private,Yes,Y,3,,7,5,0,4,1,,8,5,1,4,0,,11,8,2,6,0,,8,8,,12,12,
370192.0,NORTHWEST SURGICAL HOSPITAL,9204 NORTH MAY AVENUE,OKLAHOMA CITY,OK,73120,OKLAHOMA,(405) 848-1918,Acute Care Hospitals,Physician,Yes,,Not Available,16,7,Not Available,Not Available,Not Available,Not Available,5,8,1,0,1,0,,11,2,0,2,0,,8,Not Available,5,12,2,
370215.0,"OKLAHOMA HEART HOSPITAL, LLC",4050 WEST MEMORIAL ROAD,OKLAHOMA CITY,OK,73120,OKLAHOMA,(405) 608-3200,Acute Care Hospitals,Physician,Yes,,5,,7,6,0,4,2,,8,5,1,4,0,,11,7,0,6,1,,8,8,,12,8,
370236.0,INTEGRIS HEALTH EDMOND HOSPITAL,4801 INTEGRIS PARKWAY,EDMOND,OK,73034,OKLAHOMA,(405) 657-3000,Acute Care Hospitals,Voluntary non-profit - Private,Yes,Y,4,,7,5,0,5,0,,8,5,1,4,0,,11,7,0,7,0,,8,8,,12,10,
370781.0,HARPER COUNTY COMMUNITY HOSPITAL,1003 US HIGHWAY 64 NORTH,BUFFALO,OK,73834,HARPER,(580) 735-2555,Rural Emergency Hospital,Government - Local,Yes,,Not Available,19,Not Available,Not Available,Not Available,Not Available,Not Available,19,Not Available,Not Available,Not Available,Not Available,Not Available,19,Not Available,Not Available,Not Available,Not Available,Not Available,19,Not Available,Not Available,19,Not Available,Not Available,19
371309.0,"PAWHUSKA HOSPITAL, INC",1101 EAST 15TH STREET,PAWHUSKA,OK,74056,OSAGE,(918) 287-3232,Critical Access Hospitals,Voluntary non-profit - Private,Yes,,Not Available,16,7,Not Available,Not Available,Not Available,Not Available,5,8,Not Available,Not Available,Not Available,Not Available,5,11,1,0,1,0,,8,Not Available,5,12,5,
371320.0,CLEVELAND AREA HOSPITAL,1401 WEST PAWNEE,CLEVELAND,OK,74020,PAWNEE,(918) 358-2501,Critical Access Hospitals,Government - Hospital District or Authority,Yes,,Not Available,16,7,Not Available,Not Available,Not Available,Not Available,5,8,Not Available,Not Available,Not Available,Not Available,5,11,Not Available,Not Available,Not Available,Not Available,5,8,Not Available,5,12,5,
371331.0,DRUMRIGHT REGIONAL HOSPITAL,610 WEST BYPASS,DRUMRIGHT,OK,74030,CREEK,(918) 382-2300,Critical Access Hospitals,Government - Local,Yes,,Not Available,16,7,Not Available,Not Available,Not Available,Not Available,5,8,Not Available,Not Available,Not Available,Not Available,5,11,1,0,1,0,,8,Not Available,5,12,2,
371342.0,MCCURTAIN MEMORIAL HOSPITAL,1301 LINCOLN ROAD,IDABEL,OK,74745,MCCURTAIN,(580) 286-7623,Critical Access Hospitals,Voluntary non-profit - Private,Yes,,2,,7,3,0,3,0,,8,2,0,2,0,,11,4,0,3,1,,8,Not Available,5,12,5,
38003.0,PORTLAND VA MEDICAL CENTER,3710 SW US VETERANS HOSPITAL,PORTLAND,OR,97239,MULTNOMAH,(503) 220-8262,Acute Care - Veterans Administration,Veterans Health Administration,Yes,,5,,7,5,2,3,0,,8,4,1,2,1,,11,6,1,5,0,,8,8,,12,6,
41005.0,PROVIDENCE VA MEDICAL CENTER,830 CHALKSTONE AVENUE,PROVIDENCE,RI,2908,PROVIDENCE,(401) 457-3042,Acute Care - Veterans Administration,Veterans Health Administration,Yes,,3,,7,4,1,3,0,,8,3,0,3,0,,11,5,0,3,2,,8,8,,12,4,
45060.0,VA AMARILLO HEALTHCARE SYSTEM,6010 AMARILLO BLVD. WEST,AMARILLO,TX,79106,POTTER,(806) 355-9703,Acute Care - Veterans Administration,Veterans Health Administration,Yes,,4,,7,3,0,3,0,,8,2,0,2,0,,11,5,1,4,0,,8,8,,12,5,
49001.0,Fort Belvoir Community Hospital,9300 DeWitt Loop,Fort Belvoir,VA,22060,FAIRFAX,(571) 231-3224,Acute Care - Department of Defense,Department of Defense,Yes,,Not Available,22,Not Available,Not Available,Not Available,Not Available,Not Available,22,Not Available,Not Available,Not Available,Not Available,Not Available,22,Not Available,Not Available,Not Available,Not Available,Not Available,22,Not Available,Not Available,22,Not Available,Not Available,22
51004.0,HUNTINGTON VA MEDICAL CENTER,1540 SPRING VALLEY ROAD,HUNTINGTON,WV,25704,WAYNE,(304) 429-0241,Acute Care - Veterans Administration,Veterans Health Administration,Yes,,5,,7,4,3,1,0,,8,3,0,3,0,,11,5,2,3,0,,8,8,,12,5,
374012.0,"BROOKHAVEN HOSPITAL, LLC",201 SOUTH GARNETT ROAD,TULSA,OK,74128,TULSA,(918) 438-4257,Psychiatric,Proprietary,No,,Not Available,19,Not Available,Not Available,Not Available,Not Available,Not Available,19,Not Available,Not Available,Not Available,Not Available,Not Available,19,Not Available,Not Available,Not Available,Not Available,Not Available,19,Not Available,Not Available,19,Not Available,Not Available,19
380004.0,PROVIDENCE ST VINCENT MEDICAL CENTER,9205 SW BARNES ROAD,PORTLAND,OR,97225,WASHINGTON,(503) 216-1234,Acute Care Hospitals,Voluntary non-profit - Private,Yes,Y,4,,7,7,0,6,1,,8,8,3,5,0,,11,9,0,8,1,,8,8,,12,11,
380025.0,LEGACY MOUNT HOOD MEDICAL CENTER,24800 SE STARK STREET,GRESHAM,OR,97030,MULTNOMAH,(503) 674-1122,Acute Care Hospitals,Voluntary non-profit - Private,Yes,Y,3,,7,5,0,5,0,,8,6,1,4,1,,11,6,1,5,0,,8,8,,12,11,
380060.0,ADVENTIST HEALTH PORTLAND,10123 SE MARKET STREET,PORTLAND,OR,97216,MULTNOMAH,(503) 257-2500,Acute Care Hospitals,Voluntary non-profit - Church,Yes,Y,4,,7,7,0,7,0,,8,6,1,5,0,,11,8,1,6,1,,8,8,,12,11,
381301.0,PEACEHEALTH COTTAGE GROVE COMMUNITY MEDICAL CENTER,1515 VILLAGE DRIVE,COTTAGE GROVE,OR,97424,LANE,(541) 942-0511,Critical Access Hospitals,Voluntary non-profit - Church,Yes,,Not Available,16,7,Not Available,Not Available,Not Available,Not Available,5,8,Not Available,Not Available,Not Available,Not Available,5,11,1,0,1,0,,8,Not Available,5,12,7,
381311.0,LOWER UMPQUA HOSPITAL DISTRICT,600 RANCH ROAD,REEDSPORT,OR,97467,DOUGLAS,(541) 271-2171,Critical Access Hospitals,Government - Hospital District or Authority,Yes,,Not Available,16,7,Not Available,Not Available,Not Available,Not Available,5,8,Not Available,Not Available,Not Available,Not Available,5,11,1,0,1,0,,8,Not Available,5,12,3,
381321.0,GRANDE RONDE HOSPITAL,900 SUNSET DRIVE,LA GRANDE,OR,97850,UNION,(541) 963-8421,Critical Access Hospitals,Voluntary non-profit - Private,Yes,Y,3,,7,4,0,4,0,,8,3,0,3,0,,11,7,2,5,0,,8,8,,12,10,
390003.0,GEISINGER-BLOOMSBURG HOSPITAL,549 EAST FAIR STREET,BLOOMSBURG,PA,17815,COLUMBIA,(570) 387-2100,Acute Care Hospitals,Voluntary non-profit - Private,Yes,Y,4,,7,3,0,3,0,,8,2,1,1,0,,11,8,1,7,0,,8,8,,12,9,
390028.0,UPMC MERCY,1400 LOCUST STREET,PITTSBURGH,PA,15219,ALLEGHENY,(412) 232-8111,Acute Care Hospitals,Voluntary non-profit - Private,Yes,,3,,7,6,0,6,0,,8,6,2,4,0,,11,8,0,8,0,,8,8,,12,9,
390045.0,UPMC WILLIAMSPORT,700 HIGH STREET,WILLIAMSPORT,PA,17701,LYCOMING,(570) 321-1000,Acute Care Hospitals,Voluntary non-profit - Private,Yes,Y,3,,7,7,0,7,0,,8,7,1,5,1,,11,11,0,10,1,,8,8,,12,12,
390065.0,GETTYSBURG HOSPITAL,147 GETTYS STREET,GETTYSBURG,PA,17325,ADAMS,(717) 334-2121,Acute Care Hospitals,Voluntary non-profit - Private,Yes,Y,4,,7,5,0,5,0,,8,6,0,6,0,,11,9,4,5,0,,8,8,,12,11,
390093.0,CLARION HOSPITAL,ONE HOSPITAL DRIVE,CLARION,PA,16214,CLARION,(814) 226-9500,Acute Care Hospitals,Voluntary non-profit - Private,Yes,,2,,7,3,0,3,0,,8,2,0,2,0,,11,7,1,6,0,,8,8,,12,9,
390113.0,MEADVILLE MEDICAL CENTER,751 LIBERTY STREET,MEADVILLE,PA,16335,CRAWFORD,(814) 333-5000,Acute Care Hospitals,Voluntary non-profit - Private,Yes,Y,3,,7,5,0,5,0,,8,7,0,7,0,,11,10,0,10,0,,8,8,,12,11,
390138.0,WELLSPAN WAYNESBORO HOSPITAL,501 EAST MAIN ST,WAYNESBORO,PA,17268,FRANKLIN,(717) 765-4000,Acute Care Hospitals,Voluntary non-profit - Private,Yes,,4,,7,5,0,5,0,,8,2,1,1,0,,11,6,0,6,0,,8,8,,12,9,
390160.0,CANONSBURG GENERAL HOSPITAL,100 MEDICAL BOULEVARD,CANONSBURG,PA,15317,WASHINGTON,(724) 745-6100,Acute Care Hospitals,Voluntary non-profit - Private,Yes,,Not Available,16,7,2,0,2,0,,8,2,0,2,0,,11,6,0,6,0,,8,8,,12,9,
390183.0,ST LUKE'S MINERS MEMORIAL HOSPITAL,360 W RUDDLE STREET,COALDALE,PA,18218,SCHUYLKILL,(570) 645-2131,Acute Care Hospitals,Voluntary non-profit - Private,Yes,,4,,7,4,1,3,0,,8,2,0,2,0,,11,8,0,8,0,,8,8,,12,9,
390217.0,EXCELA HEALTH - FRICK HOSPITAL,508 SOUTH CHURCH STREET,MOUNT PLEASANT,PA,15666,WESTMORELAND,(724) 547-1500,Acute Care Hospitals,Voluntary non-profit - Other,Yes,,Not Available,16,7,2,0,2,0,,8,1,0,1,0,,11,7,0,7,0,,8,8,,12,9,
390256.0,MILTON S HERSHEY MEDICAL CENTER,500 UNIVERSITY DRIVE,HERSHEY,PA,17033,DAUPHIN,(717) 531-8521,Acute Care Hospitals,Voluntary non-profit - Private,Yes,Y,4,,7,7,2,5,0,,8,8,3,5,0,,11,11,0,10,1,,8,8,,12,11,
390307.0,EDGEWOOD SURGICAL HOSPITAL,239 EDGEWOOD DRIVE EXTENSION,TRANSFER,PA,16154,MERCER,(724) 646-0400,Acute Care Hospitals,Physician,No,,Not Available,16,7,Not Available,Not Available,Not Available,Not Available,5,8,2,0,2,0,,11,3,0,2,1,,8,Not Available,5,12,3,
390330.0,ST LUKE'S HOSPITAL - MONROE CAMPUS,100 ST LUKE'S LANE,STROUDSBURG,PA,18360,MONROE,(272) 212-1000,Acute Care Hospitals,Voluntary non-profit - Private,Yes,,4,,7,5,2,3,0,,8,7,1,6,0,,11,10,0,9,1,,8,8,,12,9,
390430.0,LEHIGH VALLEY HOSPITAL - MACUNGIE,3369 STATE ROUTE 100,MACUNGIE,PA,18062,LEHIGH,(835) 215-5500,Acute Care Hospitals,Proprietary,Yes,,Not Available,5,Not Available,Not Available,Not Available,Not Available,Not Available,5,Not Available,Not Available,Not Available,Not Available,Not Available,5,Not Available,Not Available,Not Available,Not Available,Not Available,5,Not Available,Not Available,5,Not Available,Not Available,5
391309.0,BARNES-KASSON COUNTY HOSPITAL,2872 TURNPIKE STREET,SUSQUEHANNA,PA,18847,SUSQUEHANNA,(570) 853-3135,Critical Access Hospitals,Voluntary non-profit - Private,Yes,,Not Available,16,7,1,0,1,0,,8,Not Available,Not Available,Not Available,Not Available,5,11,3,0,3,0,,8,Not Available,5,12,4,
393304.0,CHILDREN'S HOME OF PITTSBURGH,5324 PENN AVENUE,PITTSBURGH,PA,15224,ALLEGHENY,(412) 441-4884,Childrens,Voluntary non-profit - Private,No,,Not Available,19,Not Available,Not Available,Not Available,Not Available,Not Available,19,Not Available,Not Available,Not Available,Not Available,Not Available,19,Not Available,Not Available,Not Available,Not Available,Not Available,19,Not Available,Not Available,19,Not Available,Not Available,19
394023.0,BELMONT BEHAVIORAL HOSPITAL,4200 MONUMENT AVENUE,PHILADELPHIA,PA,19131,PHILADELPHIA,(215) 877-2000,Psychiatric,Voluntary non-profit - Private,No,,Not Available,19,Not Available,Not Available,Not Available,Not Available,Not Available,19,Not Available,Not Available,Not Available,Not Available,Not Available,19,Not Available,Not Available,Not Available,Not Available,Not Available,19,Not Available,Not Available,19,Not Available,Not Available,19
394051.0,PENNSYLVANIA PSYCHIATRIC INSTITUTE,2501 NORTH THIRD STREET,HARRISBURG,PA,17110,DAUPHIN,(717) 782-4742,Psychiatric,Proprietary,Yes,,Not Available,19,Not Available,Not Available,Not Available,Not Available,Not Available,19,Not Available,Not Available,Not Available,Not Available,Not Available,19,Not Available,Not Available,Not Available,Not Available,Not Available,19,Not Available,Not Available,19,Not Available,Not Available,19
400004.0,"ASOCIACION HOSPITAL DEL MAESTRO, INC",SERGIO CUEVAS BUSTAMANTE STREET 550,SAN JUAN,PR,918,SAN JUAN,(787) 758-8383,Acute Care Hospitals,Voluntary non-profit - Private,Yes,,Not Available,16,7,1,0,1,0,,8,Not Available,Not Available,Not Available,Not Available,5,11,2,0,1,1,,8,Not Available,5,12,Not Available,5
400016.0,AUXILIO MUTUO HOSPITAL,PONCE DE LEON AVENUE  735 STOP 37 1/2,SAN JUAN,PR,918,SAN JUAN,(787) 758-2000,Acute Care Hospitals,Voluntary non-profit - Private,Yes,,3,17,7,5,0,5,0,,8,5,3,2,0,,11,6,0,4,2,,8,Not Available,5,12,1,
400087.0,HOSPITAL PAVIA ARECIBO,CARRETERA 129 KM.1 AVENIDA SAN LUIS,ARECIBO,PR,612,ARECIBO,(787) 650-7272,Acute Care Hospitals,Proprietary,Yes,,Not Available,16,7,Not Available,Not Available,Not Available,Not Available,5,8,2,0,0,2,,11,1,0,1,0,,8,Not Available,5,12,5,
400112.0,"HOSPITAL UPR, DR  FEDERICO TRILLA",CARR 3 KM 8  3 AVE 65TH INFANTERIA       BOX 6021,CAROLINA,PR,984,CAROLINA,(787) 757-1800,Acute Care Hospitals,Voluntary non-profit - Private,Yes,,Not Available,16,7,Not Available,Not Available,Not Available,Not Available,5,8,Not Available,Not Available,Not Available,Not Available,5,11,1,0,1,0,,8,Not Available,5,12,3,
400126.0,HOSPITAL METROPOLITANO DE SAN GERMAN,CALLE JAVILLA  #8 AL COSTADO PARQUE DE BOMBAS,SAN GERMAN,PR,683,SAN GERMAN,(787) 852-5300,Acute Care Hospitals,Proprietary,Yes,,Not Available,16,7,Not Available,Not Available,Not Available,Not Available,5,8,Not Available,Not Available,Not Available,Not Available,5,11,1,0,1,0,,8,Not Available,5,12,1,
400138.0,PUERTO RICO WOMEN AND CHILDREN HOSPITAL LLC,CARR PR-2 KM11 6 INTERIOR ALEDANO HOSPITAL HERMANO,BAYAMON,PR,959,BAYAMON,(787) 474-8282,Acute Care Hospitals,Proprietary,Yes,,Not Available,5,Not Available,Not Available,Not Available,Not Available,Not Available,5,Not Available,Not Available,Not Available,Not Available,Not Available,5,Not Available,Not Available,Not Available,Not Available,Not Available,5,Not Available,Not Available,5,Not Available,Not Available,5
410007.0,RHODE ISLAND HOSPITAL,593 EDDY STREET,PROVIDENCE,RI,2902,PROVIDENCE,(401) 444-4000,Acute Care Hospitals,Voluntary non-profit - Private,Yes,,3,,7,7,0,7,0,,8,7,1,6,0,,11,11,1,9,1,,8,8,,12,10,
420004.0,MUSC MEDICAL CENTER,169 ASHLEY AVE,CHARLESTON,SC,29425,CHARLESTON,(843) 792-2300,Acute Care Hospitals,Government - Hospital District or Authority,Yes,Y,3,,7,7,0,7,0,,8,8,2,5,1,,11,11,1,10,0,,8,8,,12,12,
420023.0,ST FRANCIS-DOWNTOWN,ONE ST FRANCIS DR,GREENVILLE,SC,29601,GREENVILLE,(800) 805-5678,Acute Care Hospitals,Voluntary non-profit - Private,Yes,Y,3,,7,7,0,7,0,,8,8,3,5,0,,11,11,0,10,1,,8,8,,12,12,
420049.0,CONWAY MEDICAL CENTER,300 SINGLETON RIDGE ROAD,CONWAY,SC,29526,HORRY,(843) 347-8037,Acute Care Hospitals,Voluntary non-profit - Private,Yes,Y,2,,7,6,0,5,1,,8,8,1,7,0,,11,10,0,9,1,,8,8,,12,12,
420078.0,PRISMA HEALTH GREENVILLE MEMORIAL HOSPITAL,701 GROVE ROAD,GREENVILLE,SC,29605,GREENVILLE,(864) 455-7000,Acute Care Hospitals,Voluntary non-profit - Private,No,Y,4,,7,7,1,6,0,,8,7,4,3,0,,11,10,0,10,0,,8,8,,12,11,
420101.0,COASTAL CAROLINA HOSPITAL,1000 MEDICAL CENTER DRIVE,HARDEEVILLE,SC,29927,JASPER,(843) 784-8000,Acute Care Hospitals,Proprietary,Yes,Y,4,,7,4,0,4,0,,8,3,0,3,0,,11,8,1,7,0,,8,8,,12,10,
421300.0,ALLENDALE COUNTY HOSPITAL,1787 ALLENDALE FAIRFAX RD,FAIRFAX,SC,29827,ALLENDALE,(803) 632-3311,Critical Access Hospitals,Government - Local,Yes,,Not Available,16,7,Not Available,Not Available,Not Available,Not Available,5,8,Not Available,Not Available,Not Available,Not Available,5,11,Not Available,Not Available,Not Available,Not Available,5,8,Not Available,5,12,1,
424011.0,PATRICK B HARRIS PSYCHIATRIC HOSPITAL,130 HIGHWAY 252,ANDERSON,SC,29622,ANDERSON,(803) 231-2600,Psychiatric,Government - State,No,,Not Available,19,Not Available,Not Available,Not Available,Not Available,Not Available,19,Not Available,Not Available,Not Available,Not Available,Not Available,19,Not Available,Not Available,Not Available,Not Available,Not Available,19,Not Available,Not Available,19,Not Available,Not Available,19
430077.0,MONUMENT HEALTH RAPID CITY HOSPITAL,353 FAIRMONT BLVD,RAPID CITY,SD,57701,PENNINGTON,(605) 755-1000,Acute Care Hospitals,Voluntary non-profit - Private,Yes,Y,4,,7,7,0,7,0,,8,8,2,6,0,,11,11,2,9,0,,8,8,,12,10,
431300.0,MADISON REGIONAL HEALTH SYSTEM,323 SW 10TH ST,MADISON,SD,57042,LAKE,(605) 256-6551,Critical Access Hospitals,Voluntary non-profit - Private,Yes,,Not Available,16,7,2,0,2,0,,8,Not Available,Not Available,Not Available,Not Available,5,11,2,0,2,0,,8,8,,12,6,
431312.0,MARSHALL COUNTY HEALTHCARE CENTER - CAH,413 9TH STREET,BRITTON,SD,57430,MARSHALL,(605) 448-2253,Critical Access Hospitals,Voluntary non-profit - Private,Yes,,Not Available,16,7,Not Available,Not Available,Not Available,Not Available,5,8,Not Available,Not Available,Not Available,Not Available,5,11,2,0,2,0,,8,Not Available,5,12,5,
431322.0,FALL RIVER HOSPITAL - CAH,1201 HIGHWAY 71 SOUTH,HOT SPRINGS,SD,57747,FALL RIVER,(605) 745-8910,Critical Access Hospitals,Government - Local,Yes,,Not Available,16,7,1,0,1,0,,8,Not Available,Not Available,Not Available,Not Available,5,11,2,0,2,0,,8,Not Available,5,12,6,
431332.0,AVERA DE SMET MEMORIAL HOSPITAL - CAH,306 PRAIRIE AVENUE SW  POST OFFICE BOX 160,DE SMET,SD,57231,KINGSBURY,(605) 854-3329,Critical Access Hospitals,Voluntary non-profit - Private,Yes,,Not Available,16,7,Not Available,Not Available,Not Available,Not Available,5,8,Not Available,Not Available,Not Available,Not Available,5,11,Not Available,Not Available,Not Available,Not Available,5,8,Not Available,5,12,3,
433300.0,LIFESCAPE,2501 W 26TH ST,SIOUX FALLS,SD,57105,MINNEHAHA,(605) 444-9500,Childrens,Voluntary non-profit - Private,No,,Not Available,19,Not Available,Not Available,Not Available,Not Available,Not Available,19,Not Available,Not Available,Not Available,Not Available,Not Available,19,Not Available,Not Available,Not Available,Not Available,Not Available,19,Not Available,Not Available,19,Not Available,Not Available,19
440015.0,"UNIVERSITY HEALTH SYSTEM, INC",1924 ALCOA HIGHWAY,KNOXVILLE,TN,37920,KNOX,(865) 305-9000,Acute Care Hospitals,Voluntary non-profit - Private,Yes,Y,4,,7,7,0,7,0,,8,8,3,4,1,,11,11,1,10,0,,8,8,,12,12,
440034.0,METHODIST MEDICAL CENTER OF OAK RIDGE,990 OAK RIDGE TURNPIKE BOX 529,OAK RIDGE,TN,37830,ANDERSON,(865) 835-1000,Acute Care Hospitals,Voluntary non-profit - Private,Yes,Y,3,,7,7,0,7,0,,8,7,1,6,0,,11,9,0,9,0,,8,8,,12,10,
440058.0,SOUTHERN TENNESSEE REGIONAL HEALTH SYSTEM WINCHEST,185 HOSPITAL ROAD,WINCHESTER,TN,37398,FRANKLIN,(931) 967-8200,Acute Care Hospitals,Proprietary,Yes,Y,2,,7,5,0,5,0,,8,4,1,2,1,,11,7,0,7,0,,8,8,,12,11,
440082.0,ASCENSION SAINT THOMAS HOSPITAL,"4220 HARDING RD, PO BOX 380",NASHVILLE,TN,37205,DAVIDSON,(615) 222-2111,Acute Care Hospitals,Voluntary non-profit - Private,Yes,Y,3,,7,7,3,4,0,,8,8,4,4,0,,11,11,2,8,1,,8,8,,12,10,
440130.0,BAPTIST MEMORIAL HOSPITAL UNION CITY,"1201 BISHOP ST, PO BOX 310",UNION CITY,TN,38261,OBION,(731) 885-2410,Acute Care Hospitals,Voluntary non-profit - Private,Yes,Y,5,,7,4,0,4,0,,8,3,1,2,0,,11,6,1,5,0,,8,8,,12,10,
440156.0,PARKRIDGE MEDICAL CENTER,2333 MCCALLIE AVE,CHATTANOOGA,TN,37404,HAMILTON,(423) 894-4220,Acute Care Hospitals,Proprietary,Yes,Y,3,,7,7,0,7,0,,8,8,1,7,0,,11,9,0,9,0,,8,8,,12,11,
440192.0,SAINT THOMAS HIGHLANDS HOSPITAL,401 SEWELL DR,SPARTA,TN,38583,WHITE,(931) 738-9211,Acute Care Hospitals,Proprietary,Yes,,Not Available,16,7,1,0,1,0,,8,1,0,1,0,,11,4,0,4,0,,8,8,,12,7,
440238.0,HAYWOOD COUNTY COMMUNITY HOSPITAL,2545 NORTH WASHINGTON AVENUE,BROWNSVILLE,TN,38012,HAYWOOD,(731) 968-3646,Acute Care Hospitals,Proprietary,Yes,,Not Available,16,7,Not Available,Not Available,Not Available,Not Available,5,8,Not Available,Not Available,Not Available,Not Available,5,11,Not Available,Not Available,Not Available,Not Available,5,8,Not Available,5,12,Not Available,5
441309.0,MARSHALL MEDICAL CENTER,1080 NORTH ELLINGTON PARKWAY,LEWISBURG,TN,37091,MARSHALL,(931) 359-6276,Critical Access Hospitals,Government - Hospital District or Authority,Yes,,Not Available,16,7,Not Available,Not Available,Not Available,Not Available,5,8,Not Available,Not Available,Not Available,Not Available,5,11,4,1,3,0,,8,Not Available,5,12,7,
444001.0,MEMPHIS MENTAL HEALTH INSTITUTE,951 COURT AVENUE,MEMPHIS,TN,38103,SHELBY,(901) 577-1800,Psychiatric,Government - Local,Yes,,Not Available,19,Not Available,Not Available,Not Available,Not Available,Not Available,19,Not Available,Not Available,Not Available,Not Available,Not Available,19,Not Available,Not Available,Not Available,Not Available,Not Available,19,Not Available,Not Available,19,Not Available,Not Available,19
444021.0,UNITY PSYCHIATRIC CARE-COLUMBIA,1400 ROSEWOOD DRIVE,COLUMBIA,TN,38401,MAURY,(931) 388-6573,Psychiatric,Proprietary,Yes,,Not Available,19,Not Available,Not Available,Not Available,Not Available,Not Available,19,Not Available,Not Available,Not Available,Not Available,Not Available,19,Not Available,Not Available,Not Available,Not Available,Not Available,19,Not Available,Not Available,19,Not Available,Not Available,19
444033.0,COMPASS INTERVENTION CENTER,7890 LOWRANCE RD,MEMPHIS,TN,38125,SHELBY,(888) 266-7279,Psychiatric,Proprietary,No,,Not Available,19,Not Available,Not Available,Not Available,Not Available,Not Available,19,Not Available,Not Available,Not Available,Not Available,Not Available,19,Not Available,Not Available,Not Available,Not Available,Not Available,19,Not Available,Not Available,19,Not Available,Not Available,19
450028.0,VALLEY BAPTIST MEDICAL CENTER- BROWNSVILLE,1040 W JEFFERSON ST,BROWNSVILLE,TX,78520,CAMERON,(956) 544-1400,Acute Care Hospitals,Proprietary,Yes,Y,3,,7,5,0,5,0,,8,7,2,5,0,,11,7,0,6,1,,8,8,,12,10,
450046.0,CHRISTUS SPOHN HOSPITAL CORPUS CHRISTI,600 ELIZABETH STREET,CORPUS CHRISTI,TX,78404,NUECES,(361) 902-4103,Acute Care Hospitals,Voluntary non-profit - Private,Yes,Y,3,,7,7,0,7,0,,8,6,2,4,0,,11,10,0,10,0,,8,8,,12,10,
450080.0,TITUS REGIONAL MEDICAL CENTER,2001 N JEFFERSON,MOUNT PLEASANT,TX,75455,TITUS,(903) 577-6000,Acute Care Hospitals,Government - Hospital District or Authority,Yes,Y,3,,7,5,0,5,0,,8,2,1,1,0,,11,7,1,5,1,,8,8,,12,12,
450107.0,LAS PALMAS MEDICAL CENTER A CAMPUS OF LPDS HEALTHC,1801 NORTH OREGON STREET,EL PASO,TX,79902,EL PASO,(915) 521-1200,Acute Care Hospitals,Proprietary,Yes,Y,1,,7,7,0,7,0,,8,8,3,5,0,,11,9,0,6,3,,8,8,,12,11,
450144.0,PERMIAN REGIONAL MEDICAL CENTER ANDREWS COUNTY HO,720 HOSPITAL DRIVE,ANDREWS,TX,79714,ANDREWS,(432) 523-2200,Acute Care Hospitals,Government - Hospital District or Authority,Yes,Y,Not Available,16,7,1,0,1,0,,8,Not Available,Not Available,Not Available,Not Available,5,11,3,0,3,0,,8,8,,12,9,
450184.0,MEMORIAL HERMANN HOSPITAL SYSTEM,1635  NORTH LOOP WEST,HOUSTON,TX,77008,HARRIS,(713) 448-6796,Acute Care Hospitals,Voluntary non-profit - Private,Yes,Y,3,,7,7,2,5,0,,8,8,2,6,0,,11,9,1,5,3,,8,8,,12,12,
450222.0,HCA HOUSTON HEALTHCARE CONROE,504 MEDICAL CENTER BLVD,CONROE,TX,77304,MONTGOMERY,(936) 539-1111,Acute Care Hospitals,Proprietary,Yes,Y,2,,7,7,0,7,0,,8,7,2,5,0,,11,9,0,7,2,,8,8,,12,9,
450289.0,HARRIS HEALTH,1504 TAUB LOOP,HOUSTON,TX,77030,HARRIS,(713) 566-6417,Acute Care Hospitals,Government - Hospital District or Authority,Yes,Y,3,,7,2,0,2,0,,8,7,2,5,0,,11,6,0,6,0,,8,8,,12,10,
450370.0,COLUMBUS COMMUNITY HOSPITAL,110 SHULT DR,COLUMBUS,TX,78934,COLORADO,(979) 732-2371,Acute Care Hospitals,Voluntary non-profit - Private,Yes,Y,Not Available,16,7,2,0,2,0,,8,1,0,1,0,,11,5,2,3,0,,8,8,,12,9,
450419.0,TEXAS HEALTH HARRIS METHODIST HOSPITAL AZLE,108 DENVER TRAIL,AZLE,TX,76020,TARRANT,(817) 444-8700,Acute Care Hospitals,Voluntary non-profit - Church,Yes,,Not Available,16,7,2,0,2,0,,8,2,0,2,0,,11,5,1,4,0,,8,8,,12,9,
450475.0,UT HEALTH EAST TEXAS HENDERSON HOSPITAL,300 WILSON STREET,HENDERSON,TX,75652,RUSK,(903) 657-7541,Acute Care Hospitals,Proprietary,Yes,Y,Not Available,16,7,2,0,2,0,,8,2,0,2,0,,11,3,0,3,0,,8,Not Available,5,12,11,
450571.0,SHANNON MEDICAL CENTER,120 E HARRIS AVE.,SAN ANGELO,TX,76903,TOM GREEN,(325) 653-6741,Acute Care Hospitals,Voluntary non-profit - Private,Yes,Y,3,,7,7,0,6,1,,8,8,3,5,0,,11,11,0,11,0,,8,8,,12,12,
450638.0,HCA HOUSTON HEALTHCARE NORTHWEST,710 CYPRESS CREEK PARKWAY,HOUSTON,TX,77090,HARRIS,(281) 440-1000,Acute Care Hospitals,Proprietary,Yes,Y,3,,7,6,0,6,0,,8,6,1,5,0,,11,6,0,6,0,,8,8,,12,8,
450658.0,FREESTONE MEDICAL CENTER,125 NEWMAN ST,FAIRFIELD,TX,75840,FREESTONE,(903) 389-1612,Acute Care Hospitals,Government - Hospital District or Authority,Yes,,Not Available,16,7,1,0,1,0,,8,Not Available,Not Available,Not Available,Not Available,5,11,4,0,4,0,,8,Not Available,5,12,8,
450677.0,TEXAS HEALTH HUGULEY HOSPITAL FORT WORTH SOUTH,11801 SOUTH FREEWAY,FORT WORTH,TX,76115,TARRANT,(817) 293-9110,Acute Care Hospitals,Voluntary non-profit - Church,Yes,Y,3,,7,6,1,5,0,,8,6,1,5,0,,11,7,0,6,1,,8,8,,12,10,
450711.0,RIO GRANDE REGIONAL HOSPITAL,101 E RIDGE RD,MCALLEN,TX,78503,HIDALGO,(956) 632-6000,Acute Care Hospitals,Proprietary,Yes,Y,4,,7,6,0,6,0,,8,6,1,5,0,,11,7,0,6,1,,8,8,,12,10,
450774.0,TOPS SURGICAL SPECIALTY HOSPITAL,17080 RED OAK DRIVE,HOUSTON,TX,77090,HARRIS,(281) 539-2900,Acute Care Hospitals,Physician,No,,Not Available,16,7,Not Available,Not Available,Not Available,Not Available,5,8,2,0,2,0,,11,4,0,3,1,,8,8,,12,4,
450825.0,CORNERSTONE REGIONAL HOSPITAL,2302 CORNERSTONE BOULEVARD,EDINBURG,TX,78539,HIDALGO,(956) 618-4444,Acute Care Hospitals,Proprietary,Yes,,Not Available,16,7,Not Available,Not Available,Not Available,Not Available,5,8,Not Available,Not Available,Not Available,Not Available,5,11,1,0,1,0,,8,Not Available,5,12,5,
450851.0,BAYLOR SCOTT & WHITE HEART & VASCULAR HOSPITAL - DALLAS,621 NORTH HALL STREET,DALLAS,TX,75226,DALLAS,(214) 820-0670,Acute Care Hospitals,Proprietary,Yes,,4,,7,3,0,3,0,,8,2,0,2,0,,11,4,0,4,0,,8,8,,12,4,
450872.0,U S M D HOSPITAL AT ARLINGTON L P,801 W INTERSTATE 20,ARLINGTON,TX,76017,TARRANT,(817) 472-3400,Acute Care Hospitals,Physician,Yes,,Not Available,16,7,Not Available,Not Available,Not Available,Not Available,5,8,2,0,2,0,,11,3,0,3,0,,8,Not Available,5,12,7,
450891.0,TEXAS HEALTH CENTER FOR DIAGNOSTICS & SURGERY,6020 W PARKER ROAD,PLANO,TX,75093,COLLIN,(972) 403-2700,Acute Care Hospitals,Proprietary,Yes,,Not Available,16,7,Not Available,Not Available,Not Available,Not Available,5,8,2,0,2,0,,11,3,0,3,0,,8,8,,12,5,
451309.0,MC CAMEY HOSPITAL,2500 HWY 305 SOUTH,MCCAMEY,TX,79752,UPTON,(432) 652-8626,Critical Access Hospitals,Government - Hospital District or Authority,Yes,,Not Available,16,7,Not Available,Not Available,Not Available,Not Available,5,8,Not Available,Not Available,Not Available,Not Available,5,11,Not Available,Not Available,Not Available,Not Available,5,8,Not Available,5,12,Not Available,5
451319.0,CHRISTUS MOTHER FRANCES HOSPITAL- JACKSONVILLE,2026 S JACKSON STREET,JACKSONVILLE,TX,75766,CHEROKEE,(903) 541-4500,Critical Access Hospitals,Voluntary non-profit - Private,Yes,,Not Available,16,7,1,0,1,0,,8,2,0,2,0,,11,4,0,4,0,,8,8,,12,8,
451332.0,PALACIOS COMMUNITY MEDICAL CENTER,311 GREEN AVENUE,PALACIOS,TX,77465,MATAGORDA,(361) 972-2511,Critical Access Hospitals,Voluntary non-profit - Private,Yes,,Not Available,16,7,Not Available,Not Available,Not Available,Not Available,5,8,Not Available,Not Available,Not Available,Not Available,5,11,Not Available,Not Available,Not Available,Not Available,5,8,Not Available,5,12,4,
451343.0,ELECTRA MEMORIAL HOSPITAL,1207 S BAILEY STREET,ELECTRA,TX,76360,WICHITA,(940) 495-3981,Critical Access Hospitals,Government - Hospital District or Authority,Yes,,Not Available,16,7,2,0,2,0,,8,Not Available,Not Available,Not Available,Not Available,5,11,3,0,3,0,,8,Not Available,5,12,6,
451354.0,HAMILTON HOSPITAL,901 WEST HAMILTON,OLNEY,TX,76374,YOUNG,(940) 564-5521,Critical Access Hospitals,Government - Hospital District or Authority,Yes,,Not Available,16,7,1,0,1,0,,8,Not Available,Not Available,Not Available,Not Available,5,11,2,0,2,0,,8,Not Available,5,12,5,
451366.0,COCHRAN MEMORIAL HOSPITAL,205 E GRANT STREET,MORTON,TX,79346,COCHRAN,(806) 266-5565,Critical Access Hospitals,Government - Local,Yes,,Not Available,16,7,Not Available,Not Available,Not Available,Not Available,5,8,Not Available,Not Available,Not Available,Not Available,5,11,Not Available,Not Available,Not Available,Not Available,5,8,Not Available,5,12,2,
451377.0,REEVES COUNTY HOSPITAL DISTRICT,2323 TEXAS STREET,PECOS,TX,79772,REEVES,(432) 447-3551,Critical Access Hospitals,Government - Hospital District or Authority,Yes,,Not Available,16,7,1,0,1,0,,8,Not Available,Not Available,Not Available,Not Available,5,11,2,1,1,0,,8,Not Available,5,12,3,
451389.0,PECOS COUNTY MEMORIAL HOSPITAL,387 WEST I 10,FORT STOCKTON,TX,79735,PECOS,(432) 336-2004,Critical Access Hospitals,Government - Local,Yes,,Not Available,16,7,Not Available,Not Available,Not Available,Not Available,5,8,Not Available,Not Available,Not Available,Not Available,5,11,Not Available,Not Available,Not Available,Not Available,5,8,Not Available,5,12,2,
451399.0,SEYMOUR HOSPITAL,200 STADIUM DRIVE,SEYMOUR,TX,76380,BAYLOR,(940) 889-5572,Critical Access Hospitals,Government - Hospital District or Authority,Yes,,Not Available,16,7,Not Available,Not Available,Not Available,Not Available,5,8,Not Available,Not Available,Not Available,Not Available,5,11,Not Available,Not Available,Not Available,Not Available,5,8,Not Available,5,12,3,
453314.0,TEXAS SCOTTISH RITE HOSPITAL FOR CHILDREN,2222 WELBORN STREET,DALLAS,TX,75219,DALLAS,(214) 559-5000,Childrens,Voluntary non-profit - Private,No,,Not Available,19,Not Available,Not Available,Not Available,Not Available,Not Available,19,Not Available,Not Available,Not Available,Not Available,Not Available,19,Not Available,Not Available,Not Available,Not Available,Not Available,19,Not Available,Not Available,19,Not Available,Not Available,19
454009.0,RUSK STATE HOSP,805 N DICKINSON DR,RUSK,TX,75785,CHEROKEE,(903) 683-3421,Psychiatric,Government - State,No,,Not Available,19,Not Available,Not Available,Not Available,Not Available,Not Available,19,Not Available,Not Available,Not Available,Not Available,Not Available,19,Not Available,Not Available,Not Available,Not Available,Not Available,19,Not Available,Not Available,19,Not Available,Not Available,19
454076.0,HARRIS COUNTY PSYCHIATRIC CENTER,2800 MACGREGOR WAY,HOUSTON,TX,77021,HARRIS,(713) 741-5000,Psychiatric,Government - State,No,,Not Available,19,Not Available,Not Available,Not Available,Not Available,Not Available,19,Not Available,Not Available,Not Available,Not Available,Not Available,19,Not Available,Not Available,Not Available,Not Available,Not Available,19,Not Available,Not Available,19,Not Available,Not Available,19
454107.0,BEHAVIORAL HOSPITAL OF BELLAIRE,"5314 DASHWOOD, SUITE 200",HOUSTON,TX,77081,HARRIS,(713) 600-9500,Psychiatric,Proprietary,No,,Not Available,19,Not Available,Not Available,Not Available,Not Available,Not Available,19,Not Available,Not Available,Not Available,Not Available,Not Available,19,Not Available,Not Available,Not Available,Not Available,Not Available,19,Not Available,Not Available,19,Not Available,Not Available,19
454123.0,OCEANS BEHAVIORAL HOSPITAL OF LUFKIN LLC,302 GOBBLERS KNOB RD,LUFKIN,TX,75904,ANGELINA,(936) 632-2276,Psychiatric,Proprietary,No,,Not Available,19,Not Available,Not Available,Not Available,Not Available,Not Available,19,Not Available,Not Available,Not Available,Not Available,Not Available,19,Not Available,Not Available,Not Available,Not Available,Not Available,19,Not Available,Not Available,19,Not Available,Not Available,19
454136.0,OCEANS BEHAVIORAL HOSPITAL OF KATY,455 PARK GROVE LANE,KATY,TX,77450,HARRIS,(281) 492-8888,Psychiatric,Proprietary,No,,Not Available,19,Not Available,Not Available,Not Available,Not Available,Not Available,19,Not Available,Not Available,Not Available,Not Available,Not Available,19,Not Available,Not Available,Not Available,Not Available,Not Available,19,Not Available,Not Available,19,Not Available,Not Available,19
454152.0,CANYON CREEK BEHAVIORAL HEALTH,1201 CANYON CREEK DR,TEMPLE,TX,76502,BELL,(512) 569-3261,Psychiatric,Proprietary,No,,Not Available,19,Not Available,Not Available,Not Available,Not Available,Not Available,19,Not Available,Not Available,Not Available,Not Available,Not Available,19,Not Available,Not Available,Not Available,Not Available,Not Available,19,Not Available,Not Available,19,Not Available,Not Available,19
460004.0,MCKAY-DEE HOSPITAL,4401 HARRISON BOULEVARD,OGDEN,UT,84403,WEBER,(801) 387-2800,Acute Care Hospitals,Voluntary non-profit - Private,Yes,Y,5,,7,7,0,7,0,,8,7,2,5,0,,11,11,4,7,0,,8,8,,12,12,
460017.0,BRIGHAM CITY COMMUNITY HOSPITAL,950 SOUTH MEDICAL DRIVE,BRIGHAM CITY,UT,84302,BOX ELDER,(435) 734-9471,Acute Care Hospitals,Proprietary,Yes,Y,Not Available,16,7,2,0,2,0,,8,1,0,1,0,,11,5,0,5,0,,8,8,,12,10,
460044.0,INTERMOUNTAIN HEALTH ALTA VIEW HOSPITAL,9660 SOUTH 1300 EAST,SANDY,UT,84094,SALT LAKE,(801) 501-2600,Acute Care Hospitals,Voluntary non-profit - Private,Yes,Y,4,,7,2,0,2,0,,8,3,0,3,0,,11,6,1,5,0,,8,8,,12,10,
461300.0,INTERMOUNTAIN HEALTH DELTA COMMUNITY HOSPITAL,126 SOUTH WHITE SAGE AVENUE,DELTA,UT,84624,MILLARD,(435) 864-5591,Critical Access Hospitals,Voluntary non-profit - Private,Yes,Y,Not Available,16,7,Not Available,Not Available,Not Available,Not Available,5,8,Not Available,Not Available,Not Available,Not Available,5,11,2,0,2,0,,8,Not Available,5,12,8,
461310.0,BLUE MOUNTAIN HOSPITAL,802 SOUTH 200 WEST,BLANDING,UT,84511,SAN JUAN,(435) 678-3993,Critical Access Hospitals,Voluntary non-profit - Private,Yes,,Not Available,16,7,Not Available,Not Available,Not Available,Not Available,5,8,Not Available,Not Available,Not Available,Not Available,5,11,1,0,1,0,,8,Not Available,5,12,3,
470005.0,RUTLAND REGIONAL MEDICAL CENTER,160 ALLEN ST,RUTLAND,VT,5701,RUTLAND,(802) 775-7111,Acute Care Hospitals,Voluntary non-profit - Private,Yes,Y,1,,7,5,0,4,1,,8,7,0,7,0,,11,9,2,7,0,,8,8,,12,12,
471306.0,SPRINGFIELD HOSPITAL,PO BOX 2003,SPRINGFIELD,VT,5156,WINDSOR,(802) 885-2151,Critical Access Hospitals,Voluntary non-profit - Private,Yes,,2,17,7,4,0,4,0,,8,1,0,1,0,,11,4,0,4,0,,8,Not Available,5,12,3,
490009.0,UNIVERSITY OF VIRGINIA MEDICAL CENTER,1215 LEE STREET,CHARLOTTESVILLE,VA,22908,CHARLOTTESVILLE CITY,(434) 924-0000,Acute Care Hospitals,Government - State,Yes,Y,4,,7,7,0,7,0,,8,8,1,7,0,,11,11,4,5,2,,8,8,,12,11,
490032.0,MEDICAL COLLEGE OF VIRGINIA HOSPITALS,1250 EAST MARSHALL STREET,RICHMOND,VA,23298,RICHMOND CITY,(804) 828-9000,Acute Care Hospitals,Government - Hospital District or Authority,Yes,Y,4,,7,7,1,6,0,,8,8,3,5,0,,11,11,0,11,0,,8,8,,12,11,
490046.0,SENTARA LEIGH HOSPITAL,830 KEMPSVILLE ROAD,NORFOLK,VA,23502,NORFOLK CITY,(757) 261-6700,Acute Care Hospitals,Voluntary non-profit - Other,No,Y,4,,7,6,0,6,0,,8,7,3,4,0,,11,8,1,5,2,,8,8,,12,12,
490067.0,BON SECOURS SOUTHSIDE MEDICAL CENTER,200 MEDICAL PARK BOULEVARD,PETERSBURG,VA,23805,PETERSBURG CITY,(804) 765-5000,Acute Care Hospitals,Proprietary,Yes,Y,1,,7,6,0,6,0,,8,6,1,4,1,,11,7,0,5,2,,8,8,,12,10,
490094.0,BON SECOURS RICHMOND COMMUNITY HOSPITAL,1500 N. 28TH STREET,RICHMOND,VA,23223,RICHMOND CITY,(804) 225-1701,Acute Care Hospitals,Voluntary non-profit - Private,Yes,,Not Available,16,7,Not Available,Not Available,Not Available,Not Available,5,8,1,1,0,0,,11,3,0,3,0,,8,Not Available,5,12,8,
490114.0,LONESOME PINE HOSPITAL,1990 HOLTON AVENUE EAST,BIG STONE GAP,VA,24219,WISE,(276) 523-3111,Acute Care Hospitals,Voluntary non-profit - Private,Yes,,2,,7,3,0,3,0,,8,3,0,3,0,,11,8,1,7,0,,8,Not Available,5,12,11,
490130.0,RIVERSIDE WALTER REED HOSPITAL,7519 HOSPITAL ROAD,GLOUCESTER,VA,23061,GLOUCESTER,(804) 693-8800,Acute Care Hospitals,Voluntary non-profit - Private,Yes,,4,,7,5,0,5,0,,8,3,0,3,0,,11,7,0,7,0,,8,8,,12,10,
491304.0,CARILION STONEWALL JACKSON HOSPITAL,1 HEALTH CIRCLE,LEXINGTON,VA,24450,LEXINGTON CITY,(540) 458-3503,Critical Access Hospitals,Voluntary non-profit - Private,Yes,,3,,7,4,0,4,0,,8,1,0,1,0,,11,6,0,6,0,,8,8,,12,8,
494022.0,POPLAR SPRINGS HOSPITAL,350 POPLAR DRIVE  PO BOX 3060,PETERSBURG,VA,23805,PETERSBURG CITY,(804) 733-6874,Psychiatric,Proprietary,No,,Not Available,19,Not Available,Not Available,Not Available,Not Available,Not Available,19,Not Available,Not Available,Not Available,Not Available,Not Available,19,Not Available,Not Available,Not Available,Not Available,Not Available,19,Not Available,Not Available,19,Not Available,Not Available,19
500008.0,UNIVERSITY OF WASHINGTON MEDICAL CTR,1959 NE PACIFIC ST  BOX 356151,SEATTLE,WA,98195,KING,(206) 598-3300,Acute Care Hospitals,Government - State,Yes,Y,3,,7,7,0,7,0,,8,8,0,7,1,,11,11,1,10,0,,8,8,,12,12,
500027.0,SWEDISH MEDICAL CENTER,747 BROADWAY,SEATTLE,WA,98122,KING,(206) 386-6000,Acute Care Hospitals,Voluntary non-profit - Private,Yes,Y,4,,7,6,0,6,0,,8,8,1,7,0,,11,9,0,9,0,,8,8,,12,11,
500051.0,OVERLAKE HOSPITAL MEDICAL CENTER,1035-116TH AVE NE,BELLEVUE,WA,98004,KING,(425) 688-5000,Acute Care Hospitals,Voluntary non-profit - Other,Yes,Y,3,,7,7,0,7,0,,8,7,1,4,2,,11,11,1,9,1,,8,8,,12,11,
500084.0,EVERGREENHEALTH MONROE,14701 179TH AVE SE,MONROE,WA,98272,SNOHOMISH,(360) 794-7497,Acute Care Hospitals,Government - Hospital District or Authority,Yes,,Not Available,16,7,2,0,2,0,,8,1,0,1,0,,11,4,0,4,0,,8,8,,12,9,
500152.0,SWEDISH ISSAQUAH,751 NE BLAKELY DR,ISSAQUAH,WA,98029,KING,(425) 313-4000,Acute Care Hospitals,Voluntary non-profit - Private,Yes,Y,5,,7,4,1,3,0,,8,6,1,5,0,,11,6,1,5,0,,8,8,,12,12,
501310.0,NEWPORT COMMUNITY HOSPITAL,714 WEST PINE STREET,NEWPORT,WA,99156,PEND OREILLE,(509) 447-2441,Critical Access Hospitals,Government - Hospital District or Authority,Yes,Y,Not Available,16,7,1,0,1,0,,8,Not Available,Not Available,Not Available,Not Available,5,11,3,1,2,0,,8,8,,12,5,
501320.0,QUINCY VALLEY MEDICAL CENTER,908 10TH AVENUE SOUTHWEST,QUINCY,WA,98848,GRANT,(509) 787-3531,Critical Access Hospitals,Government - Hospital District or Authority,Yes,,Not Available,16,7,Not Available,Not Available,Not Available,Not Available,5,8,Not Available,Not Available,Not Available,Not Available,5,11,Not Available,Not Available,Not Available,Not Available,5,8,Not Available,5,12,2,
501330.0,ASTRIA SUNNYSIDE HOSPITAL,1016 TACOMA AVENUE,SUNNYSIDE,WA,98944,YAKIMA,(509) 837-1500,Critical Access Hospitals,Voluntary non-profit - Other,Yes,,1,,7,3,0,3,0,,8,2,0,2,0,,11,4,0,4,0,,8,8,,12,8,
501340.0,PEACEHEALTH PEACE ISLAND MEDICAL CENTER,1117 SPRING STREET,FRIDAY HARBOR,WA,98250,SAN JUAN,(360) 378-2141,Critical Access Hospitals,Voluntary non-profit - Private,Yes,,Not Available,16,7,Not Available,Not Available,Not Available,Not Available,5,8,Not Available,Not Available,Not Available,Not Available,5,11,4,0,4,0,,8,Not Available,5,12,6,
504014.0,INLAND NORTHWEST BEHAVIORAL HEALTH,104 W 5TH AVE,SPOKANE,WA,99204,SPOKANE,(425) 821-2000,Psychiatric,Proprietary,No,,Not Available,19,Not Available,Not Available,Not Available,Not Available,Not Available,19,Not Available,Not Available,Not Available,Not Available,Not Available,19,Not Available,Not Available,Not Available,Not Available,Not Available,19,Not Available,Not Available,19,Not Available,Not Available,19
510022.0,CHARLESTON AREA MEDICAL CENTER,501 MORRIS STREET,CHARLESTON,WV,25301,KANAWHA,(304) 388-5432,Acute Care Hospitals,Voluntary non-profit - Private,Yes,Y,1,,7,7,0,5,2,,8,8,2,4,2,,11,11,0,9,2,,8,8,,12,12,
510058.0,CAMDEN CLARK MEDICAL CENTER,800 GARFIELD AVE,PARKERSBURG,WV,26101,WOOD,(304) 424-2111,Acute Care Hospitals,Voluntary non-profit - Private,Yes,Y,3,,7,7,0,7,0,,8,8,2,6,0,,11,11,0,9,2,,8,8,,12,11,
511303.0,MINNIE HAMILTON HEALTH SYSTEM,186 HOSPITAL DRIVE,GRANTSVILLE,WV,26147,CALHOUN,(304) 354-9244,Critical Access Hospitals,Voluntary non-profit - Private,Yes,,Not Available,16,7,Not Available,Not Available,Not Available,Not Available,5,8,Not Available,Not Available,Not Available,Not Available,5,11,Not Available,Not Available,Not Available,Not Available,5,8,Not Available,5,12,4,
511314.0,POCAHONTAS MEMORIAL HOSPITAL,150 DUNCAN ROAD,BUCKEYE,WV,24924,POCAHONTAS,(304) 799-7400,Critical Access Hospitals,Government - Local,Yes,,Not Available,16,7,1,0,1,0,,8,Not Available,Not Available,Not Available,Not Available,5,11,2,0,2,0,,8,Not Available,5,12,3,
514008.0,RIVER PARK HOSPITAL,1230 SIXTH AVENUE,HUNTINGTON,WV,25701,CABELL,(304) 526-9100,Psychiatric,Proprietary,No,,Not Available,19,Not Available,Not Available,Not Available,Not Available,Not Available,19,Not Available,Not Available,Not Available,Not Available,Not Available,19,Not Available,Not Available,Not Available,Not Available,Not Available,19,Not Available,Not Available,19,Not Available,Not Available,19
520021.0,FROEDTERT SOUTH INC.,6308 EIGHTH AVE,KENOSHA,WI,53143,KENOSHA,(262) 656-2368,Acute Care Hospitals,Government - Local,Yes,,1,,7,7,0,5,2,,8,6,0,6,0,,11,10,0,8,2,,8,8,,12,11,
520045.0,THEDACARE REGIONAL MED CTR - NEENAH,130 2ND ST,NEENAH,WI,54956,WINNEBAGO,(920) 729-3100,Acute Care Hospitals,Voluntary non-profit - Private,Yes,Y,5,,7,5,0,5,0,,8,6,0,6,0,,11,7,0,7,0,,8,8,,12,10,
520075.0,ST VINCENT HOSPITAL,835 S VAN BUREN ST,GREEN BAY,WI,54301,BROWN,(920) 433-0111,Acute Care Hospitals,Voluntary non-profit - Church,Yes,Y,4,,7,7,0,7,0,,8,6,4,1,1,,11,10,0,10,0,,8,8,,12,10,
520097.0,ST MARYS HOSPITAL MEDICAL CTR,1726 SHAWANO AVE,GREEN BAY,WI,54303,BROWN,(920) 498-4200,Acute Care Hospitals,Voluntary non-profit - Other,Yes,,4,,7,5,0,5,0,,8,4,0,4,0,,11,7,1,6,0,,8,8,,12,9,
520138.0,AURORA ST LUKES MEDICAL CENTER,2900 W OKLAHOMA AVE,MILWAUKEE,WI,53215,MILWAUKEE,(414) 649-6000,Acute Care Hospitals,Voluntary non-profit - Private,Yes,Y,4,,7,7,3,4,0,,8,8,2,3,3,,11,11,0,10,1,,8,8,,12,11,
520205.0,MIDWEST ORTHOPEDIC SPECIALTY HOSPITAL,10101 SOUTH 27TH ST  2ND FLOOR,FRANKLIN,WI,53132,MILWAUKEE,(414) 817-5800,Acute Care Hospitals,Physician,No,,Not Available,16,7,Not Available,Not Available,Not Available,Not Available,5,8,2,0,2,0,,11,3,0,3,0,,8,8,,12,2,
521302.0,MAYO CLINIC HEALTH SYSTEM OAKRIDGE,13025 8TH ST,OSSEO,WI,54758,TREMPEALEAU,(715) 597-3121,Critical Access Hospitals,Voluntary non-profit - Other,Yes,,Not Available,16,7,1,0,1,0,,8,1,0,1,0,,11,2,0,2,0,,8,Not Available,5,12,5,
521313.0,ASPIRUS TOMAHAWK HOSPITAL,401 W MOHAWK DR  SUITE 100,TOMAHAWK,WI,54487,LINCOLN,(715) 453-7700,Critical Access Hospitals,Voluntary non-profit - Private,Yes,,Not Available,16,7,1,0,1,0,,8,Not Available,Not Available,Not Available,Not Available,5,11,1,0,1,0,,8,Not Available,5,12,7,
521323.0,MARSHFIELD MEDICAL CENTER - NEILLSVILLE,216 SUNSET PLACE,NEILLSVILLE,WI,54456,CLARK,(715) 743-3101,Critical Access Hospitals,Voluntary non-profit - Private,Yes,,Not Available,16,7,Not Available,Not Available,Not Available,Not Available,5,8,Not Available,Not Available,Not Available,Not Available,5,11,1,0,1,0,,8,Not Available,5,12,6,
521333.0,BLACK RIVER MEMORIAL HOSPITAL,711 W ADAMS ST,BLACK RIVER FALLS,WI,54615,JACKSON,(715) 284-5361,Critical Access Hospitals,Voluntary non-profit - Private,Yes,,Not Available,16,7,2,0,2,0,,8,Not Available,Not Available,Not Available,Not Available,5,11,4,0,4,0,,8,8,,12,6,
521343.0,STOUGHTON HOSPITAL,900 RIDGE ST,STOUGHTON,WI,53589,DANE,(608) 873-6611,Critical Access Hospitals,Voluntary non-profit - Private,Yes,,Not Available,16,7,2,0,2,0,,8,2,0,2,0,,11,4,0,4,0,,8,8,,12,6,
521353.0,CUMBERLAND MEMORIAL HOSPITAL,1705 16TH AVE,CUMBERLAND,WI,54829,BARRON,(715) 822-7200,Critical Access Hospitals,Voluntary non-profit - Other,Yes,,Not Available,16,7,Not Available,Not Available,Not Available,Not Available,5,8,Not Available,Not Available,Not Available,Not Available,5,11,1,0,1,0,,8,Not Available,5,12,6,
524002.0,WINNEBAGO MENTAL HEALTH INSTITUTE,4100 TREFFERT DR,WINNEBAGO,WI,54985,WINNEBAGO,(920) 235-4910,Psychiatric,Government - State,No,,Not Available,19,Not Available,Not Available,Not Available,Not Available,Not Available,19,Not Available,Not Available,Not Available,Not Available,Not Available,19,Not Available,Not Available,Not Available,Not Available,Not Available,19,Not Available,Not Available,19,Not Available,Not Available,19
524042.0,MIRAMONT BEHAVIORAL HEALTH,3169 DEMING WAY,MIDDLETON,WI,53562,DANE,(608) 716-8288,Psychiatric,Proprietary,No,,Not Available,19,Not Available,Not Available,Not Available,Not Available,Not Available,19,Not Available,Not Available,Not Available,Not Available,Not Available,19,Not Available,Not Available,Not Available,Not Available,Not Available,19,Not Available,Not Available,19,Not Available,Not Available,19
530034.0,SUMMIT MEDICAL CENTER,6350 E 2ND STREET,CASPER,WY,82609,NATRONA,(307) 232-6600,Acute Care Hospitals,Physician,No,,Not Available,16,7,Not Available,Not Available,Not Available,Not Available,5,8,2,0,2,0,,11,4,0,4,0,,8,Not Available,5,12,3,
531310.0,POWELL VALLEY HOSPITAL,777 AVENUE H,POWELL,WY,82435,PARK,(307) 754-1107,Critical Access Hospitals,Government - Hospital District or Authority,Yes,,Not Available,16,7,1,0,1,0,,8,1,0,1,0,,11,7,0,7,0,,8,8,,12,6,
534004.0,WYOMING BEHAVIORAL INSTITUTE,2521 EAST 15TH STREET,CASPER,WY,82609,NATRONA,(307) 237-7444,Psychiatric,Proprietary,No,,Not Available,19,Not Available,Not Available,Not Available,Not Available,Not Available,19,Not Available,Not Available,Not Available,Not Available,Not Available,19,Not Available,Not Available,Not Available,Not Available,Not Available,19,Not Available,Not Available,19,Not Available,Not Available,19
670025.0,BAYLOR SOTT & WHITE THE HEART HOSPITAL PLANO,1100 ALLIED DRIVE,PLANO,TX,75093,COLLIN,(469) 814-3278,Acute Care Hospitals,Proprietary,Yes,,5,,7,5,1,4,0,,8,3,2,1,0,,11,6,0,6,0,,8,8,,12,8,
670055.0,METHODIST HOSPITAL  STONE OAK,"1139 E SONTERRA BLVD,",SAN ANTONIO,TX,78258,BEXAR,(210) 638-2101,Acute Care Hospitals,Proprietary,Yes,Y,3,,7,7,0,7,0,,8,8,2,6,0,,11,9,0,8,1,,8,8,,12,10,
670075.0,ST LUKE'S HOSPITAL AT THE VINTAGE,20171 CHASEWOOD PARK DRIVE,HOUSTON,TX,77070,HARRIS,(832) 534-5000,Acute Care Hospitals,Voluntary non-profit - Private,Yes,,4,,7,5,0,5,0,,8,5,1,4,0,,11,6,0,6,0,,8,8,,12,9,
670098.0,RESOLUTE HEALTH HOSPITAL,"555 CREEKSIDE XING,",NEW BRAUNFELS,TX,78130,COMAL,(469) 839-6778,Acute Care Hospitals,Proprietary,Yes,Y,3,,7,5,0,5,0,,8,5,0,5,0,,11,8,0,6,2,,8,8,,12,10,
670121.0,SAINT CAMILLUS MEDICAL CENTER,1612 HURST TOWN CENTER DRIVE,HURST,TX,76054,TARRANT,(817) 519-3700,Acute Care Hospitals,Proprietary,Yes,,Not Available,16,7,Not Available,Not Available,Not Available,Not Available,5,8,Not Available,Not Available,Not Available,Not Available,5,11,Not Available,Not Available,Not Available,Not Available,5,8,Not Available,5,12,Not Available,5
670260.0,TEXAS HEALTH HOSPITAL FRISCO,12400 N DALLAS PARKWAY,FRISCO,TX,75033,DENTON,(469) 495-2000,Acute Care Hospitals,Voluntary non-profit - Private,Yes,Y,4,,7,3,0,3,0,,8,5,1,4,0,,11,6,1,5,0,,8,8,,12,9,
670322.0,LEGENT SURGICAL HOSPITAL PLANO,4100 MAPLESHADE LANE,PLANO,TX,75075,COLLIN,(972) 265-1050,Acute Care Hospitals,Proprietary,Yes,,Not Available,16,7,Not Available,Not Available,Not Available,Not Available,5,8,Not Available,Not Available,Not Available,Not Available,5,11,Not Available,Not Available,Not Available,Not Available,5,8,Not Available,5,12,2,
671300.0,GRAHAM REGIONAL MEDICAL CENTER,1301 MONTGOMERY ROAD,GRAHAM,TX,76450,YOUNG,(940) 549-3400,Critical Access Hospitals,Government - Hospital District or Authority,Yes,,Not Available,16,7,1,0,1,0,,8,1,0,1,0,,11,3,0,3,0,,8,Not Available,5,12,5,
