facility_id,facility_name,address,city,state,zip_code,county,telephone_number,hospital_type,hospital_ownership,emergency_services,meets_criteria_for_birthing_friendly_designation,hospital_overall_rating,hospital_overall_rating_footnote,mort_group_measure_count,count_of_facility_mort_measures,count_of_mort_measures_better,count_of_mort_measures_no_different,count_of_mort_measures_worse,mort_group_footnote,safety_group_measure_count,count_of_facility_safety_measures,count_of_safety_measures_better,count_of_safety_measures_no_different,count_of_safety_measures_worse,safety_group_footnote,readm_group_measure_count,count_of_facility_readm_measures,count_of_readm_measures_better,count_of_readm_measures_no_different,count_of_readm_measures_worse,readm_group_footnote,pt_exp_group_measure_count,count_of_facility_pt_exp_measures,pt_exp_group_footnote,te_group_measure_count,count_of_facility_te_measures,te_group_footnote
1014.0,BIRMINGHAM VA MEDICAL CENTER,700 SOUTH 19TH STREET,BIRMINGHAM,AL,35233,JEFFERSON,(205) 933-4515,Acute Care - Veterans Administration,Veterans Health Administration,Yes,,5,,7,5,2,3,0,,8,4,0,4,0,,11,6,0,6,0,,8,8,,12,6,
5015.0,60th Medical Group (Travis AFB),101 Bodin Cir Bldg 777,Travis AFB,CA,94535,SOLANO,(707) 423-7300,Acute Care - Department of Defense,Department of Defense,Yes,,Not Available,22,Not Available,Not Available,Not Available,Not Available,Not Available,22,Not Available,Not Available,Not Available,Not Available,Not Available,22,Not Available,Not Available,Not Available,Not Available,Not Available,22,Not Available,Not Available,22,Not Available,Not Available,22
5127.0,LOMA LINDA VA MEDICAL CENTER,11201 BENTON STREET,LOMA LINDA,CA,92357,SAN BERNARDINO,(909) 825-7084,Acute Care - Veterans Administration,Veterans Health Administration,Yes,,4,,7,5,0,5,0,,8,4,0,4,0,,11,6,1,5,0,,8,8,,12,6,
10005.0,MARSHALL MEDICAL CENTERS,2505 U S HIGHWAY 431 NORTH,BOAZ,AL,35957,MARSHALL,(256) 593-8310,Acute Care Hospitals,Government - Hospital District or Authority,Yes,Y,3,,7,6,0,5,1,,8,7,0,7,0,,11,9,0,8,1,,8,8,,12,12,
10018.0,CALLAHAN EYE HOSPITAL,1720 UNIVERSITY BLVD STE 305,BIRMINGHAM,AL,35233,JEFFERSON,(205) 325-8596,Acute Care Hospitals,Voluntary non-profit - Private,Yes,,Not Available,16,7,Not Available,Not Available,Not Available,Not Available,5,8,1,0,1,0,,11,1,0,1,0,,8,Not Available,5,12,4,
10035.0,CULLMAN REGIONAL MEDICAL CENTER,1912 ALABAMA HIGHWAY 157,CULLMAN,AL,35058,CULLMAN,(256) 737-2000,Acute Care Hospitals,Government - Hospital District or Authority,Yes,Y,2,,7,6,0,5,1,,8,7,1,6,0,,11,7,0,6,1,,8,8,,12,11,
10055.0,FLOWERS HOSPITAL,4370 WEST MAIN STREET,DOTHAN,AL,36302,HOUSTON,(334) 793-5000,Acute Care Hospitals,Proprietary,Yes,Y,2,,7,7,0,4,3,,8,8,3,5,0,,11,9,0,7,2,,8,8,,12,11,
10065.0,W PALM BEACH VA MEDICAL CENTER,7305 N. MILITARY TRAIL,WEST PALM BEACH,FL,33410,PALM BEACH,(561) 422-8600,Acute Care - Veterans Administration,Veterans Health Administration,Yes,,3,,7,5,1,4,0,,8,4,0,3,1,,11,6,0,6,0,,8,8,,12,5,
10091.0,GROVE HILL MEMORIAL HOSPITAL,295 JACKSON HWY S,GROVE HILL,AL,36451,CLARKE,(251) 275-3191,Acute Care Hospitals,Government - Hospital District or Authority,Yes,,Not Available,16,7,Not Available,Not Available,Not Available,Not Available,5,8,Not Available,Not Available,Not Available,Not Available,5,11,1,0,1,0,,8,Not Available,5,12,7,
10104.0,GRANDVIEW MEDICAL CENTER,3690 GRANDVIEW PARKWAY,BIRMINGHAM,AL,35243,JEFFERSON,(205) 971-1000,Acute Care Hospitals,Proprietary,Yes,Y,2,,7,7,0,6,1,,8,8,1,7,0,,11,11,0,9,2,,8,8,,12,11,
10128.0,JACKSON MEDICAL CENTER,220 HOSPITAL DRIVE,JACKSON,AL,36545,CLARKE,(251) 246-9021,Acute Care Hospitals,Proprietary,Yes,,Not Available,16,7,2,0,2,0,,8,Not Available,Not Available,Not Available,Not Available,5,11,3,0,3,0,,8,Not Available,5,12,7,
10157.0,NORTH ALABAMA SHOALS HOSPITAL,201 WEST AVALON AVENUE,MUSCLE SHOALS,AL,35661,COLBERT,(256) 386-1601,Acute Care Hospitals,Proprietary,Yes,,Not Available,16,7,Not Available,Not Available,Not Available,Not Available,5,8,2,0,2,0,,11,2,0,2,0,,8,Not Available,5,12,6,
11031.0,DUBLIN VA MEDICAL CENTER,1826 VETERANS BOULEVARD,DUBLIN,GA,31021,LAURENS,(478) 277-2701,Acute Care - Veterans Administration,Veterans Health Administration,Yes,,Not Available,16,7,2,0,2,0,,8,Not Available,Not Available,Not Available,Not Available,5,11,3,0,3,0,,8,Not Available,5,12,3,
11308.0,CRENSHAW COMMUNITY HOSPITAL,101 HOSPITAL CIRCLE,LUVERNE,AL,36049,CRENSHAW,(334) 335-3374,Critical Access Hospitals,Government - Hospital District or Authority,Yes,,Not Available,19,Not Available,Not Available,Not Available,Not Available,Not Available,19,Not Available,Not Available,Not Available,Not Available,Not Available,19,Not Available,Not Available,Not Available,Not Available,Not Available,19,Not Available,Not Available,19,Not Available,Not Available,19
14007.0,BRYCE HOSPITAL,1651 RUBY TYLER PKWY,TUSCALOOSA,AL,35404,TUSCALOOSA,(205) 759-0750,Psychiatric,Government - State,No,,Not Available,19,Not Available,Not Available,Not Available,Not Available,Not Available,19,Not Available,Not Available,Not Available,Not Available,Not Available,19,Not Available,Not Available,Not Available,Not Available,Not Available,19,Not Available,Not Available,19,Not Available,Not Available,19
15003.0,INDIANAPOLIS VA MEDICAL CENTER,1481 W. TENTH STREET,INDIANAPOLIS,IN,46202,MARION,(317) 554-0000,Acute Care - Veterans Administration,Veterans Health Administration,Yes,,5,,7,5,2,3,0,,8,4,0,4,0,,11,6,1,5,0,,8,8,,12,6,
19043.0,ALEXANDRIA VA MEDICAL CENTER,2495 SHREVEPORT HIGHWAY 71 N,PINEVILLE,LA,71360,RAPIDES,(318) 473-0010,Acute Care - Veterans Administration,Veterans Health Administration,No,,Not Available,16,7,1,0,1,0,,8,1,0,1,0,,11,2,0,2,0,,8,Not Available,5,12,2,
20018.0,YUKON KUSKOKWIM DELTA REG HOSPITAL,PO BOX 287,BETHEL,AK,99559,BETHEL,(907) 543-6000,Acute Care Hospitals,Tribal,Yes,Y,Not Available,16,7,2,0,2,0,,8,1,0,1,0,,11,3,0,3,0,,8,8,,12,5,
21306.0,PROVIDENCE KODIAK ISLAND MEDICAL CTR,1915 EAST REZANOF DRIVE,KODIAK,AK,99615,KODIAK ISLAND BOROUGH,(907) 486-3281,Critical Access Hospitals,Voluntary non-profit - Church,Yes,,Not Available,16,7,Not Available,Not Available,Not Available,Not Available,5,8,Not Available,Not Available,Not Available,Not Available,5,11,1,0,1,0,,8,Not Available,5,12,5,
22009.0,NORTHAMPTON VA MEDICAL CENTER,421 N MAIN ST,LEEDS,MA,1053,HAMPSHIRE,(413) 584-4040,Acute Care - Veterans Administration,Veterans Health Administration,No,,Not Available,16,7,Not Available,Not Available,Not Available,Not Available,5,8,Not Available,Not Available,Not Available,Not Available,5,11,Not Available,Not Available,Not Available,Not Available,5,8,Not Available,5,12,2,
25039.0,81st Medical Group (Keesler AFB),81 MDG 301 Fisher St Suite 109,Biloxi,MS,39534,HARRISON,(228) 377-6393,Acute Care - Department of Defense,Department of Defense,Yes,,Not Available,22,Not Available,Not Available,Not Available,Not Available,Not Available,22,Not Available,Not Available,Not Available,Not Available,Not Available,22,Not Available,Not Available,Not Available,Not Available,Not Available,22,Not Available,Not Available,22,Not Available,Not Available,22
29001.0,99th Medical Group (Nellis AFB),99 MDG 4700 Las Vegas Blvd,Nellis AFB,NV,89191,CLARK,(702) 653-2273,Acute Care - Department of Defense,Department of Defense,Yes,,Not Available,22,Not Available,Not Available,Not Available,Not Available,Not Available,22,Not Available,Not Available,Not Available,Not Available,Not Available,22,Not Available,Not Available,Not Available,Not Available,Not Available,22,Not Available,Not Available,22,Not Available,Not Available,22
30014.0,HONOR HEALTH JOHN C. LINCOLN MEDICAL CENTER,250 EAST DUNLAP AVENUE,PHOENIX,AZ,85020,MARICOPA,(602) 943-2381,Acute Care Hospitals,Voluntary non-profit - Private,Yes,,3,,7,6,0,6,0,,8,8,1,7,0,,11,10,0,9,1,,8,8,,12,9,
30055.0,KINGMAN REGIONAL MEDICAL CENTER,3269 STOCKTON HILL ROAD,KINGMAN,AZ,86401,MOHAVE,(928) 757-2101,Acute Care Hospitals,Government - Hospital District or Authority,Yes,Y,4,,7,6,1,5,0,,8,7,2,5,0,,11,10,0,10,0,,8,8,,12,12,
30083.0,ABRAZO SCOTTSDALE CAMPUS,3929 EAST BELL ROAD,PHOENIX,AZ,85032,MARICOPA,(602) 923-5609,Acute Care Hospitals,Proprietary,Yes,,2,,7,5,0,5,0,,8,5,1,4,0,,11,5,1,3,1,,8,8,,12,8,
30103.0,MAYO CLINIC HOSPITAL,5777 EAST MAYO BOULEVARD,PHOENIX,AZ,85054,MARICOPA,(480) 342-4201,Acute Care Hospitals,Voluntary non-profit - Private,Yes,,5,,7,7,4,3,0,,8,8,3,5,0,,11,11,2,9,0,,8,8,,12,10,
30117.0,VALLEY VIEW MEDICAL CENTER,5330 SOUTH HIGHWAY 95,FORT MOHAVE,AZ,86426,MOHAVE,(928) 788-2273,Acute Care Hospitals,Proprietary,Yes,Y,2,,7,4,0,4,0,,8,2,0,2,0,,11,6,0,6,0,,8,8,,12,10,
30146.0,HONORHEALTH SONORAN CROSSING MEDICAL CENTER,33400 NORTH 32ND AVENUE,PHOENIX,AZ,85085,MARICOPA,(480) 882-4327,Acute Care Hospitals,Voluntary non-profit - Private,Yes,Y,4,,7,2,0,2,0,,8,5,1,4,0,,11,5,0,5,0,,8,8,,12,8,
31302.0,"NORTHERN COCHISE COMMUNITY HOSPITAL, INC.",901 WEST REX ALLEN DRIVE,WILLCOX,AZ,85643,COCHISE,(520) 384-3541,Critical Access Hospitals,Voluntary non-profit - Private,Yes,,Not Available,16,7,Not Available,Not Available,Not Available,Not Available,5,8,Not Available,Not Available,Not Available,Not Available,5,11,2,0,2,0,,8,Not Available,5,12,2,
31315.0,WHITE MOUNTAIN REGIONAL MEDICAL CENTER,118 SOUTH MOUNTAIN AVENUE,SPRINGERVILLE,AZ,85938,APACHE,(928) 333-4368,Critical Access Hospitals,Voluntary non-profit - Private,Yes,,Not Available,16,7,1,0,1,0,,8,Not Available,Not Available,Not Available,Not Available,5,11,3,0,3,0,,8,Not Available,5,12,3,
33016.0,BRONX VA MEDICAL CENTER,130 WEST KINGSBRIDGE ROAD,BRONX,NY,10468,BRONX,(718) 584-9000,Acute Care - Veterans Administration,Veterans Health Administration,Yes,,3,,7,4,0,4,0,,8,4,0,4,0,,11,4,0,4,0,,8,8,,12,5,
34013.0,FAYETTEVILLE NC VA MEDICAL CENTER,2300 RAMSEY STREET,FAYETTEVILLE,NC,28301,CUMBERLAND,(910) 488-2120,Acute Care - Veterans Administration,Veterans Health Administration,No,,3,,7,3,0,3,0,,8,1,0,1,0,,11,4,1,3,0,,8,8,,12,5,
34026.0,VALLEY HOSPITAL,3550 EAST PINCHOT AVENUE,PHOENIX,AZ,85018,MARICOPA,(602) 952-3900,Psychiatric,Proprietary,No,,Not Available,19,Not Available,Not Available,Not Available,Not Available,Not Available,19,Not Available,Not Available,Not Available,Not Available,Not Available,19,Not Available,Not Available,Not Available,Not Available,Not Available,19,Not Available,Not Available,19,Not Available,Not Available,19
34036.0,ASHEVILLE-OTEEN VA MEDICAL CENTER,1100 TUNNEL ROAD,ASHEVILLE,NC,28805,BUNCOMBE,(828) 298-7911,Acute Care - Veterans Administration,Veterans Health Administration,Yes,,5,,7,5,2,3,0,,8,3,0,3,0,,11,6,2,4,0,,8,8,,12,5,
37012.0,MUSKOGEE VA MEDICAL CENTER,1011 HONOR HEIGHTS DRIVE,MUSKOGEE,OK,74401,MUSKOGEE,(918) 577-3000,Acute Care - Veterans Administration,Veterans Health Administration,Yes,,5,,7,3,1,2,0,,8,3,0,2,1,,11,4,2,2,0,,8,8,,12,5,
40017.0,NORTH ARKANSAS REGIONAL MEDICAL CENTER,620 NORTH MAIN STREET,HARRISON,AR,72601,BOONE,(870) 414-4000,Acute Care Hospitals,Voluntary non-profit - Private,Yes,Y,3,,7,4,0,3,1,,8,3,0,3,0,,11,9,1,8,0,,8,8,,12,11,
40041.0,ST MARYS REGIONAL MEDICAL CENTER,1808 WEST MAIN STREET,RUSSELLVILLE,AR,72801,POPE,(479) 968-2841,Acute Care Hospitals,Proprietary,Yes,Y,3,,7,5,0,5,0,,8,6,1,4,1,,11,8,0,8,0,,8,8,,12,11,
40078.0,NATIONAL PARK MEDICAL CENTER,1910 MALVERN AVENUE,HOT SPRINGS,AR,71901,GARLAND,(501) 321-1000,Acute Care Hospitals,Proprietary,Yes,Y,1,,7,7,0,7,0,,8,7,1,6,0,,11,9,0,7,2,,8,8,,12,10,
40153.0,SOUTHWEST REGIONAL MEDICAL CENTER LLC,2001 SOUTH MAIN,HOPE,AR,71801,HEMPSTEAD,(870) 722-3800,Acute Care Hospitals,Proprietary,Yes,,Not Available,16,7,2,0,2,0,,8,Not Available,Not Available,Not Available,Not Available,5,11,3,0,3,0,,8,Not Available,5,12,7,
41300.0,MERCY HOSPITAL PARIS,500 EAST ACADEMY,PARIS,AR,72855,LOGAN,(479) 963-6101,Critical Access Hospitals,Voluntary non-profit - Private,Yes,,Not Available,16,7,2,0,2,0,,8,Not Available,Not Available,Not Available,Not Available,5,11,3,0,3,0,,8,Not Available,5,12,6,
41312.0,BAPTIST HEALTH MEDICAL CENTER HEBER SPRINGS,1800 BYPASS ROAD,HEBER SPRINGS,AR,72543,CLEBURNE,(501) 887-3000,Critical Access Hospitals,Voluntary non-profit - Private,Yes,,Not Available,16,7,2,0,2,0,,8,Not Available,Not Available,Not Available,Not Available,5,11,5,0,4,1,,8,Not Available,5,12,8,
41327.0,BRADLEY COUNTY MEDICAL CENTER,404 SOUTH BRADLEY STREET,WARREN,AR,71671,BRADLEY,(870) 226-3731,Critical Access Hospitals,Voluntary non-profit - Private,Yes,,Not Available,16,7,1,0,1,0,,8,Not Available,Not Available,Not Available,Not Available,5,11,3,0,3,0,,8,Not Available,5,12,6,
44004.0,VISTA HEALTH FAYETTEVILLE,4253 CROSSOVER ROAD,FAYETTEVILLE,AR,72703,WASHINGTON,(479) 521-5731,Psychiatric,Proprietary,No,,Not Available,19,Not Available,Not Available,Not Available,Not Available,Not Available,19,Not Available,Not Available,Not Available,Not Available,Not Available,19,Not Available,Not Available,Not Available,Not Available,Not Available,19,Not Available,Not Available,19,Not Available,Not Available,19
50002.0,ST ROSE HOSPITAL,27200 CALAROGA AVE,HAYWARD,CA,94545,ALAMEDA,(510) 782-6200,Acute Care Hospitals,Voluntary non-profit - Church,No,,1,,7,5,0,5,0,,8,5,0,5,0,,11,6,0,6,0,,8,8,,12,8,
50025.0,UC SAN DIEGO HEALTH HILLCREST - HILLCREST MED CTR,200 WEST ARBOR DRIVE,SAN DIEGO,CA,92103,SAN DIEGO,(619) 543-6222,Acute Care Hospitals,Voluntary non-profit - Other,Yes,Y,5,,7,7,4,3,0,,8,8,3,5,0,,11,11,1,8,2,,8,8,,12,11,
50045.0,EL CENTRO REGIONAL MEDICAL CENTER,1415 ROSS AVENUE,EL CENTRO,CA,92243,IMPERIAL,(760) 339-7100,Acute Care Hospitals,Government - Local,Yes,,1,,7,5,0,4,1,,8,5,0,4,1,,11,8,0,7,1,,8,8,,12,8,
50069.0,PROVIDENCE ST. JOSEPH HOSPITAL,1100 WEST STEWART DR,ORANGE,CA,92868,ORANGE,(714) 633-9111,Acute Care Hospitals,Voluntary non-profit - Church,Yes,Y,4,,7,7,1,6,0,,8,7,2,5,0,,11,9,0,9,0,,8,8,,12,11,
50084.0,ST JOSEPH'S MEDICAL CENTER OF STOCKTON,1800 N CALIFORNIA ST,STOCKTON,CA,95204,SAN JOAQUIN,(209) 943-2000,Acute Care Hospitals,Voluntary non-profit - Private,Yes,Y,4,,7,7,0,7,0,,8,6,1,5,0,,11,8,0,7,1,,8,8,,12,11,
50104.0,SAINT FRANCIS MEDICAL CENTER,3630 EAST IMPERIAL HIGHWAY,LYNWOOD,CA,90262,LOS ANGELES,(310) 900-8900,Acute Care Hospitals,Voluntary non-profit - Church,No,Y,4,,7,5,0,5,0,,8,6,3,3,0,,11,4,1,3,0,,8,8,,12,9,
50122.0,DAMERON HOSPITAL,525 WEST ACACIA STREET,STOCKTON,CA,95203,SAN JOAQUIN,(209) 944-5550,Acute Care Hospitals,Voluntary non-profit - Other,Yes,,3,,7,6,0,6,0,,8,6,0,6,0,,11,8,0,8,0,,8,8,,12,8,
50135.0,SOUTHERN CALIFORNIA HOSPITAL AT HOLLYWOOD,6245 DE LONGPRE AVE,HOLLYWOOD,CA,90028,LOS ANGELES,(323) 462-2271,Acute Care Hospitals,Proprietary,Yes,,4,,7,6,2,4,0,,8,5,3,2,0,,11,6,0,5,1,,8,8,,12,7,
50158.0,ENCINO HOSPITAL MEDICAL CENTER,16237 VENTURA BLVD,ENCINO,CA,91436,LOS ANGELES,(818) 995-5000,Acute Care Hospitals,Proprietary,No,,2,,7,2,1,1,0,,8,3,1,2,0,,11,3,0,3,0,,8,8,,12,7,
50194.0,WATSONVILLE COMMUNITY HOSPITAL,75 NIELSON STREET,WATSONVILLE,CA,95076,SANTA CRUZ,(831) 724-4741,Acute Care Hospitals,Proprietary,Yes,Y,1,,7,4,0,4,0,,8,2,0,2,0,,11,6,0,4,2,,8,8,,12,10,
50231.0,POMONA VALLEY HOSPITAL MEDICAL CENTER,1798 N GAREY AVE,POMONA,CA,91767,LOS ANGELES,(909) 865-9500,Acute Care Hospitals,Voluntary non-profit - Private,Yes,Y,3,,7,7,0,7,0,,8,7,3,4,0,,11,11,1,9,1,,8,8,,12,10,
50248.0,NATIVIDAD MEDICAL CENTER,1441 CONSTITUTION BOULEVARD,SALINAS,CA,93906,MONTEREY,(831) 755-4111,Acute Care Hospitals,Government - Local,Yes,Y,3,,7,5,0,5,0,,8,6,1,5,0,,11,6,0,6,0,,8,8,,12,10,
50281.0,ALHAMBRA HOSPITAL MEDICAL CENTER,100 S RAYMOND AVE,ALHAMBRA,CA,91801,LOS ANGELES,(626) 570-1606,Acute Care Hospitals,Proprietary,No,,3,,7,3,0,3,0,,8,5,0,5,0,,11,3,0,2,1,,8,8,,12,7,
50305.0,ALTA BATES SUMMIT MEDICAL CENTER - ALTA BATES CAMP,2450 ASHBY AVENUE,BERKELEY,CA,94705,ALAMEDA,(510) 204-4444,Acute Care Hospitals,Voluntary non-profit - Private,Yes,Y,3,,7,6,0,6,0,,8,6,1,5,0,,11,9,1,8,0,,8,8,,12,10,
50335.0,ADVENTIST HEALTH SONORA,1000 GREENLEY ROAD,SONORA,CA,95370,TUOLUMNE,(209) 536-5000,Acute Care Hospitals,Voluntary non-profit - Church,No,Y,3,,7,6,0,6,0,,8,5,0,5,0,,11,10,1,8,1,,8,8,,12,12,
50367.0,NORTHBAY MEDICAL CENTER,1200 B  GALE WILSON BLVD,FAIRFIELD,CA,94533,SOLANO,(707) 646-5000,Acute Care Hospitals,Voluntary non-profit - Private,Yes,Y,3,,7,7,0,7,0,,8,7,2,5,0,,11,11,0,11,0,,8,8,,12,10,
50407.0,CHINESE HOSPITAL,845 JACKSON ST,SAN FRANCISCO,CA,94133,SAN FRANCISCO,(415) 982-2400,Acute Care Hospitals,Voluntary non-profit - Private,Yes,,3,,7,3,0,3,0,,8,2,0,2,0,,11,8,0,8,0,,8,8,,12,8,
50454.0,UCSF MEDICAL CENTER,"505 PARNASSUS AVE, BOX 0296",SAN FRANCISCO,CA,94143,SAN FRANCISCO,(415) 353-2733,Acute Care Hospitals,Voluntary non-profit - Other,Yes,Y,5,,7,7,4,3,0,,8,8,3,5,0,,11,11,1,9,1,,8,8,,12,11,
50496.0,JOHN MUIR MEDICAL CENTER - CONCORD CAMPUS,2540 EAST ST,CONCORD,CA,94520,CONTRA COSTA,(925) 682-8200,Acute Care Hospitals,Voluntary non-profit - Private,Yes,,4,,7,7,1,6,0,,8,7,1,4,2,,11,11,2,9,0,,8,8,,12,9,
50526.0,HUNTINGTON BEACH HOSPITAL,17772 BEACH BLVD,HUNTINGTON BEACH,CA,92647,ORANGE,(714) 843-5000,Acute Care Hospitals,Proprietary,Yes,,Not Available,16,7,2,0,2,0,,8,2,0,2,0,,11,3,0,3,0,,8,8,,12,7,
50561.0,KAISER FOUNDATION HOSPITAL - WEST LA,6041 CADILLAC AVE,LOS ANGELES,CA,90034,LOS ANGELES,(213) 857-2201,Acute Care Hospitals,Voluntary non-profit - Private,No,Y,3,,7,Not Available,Not Available,Not Available,Not Available,5,8,6,2,4,0,,11,1,0,1,0,,8,8,,12,6,
50597.0,EMANATE HEALTH FOOTHILL PRESBYTERIAN HOSPITAL,250 S GRAND AVE,GLENDORA,CA,91740,LOS ANGELES,(626) 963-8411,Acute Care Hospitals,Voluntary non-profit - Private,No,,3,,7,5,0,5,0,,8,6,1,5,0,,11,6,0,6,0,,8,8,,12,8,
50641.0,EAST LOS ANGELES DOCTORS HOSPITAL,4060 WHITTIER BLVD,LOS ANGELES,CA,90023,LOS ANGELES,(323) 268-5514,Acute Care Hospitals,Proprietary,Yes,Y,Not Available,16,7,2,0,2,0,,8,2,0,2,0,,11,3,0,3,0,,8,8,,12,8,
50696.0,KECK HOSPITAL OF USC,1500 SAN PABLO STREET,LOS ANGELES,CA,90033,LOS ANGELES,(323) 442-8656,Acute Care Hospitals,Voluntary non-profit - Other,No,,4,,7,5,0,5,0,,8,8,1,6,1,,11,10,1,8,1,,8,8,,12,8,
50726.0,STANISLAUS SURGICAL HOSPITAL,1421 OAKDALE ROAD,MODESTO,CA,95355,STANISLAUS,(209) 572-2700,Acute Care Hospitals,Voluntary non-profit - Private,No,,Not Available,16,7,Not Available,Not Available,Not Available,Not Available,5,8,2,0,2,0,,11,4,0,4,0,,8,Not Available,5,12,4,
50747.0,COASTAL COMMUNITIES HOSPITAL,2701 S BRISTOL ST,SANTA ANA,CA,92704,ORANGE,(714) 754-5454,Acute Care Hospitals,Proprietary,Yes,Y,Not Available,16,7,1,0,1,0,,8,2,0,2,0,,11,2,0,2,0,,8,8,,12,6,
50767.0,KAISER FOUNDATION HOSPITAL - VACAVILLE,1 QUALITY DRIVE,VACAVILLE,CA,95688,SOLANO,(707) 624-4000,Acute Care Hospitals,Voluntary non-profit - Private,Yes,Y,4,,7,Not Available,Not Available,Not Available,Not Available,5,8,6,1,5,0,,11,1,0,1,0,,8,8,,12,6,
50780.0,FOOTHILL REGIONAL MEDICAL CENTER,14662 NEWPORT AVE,TUSTIN,CA,92780,ORANGE,(714) 619-7700,Acute Care Hospitals,Proprietary,No,,Not Available,16,7,2,0,2,0,,8,2,1,1,0,,11,4,0,4,0,,8,8,,12,6,
51303.0,MAMMOTH HOSPITAL,85 SIERRA PARK ROAD PO BOX 660,MAMMOTH LAKES,CA,93546,MONO,(760) 934-3311,Critical Access Hospitals,Government - Hospital District or Authority,Yes,,Not Available,16,7,Not Available,Not Available,Not Available,Not Available,5,8,1,0,1,0,,11,2,0,2,0,,8,Not Available,5,12,6,
51314.0,KERN VALLEY HEALTHCARE DISTRICT,6412 LAUREL AVE,LAKE ISABELLA,CA,93240,KERN,(760) 379-2681,Critical Access Hospitals,Government - Hospital District or Authority,Yes,,Not Available,16,7,2,0,2,0,,8,Not Available,Not Available,Not Available,Not Available,5,11,4,0,4,0,,8,Not Available,5,12,5,
51325.0,MENDOCINO COAST DISTRICT HOSPITAL,700 RIVER DRIVE,FORT BRAGG,CA,95437,MENDOCINO,(707) 961-1234,Critical Access Hospitals,Government - Hospital District or Authority,Yes,,1,,7,4,0,3,1,,8,1,0,1,0,,11,8,0,8,0,,8,8,,12,8,
51335.0,BEAR VALLEY COMMUNITY HOSPITAL,41870 GARSTIN DR,BIG BEAR LAKE,CA,92315,SAN BERNARDINO,(909) 866-6501,Critical Access Hospitals,Government - Hospital District or Authority,Yes,,Not Available,16,7,Not Available,Not Available,Not Available,Not Available,5,8,Not Available,Not Available,Not Available,Not Available,5,11,Not Available,Not Available,Not Available,Not Available,5,8,Not Available,5,12,3,
53305.0,LUCILE SALTER PACKARD CHILDREN'S HSP AT STANFORD,725 WELCH ROAD,PALO ALTO,CA,94304,SANTA CLARA,(650) 497-8000,Childrens,Voluntary non-profit - Private,No,,Not Available,19,Not Available,Not Available,Not Available,Not Available,Not Available,19,Not Available,Not Available,Not Available,Not Available,Not Available,19,Not Available,Not Available,Not Available,Not Available,Not Available,19,Not Available,Not Available,19,Not Available,Not Available,19
54069.0,AURORA CHARTER OAK,1161 E COVINA BLVD,COVINA,CA,91724,LOS ANGELES,(626) 966-1632,Psychiatric,Voluntary non-profit - Church,Yes,,Not Available,19,Not Available,Not Available,Not Available,Not Available,Not Available,19,Not Available,Not Available,Not Available,Not Available,Not Available,19,Not Available,Not Available,Not Available,Not Available,Not Available,19,Not Available,Not Available,19,Not Available,Not Available,19
54110.0,BHC FREMONT HOSPITAL INC,39001 SUNDALE DRIVE,FREMONT,CA,94538,ALAMEDA,(510) 796-1100,Psychiatric,Proprietary,No,,Not Available,19,Not Available,Not Available,Not Available,Not Available,Not Available,19,Not Available,Not Available,Not Available,Not Available,Not Available,19,Not Available,Not Available,Not Available,Not Available,Not Available,19,Not Available,Not Available,19,Not Available,Not Available,19
54145.0,SHARP MESA VISTA HOSPITAL,7850 VISTA HILL AVENUE,SAN DIEGO,CA,92123,SAN DIEGO,(858) 278-4110,Psychiatric,Voluntary non-profit - Private,No,,Not Available,19,Not Available,Not Available,Not Available,Not Available,Not Available,19,Not Available,Not Available,Not Available,Not Available,Not Available,19,Not Available,Not Available,Not Available,Not Available,Not Available,19,Not Available,Not Available,19,Not Available,Not Available,19
54155.0,"BAKERSFIELD BEHAVIORAL HEALTHCARE HOSPITAL, LLC",5201 WHITE LANE,BAKERSFIELD,CA,93309,KERN,(661) 398-1800,Psychiatric,Proprietary,No,,Not Available,19,Not Available,Not Available,Not Available,Not Available,Not Available,19,Not Available,Not Available,Not Available,Not Available,Not Available,19,Not Available,Not Available,Not Available,Not Available,Not Available,19,Not Available,Not Available,19,Not Available,Not Available,19
60009.0,LUTHERAN MEDICAL CENTER,8300 W 38TH AVE,WHEAT RIDGE,CO,80033,JEFFERSON,(303) 425-4500,Acute Care Hospitals,Voluntary non-profit - Private,Yes,Y,4,,7,6,0,6,0,,8,6,2,4,0,,11,9,1,8,0,,8,8,,12,11,
60024.0,UNIVERSITY OF COLORADO HOSPITAL AUTHORITY,12605 E 16TH AVE,AURORA,CO,80045,ADAMS,(720) 848-0000,Acute Care Hospitals,Government - Hospital District or Authority,Yes,Y,5,,7,7,1,6,0,,8,8,3,5,0,,11,11,1,10,0,,8,8,,12,12,
60064.0,CENTURA HEALTH-PORTER ADVENTIST HOSPITAL,2525 S DOWNING ST,DENVER,CO,80210,DENVER,(303) 778-1955,Acute Care Hospitals,Voluntary non-profit - Private,Yes,,4,,7,7,0,7,0,,8,7,2,5,0,,11,9,1,8,0,,8,8,,12,9,
60112.0,SKY RIDGE MEDICAL CENTER,10101 RIDGEGATE PKWY,LONE TREE,CO,80124,DOUGLAS,(720) 225-1000,Acute Care Hospitals,Voluntary non-profit - Other,Yes,Y,3,,7,6,0,6,0,,8,8,2,5,1,,11,10,0,10,0,,8,8,,12,11,
60128.0,LONGS PEAK HOSPITAL,1750 E KEN PRATT BLVD,LONGMONT,CO,80504,BOULDER,(720) 718-3005,Acute Care Hospitals,Voluntary non-profit - Private,Yes,Y,5,,7,5,0,5,0,,8,5,1,4,0,,11,7,1,6,0,,8,8,,12,10,
61304.0,HAXTUN HOSPITAL DISTRICT,235 W FLETCHER ST,HAXTUN,CO,80731,PHILLIPS,(970) 774-6123,Critical Access Hospitals,Government - Hospital District or Authority,Yes,,Not Available,16,7,Not Available,Not Available,Not Available,Not Available,5,8,1,0,1,0,,11,1,0,1,0,,8,Not Available,5,12,2,
61314.0,"MEMORIAL HOSPITAL, THE",750 HOSPITAL LOOP,CRAIG,CO,81625,MOFFAT,(970) 824-9411,Critical Access Hospitals,Government - Local,Yes,,Not Available,16,7,2,0,2,0,,8,1,0,1,0,,11,6,0,6,0,,8,Not Available,5,12,6,
61324.0,ASPEN VALLEY HOSPITAL,401 CASTLE CREEK RD,ASPEN,CO,81611,PITKIN,(970) 544-1261,Critical Access Hospitals,Government - Hospital District or Authority,Yes,Y,Not Available,16,7,Not Available,Not Available,Not Available,Not Available,5,8,Not Available,Not Available,Not Available,Not Available,5,11,4,0,4,0,,8,8,,12,6,
64001.0,COLORADO MENTAL HEALTH HOSPITAL IN PUEBLO,1600 W 24TH ST,PUEBLO,CO,81003,PUEBLO,(719) 546-4747,Psychiatric,Government - State,Yes,,Not Available,19,Not Available,Not Available,Not Available,Not Available,Not Available,19,Not Available,Not Available,Not Available,Not Available,Not Available,19,Not Available,Not Available,Not Available,Not Available,Not Available,19,Not Available,Not Available,19,Not Available,Not Available,19
70002.0,ST FRANCIS HOSPITAL & MEDICAL CENTER,114 WOODLAND STREET & 500 BLUE HILLS AVENUE,HARTFORD,CT,6105,HARTFORD,(860) 714-5541,Acute Care Hospitals,Voluntary non-profit - Church,Yes,Y,2,,7,7,0,6,1,,8,8,3,5,0,,11,11,1,8,2,,8,8,,12,10,
70016.0,SAINT MARY'S HOSPITAL,56 FRANKLIN STREET,WATERBURY,CT,6706,NEW HAVEN,(203) 709-6020,Acute Care Hospitals,Voluntary non-profit - Church,Yes,Y,3,,7,6,0,6,0,,8,6,1,5,0,,11,9,2,7,0,,8,8,,12,11,
70029.0,BRISTOL HOSPITAL,41 BREWSTER RD,BRISTOL,CT,6010,HARTFORD,(860) 585-3000,Acute Care Hospitals,Voluntary non-profit - Private,Yes,Y,2,,7,4,0,4,0,,8,5,0,5,0,,11,8,0,8,0,,8,8,,12,11,
74011.0,CONNECTICUT MENTAL HEALTH CENTER,34 PARK STREET,NEW HAVEN,CT,6508,NEW HAVEN,(203) 974-3000,Psychiatric,Government - State,No,,Not Available,19,Not Available,Not Available,Not Available,Not Available,Not Available,19,Not Available,Not Available,Not Available,Not Available,Not Available,19,Not Available,Not Available,Not Available,Not Available,Not Available,19,Not Available,Not Available,19,Not Available,Not Available,19
80007.0,BEEBE MEDICAL CENTER,424 SAVANNAH RD,LEWES,DE,19958,SUSSEX,(302) 645-3300,Acute Care Hospitals,Voluntary non-profit - Private,Yes,Y,3,,7,7,0,7,0,,8,6,2,3,1,,11,10,1,9,0,,8,8,,12,12,
90004.0,MEDSTAR GEORGETOWN UNIVERSITY HOSPITAL,3800 RESERVOIR RD,WASHINGTON,DC,20007,THE DISTRICT,(202) 784-3000,Acute Care Hospitals,Proprietary,Yes,Y,3,,7,6,0,6,0,,8,7,2,4,1,,11,9,1,6,2,,8,8,,12,10,
100007.0,ADVENTHEALTH ORLANDO,601 E ROLLINS ST,ORLANDO,FL,32803,ORANGE,(407) 303-1976,Acute Care Hospitals,Voluntary non-profit - Private,Yes,Y,3,,7,7,5,2,0,,8,8,6,2,0,,11,11,0,4,7,,8,8,,12,12,
100026.0,ASCENSION SACRED HEART BAY,615 N BONITA AVE,PANAMA CITY,FL,32401,BAY,(850) 769-1511,Acute Care Hospitals,Voluntary non-profit - Private,Yes,,3,,7,7,0,7,0,,8,6,1,4,1,,11,9,0,9,0,,8,8,,12,7,
100043.0,MEASE DUNEDIN HOSPITAL,601 MAIN ST,DUNEDIN,FL,34698,PINELLAS,(727) 733-1111,Acute Care Hospitals,Voluntary non-profit - Private,Yes,,4,,7,4,0,4,0,,8,4,0,4,0,,11,6,1,5,0,,8,8,,12,7,
100054.0,HCA FLORIDA TWIN CITIES HOSPITAL,2190 HWY 85 N,NICEVILLE,FL,32578,OKALOOSA,(850) 678-4131,Acute Care Hospitals,Proprietary,Yes,,4,,7,3,1,2,0,,8,3,1,2,0,,11,7,0,7,0,,8,8,,12,9,
100073.0,HOLY CROSS HOSPITAL,4725 N FEDERAL HWY,FT LAUDERDALE,FL,33308,BROWARD,(954) 771-8000,Acute Care Hospitals,Voluntary non-profit - Church,Yes,,4,,7,7,0,7,0,,8,7,4,3,0,,11,11,0,11,0,,8,8,,12,10,
100093.0,BAPTIST HOSPITAL,123 BAPTIST WAY,PENSACOLA,FL,32503,ESCAMBIA,(850) 434-4011,Acute Care Hospitals,Voluntary non-profit - Private,Yes,Y,4,,7,7,0,7,0,,8,7,3,4,0,,11,11,1,10,0,,8,8,,12,11,
100122.0,NORTH OKALOOSA MEDICAL CENTER,151 REDSTONE AVE SE,CRESTVIEW,FL,32539,OKALOOSA,(850) 689-8100,Acute Care Hospitals,Voluntary non-profit - Private,Yes,Y,3,,7,6,0,6,0,,8,6,1,5,0,,11,9,1,8,0,,8,8,,12,10,
100135.0,TALLAHASSEE MEMORIAL HEALTHCARE,1300 MICCOSUKEE RD,TALLAHASSEE,FL,32308,LEON,(850) 431-1155,Acute Care Hospitals,Voluntary non-profit - Private,Yes,Y,2,,7,7,0,6,1,,8,8,2,6,0,,11,11,2,8,1,,8,8,,12,10,
100166.0,HCA FLORIDA SARASOTA DOCTORS HOSPITAL,5731 BEE RIDGE RD,SARASOTA,FL,34233,SARASOTA,(941) 342-1100,Acute Care Hospitals,Proprietary,Yes,,4,,7,6,0,6,0,,8,7,1,6,0,,11,8,1,6,1,,8,8,,12,8,
100183.0,CORAL GABLES HOSPITAL,3100 DOUGLAS RD,CORAL GABLES,FL,33134,MIAMI-DADE,(305) 445-8461,Acute Care Hospitals,Proprietary,Yes,,3,,7,3,0,3,0,,8,2,1,1,0,,11,5,0,4,1,,8,8,,12,7,
100213.0,HCA FLORIDA BLAKE HOSPITAL,2020 59TH ST W,BRADENTON,FL,34209,MANATEE,(941) 798-6110,Acute Care Hospitals,Proprietary,Yes,,2,,7,7,0,7,0,,8,7,3,4,0,,11,9,0,7,2,,8,8,,12,8,
100236.0,HCA FLORIDA FAWCETT HOSPITAL,21298 OLEAN BLVD,PORT CHARLOTTE,FL,33952,CHARLOTTE,(941) 629-1181,Acute Care Hospitals,Proprietary,Yes,,2,,7,7,1,6,0,,8,7,1,6,0,,11,8,0,6,2,,8,8,,12,7,
100254.0,HCA FLORIDA CAPITAL HOSPITAL,2626 CAPITAL MEDICAL BLVD,TALLAHASSEE,FL,32308,LEON,(850) 656-5000,Acute Care Hospitals,Proprietary,Yes,Y,2,,7,7,0,7,0,,8,8,3,5,0,,11,9,0,8,1,,8,8,,12,10,
100269.0,HCA FLORIDA PALMS WEST HOSPITAL,13001 SOUTHERN BLVD,LOXAHATCHEE,FL,33470,PALM BEACH,(561) 798-3300,Acute Care Hospitals,Proprietary,Yes,Y,2,,7,6,0,6,0,,8,7,1,6,0,,11,6,0,4,2,,8,8,,12,9,
100289.0,CLEVELAND CLINIC HOSPITAL,3100 WESTON RD,WESTON,FL,33331,BROWARD,(954) 689-5000,Acute Care Hospitals,Voluntary non-profit - Private,Yes,,4,,7,7,4,3,0,,8,8,3,5,0,,11,11,0,9,2,,8,8,,12,10,
100314.0,WEST KENDALL BAPTIST HOSPITAL,9555 SW 162 AVE,MIAMI,FL,33196,MIAMI-DADE,(786) 467-2000,Acute Care Hospitals,Voluntary non-profit - Private,Yes,Y,5,,7,4,1,3,0,,8,7,1,6,0,,11,6,0,6,0,,8,8,,12,10,
100360.0,HCA FLORIDA UNIVERSITY HOSPITAL,3476 S UNIVERSITY DR.,DAVIE,FL,33328,BROWARD,(954) 475-4400,Acute Care Hospitals,Proprietary,Yes,Y,4,,7,Not Available,Not Available,Not Available,Not Available,5,8,6,1,5,0,,11,2,0,2,0,,8,8,,12,8,
101307.0,DOCTORS MEMORIAL HOSPITAL,2600 HOSPITAL DR,BONIFAY,FL,32425,HOLMES,(850) 547-1120,Critical Access Hospitals,Government - Hospital District or Authority,No,,Not Available,16,7,1,0,0,1,,8,Not Available,Not Available,Not Available,Not Available,5,11,5,0,5,0,,8,Not Available,5,12,5,
103304.0,"NEMOURS CHILDRENS HOSPITAL, FLORIDA",6535 NEMOURS PKWY,ORLANDO,FL,32827,ORANGE,(407) 567-4000,Childrens,Voluntary non-profit - Private,Yes,,Not Available,19,Not Available,Not Available,Not Available,Not Available,Not Available,19,Not Available,Not Available,Not Available,Not Available,Not Available,19,Not Available,Not Available,Not Available,Not Available,Not Available,19,Not Available,Not Available,19,Not Available,Not Available,19
104049.0,SOUTHERN WINDS HOSPITAL,4225 W 20TH AVE,HIALEAH,FL,33012,MIAMI-DADE,(305) 558-9700,Psychiatric,Proprietary,No,,Not Available,19,Not Available,Not Available,Not Available,Not Available,Not Available,19,Not Available,Not Available,Not Available,Not Available,Not Available,19,Not Available,Not Available,Not Available,Not Available,Not Available,19,Not Available,Not Available,19,Not Available,Not Available,19
104074.0,PARK ROYAL HOSPITAL,9241 PARK ROYAL DR,FORT MYERS,FL,33908,LEE,(239) 332-0125,Psychiatric,Proprietary,No,,Not Available,19,Not Available,Not Available,Not Available,Not Available,Not Available,19,Not Available,Not Available,Not Available,Not Available,Not Available,19,Not Available,Not Available,Not Available,Not Available,Not Available,19,Not Available,Not Available,19,Not Available,Not Available,19
110002.0,UPSON REGIONAL MEDICAL CENTER,801 W GORDON STREET,THOMASTON,GA,30286,UPSON,(706) 647-8111,Acute Care Hospitals,Voluntary non-profit - Other,Yes,Y,2,,7,5,0,3,2,,8,4,0,4,0,,11,7,0,6,1,,8,8,,12,10,
110018.0,PIEDMONT NEWTON HOSPITAL,5126 HOSPITAL DRIVE NE,COVINGTON,GA,30014,NEWTON,(770) 786-7053,Acute Care Hospitals,Voluntary non-profit - Private,Yes,Y,3,,7,5,0,5,0,,8,7,1,6,0,,11,7,0,7,0,,8,8,,12,12,
110034.0,"WELLSTAR MCG HEALTH, AFFILIATED WITH MED COL",1120 15TH STREET,AUGUSTA,GA,30912,RICHMOND,(706) 721-6569,Acute Care Hospitals,Voluntary non-profit - Other,Yes,Y,1,,7,7,0,6,1,,8,7,1,4,2,,11,10,0,9,1,,8,8,,12,10,
110050.0,ADVENTHEALTH MURRAY,"707 OLD DALTON ELLIJAY ROAD, PO BOX 1406",CHATSWORTH,GA,30705,MURRAY,(706) 517-2031,Acute Care Hospitals,Voluntary non-profit - Private,No,,5,,7,3,0,3,0,,8,Not Available,Not Available,Not Available,Not Available,5,11,5,1,4,0,,8,Not Available,5,12,8,
110078.0,EMORY UNIVERSITY HOSPITAL MIDTOWN,"550 PEACHTREE STREET,  NE",ATLANTA,GA,30308,FULTON,(404) 686-2450,Acute Care Hospitals,Voluntary non-profit - Private,Yes,Y,2,,7,7,0,7,0,,8,8,2,6,0,,11,11,1,9,1,,8,8,,12,10,
110100.0,JEFFERSON HOSPITAL,1067 PEACHTREE ST,LOUISVILLE,GA,30434,JEFFERSON,(478) 625-7000,Acute Care Hospitals,Government - Hospital District or Authority,Yes,,Not Available,16,7,Not Available,Not Available,Not Available,Not Available,5,8,Not Available,Not Available,Not Available,Not Available,5,11,1,0,1,0,,8,Not Available,5,12,7,
110124.0,WAYNE MEMORIAL HOSPITAL,865 SOUTH FIRST STREET,JESUP,GA,31545,WAYNE,(912) 427-6811,Acute Care Hospitals,Government - Hospital District or Authority,Yes,Y,3,,7,3,0,3,0,,8,3,0,3,0,,11,8,0,8,0,,8,8,,12,11,
110161.0,NORTHSIDE HOSPITAL,"1000 JOHNSON FERRY ROAD, NE",ATLANTA,GA,30342,FULTON,(404) 851-8000,Acute Care Hospitals,Voluntary non-profit - Private,Yes,Y,3,,7,6,0,6,0,,8,8,1,6,1,,11,10,0,8,2,,8,8,,12,12,
110198.0,WELLSTAR NORTH FULTON MEDICAL CENTER,3000 HOSPITAL BOULEVARD,ROSWELL,GA,30076,FULTON,(770) 751-2500,Acute Care Hospitals,Proprietary,No,Y,2,,7,6,0,6,0,,8,6,2,3,1,,11,7,0,6,1,,8,8,,12,10,
110234.0,SGMC BERRIEN CAMPUS,1221 E MCPHERSON AVENUE,NASHVILLE,GA,31639,BERRIEN,(229) 543-7100,Acute Care Hospitals,Government - Hospital District or Authority,Yes,,Not Available,16,7,Not Available,Not Available,Not Available,Not Available,5,8,Not Available,Not Available,Not Available,Not Available,5,11,Not Available,Not Available,Not Available,Not Available,5,8,Not Available,5,12,6,
111305.0,MILLER COUNTY HOSPITAL,209 N CUTHBERT STREET,COLQUITT,GA,39837,MILLER,(229) 758-4231,Critical Access Hospitals,Government - Hospital District or Authority,Yes,,Not Available,16,7,1,0,1,0,,8,1,0,1,0,,11,2,1,1,0,,8,Not Available,5,12,7,
111319.0,WELLSTAR SYLVAN GROVE MEDICAL CENTER,1050 MCDONOUGH ROAD,JACKSON,GA,30233,BUTTS,(770) 775-7861,Critical Access Hospitals,Government - Hospital District or Authority,No,,Not Available,16,7,Not Available,Not Available,Not Available,Not Available,5,8,1,0,1,0,,11,Not Available,Not Available,Not Available,Not Available,5,8,Not Available,5,12,4,
111331.0,ARCHBOLD MITCHELL,90  E STEPHENS STREET,CAMILLA,GA,31730,MITCHELL,(229) 336-5284,Critical Access Hospitals,Government - Hospital District or Authority,Yes,,Not Available,16,7,Not Available,Not Available,Not Available,Not Available,5,8,1,0,1,0,,11,Not Available,Not Available,Not Available,Not Available,5,8,Not Available,5,12,4,
114008.0,COASTAL HARBOR TREATMENT CENTER,1150 CORNELL AVE,SAVANNAH,GA,31406,CHATHAM,(912) 354-3911,Psychiatric,Proprietary,No,,Not Available,19,Not Available,Not Available,Not Available,Not Available,Not Available,19,Not Available,Not Available,Not Available,Not Available,Not Available,19,Not Available,Not Available,Not Available,Not Available,Not Available,19,Not Available,Not Available,19,Not Available,Not Available,19
114036.0,GREENLEAF CENTER,2209 PINEVIEW DRIVE,VALDOSTA,GA,31602,LOWNDES,(229) 671-6601,Psychiatric,Proprietary,No,,Not Available,19,Not Available,Not Available,Not Available,Not Available,Not Available,19,Not Available,Not Available,Not Available,Not Available,Not Available,19,Not Available,Not Available,Not Available,Not Available,Not Available,19,Not Available,Not Available,19,Not Available,Not Available,19
120022.0,STRAUB CLINIC AND HOSPITAL,888 S KING STREET,HONOLULU,HI,96813,HONOLULU,(808) 522-4000,Acute Care Hospitals,Proprietary,Yes,,4,,7,7,0,7,0,,8,7,1,6,0,,11,11,1,10,0,,8,8,,12,9,
121307.0,HALE HO'OLA HAMAKUA,45-547 PLUMERIA STREET,HONOKAA,HI,96727,HAWAII,(808) 932-4000,Critical Access Hospitals,Government - State,Yes,,Not Available,16,7,Not Available,Not Available,Not Available,Not Available,5,8,Not Available,Not Available,Not Available,Not Available,5,11,Not Available,Not Available,Not Available,Not Available,5,8,Not Available,5,12,3,
130014.0,WEST VALLEY MEDICAL CENTER,1717 ARLINGTON STREET,CALDWELL,ID,83605,CANYON,(208) 459-4641,Acute Care Hospitals,Proprietary,Yes,,5,,7,4,0,4,0,,8,2,1,1,0,,11,5,1,4,0,,8,8,,12,9,
130074.0,"IDAHO FALLS COMMUNITY HOSPITAL, LLC",2327 CORONADO ST,IDAHO FALLS,ID,83404,BONNEVILLE,(208) 528-1000,Acute Care Hospitals,Proprietary,Yes,,5,,7,4,0,4,0,,8,5,0,5,0,,11,5,1,4,0,,8,8,,12,8,
131311.0,ST LUKE'S ELMORE MEDICAL CENTER,895 NORTH 6TH EAST,MOUNTAIN HOME,ID,83647,ELMORE,(208) 587-8401,Critical Access Hospitals,Voluntary non-profit - Private,Yes,Y,Not Available,16,7,1,0,1,0,,8,Not Available,Not Available,Not Available,Not Available,5,11,4,0,4,0,,8,Not Available,5,12,6,
131321.0,ST MARY'S HOSPITAL,701 LEWISTON ST,COTTONWOOD,ID,83522,IDAHO,(208) 962-3251,Critical Access Hospitals,Voluntary non-profit - Private,Yes,,Not Available,16,7,1,0,1,0,,8,Not Available,Not Available,Not Available,Not Available,5,11,2,0,2,0,,8,Not Available,5,12,4,
134010.0,STATE HOSPITAL SOUTH,700 EAST ALICE STREET,BLACKFOOT,ID,83221,BINGHAM,(208) 785-1200,Psychiatric,Government - State,No,,Not Available,19,Not Available,Not Available,Not Available,Not Available,Not Available,19,Not Available,Not Available,Not Available,Not Available,Not Available,19,Not Available,Not Available,Not Available,Not Available,Not Available,19,Not Available,Not Available,19,Not Available,Not Available,19
140015.0,BLESSING HOSPITAL,1005 BROADWAY ST,QUINCY,IL,62301,ADAMS,(217) 223-1200,Acute Care Hospitals,Voluntary non-profit - Private,Yes,Y,4,,7,7,0,7,0,,8,7,1,6,0,,11,11,1,10,0,,8,8,,12,11,
140052.0,OSF SAINT ANTHONY'S HEALTH CENTER,ST ANTHONY'S WAY,ALTON,IL,62002,MADISON,(618) 465-2571,Acute Care Hospitals,Voluntary non-profit - Church,No,,3,,7,5,0,5,0,,8,2,0,2,0,,11,8,1,7,0,,8,8,,12,9,
140077.0,TOUCHETTE REGIONAL HOSPITAL INC,5900 BOND AVENUE,CENTREVILLE,IL,62207,ST. CLAIR,(618) 332-3060,Acute Care Hospitals,Voluntary non-profit - Private,Yes,,Not Available,16,7,Not Available,Not Available,Not Available,Not Available,5,8,1,0,1,0,,11,Not Available,Not Available,Not Available,Not Available,5,8,Not Available,5,12,5,
140100.0,"MIDWESTERN REGION MED CENTER, INC",2520 ELISHA AVENUE,ZION,IL,60099,LAKE,(847) 872-4561,Acute Care Hospitals,Proprietary,Yes,,4,,7,Not Available,Not Available,Not Available,Not Available,5,8,3,0,3,0,,11,5,0,5,0,,8,Not Available,5,12,7,
140120.0,PEKIN MEMORIAL HOSPITAL,600 SOUTH 13TH STREET,PEKIN,IL,61554,TAZEWELL,(309) 347-1151,Acute Care Hospitals,Voluntary non-profit - Private,Yes,,2,,7,5,0,5,0,,8,2,0,2,0,,11,6,0,6,0,,8,8,,12,9,
140148.0,MEMORIAL MEDICAL CENTER,701 N FIRST ST,SPRINGFIELD,IL,62702,SANGAMON,(217) 788-3000,Acute Care Hospitals,Voluntary non-profit - Private,Yes,Y,2,,7,7,0,7,0,,8,8,3,3,2,,11,11,1,8,2,,8,8,,12,10,
140174.0,PRESENCE MERCY MEDICAL CENTER,1325 N HIGHLAND AVENUE,AURORA,IL,60506,KANE,(630) 859-2222,Acute Care Hospitals,Voluntary non-profit - Private,Yes,Y,3,,7,7,0,7,0,,8,5,0,5,0,,11,10,0,10,0,,8,8,,12,9,
140189.0,SARAH BUSH LINCOLN HEALTH CENTER,1000 HEALTH CENTER DRIVE P O BOX 372,MATTOON,IL,61938,COLES,(217) 258-2513,Acute Care Hospitals,Voluntary non-profit - Private,Yes,Y,2,,7,6,0,6,0,,8,7,0,6,1,,11,10,0,8,2,,8,8,,12,12,
140213.0,SILVER CROSS HOSPITAL  AND MEDICAL CENTERS,1900 SILVER CROSS BLVD,NEW LENOX,IL,60451,WILL,(815) 300-1100,Acute Care Hospitals,Voluntary non-profit - Private,Yes,Y,4,,7,7,0,7,0,,8,8,1,7,0,,11,9,0,7,2,,8,8,,12,12,
140252.0,NORTHWEST COMMUNITY HOSPITAL 1,800 W CENTRAL ROAD,ARLINGTON HEIGHTS,IL,60005,COOK,(847) 618-1000,Acute Care Hospitals,Voluntary non-profit - Private,Yes,Y,4,,7,7,0,7,0,,8,8,3,5,0,,11,11,2,7,2,,8,8,,12,12,
140291.0,ADVOCATE GOOD SHEPHERD HOSPITAL,450 WEST HIGHWAY 22,BARRINGTON,IL,60010,LAKE,(847) 381-9600,Acute Care Hospitals,Voluntary non-profit - Church,Yes,Y,4,,7,7,2,5,0,,8,8,2,6,0,,11,9,0,8,1,,8,8,,12,11,
141304.0,"GENESIS MEDICAL CENTER, ALEDO",409 NW 9TH AVENUE,ALEDO,IL,61231,MERCER,(309) 582-9100,Critical Access Hospitals,Voluntary non-profit - Private,Yes,,Not Available,16,7,Not Available,Not Available,Not Available,Not Available,5,8,Not Available,Not Available,Not Available,Not Available,5,11,2,0,2,0,,8,Not Available,5,12,4,
141315.0,ILLINI COMMUNITY HOSPITAL,640 W WASHINGTON,PITTSFIELD,IL,62363,PIKE,(217) 285-2113,Critical Access Hospitals,Voluntary non-profit - Private,Yes,,4,,7,3,0,3,0,,8,Not Available,Not Available,Not Available,Not Available,5,11,5,0,5,0,,8,8,,12,5,
141325.0,OSF SAINT LUKE MEDICAL CENTER,1051 WEST SOUTH STREET,KEWANEE,IL,61443,HENRY,(309) 853-3361,Critical Access Hospitals,Voluntary non-profit - Private,Yes,,5,,7,3,0,3,0,,8,Not Available,Not Available,Not Available,Not Available,5,11,5,0,5,0,,8,Not Available,5,12,7,
141335.0,MERCY HARVARD HOSPITAL,901 S GRANT STREET,HARVARD,IL,60033,MC HENRY,(815) 943-5431,Critical Access Hospitals,Voluntary non-profit - Private,Yes,,Not Available,16,7,Not Available,Not Available,Not Available,Not Available,5,8,Not Available,Not Available,Not Available,Not Available,5,11,2,0,2,0,,8,Not Available,5,12,8,
141345.0,SALEM TOWNSHIP HOSPITAL,1201 RICKER DRIVE,SALEM,IL,62881,MARION,(618) 548-3194,Critical Access Hospitals,Government - Local,Yes,,4,,7,3,0,3,0,,8,1,0,1,0,,11,6,1,5,0,,8,Not Available,5,12,7,
141355.0,CARLE RICHLAND MEMORIAL HOSPITAL,800 EAST LOCUST STREET,OLNEY,IL,62450,RICHLAND,(618) 395-2131,Critical Access Hospitals,Voluntary non-profit - Private,Yes,Y,Not Available,5,Not Available,Not Available,Not Available,Not Available,Not Available,5,Not Available,Not Available,Not Available,Not Available,Not Available,5,Not Available,Not Available,Not Available,Not Available,Not Available,5,Not Available,Not Available,5,Not Available,Not Available,5
144029.0,THE PAVILION,809 W CHURCH ST,CHAMPAIGN,IL,61820,CHAMPAIGN,(217) 373-1700,Psychiatric,Voluntary non-profit - Private,No,,Not Available,19,Not Available,Not Available,Not Available,Not Available,Not Available,19,Not Available,Not Available,Not Available,Not Available,Not Available,19,Not Available,Not Available,Not Available,Not Available,Not Available,19,Not Available,Not Available,19,Not Available,Not Available,19
144043.0,MONTROSE BEHAVIORAL HEALTH HOSPITAL,4720 N CLARENDON AVENUE,CHICAGO,IL,60640,COOK,(773) 878-9700,Psychiatric,Proprietary,Yes,,Not Available,19,Not Available,Not Available,Not Available,Not Available,Not Available,19,Not Available,Not Available,Not Available,Not Available,Not Available,19,Not Available,Not Available,Not Available,Not Available,Not Available,19,Not Available,Not Available,19,Not Available,Not Available,19
150012.0,SAINT JOSEPH REGIONAL MEDICAL CENTER,5215 HOLY CROSS PKWY,MISHAWAKA,IN,46545,ST. JOSEPH,(574) 335-5000,Acute Care Hospitals,Voluntary non-profit - Private,Yes,Y,2,,7,7,0,6,1,,8,8,2,6,0,,11,11,0,11,0,,8,8,,12,11,
150034.0,ST MARY MEDICAL CENTER INC,1500 S LAKE PARK AVE,HOBART,IN,46342,LAKE,(219) 947-6196,Acute Care Hospitals,Voluntary non-profit - Private,Yes,Y,3,,7,7,0,7,0,,8,8,2,6,0,,11,9,0,9,0,,8,8,,12,12,
150056.0,INDIANA UNIVERSITY HEALTH,1701 N SENATE BLVD,INDIANAPOLIS,IN,46202,MARION,(317) 962-2000,Acute Care Hospitals,Voluntary non-profit - Private,Yes,Y,2,,7,7,0,7,0,,8,8,3,5,0,,11,11,0,10,1,,8,8,,12,11,
150076.0,SAINT JOSEPH REGIONAL MEDICAL CENTER - PLYMOUTH,1915 LAKE AVE,PLYMOUTH,IN,46563,MARSHALL,(574) 948-4000,Acute Care Hospitals,Voluntary non-profit - Church,Yes,,3,,7,5,0,5,0,,8,2,0,2,0,,11,8,2,6,0,,8,8,,12,10,
150101.0,PARKVIEW WHITLEY HOSPITAL,1260 E SR 205,COLUMBIA CITY,IN,46725,WHITLEY,(260) 248-9301,Acute Care Hospitals,Voluntary non-profit - Private,Yes,Y,Not Available,16,7,2,0,2,0,,8,2,0,2,0,,11,4,1,3,0,,8,8,,12,10,
150133.0,KOSCIUSKO COMMUNITY HOSPITAL,2101 E DUBOIS DR,WARSAW,IN,46580,KOSCIUSKO,(574) 267-3200,Acute Care Hospitals,Proprietary,Yes,Y,3,,7,5,0,5,0,,8,3,0,3,0,,11,8,0,8,0,,8,8,,12,11,
150165.0,FRANCISCAN HEALTH MUNSTER,701 SUPERIOR AVE,MUNSTER,IN,46321,LAKE,(219) 922-4200,Acute Care Hospitals,Voluntary non-profit - Private,Yes,,3,,7,5,0,5,0,,8,5,0,5,0,,11,7,0,7,0,,8,8,,12,9,
150183.0,MONROE HOSPITAL,4011 S MONROE MEDICAL PARK BLVD,BLOOMINGTON,IN,47403,MONROE,(812) 825-1111,Acute Care Hospitals,Proprietary,Yes,,Not Available,16,7,2,0,2,0,,8,2,0,2,0,,11,5,0,5,0,,8,8,,12,8,
151308.0,ASCENSION ST VINCENT MERCY,1331 S A ST,ELWOOD,IN,46036,MADISON,(765) 552-4743,Critical Access Hospitals,Voluntary non-profit - Church,Yes,,Not Available,16,7,Not Available,Not Available,Not Available,Not Available,5,8,Not Available,Not Available,Not Available,Not Available,5,11,2,0,2,0,,8,Not Available,5,12,6,
151318.0,DUKES MEMORIAL HOSPITAL,275 W 12TH ST,PERU,IN,46970,MIAMI,(765) 472-8000,Critical Access Hospitals,Proprietary,Yes,Y,3,,7,3,0,3,0,,8,1,0,1,0,,11,6,0,5,1,,8,8,,12,9,
151329.0,MARGARET MARY COMMUNITY HOSPITAL INC,321 MITCHELL AVE,BATESVILLE,IN,47006,FRANKLIN,(812) 934-6624,Critical Access Hospitals,Voluntary non-profit - Private,Yes,Y,1,,7,3,0,3,0,,8,2,0,2,0,,11,8,0,7,1,,8,8,,12,10,
154014.0,OTIS R BOWEN CENTER FOR HUMAN SERVICES INC,9 PEQUIGNOT DR,PIERCETON,IN,46562,KOSCIUSKO,(574) 267-7169,Psychiatric,Voluntary non-profit - Private,No,,Not Available,19,Not Available,Not Available,Not Available,Not Available,Not Available,19,Not Available,Not Available,Not Available,Not Available,Not Available,19,Not Available,Not Available,Not Available,Not Available,Not Available,19,Not Available,Not Available,19,Not Available,Not Available,19
154050.0,NORTHEASTERN CENTER,1850 WESLEY RD,AUBURN,IN,46706,DE KALB,(260) 927-0726,Psychiatric,Voluntary non-profit - Private,No,,Not Available,19,Not Available,Not Available,Not Available,Not Available,Not Available,19,Not Available,Not Available,Not Available,Not Available,Not Available,19,Not Available,Not Available,Not Available,Not Available,Not Available,19,Not Available,Not Available,19,Not Available,Not Available,19
154061.0,MEDICAL BEHAVIORAL HOSPITAL - MISHAWAKA,1625 EAST JEFFERSON BLVD,MISHAWAKA,IN,46545,ST. JOSEPH,(574) 485-1703,Psychiatric,Proprietary,No,,Not Available,19,Not Available,Not Available,Not Available,Not Available,Not Available,19,Not Available,Not Available,Not Available,Not Available,Not Available,19,Not Available,Not Available,Not Available,Not Available,Not Available,19,Not Available,Not Available,19,Not Available,Not Available,19
160016.0,TRINITY REGIONAL MEDICAL CENTER,802 KENYON RD,FORT DODGE,IA,50501,WEBSTER,(515) 573-3101,Acute Care Hospitals,Voluntary non-profit - Private,Yes,Y,1,,7,5,0,4,1,,8,4,0,3,1,,11,7,1,6,0,,8,8,,12,9,
160058.0,UNIVERSITY OF IOWA HOSPITAL & CLINICS,200 HAWKINS DRIVE,IOWA CITY,IA,52242,JOHNSON,(319) 356-1616,Acute Care Hospitals,Government - State,Yes,Y,3,,7,7,0,7,0,,8,7,3,4,0,,11,11,2,7,2,,8,8,,12,11,
160104.0,TRINITY - BETTENDORF,4500 UTICA RIDGE ROAD,BETTENDORF,IA,52722,SCOTT,(563) 742-5000,Acute Care Hospitals,Voluntary non-profit - Private,Yes,Y,3,,7,5,0,5,0,,8,5,0,5,0,,11,6,0,6,0,,8,8,,12,9,
161303.0,GRUNDY COUNTY MEMORIAL HOSPITAL,201 EAST J AVENUE,GRUNDY CENTER,IA,50638,GRUNDY,(319) 824-5421,Critical Access Hospitals,Voluntary non-profit - Other,Yes,,Not Available,16,7,1,0,1,0,,8,Not Available,Not Available,Not Available,Not Available,5,11,4,0,4,0,,8,Not Available,5,12,5,
161313.0,GENESIS MEDICAL CENTER-DEWITT,1118 11TH STREET,DEWITT,IA,52742,CLINTON,(563) 659-4200,Critical Access Hospitals,Voluntary non-profit - Private,Yes,,Not Available,16,7,1,0,1,0,,8,Not Available,Not Available,Not Available,Not Available,5,11,3,0,3,0,,8,Not Available,5,12,6,
161323.0,MITCHELL COUNTY REGIONAL HEALTH,616 NORTH EIGHTH STREET,OSAGE,IA,50461,MITCHELL,(641) 732-6000,Critical Access Hospitals,Government - Federal,No,,Not Available,16,7,1,0,0,1,,8,Not Available,Not Available,Not Available,Not Available,5,11,2,0,2,0,,8,Not Available,5,12,5,
161333.0,STORY COUNTY HOSPITAL,640 SOUTH 19TH STREET,NEVADA,IA,50201,STORY,(515) 382-2111,Critical Access Hospitals,Government - Local,Yes,,Not Available,16,7,Not Available,Not Available,Not Available,Not Available,5,8,Not Available,Not Available,Not Available,Not Available,5,11,2,0,2,0,,8,Not Available,5,12,6,
161343.0,REGIONAL MEDICAL CENTER,709 W MAIN STREET,MANCHESTER,IA,52057,DELAWARE,(563) 927-3232,Critical Access Hospitals,Government - Local,Yes,,Not Available,16,7,2,0,2,0,,8,1,0,1,0,,11,5,0,5,0,,8,8,,12,5,
161353.0,KOSSUTH REGIONAL HEALTH CENTER,1515 SOUTH PHILLIPS STREET,ALGONA,IA,50511,KOSSUTH,(515) 295-2451,Critical Access Hospitals,Government - Local,Yes,Y,2,,7,3,0,3,0,,8,Not Available,Not Available,Not Available,Not Available,5,11,4,0,4,0,,8,8,,12,8,
161363.0,MONTGOMERY COUNTY MEMORIAL HOSPITAL,2301 EASTERN AVENUE,RED OAK,IA,51566,MONTGOMERY,(712) 623-7000,Critical Access Hospitals,Government - Local,Yes,,3,,7,3,0,3,0,,8,Not Available,Not Available,Not Available,Not Available,5,11,8,0,8,0,,8,Not Available,5,12,5,
161373.0,RINGGOLD COUNTY HOSPITAL,504 NORTH CLEVELAND STREET,MOUNT AYR,IA,50854,RINGGOLD,(641) 464-3226,Critical Access Hospitals,Government - State,Yes,,Not Available,16,7,1,0,1,0,,8,Not Available,Not Available,Not Available,Not Available,5,11,2,0,2,0,,8,Not Available,5,12,4,
164002.0,MENTAL HEALTH INSTITUTE,1251 NORTH CEDAR LOOP,CHEROKEE,IA,51012,CHEROKEE,(712) 225-2594,Psychiatric,Government - State,Yes,,Not Available,19,Not Available,Not Available,Not Available,Not Available,Not Available,19,Not Available,Not Available,Not Available,Not Available,Not Available,19,Not Available,Not Available,Not Available,Not Available,Not Available,19,Not Available,Not Available,19,Not Available,Not Available,19
170017.0,SUSAN B ALLEN MEMORIAL HOSPITAL,720 W CENTRAL ST,EL DORADO,KS,67042,BUTLER,(316) 321-3300,Acute Care Hospitals,Voluntary non-profit - Private,Yes,Y,2,,7,3,0,3,0,,8,2,0,2,0,,11,5,0,5,0,,8,Not Available,5,12,10,
170104.0,ADVENTHEALTH SHAWNEE MISSION,9100 W 74TH STREET,SHAWNEE MISSION,KS,66204,JOHNSON,(913) 676-2152,Acute Care Hospitals,Voluntary non-profit - Private,Yes,Y,3,,7,7,0,7,0,,8,8,1,7,0,,11,11,1,9,1,,8,8,,12,12,
170176.0,OVERLAND PARK REG MED CTR,10500 QUIVIRA ROAD,OVERLAND PARK,KS,66215,JOHNSON,(913) 541-5000,Acute Care Hospitals,Proprietary,Yes,Y,3,,7,7,1,6,0,,8,8,1,7,0,,11,11,1,9,1,,8,8,,12,11,
170196.0,"KANSAS SPINE & SPECIALTY HOSPITAL, LLC",3333 NORTH WEBB ROAD,WICHITA,KS,67226,SEDGWICK,(316) 462-5310,Acute Care Hospitals,Physician,No,,Not Available,16,7,Not Available,Not Available,Not Available,Not Available,5,8,2,0,2,0,,11,3,0,2,1,,8,8,,12,3,
170781.0,RUSH COUNTY MEMORIAL HOSPITAL,801 LOCUST ST,LA CROSSE,KS,67548,RUSH,(785) 222-2545,Rural Emergency Hospital,Government - Local,Yes,,Not Available,19,Not Available,Not Available,Not Available,Not Available,Not Available,19,Not Available,Not Available,Not Available,Not Available,Not Available,19,Not Available,Not Available,Not Available,Not Available,Not Available,19,Not Available,Not Available,19,Not Available,Not Available,19
171311.0,ROOKS COUNTY HEALTH CENTER,1210 NORTH WASHINGTON,PLAINVILLE,KS,67663,ROOKS,(785) 688-4401,Critical Access Hospitals,Government - Hospital District or Authority,Yes,,Not Available,16,7,1,0,1,0,,8,Not Available,Not Available,Not Available,Not Available,5,11,4,1,3,0,,8,Not Available,5,12,5,
171322.0,HAMILTON COUNTY HOSPITAL,700 NORTH HUSER STREET,SYRACUSE,KS,67878,HAMILTON,(620) 384-7461,Critical Access Hospitals,Government - Local,Yes,,Not Available,16,7,Not Available,Not Available,Not Available,Not Available,5,8,Not Available,Not Available,Not Available,Not Available,5,11,1,0,1,0,,8,Not Available,5,12,3,
171332.0,KIOWA COUNTY MEMORIAL HOSPITAL,721 WEST KANSAS AVE,GREENSBURG,KS,67054,KIOWA,(620) 723-3341,Critical Access Hospitals,Government - Local,Yes,,Not Available,16,7,Not Available,Not Available,Not Available,Not Available,5,8,Not Available,Not Available,Not Available,Not Available,5,11,1,0,1,0,,8,Not Available,5,12,5,
171344.0,WILSON MEDICAL CENTER,2600 OTTAWA ROAD,NEODESHA,KS,66757,WILSON,(620) 325-2611,Critical Access Hospitals,Government - Local,Yes,,Not Available,16,7,1,0,1,0,,8,Not Available,Not Available,Not Available,Not Available,5,11,4,0,4,0,,8,Not Available,5,12,7,
171354.0,"COMMUNITY HOSPITAL, ONAGA AND ST MARYS CAMPUS",120 WEST 8TH STREET,ONAGA,KS,66521,POTTAWATOMIE,(785) 889-4272,Critical Access Hospitals,Government - Hospital District or Authority,Yes,Y,Not Available,16,7,1,0,1,0,,8,Not Available,Not Available,Not Available,Not Available,5,11,2,0,2,0,,8,Not Available,5,12,8,
171364.0,OSBORNE COUNTY MEMORIAL HOSPITAL,237 W HARRISON STREET SUITE 100,OSBORNE,KS,67473,OSBORNE,(785) 346-2121,Critical Access Hospitals,Government - Local,Yes,,Not Available,16,7,1,0,1,0,,8,Not Available,Not Available,Not Available,Not Available,5,11,3,0,3,0,,8,Not Available,5,12,4,
171375.0,MITCHELL COUNTY HOSPITAL HEALTH SYSTEMS,"400 W 8TH STREET, P O BOX 399",BELOIT,KS,67420,MITCHELL,(785) 738-2266,Critical Access Hospitals,Government - Local,Yes,Y,Not Available,16,7,2,0,2,0,,8,2,1,1,0,,11,6,0,6,0,,8,8,,12,9,
171385.0,COFFEY COUNTY HOSPITAL,801 N FOURTH STREET,BURLINGTON,KS,66839,COFFEY,(620) 364-2121,Critical Access Hospitals,Government - Local,Yes,,Not Available,16,7,2,0,2,0,,8,Not Available,Not Available,Not Available,Not Available,5,11,4,0,4,0,,8,Not Available,5,12,6,
180001.0,ST ELIZABETH FT THOMAS,85 NORTH GRAND AVENUE,FORT THOMAS,KY,41075,CAMPBELL,(859) 572-3100,Acute Care Hospitals,Voluntary non-profit - Private,Yes,,3,,7,5,0,5,0,,8,6,1,5,0,,11,6,0,6,0,,8,8,,12,9,
180017.0,T J SAMSON COMMUNITY HOSPITAL,1301 NORTH RACE STREET,GLASGOW,KY,42141,BARREN,(270) 651-4159,Acute Care Hospitals,Voluntary non-profit - Other,Yes,Y,3,,7,5,0,5,0,,8,5,2,3,0,,11,10,0,8,2,,8,8,,12,11,
180040.0,UOFL HEALTH - JEWISH HOSPITAL and Mary & Elizabeth Hospital,200 ABRAHAM FLEXNER WAY,LOUISVILLE,KY,40202,JEFFERSON,(502) 587-4011,Acute Care Hospitals,Voluntary non-profit - Private,Yes,,2,,7,7,0,6,1,,8,7,2,5,0,,11,9,0,6,3,,8,8,,12,11,
180064.0,SAINT JOSEPH MOUNT STERLING,225 FALCON DRIVE,MOUNT STERLING,KY,40353,MONTGOMERY,(859) 497-5018,Acute Care Hospitals,Voluntary non-profit - Private,Yes,Y,Not Available,16,7,2,0,2,0,,8,2,0,2,0,,11,5,0,5,0,,8,8,,12,10,
180092.0,CLARK REGIONAL MEDICAL CENTER,175 HOSPITAL DRIVE,WINCHESTER,KY,40391,CLARK,(859) 737-8559,Acute Care Hospitals,Proprietary,Yes,Y,4,,7,5,0,5,0,,8,4,1,3,0,,11,9,0,9,0,,8,8,,12,11,
180127.0,FRANKFORT REGIONAL MEDICAL CENTER,299 KINGS DAUGHTERS DRIVE,FRANKFORT,KY,40601,FRANKLIN,(502) 875-5240,Acute Care Hospitals,Proprietary,Yes,,2,,7,5,0,5,0,,8,5,0,5,0,,11,7,0,7,0,,8,8,,12,11,
181301.0,MARCUM AND WALLACE MEMORIAL HOSPITAL,60 MERCY COURT,IRVINE,KY,40336,ESTILL,(606) 723-2115,Critical Access Hospitals,Voluntary non-profit - Private,Yes,,4,,7,3,0,3,0,,8,Not Available,Not Available,Not Available,Not Available,5,11,5,2,3,0,,8,Not Available,5,12,6,
181314.0,CAVERNA MEMORIAL HOSPITAL,1501 SOUTH DIXIE STREET,HORSE CAVE,KY,42749,HART,(270) 786-2191,Critical Access Hospitals,Voluntary non-profit - Private,Yes,,Not Available,16,7,Not Available,Not Available,Not Available,Not Available,5,8,Not Available,Not Available,Not Available,Not Available,5,11,1,0,1,0,,8,Not Available,5,12,3,
181324.0,THE MEDICAL CENTER AT SCOTTSVILLE,456 BURNLEY ROAD,SCOTTSVILLE,KY,42164,ALLEN,(270) 622-2800,Critical Access Hospitals,Voluntary non-profit - Private,Yes,,Not Available,16,7,Not Available,Not Available,Not Available,Not Available,5,8,2,0,2,0,,11,3,0,2,1,,8,Not Available,5,12,3,
184002.0,WESTERN STATE HOSPITAL,2400 RUSSELLVILLE ROAD,HOPKINSVILLE,KY,42240,CHRISTIAN,(270) 889-6025,Psychiatric,Government - Local,No,,Not Available,19,Not Available,Not Available,Not Available,Not Available,Not Available,19,Not Available,Not Available,Not Available,Not Available,Not Available,19,Not Available,Not Available,Not Available,Not Available,Not Available,19,Not Available,Not Available,19,Not Available,Not Available,19
190002.0,OCHSNER LAFAYETTE GENERAL MEDICAL CENTER,1214 COOLIDGE AVENUE,LAFAYETTE,LA,70503,LAFAYETTE,(337) 289-7991,Acute Care Hospitals,Voluntary non-profit - Private,Yes,Y,3,,7,7,0,6,1,,8,8,2,6,0,,11,11,0,10,1,,8,8,,12,10,
190017.0,OPELOUSAS GENERAL HEALTH SYSTEM,539 EAST PRUDHOMME STREET,OPELOUSAS,LA,70570,ST. LANDRY,(337) 948-3011,Acute Care Hospitals,Voluntary non-profit - Other,Yes,Y,3,,7,6,0,6,0,,8,5,0,5,0,,11,10,0,10,0,,8,8,,12,11,
190041.0,CHRISTUS SHREVEPORT-BOSSIER HEALTH SYSTEM,1453 E BERT KOUNS INDUSTRIAL DRIVE,SHREVEPORT,LA,71105,CADDO,(318) 681-5000,Acute Care Hospitals,Voluntary non-profit - Private,Yes,Y,4,,7,7,0,7,0,,8,7,2,5,0,,11,11,0,11,0,,8,8,,12,11,
190079.0,ST CHARLES PARISH HOSPITAL,1057 PAUL MAILLARD ROAD,LULING,LA,70070,ST. CHARLES,(985) 785-3644,Acute Care Hospitals,Government - Hospital District or Authority,Yes,,Not Available,16,7,Not Available,Not Available,Not Available,Not Available,5,8,1,0,1,0,,11,2,0,2,0,,8,Not Available,5,12,8,
190116.0,MOREHOUSE GENERAL HOSPITAL,323 W WALNUT,BASTROP,LA,71220,MOREHOUSE,(318) 283-3600,Acute Care Hospitals,Government - Hospital District or Authority,Yes,Y,Not Available,16,7,2,0,2,0,,8,1,0,1,0,,11,4,0,3,1,,8,Not Available,5,12,9,
190164.0,BYRD REGIONAL HOSPITAL,1020 FERTITTA BLVD,LEESVILLE,LA,71446,VERNON,(337) 239-9041,Acute Care Hospitals,Proprietary,Yes,Y,3,,7,4,0,4,0,,8,2,0,2,0,,11,6,1,5,0,,8,8,,12,10,
190241.0,PHYSICIANS MEDICAL CENTER,218 CORPORATE DRIVE,HOUMA,LA,70360,TERREBONNE,(985) 853-1390,Acute Care Hospitals,Physician,No,,Not Available,16,7,Not Available,Not Available,Not Available,Not Available,5,8,1,0,1,0,,11,2,0,2,0,,8,Not Available,5,12,3,
190278.0,SPECIALISTS HOSPITAL SHREVEPORT,1500 LINE AVENUE,SHREVEPORT,LA,71101,CADDO,(318) 213-3800,Acute Care Hospitals,Proprietary,No,,Not Available,16,7,Not Available,Not Available,Not Available,Not Available,5,8,2,0,2,0,,11,3,0,3,0,,8,8,,12,3,
190318.0,ACADIAN MEDICAL CENTER,3501 HIGHWAY 190 EAST,EUNICE,LA,70535,ST. LANDRY,(337) 580-7903,Acute Care Hospitals,Proprietary,Yes,Y,2,,7,3,0,3,0,,8,2,0,2,0,,11,6,0,6,0,,8,8,,12,10,
191308.0,PREVOST MEMORIAL HOSPITAL,301 MEMORIAL DR,DONALDSONVILLE,LA,70346,ASCENSION,(225) 473-7931,Critical Access Hospitals,Government - Hospital District or Authority,Yes,,Not Available,5,Not Available,Not Available,Not Available,Not Available,Not Available,5,Not Available,Not Available,Not Available,Not Available,Not Available,5,Not Available,Not Available,Not Available,Not Available,Not Available,5,Not Available,Not Available,5,Not Available,Not Available,5
191318.0,RIVERLAND MEDICAL CENTER,6569 HWY 84,FERRIDAY,LA,71334,CONCORDIA,(318) 757-6551,Critical Access Hospitals,Government - Hospital District or Authority,Yes,,Not Available,16,7,3,0,3,0,,8,Not Available,Not Available,Not Available,Not Available,5,11,4,0,3,1,,8,Not Available,5,12,1,
192008.0,SAGE SPECIALTY HOSPITAL,8375 FLORIDA BLVD,DENHAM SPRINGS,LA,70726,LIVINGSTON,(225) 665-2664,Long-term,Proprietary,No,,Not Available,19,Not Available,Not Available,Not Available,Not Available,Not Available,19,Not Available,Not Available,Not Available,Not Available,Not Available,19,Not Available,Not Available,Not Available,Not Available,Not Available,19,Not Available,Not Available,19,Not Available,Not Available,19
194056.0,COMMUNITY CARE HOSPITAL,1421 GENERAL TAYLOR,NEW ORLEANS,LA,70115,ORLEANS,(504) 899-2500,Psychiatric,Proprietary,No,,Not Available,19,Not Available,Not Available,Not Available,Not Available,Not Available,19,Not Available,Not Available,Not Available,Not Available,Not Available,19,Not Available,Not Available,Not Available,Not Available,Not Available,19,Not Available,Not Available,19,Not Available,Not Available,19
194085.0,COMPASS BEHAVIORAL CENTER OF LAFAYETTE,312 YOUNGSVILLE HIGHWAY,LAFAYETTE,LA,70508,LAFAYETTE,(337) 534-4655,Psychiatric,Proprietary,No,,Not Available,19,Not Available,Not Available,Not Available,Not Available,Not Available,19,Not Available,Not Available,Not Available,Not Available,Not Available,19,Not Available,Not Available,Not Available,Not Available,Not Available,19,Not Available,Not Available,19,Not Available,Not Available,19
194098.0,OCEANS BEHAVIORAL HOSPITAL OF GREATER NEW ORLEANS,716 VILLAGE ROAD,KENNER,LA,70065,JEFFERSON,(504) 464-8895,Psychiatric,Proprietary,No,,Not Available,19,Not Available,Not Available,Not Available,Not Available,Not Available,19,Not Available,Not Available,Not Available,Not Available,Not Available,19,Not Available,Not Available,Not Available,Not Available,Not Available,19,Not Available,Not Available,19,Not Available,Not Available,19
194115.0,REGIONS BEHAVIORAL HOSPITAL,8416 CUMBERLAND,BATON ROUGE,LA,70806,E. BATON ROUGE,(225) 408-6060,Psychiatric,Voluntary non-profit - Private,No,,Not Available,19,Not Available,Not Available,Not Available,Not Available,Not Available,19,Not Available,Not Available,Not Available,Not Available,Not Available,19,Not Available,Not Available,Not Available,Not Available,Not Available,19,Not Available,Not Available,19,Not Available,Not Available,19
200020.0,YORK HOSPITAL,15 HOSPITAL DRIVE,YORK,ME,3909,YORK,(207) 351-2478,Acute Care Hospitals,Voluntary non-profit - Private,Yes,,3,,7,5,0,5,0,,8,2,0,2,0,,11,8,0,8,0,,8,8,,12,9,
200063.0,MAINEHEALTH PEN BAY HOSPITAL,6 GLEN COVE DRIVE,ROCKPORT,ME,4856,KNOX,(207) 921-8000,Acute Care Hospitals,Voluntary non-profit - Private,Yes,Y,2,,7,4,0,4,0,,8,2,0,2,0,,11,8,0,6,2,,8,8,,12,9,
201309.0,NORTHERN LIGHT MAYO HOSPITAL,897 WEST MAIN STREET,DOVER FOXCROFT,ME,4426,PISCATAQUIS,(207) 564-4251,Critical Access Hospitals,Government - Hospital District or Authority,Yes,Y,2,,7,3,0,3,0,,8,1,0,1,0,,11,3,0,3,0,,8,8,,12,7,
204005.0,MAINEHEALTH BEHAVIORAL HEALTH AT SPRING HARBOR,123 ANDOVER ROAD,WESTBROOK,ME,4092,CUMBERLAND,(207) 761-2200,Psychiatric,Government - Federal,Yes,,Not Available,19,Not Available,Not Available,Not Available,Not Available,Not Available,19,Not Available,Not Available,Not Available,Not Available,Not Available,19,Not Available,Not Available,Not Available,Not Available,Not Available,19,Not Available,Not Available,19,Not Available,Not Available,19
210011.0,SAINT AGNES HOSPITAL,900 CATON AVENUE,BALTIMORE,MD,21229,BALTIMORE CITY,(410) 368-6000,Acute Care Hospitals,Voluntary non-profit - Church,Yes,,3,,7,6,0,6,0,,8,7,2,5,0,,11,10,0,9,1,,8,8,,12,6,
210027.0,WESTERN MARYLAND REGIONAL MEDICAL CENTER,12500 WILLOWBROOK ROAD,CUMBERLAND,MD,21502,ALLEGANY,(240) 964-7000,Acute Care Hospitals,Voluntary non-profit - Private,Yes,Y,4,,7,7,0,7,0,,8,7,1,6,0,,11,11,0,11,0,,8,8,,12,11,
210039.0,CALVERTHEALTH MEDICAL CENTER,100 HOSPITAL ROAD,PRINCE FREDERICK,MD,20678,CALVERT,(410) 535-8240,Acute Care Hospitals,Voluntary non-profit - Other,Yes,Y,5,,7,6,0,6,0,,8,5,1,4,0,,11,9,0,9,0,,8,8,,12,10,
210060.0,ADVENTIST HEALTHCARE FORT WASHINGTON MEDICAL CTR,11711 LIVINGSTON ROAD,FORT WASHINGTON,MD,20744,PRINCE GEORGES,(301) 292-7000,Acute Care Hospitals,Voluntary non-profit - Other,Yes,,2,,7,4,0,4,0,,8,3,0,3,0,,11,7,0,6,1,,8,8,,12,8,
214003.0,BROOK LANE HEALTH SERVICES,13215  BROOK LANE DRIVE,HAGERSTOWN,MD,21742,WASHINGTON,(301) 733-0330,Psychiatric,Voluntary non-profit - Private,No,,Not Available,19,Not Available,Not Available,Not Available,Not Available,Not Available,19,Not Available,Not Available,Not Available,Not Available,Not Available,19,Not Available,Not Available,Not Available,Not Available,Not Available,19,Not Available,Not Available,19,Not Available,Not Available,19
220011.0,CAMBRIDGE HEALTH ALLIANCE,1493 CAMBRIDGE STREET,CAMBRIDGE,MA,2139,MIDDLESEX,(617) 665-1000,Acute Care Hospitals,Government - Local,Yes,Y,4,,7,4,0,4,0,,8,6,1,5,0,,11,9,0,8,1,,8,8,,12,10,
220031.0,BOSTON MEDICAL CENTER,1 BOSTON MEDICAL CENTER PLACE,BOSTON,MA,2118,SUFFOLK,(617) 638-8000,Acute Care Hospitals,Voluntary non-profit - Private,Yes,Y,3,,7,7,1,6,0,,8,8,2,6,0,,11,11,0,9,2,,8,8,,12,12,
220065.0,BAYSTATE NOBLE HOSPITAL,115 WEST SILVER STREET,WESTFIELD,MA,1086,HAMPDEN,(413) 568-2811,Acute Care Hospitals,Voluntary non-profit - Private,Yes,,2,,7,4,0,4,0,,8,2,0,2,0,,11,6,0,5,1,,8,8,,12,10,
220084.0,EMERSON HOSPITAL -,133 OLD ROAD TO 9 ACRE CORNER,W CONCORD,MA,1742,MIDDLESEX,(978) 369-1400,Acute Care Hospitals,Voluntary non-profit - Private,Yes,Y,3,,7,6,1,5,0,,8,7,0,7,0,,11,9,0,9,0,,8,8,,12,12,
220110.0,BRIGHAM AND WOMEN'S HOSPITAL,75 FRANCIS STREET,BOSTON,MA,2115,SUFFOLK,(617) 732-5500,Acute Care Hospitals,Voluntary non-profit - Private,Yes,Y,5,,7,7,3,4,0,,8,8,2,6,0,,11,11,1,8,2,,8,8,,12,11,
220177.0,NANTUCKET COTTAGE HOSPITAL,57 PROSPECT STREET,NANTUCKET,MA,2554,NANTUCKET,(508) 228-1200,Acute Care Hospitals,Voluntary non-profit - Private,Yes,Y,Not Available,16,7,2,0,2,0,,8,Not Available,Not Available,Not Available,Not Available,5,11,6,0,5,1,,8,Not Available,5,12,9,
224013.0,ARBOUR HOSPITAL,49 ROBINWOOD AVENUE,BOSTON,MA,2130,SUFFOLK,(617) 522-4400,Psychiatric,Proprietary,No,,Not Available,19,Not Available,Not Available,Not Available,Not Available,Not Available,19,Not Available,Not Available,Not Available,Not Available,Not Available,19,Not Available,Not Available,Not Available,Not Available,Not Available,19,Not Available,Not Available,19,Not Available,Not Available,19
224040.0,DR SOLOMON CARTER FULLER MENTAL HEALTH CENTER,85 EAST NEWTON STREET,BOSTON,MA,2118,SUFFOLK,(617) 626-8700,Psychiatric,Government - State,No,,Not Available,19,Not Available,Not Available,Not Available,Not Available,Not Available,19,Not Available,Not Available,Not Available,Not Available,Not Available,19,Not Available,Not Available,Not Available,Not Available,Not Available,19,Not Available,Not Available,19,Not Available,Not Available,19
230015.0,THREE RIVERS HEALTH,701 S HEALTH PARKWAY,THREE RIVERS,MI,49093,ST. JOSEPH,(269) 273-9602,Acute Care Hospitals,Government - Hospital District or Authority,No,Y,3,,7,3,0,3,0,,8,3,0,3,0,,11,7,1,6,0,,8,8,,12,9,
230035.0,SPECTRUM HEALTH UNITED HOSPITAL,615 S BOWER STREET,GREENVILLE,MI,48838,MONTCALM,(616) 754-4691,Acute Care Hospitals,Voluntary non-profit - Other,No,Y,4,,7,4,0,4,0,,8,2,0,2,0,,11,8,0,8,0,,8,8,,12,11,
230058.0,MUNSON HEALTHCARE GRAYLING HOSPITAL,1100 E MICHIGAN AVE,GRAYLING,MI,49738,CRAWFORD,(989) 348-5461,Acute Care Hospitals,Voluntary non-profit - Church,Yes,Y,3,,7,3,0,3,0,,8,2,0,2,0,,11,8,2,6,0,,8,8,,12,11,
230080.0,MCLAREN CENTRAL MICHIGAN,1221 SOUTH DRIVE,MOUNT PLEASANT,MI,48858,ISABELLA,(989) 772-6700,Acute Care Hospitals,Voluntary non-profit - Private,Yes,Y,4,,7,3,0,3,0,,8,3,0,3,0,,11,9,0,8,1,,8,8,,12,11,
230105.0,MCLAREN NORTHERN MICHIGAN,416 CONNABLE AVE,PETOSKEY,MI,49770,EMMET,(231) 487-4000,Acute Care Hospitals,Voluntary non-profit - Other,Yes,Y,4,,7,7,0,7,0,,8,7,1,6,0,,11,11,0,11,0,,8,8,,12,11,
230144.0,FOREST HEALTH MEDICAL CENTER,135 S PROSPECT ST,YPSILANTI,MI,48198,WASHTENAW,(734) 547-4700,Acute Care Hospitals,Government - Hospital District or Authority,No,,Not Available,16,7,Not Available,Not Available,Not Available,Not Available,5,8,1,0,1,0,,11,Not Available,Not Available,Not Available,Not Available,5,8,Not Available,5,12,3,
230195.0,Henry Ford Health Warren Hospital,11800 EAST TWELVE MILE ROAD,WARREN,MI,48093,MACOMB,(586) 573-5000,Acute Care Hospitals,Voluntary non-profit - Private,Yes,,2,,7,6,0,6,0,,8,8,1,7,0,,11,8,0,5,3,,8,8,,12,10,
230239.0,CHIPPEWA COUNTY WAR MEMORIAL HOSPITAL,500 OSBORN BLVD,SAULT STE MARIE,MI,49783,CHIPPEWA,(906) 635-4460,Acute Care Hospitals,Voluntary non-profit - Private,Yes,Y,1,,7,4,0,4,0,,8,3,0,2,1,,11,9,0,9,0,,8,8,,12,10,
230277.0,HURON VALLEY-SINAI HOSPITAL,ONE WILLIAM CARLS DRIVE,COMMERCE TOWNSHIP,MI,48382,OAKLAND,(248) 937-3370,Acute Care Hospitals,Proprietary,Yes,Y,2,,7,6,1,5,0,,8,7,0,7,0,,11,10,0,10,0,,8,8,,12,11,
231304.0,HELEN NEWBERRY JOY HOSPITAL,502 W HARRIE ST,NEWBERRY,MI,49868,LUCE,(906) 293-9222,Critical Access Hospitals,Government - Local,Yes,,Not Available,16,7,1,0,1,0,,8,Not Available,Not Available,Not Available,Not Available,5,11,2,0,2,0,,8,Not Available,5,12,5,
231315.0,ASCENSION BORGESS LEE HOSPITAL,420 W HIGH ST,DOWAGIAC,MI,49047,CASS,(269) 782-8681,Critical Access Hospitals,Voluntary non-profit - Church,Yes,,Not Available,16,7,2,0,2,0,,8,Not Available,Not Available,Not Available,Not Available,5,11,2,0,2,0,,8,Not Available,5,12,5,
231326.0,SPARROW CLINTON HOSPITAL,805 S OAKLAND,SAINT JOHNS,MI,48879,CLINTON,(989) 227-3400,Critical Access Hospitals,Proprietary,Yes,,3,,7,3,0,3,0,,8,1,0,1,0,,11,5,0,5,0,,8,8,,12,7,
231339.0,COREWELL HEALTH PENNOCK HOSPITAL,1009 W GREEN ST,HASTINGS,MI,49058,BARRY,(269) 945-3451,Critical Access Hospitals,Voluntary non-profit - Other,Yes,Y,3,,7,3,0,3,0,,8,1,0,1,0,,11,8,0,8,0,,8,8,,12,11,
234035.0,WALTER P REUTHER PSYCHIATRIC HOSPITAL,30901 PALMER RD,WESTLAND,MI,48186,WAYNE,(734) 367-8400,Psychiatric,Government - State,No,,Not Available,19,Not Available,Not Available,Not Available,Not Available,Not Available,19,Not Available,Not Available,Not Available,Not Available,Not Available,19,Not Available,Not Available,Not Available,Not Available,Not Available,19,Not Available,Not Available,19,Not Available,Not Available,19
240002.0,ESSENTIA HEALTH ST MARY'S MEDICAL CENTER,402 EAST SECOND STREET,DULUTH,MN,55805,ST. LOUIS,(218) 786-3574,Acute Care Hospitals,Voluntary non-profit - Private,Yes,Y,4,,7,7,0,7,0,,8,7,2,5,0,,11,8,0,8,0,,8,8,,12,10,
240036.0,ST CLOUD HOSPITAL,1406 6TH AVE NORTH,SAINT CLOUD,MN,56303,STEARNS,(320) 255-5661,Acute Care Hospitals,Voluntary non-profit - Private,Yes,Y,4,,7,7,2,5,0,,8,8,3,5,0,,11,11,2,9,0,,8,8,,12,11,
240057.0,ABBOTT NORTHWESTERN HOSPITAL,800 EAST 28TH STREET,MINNEAPOLIS,MN,55407,HENNEPIN,(612) 863-4000,Acute Care Hospitals,Voluntary non-profit - Private,Yes,Y,4,,7,7,1,6,0,,8,8,2,6,0,,11,11,0,9,2,,8,8,,12,11,
240088.0,CENTRACARE- RICE MEMORIAL HOSPITAL,301 BECKER AVE SW,WILLMAR,MN,56201,KANDIYOHI,(320) 235-4543,Acute Care Hospitals,Government - Local,Yes,Y,2,,7,3,0,3,0,,8,2,0,2,0,,11,7,0,7,0,,8,8,,12,10,
240206.0,RED LAKE HOSPITAL,24760 HOSPITAL DRIVE,REDLAKE,MN,56671,BELTRAMI,(218) 679-3912,Acute Care Hospitals,Government - Federal,No,,Not Available,16,7,Not Available,Not Available,Not Available,Not Available,5,8,Not Available,Not Available,Not Available,Not Available,5,11,Not Available,Not Available,Not Available,Not Available,5,8,Not Available,5,12,4,
241305.0,RIVERWOOD HEALTHCARE CENTER,200 BUNKER HILL DRIVE,AITKIN,MN,56431,AITKIN,(218) 927-5501,Critical Access Hospitals,Voluntary non-profit - Private,Yes,,Not Available,16,7,Not Available,Not Available,Not Available,Not Available,5,8,Not Available,Not Available,Not Available,Not Available,5,11,1,0,1,0,,8,8,,12,6,
241317.0,NORTH SHORE HEALTH,515 5TH AVE WEST,GRAND MARAIS,MN,55604,COOK,(218) 387-3040,Critical Access Hospitals,Government - Hospital District or Authority,Yes,,Not Available,16,7,Not Available,Not Available,Not Available,Not Available,5,8,Not Available,Not Available,Not Available,Not Available,5,11,Not Available,Not Available,Not Available,Not Available,5,8,Not Available,5,12,4,
241328.0,SANFORD BAGLEY MEDICAL CENTER,203 4TH STREET NORTHWEST,BAGLEY,MN,56621,CLEARWATER,(218) 694-6501,Critical Access Hospitals,Voluntary non-profit - Private,Yes,,Not Available,16,7,Not Available,Not Available,Not Available,Not Available,5,8,Not Available,Not Available,Not Available,Not Available,5,11,2,0,2,0,,8,Not Available,5,12,5,
241339.0,HENDRICKS COMMUNITY HOSPITAL,503 E LINCOLN STREET,HENDRICKS,MN,56136,LINCOLN,(507) 275-3134,Critical Access Hospitals,Voluntary non-profit - Private,Yes,,Not Available,16,7,Not Available,Not Available,Not Available,Not Available,5,8,Not Available,Not Available,Not Available,Not Available,5,11,2,0,2,0,,8,Not Available,5,12,2,
241349.0,CENTRACARE HEALTH PAYNESVILLE LLC,200 1ST STREET WEST,PAYNESVILLE,MN,56362,STEARNS,(320) 243-3767,Critical Access Hospitals,Voluntary non-profit - Private,Yes,Y,Not Available,16,7,1,0,1,0,,8,Not Available,Not Available,Not Available,Not Available,5,11,2,0,2,0,,8,Not Available,5,12,8,
241360.0,ESSENTIA HEALTH DEER RIVER,115 10TH AVENUE NORTHEAST,DEER RIVER,MN,56636,ITASCA,(218) 246-4200,Critical Access Hospitals,Voluntary non-profit - Private,Yes,,Not Available,16,7,Not Available,Not Available,Not Available,Not Available,5,8,Not Available,Not Available,Not Available,Not Available,5,11,2,0,2,0,,8,Not Available,5,12,7,
241370.0,ST GABRIELS HOSPITAL,815 SOUTHEAST SECOND STREET,LITTLE FALLS,MN,56345,MORRISON,(320) 632-5441,Critical Access Hospitals,Voluntary non-profit - Private,Yes,Y,Not Available,16,7,1,0,1,0,,8,1,0,1,0,,11,4,0,4,0,,8,8,,12,8,
241380.0,ST JOSEPHS AREA  HEALTH SERVICES,600 PLEASANT AVENUE,PARK RAPIDS,MN,56470,HUBBARD,(218) 732-3311,Critical Access Hospitals,Voluntary non-profit - Private,Yes,,Not Available,16,7,2,0,2,0,,8,Not Available,Not Available,Not Available,Not Available,5,11,5,1,4,0,,8,8,,12,8,
244015.0,COMMUNITY BEHAVIORAL HEALTH HOSPITAL - BAXTER,14241 GRAND OAKS DRIVE,BAXTER,MN,56425,CROW WING,(218) 316-3101,Psychiatric,Government - State,No,,Not Available,19,Not Available,Not Available,Not Available,Not Available,Not Available,19,Not Available,Not Available,Not Available,Not Available,Not Available,19,Not Available,Not Available,Not Available,Not Available,Not Available,19,Not Available,Not Available,19,Not Available,Not Available,19
250018.0,JASPER GENERAL HOSPITAL,15 SOUTH 6TH STREET,BAY SPRINGS,MS,39422,JASPER,(601) 764-2101,Acute Care Hospitals,Government - Local,No,,Not Available,16,7,Not Available,Not Available,Not Available,Not Available,5,8,Not Available,Not Available,Not Available,Not Available,5,11,Not Available,Not Available,Not Available,Not Available,5,8,Not Available,5,12,2,
250042.0,NORTHWEST MISSISSISSIPPI REGIONAL MEDICAL CENTER,1970 HOSPITAL DRIVE,CLARKSDALE,MS,38614,COAHOMA,(662) 627-3211,Acute Care Hospitals,Proprietary,Yes,Y,Not Available,16,7,2,0,2,0,,8,1,0,1,0,,11,3,1,2,0,,8,8,,12,9,
250069.0,OCHSNER RUSH HOSPITAL,1314 19TH AVE,MERIDIAN,MS,39301,LAUDERDALE,(601) 483-0011,Acute Care Hospitals,Voluntary non-profit - Private,Yes,Y,3,,7,5,0,5,0,,8,6,1,5,0,,11,10,1,9,0,,8,8,,12,11,
250095.0,SOUTH SUNFLOWER COUNTY HOSPITAL,121 EAST BAKER STREET,INDIANOLA,MS,38751,SUNFLOWER,(662) 887-5235,Acute Care Hospitals,Government - Local,Yes,Y,Not Available,16,7,2,0,2,0,,8,Not Available,Not Available,Not Available,Not Available,5,11,4,0,4,0,,8,Not Available,5,12,9,
250127.0,CHOCTAW HEALTH CENTER,ROUTE 7 BOX R50,PHILADELPHIA,MS,39350,NESHOBA,(601) 656-2211,Acute Care Hospitals,Government - Federal,Yes,,Not Available,16,7,Not Available,Not Available,Not Available,Not Available,5,8,Not Available,Not Available,Not Available,Not Available,5,11,Not Available,Not Available,Not Available,Not Available,5,8,Not Available,5,12,4,
250172.0,HIGHLAND HILLS MEDICAL CENTER,401 GETWELL DRIVE,SENATOBIA,MS,38668,TATE,(662) 612-0311,Acute Care Hospitals,Voluntary non-profit - Private,Yes,,Not Available,16,7,Not Available,Not Available,Not Available,Not Available,5,8,Not Available,Not Available,Not Available,Not Available,5,11,2,0,2,0,,8,Not Available,5,12,6,
251304.0,TALLAHATCHIE GENERAL HOSPITAL-CAH,141 DR. T.T. LEWIS CIRCLE / PO BOX 230,CHARLESTON,MS,38921,TALLAHATCHIE,(662) 647-5535,Critical Access Hospitals,Government - Local,Yes,,Not Available,16,7,Not Available,Not Available,Not Available,Not Available,5,8,1,0,1,0,,11,1,0,1,0,,8,Not Available,5,12,3,
251318.0,NORTH SUNFLOWER MEDICAL CENTER CAH,840 NORTH OAK AVENUE,RULEVILLE,MS,38771,SUNFLOWER,(662) 756-2711,Critical Access Hospitals,Government - Local,Yes,,Not Available,16,7,2,0,2,0,,8,1,0,1,0,,11,4,0,3,1,,8,Not Available,5,12,3,
251331.0,BMH-CALHOUN,140 BURKE-CALHOUN CITY ROAD,CALHOUN CITY,MS,38916,CALHOUN,(662) 628-6611,Critical Access Hospitals,Voluntary non-profit - Private,Yes,,Not Available,16,7,1,0,1,0,,8,Not Available,Not Available,Not Available,Not Available,5,11,2,0,2,0,,8,Not Available,5,12,6,
254008.0,SOUTH MISSISSIPPI STATE HOSPITAL,823 HIGHWAY 589,PURVIS,MS,39475,LAMAR,(601) 794-0100,Psychiatric,Government - State,No,,Not Available,19,Not Available,Not Available,Not Available,Not Available,Not Available,19,Not Available,Not Available,Not Available,Not Available,Not Available,19,Not Available,Not Available,Not Available,Not Available,Not Available,19,Not Available,Not Available,19,Not Available,Not Available,19
260011.0,SSM HEALTH ST. MARY'S HOSPITAL - JEFFERSON CITY,2505 MISSION DRIVE,JEFFERSON CITY,MO,65109,COLE,(573) 681-3000,Acute Care Hospitals,Proprietary,Yes,Y,3,,7,6,0,6,0,,8,7,1,6,0,,11,8,0,8,0,,8,8,,12,11,
260040.0,COX MEDICAL CENTERS,3801 SOUTH NATIONAL AVENUE,SPRINGFIELD,MO,65807,GREENE,(417) 269-6000,Acute Care Hospitals,Voluntary non-profit - Private,Yes,Y,3,,7,7,0,6,1,,8,8,3,5,0,,11,11,1,8,2,,8,8,,12,12,
260074.0,MOBERLY REGIONAL MEDICAL CENTER,1515 UNION AVE,MOBERLY,MO,65270,RANDOLPH,(660) 263-8400,Acute Care Hospitals,Proprietary,Yes,,2,,7,3,0,2,1,,8,3,0,3,0,,11,7,0,7,0,,8,8,,12,9,
260102.0,UNIVERSITY HEALTH LAKEWOOD MEDICAL CENTER,7900 LEE'S SUMMIT RD,KANSAS CITY,MO,64139,JACKSON,(816) 404-7000,Acute Care Hospitals,Voluntary non-profit - Private,Yes,Y,2,,7,Not Available,Not Available,Not Available,Not Available,5,8,3,1,2,0,,11,5,0,5,0,,8,8,,12,9,
260142.0,FITZGIBBON HOSPITAL,2305 S 65 HIGHWAY,MARSHALL,MO,65340,SALINE,(660) 886-7431,Acute Care Hospitals,Voluntary non-profit - Private,Yes,Y,3,,7,3,0,3,0,,8,2,0,2,0,,11,9,0,9,0,,8,8,,12,10,
260186.0,LAKE REGIONAL HEALTH SYSTEM,54 HOSPITAL DRIVE,OSAGE BEACH,MO,65065,CAMDEN,(573) 348-8000,Acute Care Hospitals,Voluntary non-profit - Other,Yes,Y,4,,7,6,0,5,1,,8,5,1,4,0,,11,10,1,8,1,,8,8,,12,11,
261301.0,ELLETT MEMORIAL HOSPITAL,610 N OHIO STREET,APPLETON CITY,MO,64724,ST. CLAIR,(660) 476-2111,Critical Access Hospitals,Government - Hospital District or Authority,Yes,,Not Available,16,7,Not Available,Not Available,Not Available,Not Available,5,8,Not Available,Not Available,Not Available,Not Available,5,11,Not Available,Not Available,Not Available,Not Available,5,8,Not Available,5,12,4,
261312.0,HARRISON COUNTY COMMUNITY HOSPITAL,2600 MILLER STREET,BETHANY,MO,64424,HARRISON,(660) 425-2211,Critical Access Hospitals,Government - Hospital District or Authority,Yes,,Not Available,16,7,2,0,2,0,,8,Not Available,Not Available,Not Available,Not Available,5,11,3,0,3,0,,8,Not Available,5,12,5,
261323.0,CEDAR COUNTY MEMORIAL HOSPITAL,1401 SOUTH PARK STREET,EL DORADO SPRINGS,MO,64744,CEDAR,(417) 876-2511,Critical Access Hospitals,Government - Local,Yes,,Not Available,16,7,1,0,1,0,,8,Not Available,Not Available,Not Available,Not Available,5,11,2,0,2,0,,8,Not Available,5,12,5,
261335.0,MERCY ST FRANCIS HOSPITAL,"100 WEST HIGHWAY 60, PO BOX 82",MOUNTAIN VIEW,MO,65548,HOWELL,(417) 934-7000,Critical Access Hospitals,Voluntary non-profit - Private,Yes,,Not Available,16,7,Not Available,Not Available,Not Available,Not Available,5,8,Not Available,Not Available,Not Available,Not Available,5,11,2,0,2,0,,8,Not Available,5,12,6,
264005.0,SOUTHEAST MISSOURI MENTAL HLTH CTR,1010 WEST COLUMBIA STREET,FARMINGTON,MO,63640,ST. FRANCOIS,(573) 218-6792,Psychiatric,Government - State,No,,Not Available,19,Not Available,Not Available,Not Available,Not Available,Not Available,19,Not Available,Not Available,Not Available,Not Available,Not Available,19,Not Available,Not Available,Not Available,Not Available,Not Available,19,Not Available,Not Available,19,Not Available,Not Available,19
264034.0,SOUTHEAST BEHAVIORAL HOSPITAL,639 SOUTH SILVER SPRINGS ROAD,CAPE GIRARDEAU,MO,63703,CAPE GIRARDEAU,(601) 630-5669,Psychiatric,Proprietary,No,,Not Available,19,Not Available,Not Available,Not Available,Not Available,Not Available,19,Not Available,Not Available,Not Available,Not Available,Not Available,19,Not Available,Not Available,Not Available,Not Available,Not Available,19,Not Available,Not Available,19,Not Available,Not Available,19
270057.0,BOZEMAN HEALTH DEACONESS HOSPITAL,915 HIGHLAND BLVD,BOZEMAN,MT,59715,GALLATIN,(406) 585-5000,Acute Care Hospitals,Voluntary non-profit - Private,Yes,Y,4,,7,6,0,6,0,,8,6,0,6,0,,11,10,1,9,0,,8,8,,12,11,
271307.0,BENEFIS TETON MEDICAL CENTER,915 4TH ST NW,CHOTEAU,MT,59422,TETON,(406) 466-5763,Critical Access Hospitals,Voluntary non-profit - Private,Yes,,Not Available,16,7,Not Available,Not Available,Not Available,Not Available,5,8,Not Available,Not Available,Not Available,Not Available,5,11,Not Available,Not Available,Not Available,Not Available,5,8,Not Available,5,12,3,
271317.0,LIVINGSTON HEALTHCARE,320 ALPENGLOW LANE,LIVINGSTON,MT,59047,PARK,(406) 222-3541,Critical Access Hospitals,Physician,Yes,Y,1,,7,4,0,4,0,,8,1,0,1,0,,11,8,0,8,0,,8,8,,12,6,
271327.0,ROSEBUD HEALTH CARE CENTER,383 N 17TH AV,FORSYTH,MT,59327,ROSEBUD,(406) 346-2161,Critical Access Hospitals,Voluntary non-profit - Private,Yes,,Not Available,16,7,Not Available,Not Available,Not Available,Not Available,5,8,Not Available,Not Available,Not Available,Not Available,5,11,Not Available,Not Available,Not Available,Not Available,5,8,Not Available,5,12,2,
271337.0,NORTHERN ROCKIES MEDICAL CENTER,802 2ND ST SE,CUT BANK,MT,59427,GLACIER,(406) 873-2251,Critical Access Hospitals,Voluntary non-profit - Private,No,,Not Available,16,7,Not Available,Not Available,Not Available,Not Available,5,8,Not Available,Not Available,Not Available,Not Available,5,11,Not Available,Not Available,Not Available,Not Available,5,8,Not Available,5,12,3,
271347.0,HOLY ROSARY HOSPITAL,2600 WILSON ST,MILES CITY,MT,59301,CUSTER,(406) 233-2600,Critical Access Hospitals,Voluntary non-profit - Private,Yes,Y,Not Available,16,7,2,0,2,0,,8,1,0,1,0,,11,5,0,5,0,,8,8,,12,10,
280040.0,THE NEBRASKA METHODIST HOSPITAL,8303 DODGE ST,OMAHA,NE,68114,DOUGLAS,(402) 354-4000,Acute Care Hospitals,Voluntary non-profit - Private,Yes,Y,4,,7,7,0,7,0,,8,8,1,6,1,,11,11,0,10,1,,8,8,,12,12,
280127.0,LINCOLN SURGICAL HOSPITAL,1710 SOUTH 70TH STREET,LINCOLN,NE,68506,LANCASTER,(402) 484-9090,Acute Care Hospitals,Proprietary,No,,Not Available,16,7,Not Available,Not Available,Not Available,Not Available,5,8,2,0,2,0,,11,3,1,2,0,,8,Not Available,5,12,3,
281300.0,HARLAN COUNTY HEALTH SYSTEM,717 BROWN ST,ALMA,NE,68920,HARLAN,(308) 928-2151,Critical Access Hospitals,Government - Local,No,,Not Available,16,7,Not Available,Not Available,Not Available,Not Available,5,8,Not Available,Not Available,Not Available,Not Available,5,11,1,0,1,0,,8,Not Available,5,12,5,
281310.0,GARDEN COUNTY HEALTH SERVICES,1100 WEST 2ND ST,OSHKOSH,NE,69154,GARDEN,(308) 772-3283,Critical Access Hospitals,Voluntary non-profit - Private,Yes,,Not Available,16,7,Not Available,Not Available,Not Available,Not Available,5,8,Not Available,Not Available,Not Available,Not Available,5,11,1,0,1,0,,8,Not Available,5,12,3,
281322.0,ST FRANCIS MEMORIAL HOSPITAL,430 NORTH MONITOR ST,WEST POINT,NE,68788,CUMING,(402) 372-2404,Critical Access Hospitals,Voluntary non-profit - Private,Yes,Y,2,,7,3,0,3,0,,8,1,0,1,0,,11,4,0,4,0,,8,8,,12,7,
281333.0,ROCK COUNTY HOSPITAL,102 EAST SOUTH STREET,BASSETT,NE,68714,HOLT,(402) 684-3366,Critical Access Hospitals,Government - Local,Yes,,Not Available,16,7,Not Available,Not Available,Not Available,Not Available,5,8,Not Available,Not Available,Not Available,Not Available,5,11,1,0,1,0,,8,Not Available,5,12,2,
281344.0,CHERRY COUNTY HOSPITAL,510 NORTH GREEN ST,VALENTINE,NE,69201,CHERRY,(402) 376-2525,Critical Access Hospitals,Government - Local,Yes,,Not Available,16,7,1,0,1,0,,8,1,0,1,0,,11,3,0,3,0,,8,Not Available,5,12,2,
281354.0,CRETE AREA MEDICAL CENTER,2910 BETTEN DR,CRETE,NE,68333,SALINE,(402) 826-2102,Critical Access Hospitals,Voluntary non-profit - Private,Yes,Y,Not Available,16,7,Not Available,Not Available,Not Available,Not Available,5,8,Not Available,Not Available,Not Available,Not Available,5,11,1,0,1,0,,8,Not Available,5,12,5,
281364.0,"BEATRICE COMMUNITY HOSPITAL & HEALTH CENTER, INC","P O BOX 278, 4800 HOSPITAL PARKWAY",BEATRICE,NE,68310,GAGE,(402) 228-3344,Critical Access Hospitals,Voluntary non-profit - Private,Yes,,3,,7,3,0,3,0,,8,2,0,2,0,,11,7,0,7,0,,8,8,,12,7,
290008.0,NORTHEASTERN NEVADA REGIONAL HOSPITAL,2001 ERRECART BLVD,ELKO,NV,89801,ELKO,(775) 738-5151,Acute Care Hospitals,Proprietary,Yes,Y,2,,7,5,0,5,0,,8,3,0,3,0,,11,8,0,7,1,,8,8,,12,11,
290046.0,SPRING VALLEY HOSPITAL MEDICAL CENTER,5400 SOUTH RAINBOW BLVD,LAS VEGAS,NV,89118,CLARK,(702) 853-3000,Acute Care Hospitals,Proprietary,Yes,Y,2,,7,7,0,6,1,,8,7,3,4,0,,11,9,0,7,2,,8,8,,12,9,
291302.0,WILLIAM BEE RIRIE HOSPITAL,1500 AVENUE H,ELY,NV,89301,WHITE PINE,(775) 289-3001,Critical Access Hospitals,Government - Hospital District or Authority,Yes,,Not Available,16,7,1,0,1,0,,8,Not Available,Not Available,Not Available,Not Available,5,11,2,0,2,0,,8,Not Available,5,12,4,
291314.0,SOUTH LYON MEDICAL CENTER,213 S WHITACRE/PO BOX 940,YERINGTON,NV,89447,LYON,(775) 781-3761,Critical Access Hospitals,Voluntary non-profit - Private,Yes,,Not Available,16,7,Not Available,Not Available,Not Available,Not Available,5,8,Not Available,Not Available,Not Available,Not Available,5,11,1,0,1,0,,8,Not Available,5,12,4,
300005.0,CONCORD HOSPITAL- LACONIA,80 HIGHLAND ST,LACONIA,NH,3246,BELKNAP,(603) 524-3211,Acute Care Hospitals,Voluntary non-profit - Private,Yes,,3,,7,5,0,5,0,,8,5,0,5,0,,11,9,0,9,0,,8,8,,12,10,
300034.0,CATHOLIC MEDICAL CENTER,100 MCGREGOR STREET,MANCHESTER,NH,3102,HILLSBOROUGH,(603) 668-3545,Acute Care Hospitals,Voluntary non-profit - Private,Yes,Y,3,,7,7,2,5,0,,8,7,0,7,0,,11,11,0,10,1,,8,8,,12,12,
301309.0,MONADNOCK COMMUNITY HOSPITAL,452 OLD STREET ROAD,PETERBOROUGH,NH,3458,HILLSBOROUGH,(603) 924-7191,Critical Access Hospitals,Voluntary non-profit - Private,Yes,Y,2,,7,4,0,4,0,,8,2,0,2,0,,11,9,0,9,0,,8,8,,12,6,
310006.0,ST MARY'S GENERAL HOSPITAL,350 BOULEVARD,PASSAIC,NJ,7055,PASSAIC,(973) 365-4300,Acute Care Hospitals,Proprietary,Yes,Y,3,,7,5,0,5,0,,8,6,1,5,0,,11,7,0,7,0,,8,8,,12,10,
310019.0,ST JOSEPH'S UNIVERSITY MEDICAL CENTER INC,703 MAIN ST,PATERSON,NJ,7503,PASSAIC,(973) 754-2010,Acute Care Hospitals,Voluntary non-profit - Church,No,Y,3,,7,7,0,7,0,,8,8,3,5,0,,11,11,0,9,2,,8,8,,12,11,
310038.0,ROBERT WOOD JOHNSON UNIVERSITY HOSPITAL,ONE ROBERT WOOD JOHNSON PLACE,NEW BRUNSWICK,NJ,8901,MIDDLESEX,(732) 828-3000,Acute Care Hospitals,Voluntary non-profit - Private,Yes,Y,2,,7,7,0,7,0,,8,8,2,5,1,,11,11,0,7,4,,8,8,,12,10,
310052.0,OCEAN MEDICAL CENTER,425 JACK MARTIN BLVD,BRICK,NJ,8724,OCEAN,(732) 840-2200,Acute Care Hospitals,Voluntary non-profit - Other,Yes,Y,3,,7,6,0,6,0,,8,7,0,7,0,,11,10,0,9,1,,8,8,,12,11,
310074.0,JERSEY CITY MEDICAL CENTER,355 GRAND STREET,JERSEY CITY,NJ,7302,HUDSON,(201) 915-2000,Acute Care Hospitals,Voluntary non-profit - Private,Yes,Y,2,,7,7,0,7,0,,8,7,2,4,1,,11,10,0,9,1,,8,8,,12,11,
310111.0,CENTRASTATE MEDICAL CENTER,901 WEST MAIN STREET,FREEHOLD,NJ,7728,MONMOUTH,(732) 294-7012,Acute Care Hospitals,Voluntary non-profit - Private,Yes,Y,2,,7,6,1,5,0,,8,7,2,4,1,,11,8,1,4,3,,8,8,,12,11,
314001.0,SUMMIT OAKS HOSPITAL,19 PROSPECT ST,SUMMIT,NJ,7901,UNION,(908) 522-7000,Psychiatric,Voluntary non-profit - Other,No,,Not Available,19,Not Available,Not Available,Not Available,Not Available,Not Available,19,Not Available,Not Available,Not Available,Not Available,Not Available,19,Not Available,Not Available,Not Available,Not Available,Not Available,19,Not Available,Not Available,19,Not Available,Not Available,19
314023.0,ASPEN HILLS HEALTHCARE CENTER,600 PEMBERTON-BROWNS MILLS ROAD,PEMBERTON,NJ,8068,BURLINGTON,(609) 836-6100,Psychiatric,Proprietary,No,,Not Available,19,Not Available,Not Available,Not Available,Not Available,Not Available,19,Not Available,Not Available,Not Available,Not Available,Not Available,19,Not Available,Not Available,Not Available,Not Available,Not Available,19,Not Available,Not Available,19,Not Available,Not Available,19
320017.0,LOVELACE WOMEN'S HOSPITAL,4701 MONTGOMERY BOULEVARD NE,ALBUQUERQUE,NM,87109,BERNALILLO,(505) 727-7805,Acute Care Hospitals,Proprietary,Yes,Y,2,,7,2,0,2,0,,8,6,1,5,0,,11,6,0,6,0,,8,8,,12,9,
320062.0,CROWNPOINT HEALTHCARE FACILITY,JUNCTION OF HWY 371,CROWNPOINT,NM,87313,MCKINLEY,(505) 786-5291,Acute Care Hospitals,Government - Federal,Yes,,Not Available,16,7,Not Available,Not Available,Not Available,Not Available,5,8,Not Available,Not Available,Not Available,Not Available,5,11,1,0,1,0,,8,Not Available,5,12,3,
321300.0,SIERRA VISTA HOSPITAL,800 EAST 9TH AVENUE,T OR C,NM,87901,SIERRA,(575) 894-2111,Critical Access Hospitals,Government - Local,No,,Not Available,16,7,1,0,1,0,,8,Not Available,Not Available,Not Available,Not Available,5,11,1,0,1,0,,8,Not Available,5,12,6,
321311.0,GILA REGIONAL MEDICAL CENTER,1313 E 32ND ST,SILVER CITY,NM,88061,GRANT,(575) 538-4100,Critical Access Hospitals,Government - Local,Yes,Y,2,,7,2,0,2,0,,8,3,0,3,0,,11,8,1,7,0,,8,8,,12,11,
330011.0,"OUR LADY OF LOURDES MEMORIAL HOSPITAL, INC",169 RIVERSIDE DRIVE,BINGHAMTON,NY,13905,BROOME,(607) 798-5111,Acute Care Hospitals,Voluntary non-profit - Private,Yes,Y,2,,7,6,0,5,1,,8,7,1,5,1,,11,9,0,9,0,,8,8,,12,10,
330043.0,NS/LIJ HS SOUTHSIDE HOSPITAL,301 EAST MAIN STREET,BAY SHORE,NY,11706,SUFFOLK,(631) 968-3000,Acute Care Hospitals,Voluntary non-profit - Private,Yes,Y,3,,7,7,1,6,0,,8,8,4,4,0,,11,11,0,10,1,,8,8,,12,9,
330059.0,MONTEFIORE MEDICAL CENTER,111 EAST 210TH STREET,BRONX,NY,10467,BRONX,(718) 920-4321,Acute Care Hospitals,Voluntary non-profit - Private,Yes,Y,3,,7,7,3,4,0,,8,8,1,6,1,,11,11,1,8,2,,8,8,,12,10,
330090.0,ARNOT OGDEN MEDICAL CENTER,600 ROE AVENUE,ELMIRA,NY,14905,CHEMUNG,(607) 737-4100,Acute Care Hospitals,Voluntary non-profit - Private,Yes,Y,1,,7,6,0,6,0,,8,7,1,5,1,,11,10,0,9,1,,8,8,,12,9,
330111.0,BERTRAND CHAFFEE HOSPITAL,224 EAST MAIN STREET,SPRINGVILLE,NY,14141,ERIE,(716) 592-2871,Acute Care Hospitals,Voluntary non-profit - Private,Yes,,2,,7,3,0,3,0,,8,1,0,1,0,,11,4,0,4,0,,8,8,,12,7,
330141.0,LONG ISLAND COMMUNITY HOSPITAL,101 HOSPITAL ROAD,PATCHOGUE,NY,11772,SUFFOLK,(631) 654-7100,Acute Care Hospitals,Voluntary non-profit - Private,Yes,,2,,7,6,0,6,0,,8,7,1,5,1,,11,8,0,6,2,,8,8,,12,9,
330169.0,MOUNT SINAI BETH ISRAEL,281 1ST AVE,NEW YORK,NY,10003,NEW YORK,(212) 420-2000,Acute Care Hospitals,Voluntary non-profit - Private,Yes,,2,,7,6,3,3,0,,8,6,2,4,0,,11,9,0,7,2,,8,8,,12,10,
330194.0,MAIMONIDES MEDICAL CENTER,4802 TENTH AVENUE,BROOKLYN,NY,11219,KINGS,(718) 283-6000,Acute Care Hospitals,Voluntary non-profit - Private,Yes,Y,2,,7,7,4,3,0,,8,8,1,7,0,,11,11,0,7,4,,8,8,,12,10,
330208.0,ST JOHN'S RIVERSIDE HOSPITAL,976 NORTH BROADWAY,YONKERS,NY,10701,WESTCHESTER,(914) 964-4444,Acute Care Hospitals,Voluntary non-profit - Private,Yes,Y,2,23,7,5,0,5,0,,8,7,1,6,0,23,11,9,0,6,3,,8,8,,12,10,
330229.0,"BROOKS-TLC HOSPITAL SYSTEM, INC",529 CENTRAL AVENUE,DUNKIRK,NY,14048,CHAUTAUQUA,(716) 366-1111,Acute Care Hospitals,Voluntary non-profit - Private,Yes,,2,,7,3,0,3,0,,8,2,0,2,0,,11,5,0,4,1,,8,8,,12,9,
330250.0,CHAMPLAIN VALLEY PHYSICIANS HOSPITAL MEDICAL CTR,75 BEEKMAN STREET,PLATTSBURGH,NY,12901,CLINTON,(518) 562-7767,Acute Care Hospitals,Voluntary non-profit - Private,Yes,Y,2,,7,6,1,5,0,,8,7,1,5,1,,11,10,0,9,1,,8,8,,12,12,
330279.0,MERCY HOSPITAL OF BUFFALO,565 ABBOTT ROAD,BUFFALO,NY,14220,ERIE,(716) 826-7000,Acute Care Hospitals,Voluntary non-profit - Private,Yes,Y,2,,7,7,0,7,0,,8,6,3,3,0,,11,8,0,6,2,,8,8,,12,9,
330394.0,"UNITED HEALTH SERVICES HOSPITALS, INC",10-42 MITCHELL AVENUE,BINGHAMTON,NY,13903,BROOME,(607) 763-6000,Acute Care Hospitals,Voluntary non-profit - Private,Yes,Y,2,,7,7,0,5,2,,8,7,1,5,1,,11,11,0,10,1,,8,8,,12,10,
331302.0,ELIZABETHTOWN COMMUNITY HOSPITAL,75 PARK STREET,ELIZABETHTOWN,NY,12932,ESSEX,(518) 873-6377,Critical Access Hospitals,Voluntary non-profit - Private,Yes,Y,Not Available,16,7,1,0,1,0,,8,1,0,1,0,,11,2,0,2,0,,8,Not Available,5,12,8,
331315.0,GOUVERNEUR HOSPITAL,77 WEST BARNEY STREET,GOUVERNEUR,NY,13642,ST. LAWRENCE,(315) 287-1000,Critical Access Hospitals,Voluntary non-profit - Private,Yes,,Not Available,16,7,1,0,1,0,,8,1,0,1,0,,11,1,0,1,0,,8,Not Available,5,12,5,
334001.0,HUTCHINGS PSYCHIATRIC CTR,620 MADISON STREET,SYRACUSE,NY,13210,ONONDAGA,(315) 473-4980,Psychiatric,Government - State,Yes,,Not Available,19,Not Available,Not Available,Not Available,Not Available,Not Available,19,Not Available,Not Available,Not Available,Not Available,Not Available,19,Not Available,Not Available,Not Available,Not Available,Not Available,19,Not Available,Not Available,19,Not Available,Not Available,19
334022.0,BRYLIN HOSP,1263 DELAWARE AVE,BUFFALO,NY,14209,ERIE,(716) 886-8200,Psychiatric,Proprietary,No,,Not Available,19,Not Available,Not Available,Not Available,Not Available,Not Available,19,Not Available,Not Available,Not Available,Not Available,Not Available,19,Not Available,Not Available,Not Available,Not Available,Not Available,19,Not Available,Not Available,19,Not Available,Not Available,19
334054.0,MANHATTAN PSYCHIATRIC CENTER,600 E 125TH STREET,NEW YORK,NY,10035,NEW YORK,(646) 672-6767,Psychiatric,Government - State,No,,Not Available,19,Not Available,Not Available,Not Available,Not Available,Not Available,19,Not Available,Not Available,Not Available,Not Available,Not Available,19,Not Available,Not Available,Not Available,Not Available,Not Available,19,Not Available,Not Available,19,Not Available,Not Available,19
340003.0,NORTHERN REGIONAL HOSPITAL,830 ROCKFORD ST,MOUNT AIRY,NC,27030,SURRY,(336) 719-7000,Acute Care Hospitals,Government - Hospital District or Authority,Yes,Y,4,,7,4,0,4,0,,8,6,0,6,0,,11,6,0,6,0,,8,8,,12,11,
340021.0,ATRIUM HEALTH CLEVELAND,201 E GROVER ST,SHELBY,NC,28150,CLEVELAND,(704) 487-3000,Acute Care Hospitals,Government - Hospital District or Authority,Yes,Y,2,,7,5,0,5,0,,8,7,2,5,0,,11,9,0,9,0,,8,8,,12,11,
340042.0,ONSLOW MEMORIAL HOSPITAL,317 WESTERN BOULEVARD,JACKSONVILLE,NC,28546,ONSLOW,(910) 577-2345,Acute Care Hospitals,Government - Hospital District or Authority,Yes,Y,1,,7,5,0,4,1,,8,6,1,4,1,,11,6,0,4,2,,8,8,,12,10,
340069.0,"WAKEMED, RALEIGH CAMPUS",3000 NEW BERN AVE,RALEIGH,NC,27610,WAKE,(919) 350-8000,Acute Care Hospitals,Voluntary non-profit - Private,Yes,Y,4,,7,7,0,6,1,,8,8,4,4,0,,11,11,0,10,1,,8,8,,12,11,
340097.0,HUGH CHATHAM MEMORIAL HOSPITAL,180 PARKWOOD DR,ELKIN,NC,28621,SURRY,(336) 527-7000,Acute Care Hospitals,Voluntary non-profit - Private,Yes,,3,,7,4,0,4,0,,8,4,0,4,0,,11,9,0,7,2,,8,8,,12,11,
340120.0,VIDANT DUPLIN HOSPITAL,401 N MAIN ST,KENANSVILLE,NC,28349,DUPLIN,(910) 296-0941,Acute Care Hospitals,Government - Local,Yes,Y,4,,7,4,0,4,0,,8,3,0,3,0,,11,5,0,4,1,,8,8,,12,10,
340143.0,CATAWBA VALLEY MEDICAL CENTER,810 FAIRGROVE CHURCH RD,HICKORY,NC,28602,CATAWBA,(828) 326-3809,Acute Care Hospitals,Voluntary non-profit - Other,Yes,Y,3,,7,6,0,5,1,,8,8,1,7,0,,11,10,2,8,0,,8,8,,12,11,
340168.0,WILMINGTON TREATMENT CENTER,2520 TROY DRIVE,WILMINGTON,NC,28401,NEW HANOVER,(910) 762-2727,Acute Care Hospitals,Voluntary non-profit - Private,No,,Not Available,16,7,Not Available,Not Available,Not Available,Not Available,5,8,Not Available,Not Available,Not Available,Not Available,5,11,1,0,1,0,,8,Not Available,5,12,1,
341305.0,DLP SWAIN COUNTY HOSPITAL LLC,45 PLATEAU STREET,BRYSON CITY,NC,28713,SWAIN,(828) 488-2155,Critical Access Hospitals,Voluntary non-profit - Private,Yes,,Not Available,16,7,Not Available,Not Available,Not Available,Not Available,5,8,Not Available,Not Available,Not Available,Not Available,5,11,Not Available,Not Available,Not Available,Not Available,5,8,Not Available,5,12,5,
341322.0,ST LUKES HOSPITAL,101 HOSPITAL DRIVE,COLUMBUS,NC,28722,POLK,(828) 894-3311,Critical Access Hospitals,Voluntary non-profit - Private,Yes,,Not Available,16,7,2,0,2,0,,8,Not Available,Not Available,Not Available,Not Available,5,11,5,1,4,0,,8,8,,12,6,
344014.0,HOLLY HILL MENTAL HEALTH SERVICES,3019 FALSTAFF RD,RALEIGH,NC,27610,WAKE,(919) 250-7000,Psychiatric,Proprietary,No,,Not Available,19,Not Available,Not Available,Not Available,Not Available,Not Available,19,Not Available,Not Available,Not Available,Not Available,Not Available,19,Not Available,Not Available,Not Available,Not Available,Not Available,19,Not Available,Not Available,19,Not Available,Not Available,19
344035.0,RALEIGH OAKS BEHAVIORAL HEALTH,3200 WATERFIELD DRIVE,GARNER,NC,27529,WAKE,(919) 504-1333,Psychiatric,Proprietary,No,,Not Available,19,Not Available,Not Available,Not Available,Not Available,Not Available,19,Not Available,Not Available,Not Available,Not Available,Not Available,19,Not Available,Not Available,Not Available,Not Available,Not Available,19,Not Available,Not Available,19,Not Available,Not Available,19
351301.0,MOUNTRAIL COUNTY MEDICAL CENTER INC,615 6TH ST SE,STANLEY,ND,58784,MOUNTRAIL,(701) 628-2424,Critical Access Hospitals,Voluntary non-profit - Private,Yes,,Not Available,16,7,Not Available,Not Available,Not Available,Not Available,5,8,Not Available,Not Available,Not Available,Not Available,5,11,Not Available,Not Available,Not Available,Not Available,5,8,Not Available,5,12,3,
351311.0,LISBON AREA HEALTH SERVICES,905 MAIN ST,LISBON,ND,58054,RANSOM,(701) 683-6400,Critical Access Hospitals,Voluntary non-profit - Private,Yes,,Not Available,16,7,Not Available,Not Available,Not Available,Not Available,5,8,Not Available,Not Available,Not Available,Not Available,5,11,2,0,2,0,,8,Not Available,5,12,5,
351322.0,ASHLEY MEDICAL CENTER,612 CENTER AVENUE N,ASHLEY,ND,58413,MCINTOSH,(701) 288-3433,Critical Access Hospitals,Voluntary non-profit - Private,Yes,,Not Available,16,7,Not Available,Not Available,Not Available,Not Available,5,8,Not Available,Not Available,Not Available,Not Available,5,11,1,0,1,0,,8,Not Available,5,12,4,
351332.0,HEART OF AMERICA MEDICAL CENTER,800 S MAIN AVE,RUGBY,ND,58368,PIERCE,(701) 776-5261,Critical Access Hospitals,Voluntary non-profit - Private,Yes,,Not Available,16,7,1,0,1,0,,8,Not Available,Not Available,Not Available,Not Available,5,11,2,0,2,0,,8,Not Available,5,12,7,
360003.0,"UNIVERSITY OF CINCINNATI MEDICAL CENTER, LLC",3188 BELLEVUE AVENUE,CINCINNATI,OH,45219,HAMILTON,(513) 584-1000,Acute Care Hospitals,Voluntary non-profit - Private,Yes,Y,3,,7,7,1,6,0,,8,7,2,4,1,,11,10,0,8,2,,8,8,,12,11,
360017.0,GRANT MEDICAL CENTER,111 SOUTH GRANT AVENUE,COLUMBUS,OH,43215,FRANKLIN,(614) 566-9164,Acute Care Hospitals,Voluntary non-profit - Church,Yes,Y,3,,7,7,0,7,0,,8,8,1,6,1,,11,11,0,10,1,,8,8,,12,12,
360040.0,KNOX COMMUNITY HOSPITAL,1330 COSHOCTON ROAD,MOUNT VERNON,OH,43050,KNOX,(740) 393-9000,Acute Care Hospitals,Voluntary non-profit - Other,Yes,Y,3,,7,4,0,4,0,,8,4,0,4,0,,11,9,1,8,0,,8,8,,12,11,
360064.0,ST ELIZABETH YOUNGSTOWN HOSPITAL,1044 BELMONT AVENUE,YOUNGSTOWN,OH,44501,MAHONING,(330) 480-3022,Acute Care Hospitals,Voluntary non-profit - Church,Yes,,2,,7,7,0,7,0,,8,6,2,3,1,,11,11,1,7,3,,8,8,,12,9,
360078.0,UNIVERSITY HOSPITALS PORTAGE MEDICAL CENTER,6847 N CHESTNUT,RAVENNA,OH,44266,PORTAGE,(330) 297-2300,Acute Care Hospitals,Voluntary non-profit - Private,Yes,,3,,7,5,0,5,0,,8,6,0,5,1,,11,7,0,7,0,,8,8,,12,10,
360092.0,MEMORIAL HOSPITAL,500 LONDON AVENUE,MARYSVILLE,OH,43040,UNION,(937) 644-6115,Acute Care Hospitals,Government - Local,Yes,Y,5,,7,3,0,3,0,,8,3,0,3,0,,11,8,1,7,0,,8,8,,12,11,
360125.0,ASHTABULA COUNTY MEDICAL CENTER,2420 LAKE AVENUE,ASHTABULA,OH,44004,ASHTABULA,(440) 997-2262,Acute Care Hospitals,Voluntary non-profit - Private,Yes,,3,,7,5,0,5,0,,8,5,1,4,0,,11,9,0,8,1,,8,8,,12,9,
360148.0,POMERENE HOSPITAL,981 WOOSTER ROAD,MILLERSBURG,OH,44654,HOLMES,(330) 674-1015,Acute Care Hospitals,Voluntary non-profit - Private,Yes,Y,Not Available,16,7,2,0,2,0,,8,1,0,1,0,,11,5,0,5,0,,8,8,,12,10,
360174.0,UPPER VALLEY MEDICAL CENTER,3130 N DIXIE HIGHWAY,TROY,OH,45373,MIAMI,(937) 440-7853,Acute Care Hospitals,Voluntary non-profit - Private,Yes,,4,,7,5,0,5,0,,8,6,1,5,0,,11,7,0,7,0,,8,8,,12,11,
360218.0,LICKING MEMORIAL HOSPITAL,1320 WEST MAIN STREET,NEWARK,OH,43055,LICKING,(740) 348-4000,Acute Care Hospitals,Voluntary non-profit - Private,Yes,Y,2,,7,5,0,5,0,,8,7,0,6,1,,11,10,0,10,0,,8,8,,12,12,
360276.0,HMHP ST ELIZABETH BOARDMAN HEALTH CENTER,8401 MARKET STREET,BOARDMAN,OH,44512,MAHONING,(330) 729-2929,Acute Care Hospitals,Voluntary non-profit - Church,Yes,Y,3,,7,6,1,5,0,,8,7,1,5,1,,11,10,1,8,1,,8,8,,12,11,
360364.0,CLEVELAND CLINIC AVON HOSPITAL,33300 CLEVELAND CLINIC BLVD,AVON,OH,44011,LORAIN,(440) 695-5000,Acute Care Hospitals,Voluntary non-profit - Private,Yes,,5,,7,6,2,4,0,,8,7,1,6,0,,11,7,0,7,0,,8,8,,12,10,
361307.0,UHHS MEMORIAL HOSPITAL OF GENEVA,870 WEST MAIN STREET,GENEVA,OH,44041,ASHTABULA,(440) 415-0151,Critical Access Hospitals,Voluntary non-profit - Private,Yes,,3,,7,3,0,3,0,,8,1,0,1,0,,11,8,0,7,1,,8,8,,12,9,
361318.0,FOSTORIA COMMUNITY HOSPITAL,501 VAN BUREN STREET,FOSTORIA,OH,44830,SENECA,(419) 435-7734,Critical Access Hospitals,Voluntary non-profit - Private,No,,3,,7,3,0,3,0,,8,Not Available,Not Available,Not Available,Not Available,5,11,6,0,6,0,,8,8,,12,6,
361328.0,PROMEDICA DEFIANCE REGIONAL HOSPITAL,1200 RALSTON AVENUE,DEFIANCE,OH,43512,DEFIANCE,(419) 783-6955,Critical Access Hospitals,Voluntary non-profit - Private,Yes,Y,4,,7,3,0,3,0,,8,1,0,1,0,,11,8,0,8,0,,8,8,,12,8,
363304.0,CLEVELAND CLINIC CHILDREN'S HOSPITAL FOR REHAB,"2801 MARTIN LUTHER KING, JR DRIVE",CLEVELAND,OH,44104,CUYAHOGA,(216) 448-6400,Childrens,Voluntary non-profit - Private,No,,Not Available,19,Not Available,Not Available,Not Available,Not Available,Not Available,19,Not Available,Not Available,Not Available,Not Available,Not Available,19,Not Available,Not Available,Not Available,Not Available,Not Available,19,Not Available,Not Available,19,Not Available,Not Available,19
364031.0,HEARTLAND BEHAVIORAL HEALTHCARE,3000 ERIE SW,MASSILLON,OH,44648,STARK,(330) 833-3135,Psychiatric,Government - State,No,,Not Available,19,Not Available,Not Available,Not Available,Not Available,Not Available,19,Not Available,Not Available,Not Available,Not Available,Not Available,19,Not Available,Not Available,Not Available,Not Available,Not Available,19,Not Available,Not Available,19,Not Available,Not Available,19
364050.0,"ACCESS HOSPITAL DAYTON, LLC",2611 WAYNE AVENUE,DAYTON,OH,45420,MONTGOMERY,(937) 256-7801,Psychiatric,Voluntary non-profit - Private,No,,Not Available,19,Not Available,Not Available,Not Available,Not Available,Not Available,19,Not Available,Not Available,Not Available,Not Available,Not Available,19,Not Available,Not Available,Not Available,Not Available,Not Available,19,Not Available,Not Available,19,Not Available,Not Available,19
364060.0,GENERATIONS BEHAVIORAL HEALTH-YOUNGSTOWN LLC,196 COLONIAL DRIVE,YOUNGSTOWN,OH,44504,MAHONING,(234) 232-7478,Psychiatric,Proprietary,No,,Not Available,19,Not Available,Not Available,Not Available,Not Available,Not Available,19,Not Available,Not Available,Not Available,Not Available,Not Available,19,Not Available,Not Available,Not Available,Not Available,Not Available,19,Not Available,Not Available,19,Not Available,Not Available,19
370006.0,INTEGRIS HEALTH PONCA CITY,1900 NORTH 14TH STREET,PONCA CITY,OK,74601,KAY,(580) 765-3321,Acute Care Hospitals,Voluntary non-profit - Other,Yes,Y,3,,7,4,0,4,0,,8,5,0,5,0,,11,7,0,7,0,,8,8,,12,11,
370023.0,"DUNCAN REGIONAL HOSPITAL, INC",1407 WHISENANT DRIVE,DUNCAN,OK,73533,STEPHENS,(580) 252-5300,Acute Care Hospitals,Voluntary non-profit - Private,Yes,Y,4,,7,5,0,5,0,,8,5,0,5,0,,11,7,1,6,0,,8,8,,12,12,
370056.0,COMANCHE COUNTY MEMORIAL HOSPITAL,3401 WEST GORE BLVD,LAWTON,OK,73505,COMANCHE,(580) 355-8620,Acute Care Hospitals,Government - Hospital District or Authority,Yes,Y,1,,7,7,0,7,0,,8,7,1,4,2,,11,11,0,7,4,,8,8,,12,12,
370100.0,CHOCTAW MEMORIAL HOSPITAL,1405 EAST KIRK ROAD,HUGO,OK,74743,CHOCTAW,(580) 317-9500,Acute Care Hospitals,Government - Hospital District or Authority,Yes,,2,,7,3,0,3,0,,8,Not Available,Not Available,Not Available,Not Available,5,11,5,0,5,0,,8,Not Available,5,12,7,
370172.0,CHOCTAW NATION HEALTH SERVICES AUTHORITY,1 CHOCTAW WAY,TALIHINA,OK,74571,LATIMER,(918) 567-7000,Acute Care Hospitals,Tribal,Yes,Y,Not Available,16,7,1,0,1,0,,8,Not Available,Not Available,Not Available,Not Available,5,11,3,0,3,0,,8,8,,12,4,
370206.0,OKLAHOMA SPINE HOSPITAL,14101 PARKWAY COMMONS DRIVE,OKLAHOMA CITY,OK,73134,OKLAHOMA,(405) 749-2700,Acute Care Hospitals,Physician,Yes,Y,Not Available,16,7,Not Available,Not Available,Not Available,Not Available,5,8,2,0,2,0,,11,2,0,2,0,,8,8,,12,5,
370225.0,"SUMMIT MEDICAL CENTER, LLC",1800 SOUTH RENAISSANCE BOULEVARD,EDMOND,OK,73034,OKLAHOMA,(405) 359-2400,Acute Care Hospitals,Physician,Yes,,Not Available,16,7,Not Available,Not Available,Not Available,Not Available,5,8,1,0,1,0,,11,1,0,1,0,,8,Not Available,5,12,4,
370245.0,CLINTON REGIONAL HOSPITAL,100 N 30TH STREET,CLINTON,OK,73601,CUSTER,(580) 323-0346,Acute Care Hospitals,Government - Local,Yes,,Not Available,16,7,Not Available,Not Available,Not Available,Not Available,5,8,Not Available,Not Available,Not Available,Not Available,5,11,Not Available,Not Available,Not Available,Not Available,5,8,Not Available,5,12,Not Available,5
371303.0,ROGER MILLS MEMORIAL HOSPITAL,501 SOUTH L L MALES AVENUE,CHEYENNE,OK,73628,ROGER MILLS,(580) 497-3336,Critical Access Hospitals,Voluntary non-profit - Private,Yes,,Not Available,16,7,1,0,1,0,,8,Not Available,Not Available,Not Available,Not Available,5,11,2,0,2,0,,8,Not Available,5,12,4,
371314.0,THE PHYSICIANS' HOSPITAL IN ANADARKO,1002 E CENTRAL BLVD,ANADARKO,OK,73005,CADDO,(405) 247-8236,Critical Access Hospitals,Proprietary,Yes,,Not Available,16,7,Not Available,Not Available,Not Available,Not Available,5,8,Not Available,Not Available,Not Available,Not Available,5,11,2,0,2,0,,8,Not Available,5,12,2,
371326.0,ALLIANCEHEALTH MADILL,901 S 5TH AVE,MADILL,OK,73446,MARSHALL,(580) 795-3384,Critical Access Hospitals,Voluntary non-profit - Other,Yes,,Not Available,16,7,1,0,1,0,,8,Not Available,Not Available,Not Available,Not Available,5,11,3,0,3,0,,8,Not Available,5,12,7,
371336.0,NEWMAN MEMORIAL HOSPITAL,905 SOUTH MAIN STREET,SHATTUCK,OK,73858,ELLIS,(580) 938-2551,Critical Access Hospitals,Government - Local,Yes,,Not Available,16,7,1,0,1,0,,8,Not Available,Not Available,Not Available,Not Available,5,11,3,0,3,0,,8,Not Available,5,12,4,
39006.0,LEBANON VA MEDICAL CENTER,1700 SOUTH LINCOLN AVENUE,LEBANON,PA,17042,LEBANON,(717) 228-5901,Acute Care - Veterans Administration,Veterans Health Administration,Yes,,5,,7,3,1,2,0,,8,2,0,2,0,,11,5,1,4,0,,8,8,,12,5,
43005.0,SIOUX FALLS VA MEDICAL CENTER,2501 WEST 22ND STREET,SIOUX FALLS,SD,57117,MINNEHAHA,(605) 336-3230,Acute Care - Veterans Administration,Veterans Health Administration,Yes,,5,,7,3,0,3,0,,8,2,0,2,0,,11,5,2,3,0,,8,8,,12,5,
45074.0,HOUSTON VA MEDICAL CENTER,2002 HOLCOMBE BLVD.,HOUSTON,TX,77030,HARRIS,(713) 794-7100,Acute Care - Veterans Administration,Veterans Health Administration,Yes,,4,,7,5,3,2,0,,8,4,1,3,0,,11,6,0,5,1,,8,8,,12,7,
50005.0,Madigan AMC (FT Lewis),9040A Jackson Ave,Joint Base Lewis-McChord,WA,98431,PIERCE,(253) 968-1110,Acute Care - Department of Defense,Department of Defense,Yes,,Not Available,22,Not Available,Not Available,Not Available,Not Available,Not Available,22,Not Available,Not Available,Not Available,Not Available,Not Available,22,Not Available,Not Available,Not Available,Not Available,Not Available,22,Not Available,Not Available,22,Not Available,Not Available,22
53004.0,CHEYENNE VA MEDICAL CENTER,2360 E. PERSHING BLVD.,CHEYENNE,WY,82001,LARAMIE,(307) 778-7300,Acute Care - Veterans Administration,Veterans Health Administration,Yes,,5,,7,3,0,3,0,,8,1,0,1,0,,11,4,1,3,0,,8,8,,12,5,
374025.0,"OAKWOOD SPRINGS, LLC",13101 MEMORIAL SPRINGS COURT,OKLAHOMA CITY,OK,73114,OKLAHOMA,(405) 438-3000,Psychiatric,Proprietary,No,,Not Available,19,Not Available,Not Available,Not Available,Not Available,Not Available,19,Not Available,Not Available,Not Available,Not Available,Not Available,19,Not Available,Not Available,Not Available,Not Available,Not Available,19,Not Available,Not Available,19,Not Available,Not Available,19
380017.0,LEGACY GOOD SAMARITAN MEDICAL CENTER,"1015 NW 22ND AVENUE, W121",PORTLAND,OR,97210,MULTNOMAH,(503) 413-7682,Acute Care Hospitals,Voluntary non-profit - Private,Yes,Y,4,,7,6,0,6,0,,8,8,2,6,0,,11,10,0,10,0,,8,8,,12,11,
380047.0,ST CHARLES MEDICAL CENTER - BEND,2500 NE NEFF ROAD,BEND,OR,97701,DESCHUTES,(541) 382-4321,Acute Care Hospitals,Voluntary non-profit - Private,Yes,Y,4,,7,7,0,5,2,,8,8,1,7,0,,11,11,2,9,0,,8,8,,12,11,
380089.0,LEGACY MERIDIAN PARK MEDICAL CENTER,19300 SW 65TH AVENUE,TUALATIN,OR,97062,WASHINGTON,(503) 692-1212,Acute Care Hospitals,Voluntary non-profit - Private,Yes,Y,2,,7,6,0,6,0,,8,7,1,5,1,,11,8,0,7,1,,8,8,,12,12,
381306.0,WALLOWA MEMORIAL HOSPITAL,601 MEDICAL PARKWAY,ENTERPRISE,OR,97828,WALLOWA,(541) 426-3111,Critical Access Hospitals,Government - Hospital District or Authority,Yes,Y,Not Available,16,7,2,0,2,0,,8,Not Available,Not Available,Not Available,Not Available,5,11,3,0,3,0,,8,Not Available,5,12,7,
381316.0,PEACE HARBOR MEDICAL CENTER,400 9TH STREET,FLORENCE,OR,97439,LANE,(541) 997-8412,Critical Access Hospitals,Voluntary non-profit - Church,Yes,Y,Not Available,16,7,2,0,2,0,,8,Not Available,Not Available,Not Available,Not Available,5,11,4,0,4,0,,8,8,,12,10,
383300.0,SHRINERS HOSPITAL FOR CHILDREN - PORTLAND,3101 SW SAM JACKSON PARK ROAD,PORTLAND,OR,97239,MULTNOMAH,(541) 241-5090,Childrens,Voluntary non-profit - Private,No,,Not Available,19,Not Available,Not Available,Not Available,Not Available,Not Available,19,Not Available,Not Available,Not Available,Not Available,Not Available,19,Not Available,Not Available,Not Available,Not Available,Not Available,19,Not Available,Not Available,19,Not Available,Not Available,19
390013.0,WELLSPAN EVANGELICAL COMMUNITY HOSPITAL,ONE HOSPITAL DRIVE,LEWISBURG,PA,17837,UNION,(570) 522-2000,Acute Care Hospitals,Voluntary non-profit - Private,Yes,Y,5,,7,5,0,5,0,,8,5,0,4,1,,11,10,2,8,0,,8,8,,12,11,
390037.0,HERITAGE VALLEY SEWICKLEY,720 BLACKBURN ROAD,SEWICKLEY,PA,15143,ALLEGHENY,(412) 741-6600,Acute Care Hospitals,Voluntary non-profit - Private,Yes,,4,,7,4,0,4,0,,8,4,0,4,0,,11,9,1,7,1,,8,8,,12,11,
390056.0,PENN HIGHLANDS HUNTINGDON,1225 WARM SPRINGS AVE,HUNTINGDON,PA,16652,HUNTINGDON,(814) 643-2290,Acute Care Hospitals,Voluntary non-profit - Other,Yes,,2,,7,4,0,4,0,,8,3,0,3,0,,11,7,0,7,0,,8,8,,12,9,
390073.0,UPMC ALTOONA,620 HOWARD AVENUE,ALTOONA,PA,16601,BLAIR,(814) 889-2011,Acute Care Hospitals,Voluntary non-profit - Private,Yes,Y,2,,7,7,0,7,0,,8,7,1,6,0,,11,11,1,10,0,,8,8,,12,12,
390102.0,UPMC ST MARGARET,815 FREEPORT ROAD,PITTSBURGH,PA,15215,ALLEGHENY,(412) 784-4000,Acute Care Hospitals,Voluntary non-profit - Private,Yes,,3,,7,5,0,5,0,,8,7,0,7,0,,11,9,0,9,0,,8,8,,12,10,
390123.0,POTTSTOWN HOSPITAL,1600 EAST HIGH STREET,POTTSTOWN,PA,19464,MONTGOMERY,(610) 327-7000,Acute Care Hospitals,Voluntary non-profit - Private,Yes,,2,,7,6,0,6,0,,8,7,0,7,0,,11,9,0,9,0,,8,8,,12,10,
390147.0,PENN HIGHLANDS MON VALLEY,1163 COUNTRY CLUB ROAD,MONONGAHELA,PA,15063,WASHINGTON,(724) 258-1000,Acute Care Hospitals,Voluntary non-profit - Private,Yes,,2,,7,5,0,5,0,,8,6,0,6,0,,11,7,0,6,1,,8,8,,12,9,
390173.0,INDIANA REGIONAL MEDICAL CENTER,835 HOSPITAL ROAD,INDIANA,PA,15701,INDIANA,(724) 357-7000,Acute Care Hospitals,Voluntary non-profit - Private,Yes,Y,3,,7,5,0,5,0,,8,7,0,7,0,,11,10,0,9,1,,8,8,,12,9,
390199.0,PUNXSUTAWNEY AREA HOSPITAL,81 HILLCREST DRIVE,PUNXSUTAWNEY,PA,15767,JEFFERSON,(814) 938-1800,Acute Care Hospitals,Voluntary non-profit - Private,Yes,Y,Not Available,16,7,2,0,2,0,,8,2,0,2,0,,11,7,0,7,0,,8,8,,12,9,
390226.0,PENNSYLVANIA HOSPITAL,800 SPRUCE STREET,PHILADELPHIA,PA,19107,PHILADELPHIA,(215) 829-3000,Acute Care Hospitals,Voluntary non-profit - Private,Yes,Y,4,,7,6,2,4,0,,8,8,1,6,1,,11,9,1,8,0,,8,8,,12,11,
390268.0,MOUNT NITTANY MEDICAL CENTER,1800 EAST PARK AVE,STATE COLLEGE,PA,16803,CENTRE,(814) 231-7000,Acute Care Hospitals,Voluntary non-profit - Private,Yes,Y,5,,7,6,0,6,0,,8,7,1,6,0,,11,8,0,8,0,,8,8,,12,10,
390325.0,OSS ORTHOPAEDIC HOSPITAL,1861 POWDER MILL RD,YORK,PA,17402,YORK,(717) 718-2000,Acute Care Hospitals,Proprietary,No,,Not Available,16,7,Not Available,Not Available,Not Available,Not Available,5,8,2,0,2,0,,11,3,2,1,0,,8,8,,12,3,
390335.0,ST LUKE'S HOSPITAL - CARBON CAMPUS,500 ST LUKE'S DRIVE,LEHIGHTON,PA,18235,CARBON,(610) 377-7001,Acute Care Hospitals,Voluntary non-profit - Private,Yes,,4,,7,4,0,4,0,,8,6,1,5,0,,11,7,1,5,1,,8,8,,12,9,
391304.0,BUCKTAIL MEDICAL CENTER,1001 PINE STREET,RENOVO,PA,17764,CLINTON,(570) 923-1000,Critical Access Hospitals,Voluntary non-profit - Private,Yes,,Not Available,16,7,Not Available,Not Available,Not Available,Not Available,5,8,Not Available,Not Available,Not Available,Not Available,5,11,Not Available,Not Available,Not Available,Not Available,5,8,Not Available,5,12,2,
391316.0,UPMC WELLSBORO,32-36 CENTRAL AVENUE,WELLSBORO,PA,16901,TIOGA,(570) 723-7764,Critical Access Hospitals,Voluntary non-profit - Private,Yes,Y,3,,7,4,0,4,0,,8,2,0,2,0,,11,9,0,9,0,,8,8,,12,8,
394008.0,FRIENDS HOSPITAL,4641 ROOSEVELT BOULEVARD,PHILADELPHIA,PA,19124,PHILADELPHIA,(215) 831-4600,Psychiatric,Proprietary,No,,Not Available,19,Not Available,Not Available,Not Available,Not Available,Not Available,19,Not Available,Not Available,Not Available,Not Available,Not Available,19,Not Available,Not Available,Not Available,Not Available,Not Available,19,Not Available,Not Available,19,Not Available,Not Available,19
394038.0,FOUNDATIONS BEHAVIORAL HEALTH,833 EAST BUTLER AVE,DOYLESTOWN,PA,18901,BUCKS,(215) 345-0444,Psychiatric,Voluntary non-profit - Private,No,,Not Available,19,Not Available,Not Available,Not Available,Not Available,Not Available,19,Not Available,Not Available,Not Available,Not Available,Not Available,19,Not Available,Not Available,Not Available,Not Available,Not Available,19,Not Available,Not Available,19,Not Available,Not Available,19
394057.0,MALVERN BEHAVIORAL HEALTH,1930 SOUTH BROAD STREET,PHILADELPHIA,PA,19145,PHILADELPHIA,(610) 647-0330,Psychiatric,Voluntary non-profit - Other,No,,Not Available,19,Not Available,Not Available,Not Available,Not Available,Not Available,19,Not Available,Not Available,Not Available,Not Available,Not Available,19,Not Available,Not Available,Not Available,Not Available,Not Available,19,Not Available,Not Available,19,Not Available,Not Available,19
400011.0,"HOSPITAL MENONITA HUMACAO, INC",300  AVE FONT MARTELLO,HUMACAO,PR,792,HUMACAO,(787) 434-1700,Acute Care Hospitals,Proprietary,Yes,,Not Available,16,7,Not Available,Not Available,Not Available,Not Available,5,8,Not Available,Not Available,Not Available,Not Available,5,11,1,0,1,0,,8,Not Available,5,12,3,
400032.0,BAYAMON MEDICAL CENTER,CARRETERA #2 KM 11 7,BAYAMON,PR,960,BAYAMON,(787) 620-8181,Acute Care Hospitals,Proprietary,Yes,Y,Not Available,16,7,Not Available,Not Available,Not Available,Not Available,5,8,2,0,0,2,,11,1,0,1,0,,8,8,,12,5,
400105.0,HOSPITAL UNIVERSITARIO DR RUIZ ARNAU,LAUREL AVE SANTA JUANITA #100,BAYAMON,PR,956,BAYAMON,(787) 787-5151,Acute Care Hospitals,Government - State,Yes,,Not Available,16,7,Not Available,Not Available,Not Available,Not Available,5,8,Not Available,Not Available,Not Available,Not Available,5,11,1,0,1,0,,8,Not Available,5,12,1,
400118.0,"DOCTORS' CENTER HOSPITAL, INC","MARGINAL CARRETERA NO 2, KM 47.7",MANATI,PR,674,MANATI,(787) 853-3322,Acute Care Hospitals,Proprietary,Yes,Y,2,,7,Not Available,Not Available,Not Available,Not Available,5,8,4,3,1,0,,11,1,0,1,0,,8,8,,12,6,
400132.0,DOCTORS CENTER HOSPITAL  CAROLINA LLC,EDIF JESUS T PINEIRO AVE FERNANDEZ JUNCOS BO PUEBL,CAROLINA,PR,979,SAN JUAN,(787) 725-6038,Acute Care Hospitals,Proprietary,Yes,,Not Available,16,7,Not Available,Not Available,Not Available,Not Available,5,8,Not Available,Not Available,Not Available,Not Available,5,11,1,0,1,0,,8,8,,12,2,
404007.0,HOSPITAL METROPOLITANO  PSIQUIATRICO DE CABO ROJO,108 MUNOZ RIVERA STREET,CABO ROJO,PR,623,CABO ROJO,(787) 851-2025,Psychiatric,Proprietary,No,,Not Available,19,Not Available,Not Available,Not Available,Not Available,Not Available,19,Not Available,Not Available,Not Available,Not Available,Not Available,19,Not Available,Not Available,Not Available,Not Available,Not Available,19,Not Available,Not Available,19,Not Available,Not Available,19
410012.0,THE MIRIAM HOSPITAL,164 SUMMIT AVENUE,PROVIDENCE,RI,2906,PROVIDENCE,(401) 793-2500,Acute Care Hospitals,Voluntary non-profit - Private,Yes,,4,,7,6,1,5,0,,8,7,3,4,0,,11,10,0,10,0,,8,8,,12,10,
420011.0,CANNON MEMORIAL HOSPITAL,123 W G ACKER DRIVE,PICKENS,SC,29671,PICKENS,(864) 878-4791,Acute Care Hospitals,Voluntary non-profit - Private,Yes,,Not Available,16,7,1,0,1,0,,8,1,0,1,0,,11,3,0,3,0,,8,Not Available,5,12,8,
420036.0,MUSC HEALTH LANCASTER MEDICAL CENTER,800 W MEETING ST,LANCASTER,SC,29720,LANCASTER,(803) 286-1481,Acute Care Hospitals,Proprietary,Yes,Y,2,,7,5,0,4,1,,8,6,1,5,0,,11,6,0,6,0,,8,8,,12,9,
420067.0,BEAUFORT COUNTY MEMORIAL HOSPITAL,955 RIBAUT RD,BEAUFORT,SC,29902,BEAUFORT,(843) 522-5200,Acute Care Hospitals,Government - Local,Yes,Y,3,,7,6,0,6,0,,8,7,0,7,0,,11,10,0,10,0,,8,8,,12,12,
420086.0,PRISMA HEALTH BAPTIST,1330 TAYLOR AT MARION ST,COLUMBIA,SC,29220,RICHLAND,(803) 296-5678,Acute Care Hospitals,Voluntary non-profit - Private,Yes,Y,5,,7,5,0,5,0,,8,8,3,5,0,,11,7,0,7,0,,8,8,,12,9,
420106.0,PRISMA HEALTH BAPTIST PARKRIDGE,400 PALMETTO HEALTH PARKWAY,COLUMBIA,SC,29212,LEXINGTON,(803) 907-7011,Acute Care Hospitals,Voluntary non-profit - Private,Yes,Y,4,,7,3,0,3,0,,8,5,1,4,0,,11,6,0,6,0,,8,8,,12,10,
424005.0,G WERBER BRYAN PSYCH HOSP,220 FAISON DR,COLUMBIA,SC,29203,RICHLAND,(803) 935-7143,Psychiatric,Government - State,No,,Not Available,19,Not Available,Not Available,Not Available,Not Available,Not Available,19,Not Available,Not Available,Not Available,Not Available,Not Available,19,Not Available,Not Available,Not Available,Not Available,Not Available,19,Not Available,Not Available,19,Not Available,Not Available,19
430014.0,AVERA ST LUKES,305 S STATE ST  POST OFFICE BOX 4450,ABERDEEN,SD,57401,BROWN,(605) 622-5000,Acute Care Hospitals,Voluntary non-profit - Church,Yes,Y,5,,7,6,0,6,0,,8,6,0,6,0,,11,9,1,8,0,,8,8,,12,10,
430093.0,SAME DAY SURGERY CENTER LLC,651 CATHEDRAL DRIVE,RAPID CITY,SD,57701,PENNINGTON,(605) 755-9900,Acute Care Hospitals,Proprietary,No,,Not Available,16,7,Not Available,Not Available,Not Available,Not Available,5,8,2,0,2,0,,11,2,0,2,0,,8,Not Available,5,12,4,
431307.0,SANFORD CLEAR LAKE MEDICAL CENTER,701 THIRD AVENUE SOUTH,CLEAR LAKE,SD,57226,DEUEL,(605) 874-2141,Critical Access Hospitals,Voluntary non-profit - Private,Yes,,Not Available,16,7,Not Available,Not Available,Not Available,Not Available,5,8,Not Available,Not Available,Not Available,Not Available,5,11,Not Available,Not Available,Not Available,Not Available,5,8,Not Available,5,12,3,
431317.0,LANDMANN-JUNGMAN MEMORIAL HOSPITAL - CAH,600 BILLARS ST,SCOTLAND,SD,57059,BON HOMME,(605) 583-2226,Critical Access Hospitals,Voluntary non-profit - Private,Yes,,Not Available,16,7,Not Available,Not Available,Not Available,Not Available,5,8,Not Available,Not Available,Not Available,Not Available,5,11,Not Available,Not Available,Not Available,Not Available,5,8,Not Available,5,12,3,
431327.0,ST MICHAEL'S HOSPITAL - CAH,410 W 16TH AVE,TYNDALL,SD,57066,BON HOMME,(605) 589-2100,Critical Access Hospitals,Government - Local,Yes,,Not Available,16,7,Not Available,Not Available,Not Available,Not Available,5,8,Not Available,Not Available,Not Available,Not Available,5,11,2,0,2,0,,8,Not Available,5,12,3,
431337.0,AVERA HAND COUNTY MEMORIAL HOSPITAL AND CLINIC,300 W 5TH ST,MILLER,SD,57362,HAND,(605) 853-2421,Critical Access Hospitals,Voluntary non-profit - Private,Yes,,Not Available,16,7,2,0,2,0,,8,Not Available,Not Available,Not Available,Not Available,5,11,4,0,4,0,,8,Not Available,5,12,5,
440007.0,UNITY MEDICAL CENTER,481 INTERSTATE DRIVE,MANCHESTER,TN,37355,COFFEE,(931) 728-6354,Acute Care Hospitals,Voluntary non-profit - Private,Yes,,Not Available,16,7,2,0,2,0,,8,1,0,1,0,,11,5,1,4,0,,8,8,,12,8,
440029.0,WILLIAMSON MEDICAL CENTER,4321 CAROTHERS PARKWAY,FRANKLIN,TN,37067,WILLIAMSON,(615) 435-5000,Acute Care Hospitals,Government - Hospital District or Authority,Yes,Y,4,,7,6,0,6,0,,8,8,1,7,0,,11,8,3,5,0,,8,8,,12,12,
440049.0,METHODIST HOSPITALS OF MEMPHIS,1265 UNION AVE SUITE 700,MEMPHIS,TN,38104,SHELBY,(901) 516-8274,Acute Care Hospitals,Voluntary non-profit - Church,Yes,Y,4,,7,7,0,7,0,,8,8,4,4,0,,11,11,0,11,0,,8,8,,12,12,
440065.0,TRISTAR NORTHCREST MEDICAL CENTER,100 NORTHCREST DRIVE,SPRINGFIELD,TN,37172,ROBERTSON,(615) 384-2411,Acute Care Hospitals,Voluntary non-profit - Other,Yes,Y,3,,7,5,0,5,0,,8,3,1,2,0,,11,7,0,7,0,,8,8,,12,10,
440109.0,HARDIN MEDICAL CENTER,935 WAYNE ROAD,SAVANNAH,TN,38372,HARDIN,(731) 926-8121,Acute Care Hospitals,Government - Local,Yes,Y,Not Available,16,7,2,0,1,1,,8,1,0,1,0,,11,6,0,6,0,,8,8,,12,9,
440148.0,DEKALB COMMUNITY HOSPITAL,520 W MAIN ST,SMITHVILLE,TN,37166,DE KALB,(615) 215-5000,Acute Care Hospitals,Voluntary non-profit - Church,Yes,,Not Available,16,7,1,0,1,0,,8,Not Available,Not Available,Not Available,Not Available,5,11,3,0,3,0,,8,Not Available,5,12,7,
440176.0,INDIAN PATH COMMUNITY HOSPITAL,2000 BROOKSIDE DR,KINGSPORT,TN,37660,SULLIVAN,(423) 857-7000,Acute Care Hospitals,Voluntary non-profit - Private,Yes,Y,3,,7,1,0,1,0,,8,3,0,3,0,,11,5,0,5,0,,8,8,,12,8,
440217.0,BAPTIST MEMORIAL HOSPITAL-COLLIERVILLE,1500 W POPLAR AVE,COLLIERVILLE,TN,38017,SHELBY,(901) 861-9000,Acute Care Hospitals,Voluntary non-profit - Other,Yes,,Not Available,5,Not Available,Not Available,Not Available,Not Available,Not Available,5,Not Available,Not Available,Not Available,Not Available,Not Available,5,Not Available,Not Available,Not Available,Not Available,Not Available,5,Not Available,Not Available,5,Not Available,Not Available,5
441303.0,ASCENSION SAINT THOMAS THREE RIVERS,451 HIGHWAY 13 SOUTH,WAVERLY,TN,37185,HUMPHREYS,(931) 296-4203,Critical Access Hospitals,Voluntary non-profit - Private,Yes,,Not Available,16,7,1,0,1,0,,8,Not Available,Not Available,Not Available,Not Available,5,11,2,0,2,0,,8,Not Available,5,12,6,
441320.0,WEST TENNESSEE HEALTHCARE BOLIVAR HOSPITAL,650 NUCKOLLS ROAD,BOLIVAR,TN,38008,HARDEMAN,(731) 658-3100,Critical Access Hospitals,Government - Hospital District or Authority,Yes,,Not Available,16,7,Not Available,Not Available,Not Available,Not Available,5,8,Not Available,Not Available,Not Available,Not Available,5,11,Not Available,Not Available,Not Available,Not Available,5,8,Not Available,5,12,5,
444007.0,ROLLING HILLS PSYCHIATRIC HOSPITAL,2014 QUAIL HOLLOW CIRCLE,FRANKLIN,TN,37067,WILLIAMSON,(615) 226-4930,Psychiatric,Voluntary non-profit - Private,Yes,,Not Available,19,Not Available,Not Available,Not Available,Not Available,Not Available,19,Not Available,Not Available,Not Available,Not Available,Not Available,19,Not Available,Not Available,Not Available,Not Available,Not Available,19,Not Available,Not Available,19,Not Available,Not Available,19
444027.0,CREEKSIDE BEHAVIORAL HEALTH,1025 EXECUTIVE PARK BLVD,KINGSPORT,TN,37660,SULLIVAN,(423) 830-8207,Psychiatric,Proprietary,No,,Not Available,19,Not Available,Not Available,Not Available,Not Available,Not Available,19,Not Available,Not Available,Not Available,Not Available,Not Available,19,Not Available,Not Available,Not Available,Not Available,Not Available,19,Not Available,Not Available,19,Not Available,Not Available,19
450015.0,PARKLAND HEALTH & HOSPITAL SYSTEM,5200 HARRY HINES BLVD,DALLAS,TX,75235,DALLAS,(214) 590-8000,Acute Care Hospitals,Government - Hospital District or Authority,Yes,Y,2,,7,6,1,5,0,,8,7,1,5,1,,11,8,0,8,0,,8,8,,12,10,
450035.0,ST JOSEPH MEDICAL CENTER,1401 ST. JOSEPH PARKWAY,HOUSTON,TX,77002,HARRIS,(713) 757-1000,Acute Care Hospitals,Physician,Yes,Y,2,,7,2,0,2,0,,8,6,1,5,0,,11,6,0,6,0,,8,8,,12,9,
450058.0,BAPTIST MEDICAL CENTER,111 DALLAS STREET,SAN ANTONIO,TX,78205,BEXAR,(210) 297-8256,Acute Care Hospitals,Proprietary,Yes,Y,3,,7,7,0,6,1,,8,8,4,4,0,,11,9,1,8,0,,8,8,,12,10,
450092.0,FORT DUNCAN MEDICAL CENTER,3333 N FOSTER MALDONADO BLVD,EAGLE PASS,TX,78852,MAVERICK,(830) 773-5321,Acute Care Hospitals,Proprietary,Yes,Y,3,,7,3,0,3,0,,8,4,1,3,0,,11,4,1,3,0,,8,8,,12,10,
450132.0,MEDICAL CENTER HOSPITAL,500 W 4TH STREET,ODESSA,TX,79761,ECTOR,(432) 640-4000,Acute Care Hospitals,Government - Hospital District or Authority,Yes,Y,2,,7,7,0,7,0,,8,8,1,7,0,,11,9,0,9,0,,8,8,,12,12,
450155.0,HEREFORD REGIONAL MEDICAL CENTER,801 EAST THIRD,HEREFORD,TX,79045,DEAF SMITH,(806) 364-2141,Acute Care Hospitals,Government - Hospital District or Authority,Yes,Y,Not Available,16,7,1,0,1,0,,8,Not Available,Not Available,Not Available,Not Available,5,11,2,0,2,0,,8,Not Available,5,12,7,
450203.0,MEDICAL CITY WEATHERFORD,713 E ANDERSON ST,WEATHERFORD,TX,76086,PARKER,(682) 582-1000,Acute Care Hospitals,Proprietary,Yes,Y,2,,7,6,0,6,0,,8,5,1,4,0,,11,8,0,7,1,,8,8,,12,10,
450237.0,CHRISTUS SANTA ROSA MEDICAL CENTER,2827 BABCOCK ROAD,SAN ANTONIO,TX,78229,BEXAR,(210) 704-3342,Acute Care Hospitals,Voluntary non-profit - Private,Yes,Y,3,,7,7,0,7,0,,8,8,1,6,1,,11,11,0,11,0,,8,8,,12,11,
450347.0,HUNTSVILLE MEMORIAL HOSPITAL,110 MEMORIAL HOSPITAL DRIVE,HUNTSVILLE,TX,77340,WALKER,(936) 291-3411,Acute Care Hospitals,Voluntary non-profit - Private,Yes,Y,3,,7,5,0,5,0,,8,5,0,5,0,,11,6,0,6,0,,8,8,,12,10,
450395.0,CHI ST LUKES HEALTH MEMORIAL LIVINGSTON,1717 HWY 59 BYPASS,LIVINGSTON,TX,77351,POLK,(936) 327-4381,Acute Care Hospitals,Voluntary non-profit - Private,Yes,Y,4,,7,3,0,3,0,,8,2,0,2,0,,11,6,0,6,0,,8,8,,12,11,
450451.0,GLEN ROSE MEDICAL CENTER,1021 HOLDEN STREET,GLEN ROSE,TX,76043,SOMERVELL,(254) 897-2215,Acute Care Hospitals,Government - Hospital District or Authority,Yes,,Not Available,16,7,1,0,1,0,,8,1,0,1,0,,11,4,0,3,1,,8,Not Available,5,12,9,
450518.0,THE MEDICAL CENTER OF SOUTHEAST TEXAS,2555 JIMMY JOHNSON BLVD,PORT ARTHUR,TX,77640,JEFFERSON,(409) 853-5900,Acute Care Hospitals,Physician,Yes,Y,3,,7,6,0,6,0,,8,5,1,4,0,,11,8,0,8,0,,8,8,,12,10,
450597.0,CUERO REGIONAL HOSPITAL,2550 N ESPLANADE,CUERO,TX,77954,DE WITT,(361) 275-6191,Acute Care Hospitals,Government - Hospital District or Authority,Yes,Y,Not Available,16,7,2,0,2,0,,8,2,0,2,0,,11,5,1,4,0,,8,Not Available,5,12,9,
450647.0,MEDICAL CITY DALLAS HOSPITAL,7777 FOREST LANE,DALLAS,TX,75230,DALLAS,(972) 566-6222,Acute Care Hospitals,Proprietary,Yes,Y,3,,7,7,0,7,0,,8,8,1,7,0,,11,11,0,10,1,,8,8,,12,10,
450669.0,MEDICAL CITY LEWISVILLE,500 WEST MAIN STREET,LEWISVILLE,TX,75057,DENTON,(972) 420-1000,Acute Care Hospitals,Voluntary non-profit - Private,Yes,Y,4,,7,6,0,6,0,,8,5,1,4,0,,11,7,0,7,0,,8,8,,12,10,
450690.0,THE UNIVERSITY OF TEXAS HEALTH SCIENCE CENTER AT TYLER,11937 US HIGHWAY 271,TYLER,TX,75708,SMITH,(903) 877-7777,Acute Care Hospitals,Government - State,Yes,,3,,7,3,0,3,0,,8,2,0,2,0,,11,7,0,6,1,,8,8,,12,9,
450742.0,BAYLOR SCOTT AND WHITE MEDICAL CENTER LAKE POINTE,6800 SCENIC DR,ROWLETT,TX,75088,DALLAS,(972) 412-2273,Acute Care Hospitals,Voluntary non-profit - Private,Yes,Y,3,,7,6,0,6,0,,8,7,1,5,1,,11,7,0,7,0,,8,8,,12,10,
450804.0,TEXAS ORTHOPEDIC HOSPITAL,7401 SOUTH MAIN STREET,HOUSTON,TX,77030,HARRIS,(713) 799-8600,Acute Care Hospitals,Voluntary non-profit - Other,Yes,,Not Available,16,7,Not Available,Not Available,Not Available,Not Available,5,8,2,1,1,0,,11,3,1,2,0,,8,8,,12,6,
450834.0,"PHYSICIANS CENTRE,THE",3131 UNIVERSITY DRIVE EAST,BRYAN,TX,77802,BRAZOS,(979) 731-3100,Acute Care Hospitals,Proprietary,Yes,,Not Available,16,7,Not Available,Not Available,Not Available,Not Available,5,8,2,0,2,0,,11,3,0,2,1,,8,8,,12,5,
450862.0,ST LUKE'S THE WOODLANDS HOSPITAL,17200 ST LUKE'S WAY,THE WOODLANDS,TX,77384,MONTGOMERY,(936) 266-4050,Acute Care Hospitals,Voluntary non-profit - Private,Yes,Y,4,,7,7,0,7,0,,8,7,1,6,0,,11,10,0,10,0,,8,8,,12,9,
450883.0,BAYLOR MEDICAL CENTER AT TROPHY CLUB,2850  E STATE HIGHWAY 114,TROPHY CLUB,TX,76262,DENTON,(817) 837-4600,Acute Care Hospitals,Proprietary,Yes,,Not Available,16,7,Not Available,Not Available,Not Available,Not Available,5,8,2,0,2,0,,11,3,0,2,1,,8,Not Available,5,12,5,
451304.0,SCHLEICHER COUNTY MEDICAL CENTER,102 NORTH US HIGHWAY 277,ELDORADO,TX,76936,SCHLEICHER,(325) 853-2507,Critical Access Hospitals,Proprietary,Yes,,Not Available,16,7,Not Available,Not Available,Not Available,Not Available,5,8,Not Available,Not Available,Not Available,Not Available,5,11,Not Available,Not Available,Not Available,Not Available,5,8,Not Available,5,12,2,
451314.0,WINKLER COUNTY MEMORIAL HOSPITAL,821 JEFFEE DRIVE,KERMIT,TX,79745,WINKLER,(432) 586-5865,Critical Access Hospitals,Government - Local,Yes,,Not Available,16,7,Not Available,Not Available,Not Available,Not Available,5,8,Not Available,Not Available,Not Available,Not Available,5,11,Not Available,Not Available,Not Available,Not Available,5,8,Not Available,5,12,1,
451325.0,CONCHO COUNTY HOSPITAL,614 EAKER STREET,EDEN,TX,76837,CONCHO,(915) 869-5911,Critical Access Hospitals,Government - Local,Yes,,Not Available,16,7,Not Available,Not Available,Not Available,Not Available,5,8,Not Available,Not Available,Not Available,Not Available,5,11,Not Available,Not Available,Not Available,Not Available,5,8,Not Available,5,12,Not Available,5
451338.0,CULBERSON HOSPITAL,EISENHOWER ROAD AND FM 2185,VAN HORN,TX,79855,CULBERSON,(432) 283-2760,Critical Access Hospitals,Voluntary non-profit - Other,Yes,,Not Available,16,7,Not Available,Not Available,Not Available,Not Available,5,8,Not Available,Not Available,Not Available,Not Available,5,11,Not Available,Not Available,Not Available,Not Available,5,8,Not Available,5,12,3,
451349.0,SWISHER MEMORIAL HOSPITAL,539 SOUTHEAST 2ND,TULIA,TX,79088,SWISHER,(806) 995-3581,Critical Access Hospitals,Voluntary non-profit - Private,Yes,,Not Available,16,7,Not Available,Not Available,Not Available,Not Available,5,8,Not Available,Not Available,Not Available,Not Available,5,11,1,0,1,0,,8,Not Available,5,12,1,
451361.0,SABINE COUNTY HOSPITAL,"PO BOX 750, 2301 HWY 83 W",HEMPHILL,TX,75948,SABINE,(409) 787-3300,Critical Access Hospitals,Proprietary,Yes,,Not Available,16,7,1,0,1,0,,8,Not Available,Not Available,Not Available,Not Available,5,11,3,0,3,0,,8,Not Available,5,12,5,
451372.0,MULESHOE AREA MEDICAL CENTER,708 S 1ST ST,MULESHOE,TX,79347,BAILEY,(806) 272-4524,Critical Access Hospitals,Proprietary,Yes,,Not Available,16,7,Not Available,Not Available,Not Available,Not Available,5,8,Not Available,Not Available,Not Available,Not Available,5,11,Not Available,Not Available,Not Available,Not Available,5,8,Not Available,5,12,2,
451382.0,COMANCHE COUNTY MEDICAL CENTER,10201 HWY 16,COMANCHE,TX,76442,COMANCHE,(254) 879-4900,Critical Access Hospitals,Voluntary non-profit - Private,Yes,,1,,7,4,0,4,0,,8,1,0,1,0,,11,5,0,5,0,,8,Not Available,5,12,7,
451394.0,KNOX COUNTY HOSPITAL,701 SOUTHEAST 5TH STREET,KNOX CITY,TX,79529,KNOX,(940) 657-3535,Critical Access Hospitals,Government - Hospital District or Authority,Yes,,Not Available,16,7,Not Available,Not Available,Not Available,Not Available,5,8,Not Available,Not Available,Not Available,Not Available,5,11,Not Available,Not Available,Not Available,Not Available,5,8,Not Available,5,12,1,
453306.0,COVENANT CHILDRENS HOSPITAL,4015 22ND PLACE,LUBBOCK,TX,79410,LUBBOCK,(806) 725-7975,Childrens,Voluntary non-profit - Private,Yes,,Not Available,19,Not Available,Not Available,Not Available,Not Available,Not Available,19,Not Available,Not Available,Not Available,Not Available,Not Available,19,Not Available,Not Available,Not Available,Not Available,Not Available,19,Not Available,Not Available,19,Not Available,Not Available,19
453319.0,TEXAS CHILDRENS HOSPITAL NORTH AUSTIN CAMPUS,9835 NORTH LAKE CREEK PARKWAY BLDG A,AUSTIN,TX,78717,WILLIAMSON,(832) 824-1100,Childrens,Voluntary non-profit - Private,Yes,,Not Available,19,Not Available,Not Available,Not Available,Not Available,Not Available,19,Not Available,Not Available,Not Available,Not Available,Not Available,19,Not Available,Not Available,Not Available,Not Available,Not Available,19,Not Available,Not Available,19,Not Available,Not Available,19
454029.0,ASCENSION SETON SHOAL CREEK,3501 MILLS AVE,AUSTIN,TX,78731,TRAVIS,(512) 452-0361,Psychiatric,Voluntary non-profit - Private,No,,Not Available,19,Not Available,Not Available,Not Available,Not Available,Not Available,19,Not Available,Not Available,Not Available,Not Available,Not Available,19,Not Available,Not Available,Not Available,Not Available,Not Available,19,Not Available,Not Available,19,Not Available,Not Available,19
454094.0,MEDICAL CITY GREEN OAKS HOSPITAL,7808 CLODUS FIELDS DRIVE,DALLAS,TX,75251,DALLAS,(972) 991-9504,Psychiatric,Voluntary non-profit - Other,No,,Not Available,19,Not Available,Not Available,Not Available,Not Available,Not Available,19,Not Available,Not Available,Not Available,Not Available,Not Available,19,Not Available,Not Available,Not Available,Not Available,Not Available,19,Not Available,Not Available,19,Not Available,Not Available,19
454117.0,OCEANS BEHAVIORAL HOSPITAL OF LONGVIEW,615 CLINIC DR,LONGVIEW,TX,75605,GREGG,(903) 212-3105,Psychiatric,Proprietary,No,,Not Available,19,Not Available,Not Available,Not Available,Not Available,Not Available,19,Not Available,Not Available,Not Available,Not Available,Not Available,19,Not Available,Not Available,Not Available,Not Available,Not Available,19,Not Available,Not Available,19,Not Available,Not Available,19
454129.0,GEORGETOWN BEHAVIORAL HEALTH INSTITUTE,3101 S AUSTIN AVENUE,GEORGETOWN,TX,78626,WILLIAMSON,(248) 905-5091,Psychiatric,Proprietary,No,,Not Available,19,Not Available,Not Available,Not Available,Not Available,Not Available,19,Not Available,Not Available,Not Available,Not Available,Not Available,19,Not Available,Not Available,Not Available,Not Available,Not Available,19,Not Available,Not Available,19,Not Available,Not Available,19
454147.0,OCEANS BEHAVIORAL HOSPITAL OF PASADENA,4001 PRESTON AVENUE,PASADENA,TX,77505,HARRIS,(832) 619-8836,Psychiatric,Proprietary,No,,Not Available,19,Not Available,Not Available,Not Available,Not Available,Not Available,19,Not Available,Not Available,Not Available,Not Available,Not Available,19,Not Available,Not Available,Not Available,Not Available,Not Available,19,Not Available,Not Available,19,Not Available,Not Available,19
454157.0,OCEANS BEHAVIORAL HOSPITAL OF LUBBOCK,4202 PRINCETON STREET,LUBBOCK,TX,79415,LUBBOCK,(806) 516-1190,Psychiatric,Proprietary,No,,Not Available,19,Not Available,Not Available,Not Available,Not Available,Not Available,19,Not Available,Not Available,Not Available,Not Available,Not Available,19,Not Available,Not Available,Not Available,Not Available,Not Available,19,Not Available,Not Available,19,Not Available,Not Available,19
460010.0,INTERMOUNTAIN MEDICAL CENTER,5121 SOUTH COTTONWOOD STREET,MURRAY,UT,84107,SALT LAKE,(801) 507-7000,Acute Care Hospitals,Voluntary non-profit - Private,Yes,Y,5,,7,7,2,5,0,,8,7,2,5,0,,11,10,4,6,0,,8,8,,12,11,
460030.0,ASHLEY REGIONAL MEDICAL CENTER,150 WEST 100 NORTH,VERNAL,UT,84078,UINTAH,(435) 789-3342,Acute Care Hospitals,Proprietary,Yes,Y,Not Available,16,7,2,0,2,0,,8,2,0,2,0,,11,5,0,5,0,,8,8,,12,9,
460057.0,PARK CITY HOSPITAL,900 ROUND VALLEY DRIVE,PARK CITY,UT,84060,SUMMIT,(435) 658-6700,Acute Care Hospitals,Proprietary,Yes,Y,4,,7,1,0,1,0,,8,3,0,3,0,,11,5,0,5,0,,8,8,,12,9,
461305.0,MILFORD MEMORIAL HOSPITAL,850 NORTH MAIN STREET,MILFORD,UT,84751,BEAVER,(435) 387-2411,Critical Access Hospitals,Voluntary non-profit - Other,Yes,,Not Available,16,7,Not Available,Not Available,Not Available,Not Available,5,8,Not Available,Not Available,Not Available,Not Available,5,11,Not Available,Not Available,Not Available,Not Available,5,8,Not Available,5,12,2,
464012.0,MARIAN CENTER,451 EAST BISHOP FEDERAL LANE,SALT LAKE CITY,UT,84115,SALT LAKE,(801) 468-6856,Psychiatric,Proprietary,No,,Not Available,19,Not Available,Not Available,Not Available,Not Available,Not Available,19,Not Available,Not Available,Not Available,Not Available,Not Available,19,Not Available,Not Available,Not Available,Not Available,Not Available,19,Not Available,Not Available,19,Not Available,Not Available,19
471301.0,GIFFORD MEDICAL CENTER,44 SOUTH MAIN STREET,RANDOLPH,VT,5060,ORANGE,(802) 728-4441,Critical Access Hospitals,Voluntary non-profit - Private,Yes,,4,,7,4,0,4,0,,8,1,0,1,0,,11,5,0,5,0,,8,8,,12,4,
480002.0,GOV JUAN F LUIS HOSPITAL & MEDICAL CTR,"#4007 EST DIAMOND RUBY, CHRISTIANSTED",ST CROIX,VI,820,SAINT CROIX ISLAND,(340) 778-6311,Acute Care Hospitals,Government - State,Yes,,1,17,7,3,0,3,0,,8,Not Available,Not Available,Not Available,Not Available,5,11,3,0,3,0,,8,8,,12,1,
490020.0,JOHN RANDOLPH MEDICAL CENTER,411 WEST RANDOLPH ROAD,HOPEWELL,VA,23860,HOPEWELL CITY,(804) 541-1600,Acute Care Hospitals,Proprietary,Yes,,3,,7,5,0,5,0,,8,5,1,4,0,,11,7,0,7,0,,8,8,,12,9,
490041.0,MARY IMMACULATE HOSPITAL,2 BERNARDINE DRIVE,NEWPORT NEWS,VA,23602,NEWPORT NEWS CITY,(757) 886-6000,Acute Care Hospitals,Voluntary non-profit - Private,Yes,Y,3,,7,5,0,5,0,,8,5,1,4,0,,11,8,1,7,0,,8,8,,12,9,
490057.0,SENTARA VIRGINIA BEACH GENERAL HOSPITAL,1060 FIRST COLONIAL ROAD,VIRGINIA BEACH,VA,23454,VIRGINIA BEACH CITY,(757) 395-8000,Acute Care Hospitals,Voluntary non-profit - Other,Yes,,4,,7,7,0,7,0,,8,6,2,4,0,,11,8,0,6,2,,8,8,,12,11,
490088.0,CENTRA BEDFORD MEMORIAL HOSPITAL,1613 OAKWOOD STREET,BEDFORD,VA,24523,BEDFORD,(540) 586-2441,Acute Care Hospitals,Voluntary non-profit - Private,Yes,,4,,7,4,0,4,0,,8,2,0,2,0,,11,6,0,6,0,,8,8,,12,10,
490107.0,RESTON HOSPITAL CENTER,1850 TOWN CENTER PARKWAY,RESTON,VA,20190,FAIRFAX,(703) 689-9000,Acute Care Hospitals,Voluntary non-profit - Private,Yes,,3,,7,6,0,6,0,,8,7,4,3,0,,11,8,0,6,2,,8,8,,12,10,
490119.0,SENTARA PRINCESS ANNE HOSPITAL,2025 GLENN MITCHELL DRIVE,VIRGINIA BEACH,VA,23456,VIRGINIA BEACH CITY,(757) 507-1520,Acute Care Hospitals,Voluntary non-profit - Other,No,Y,4,,7,6,0,6,0,,8,7,1,6,0,,11,8,0,8,0,,8,8,,12,12,
490144.0,UVA HEALTH HAYMARKET MEDICAL CENTER,15225 HEALTHCOTE BOULEVARD,HAYMARKET,VA,20169,PRINCE WILLIAM,(571) 284-1000,Acute Care Hospitals,Voluntary non-profit - Private,Yes,,4,,7,4,0,3,1,,8,5,1,4,0,,11,7,0,7,0,,8,8,,12,9,
493300.0,CUMBERLAND HOSPITAL LLC,9407 CUMBERLAND ROAD,NEW KENT,VA,23124,NEW KENT,(804) 966-2242,Childrens,Proprietary,No,,Not Available,19,Not Available,Not Available,Not Available,Not Available,Not Available,19,Not Available,Not Available,Not Available,Not Available,Not Available,19,Not Available,Not Available,Not Available,Not Available,Not Available,19,Not Available,Not Available,19,Not Available,Not Available,19
494033.0,CATAWBA HOSPITAL,5525 CATAWBA HOSPITAL DRIVE,CATAWBA,VA,24070,ROANOKE,(540) 375-4200,Psychiatric,Government - State,No,,Not Available,19,Not Available,Not Available,Not Available,Not Available,Not Available,19,Not Available,Not Available,Not Available,Not Available,Not Available,19,Not Available,Not Available,Not Available,Not Available,Not Available,19,Not Available,Not Available,19,Not Available,Not Available,19
500019.0,PROVIDENCE CENTRALIA HOSPITAL,914 S SCHEUBER ROAD,CENTRALIA,WA,98531,LEWIS,(360) 330-8530,Acute Care Hospitals,Voluntary non-profit - Other,Yes,Y,4,,7,5,0,5,0,,8,6,1,5,0,,11,9,0,9,0,,8,8,,12,11,
500037.0,ASTRIA TOPPENISH HOSPITAL,502 W FOURTH AVE,TOPPENISH,WA,98948,YAKIMA,(509) 865-1520,Acute Care Hospitals,Voluntary non-profit - Private,Yes,,Not Available,16,7,1,0,1,0,,8,Not Available,Not Available,Not Available,Not Available,5,11,4,0,4,0,,8,Not Available,5,12,8,
500060.0,CASCADE VALLEY HOSPITAL,330 S STILLAGUAMISH AVE,ARLINGTON,WA,98223,SNOHOMISH,(360) 435-2133,Acute Care Hospitals,Government - Hospital District or Authority,Yes,Y,1,,7,2,0,2,0,,8,3,0,2,1,,11,5,0,5,0,,8,8,,12,10,
500129.0,TACOMA GENERAL ALLENMORE HOSPITAL,315 S MLK JR WAY,TACOMA,WA,98405,PIERCE,(253) 403-1000,Acute Care Hospitals,Voluntary non-profit - Private,Yes,Y,2,,7,7,0,7,0,,8,8,1,7,0,,11,11,0,9,2,,8,8,,12,11,
501304.0,SUMMIT PACIFIC MEDICAL CENTER,600 EAST MAIN STREET,ELMA,WA,98541,GRAYS HARBOR,(360) 346-2222,Critical Access Hospitals,Government - Hospital District or Authority,Yes,,2,,7,3,0,3,0,,8,Not Available,Not Available,Not Available,Not Available,5,11,4,0,4,0,,8,Not Available,5,12,3,
501315.0,SKYLINE HOSPITAL,211 SKYLINE DRIVE,WHITE SALMON,WA,98672,KLICKITAT,(509) 491-1101,Critical Access Hospitals,Government - Hospital District or Authority,Yes,,Not Available,16,7,Not Available,Not Available,Not Available,Not Available,5,8,Not Available,Not Available,Not Available,Not Available,5,11,2,0,2,0,,8,Not Available,5,12,3,
501325.0,FORKS COMMUNITY HOSPITAL,530 BOGACHIEL WAY,FORKS,WA,98331,CLALLAM,(360) 374-6271,Critical Access Hospitals,Government - Hospital District or Authority,Yes,Y,Not Available,16,7,Not Available,Not Available,Not Available,Not Available,5,8,Not Available,Not Available,Not Available,Not Available,5,11,2,0,2,0,,8,Not Available,5,12,5,
501335.0,ST ELIZABETH HOSPITAL,1450 BATTERSBY AVENUE,ENUMCLAW,WA,98022,KING,(360) 825-2505,Critical Access Hospitals,Voluntary non-profit - Private,Yes,Y,3,,7,3,0,3,0,,8,1,0,1,0,,11,5,0,5,0,,8,8,,12,9,
504004.0,EASTERN STATE HOSPITAL,850 MAPLE STREET - P O BOX  A,MEDICAL LAKE,WA,99022,SPOKANE,(509) 565-4000,Psychiatric,Government - State,No,,Not Available,19,Not Available,Not Available,Not Available,Not Available,Not Available,19,Not Available,Not Available,Not Available,Not Available,Not Available,19,Not Available,Not Available,Not Available,Not Available,Not Available,19,Not Available,Not Available,19,Not Available,Not Available,19
510006.0,"UNITED HOSPITAL CENTER, INC",327 MEDICAL PARK DRIVE,BRIDGEPORT,WV,26330,HARRISON,(681) 342-1000,Acute Care Hospitals,Voluntary non-profit - Private,Yes,Y,4,,7,6,0,6,0,,8,7,2,5,0,,11,10,1,7,2,,8,8,,12,12,
510038.0,STONEWALL JACKSON MEMORIAL HOSPITAL,230 HOSPITAL PLAZA,WESTON,WV,26452,LEWIS,(304) 269-8000,Acute Care Hospitals,Voluntary non-profit - Private,Yes,Y,2,,7,3,0,3,0,,8,3,0,3,0,,11,7,0,7,0,,8,8,,12,9,
510091.0,CAMC CHARLESTON SURGICAL HOSPITAL,1306 KANAWHA BOULEVARD EAST,CHARLESTON,WV,25301,KANAWHA,(304) 343-4371,Acute Care Hospitals,Physician,No,,Not Available,16,7,Not Available,Not Available,Not Available,Not Available,5,8,2,0,2,0,,11,4,0,4,0,,8,Not Available,5,12,3,
511309.0,VALLEY HEALTH WAR MEMORIAL HOSPITAL,1 HEALTHY WAY,BERKELEY SPRINGS,WV,25411,MORGAN,(304) 258-1234,Critical Access Hospitals,Voluntary non-profit - Private,Yes,,Not Available,16,7,2,0,2,0,,8,Not Available,Not Available,Not Available,Not Available,5,11,3,0,3,0,,8,8,,12,7,
511319.0,JEFFERSON MEDICAL CENTER,300 SOUTH PRESTON STREET,RANSON,WV,25438,JEFFERSON,(304) 728-1600,Critical Access Hospitals,Voluntary non-profit - Private,Yes,,2,,7,3,0,3,0,,8,1,0,1,0,,11,6,0,6,0,,8,8,,12,10,
520004.0,MAYO CLINIC HEALTH SYSTEM-FRANCISCAN MEDICAL CENTER INC,700 WEST AVENUE SOUTH,LA CROSSE,WI,54601,LA CROSSE,(608) 785-0940,Acute Care Hospitals,Voluntary non-profit - Private,Yes,Y,5,,7,6,0,6,0,,8,6,1,5,0,,11,9,2,6,1,,8,8,,12,11,
520035.0,AURORA HEALTH CARE CENTRAL INC,2629 N 7TH ST,SHEBOYGAN,WI,53083,SHEBOYGAN,(920) 451-5000,Acute Care Hospitals,Voluntary non-profit - Private,Yes,Y,5,,7,5,0,5,0,,8,6,1,5,0,,11,8,1,7,0,,8,8,,12,10,
520062.0,OCONOMOWOC MEMORIAL HOSPITAL,791 E SUMMIT AVE,OCONOMOWOC,WI,53066,WAUKESHA,(262) 569-9400,Acute Care Hospitals,Voluntary non-profit - Private,Yes,Y,5,,7,5,0,5,0,,8,4,0,4,0,,11,9,0,9,0,,8,8,,12,10,
520088.0,SSM HEALTH ST AGNES HOSPITAL-FOND DU LAC,430 E DIVISION ST,FOND DU LAC,WI,54935,FOND DU LAC,(920) 929-2300,Acute Care Hospitals,Voluntary non-profit - Private,Yes,Y,4,,7,7,0,7,0,,8,6,1,5,0,,11,8,1,7,0,,8,8,,12,12,
520107.0,HOLY FAMILY MEMORIAL,2300 WESTERN AVE,MANITOWOC,WI,54221,MANITOWOC,(920) 320-2011,Acute Care Hospitals,Voluntary non-profit - Other,Yes,,3,,7,2,0,2,0,,8,3,0,3,0,,11,8,0,8,0,,8,8,,12,9,
520193.0,AURORA BAYCARE MEDICAL CTR,2845 GREENBRIER RD,GREEN BAY,WI,54313,BROWN,(920) 288-8000,Acute Care Hospitals,Proprietary,Yes,Y,4,,7,7,0,7,0,,8,8,0,8,0,,11,11,1,10,0,,8,8,,12,11,
520212.0,MARSHFIELD MEDICAL CENTER - MINOCQUA,9576 HIGHWAY 70,MINOCQUA,WI,54548,ONEIDA,(715) 358-1710,Acute Care Hospitals,Voluntary non-profit - Private,Yes,Y,Not Available,16,7,2,0,2,0,,8,2,0,2,0,,11,7,0,7,0,,8,8,,12,10,
521308.0,AMERY HOSPITAL & CLINIC,265 GRIFFIN STREET EAST,AMERY,WI,54001,POLK,(715) 268-0300,Critical Access Hospitals,Voluntary non-profit - Private,Yes,Y,3,,7,3,0,3,0,,8,1,0,1,0,,11,5,0,5,0,,8,8,,12,8,
521318.0,LADD MEMORIAL HOSPITAL,2600 65TH AVENUE,OSCEOLA,WI,54020,POLK,(715) 294-2111,Critical Access Hospitals,Voluntary non-profit - Private,Yes,,Not Available,16,7,Not Available,Not Available,Not Available,Not Available,5,8,Not Available,Not Available,Not Available,Not Available,5,11,1,0,1,0,,8,Not Available,5,12,5,
521328.0,MARSHFIELD MEDICAL CENTER - LADYSMITH,900 COLLEGE AVE WEST,LADYSMITH,WI,54848,RUSK,(715) 532-5561,Critical Access Hospitals,Government - Hospital District or Authority,Yes,,Not Available,16,7,Not Available,Not Available,Not Available,Not Available,5,8,Not Available,Not Available,Not Available,Not Available,5,11,1,0,1,0,,8,Not Available,5,12,6,
521338.0,COLUMBUS COMMUNITY HOSPITAL,1515 PARK AVE,COLUMBUS,WI,53925,COLUMBIA,(920) 623-2200,Critical Access Hospitals,Voluntary non-profit - Private,Yes,,Not Available,16,7,2,0,2,0,,8,2,0,2,0,,11,6,0,6,0,,8,8,,12,4,
521348.0,VERNON MEMORIAL HOSPITAL,507 SOUTH MAIN ST,VIROQUA,WI,54665,VERNON,(608) 637-2101,Critical Access Hospitals,Voluntary non-profit - Private,Yes,,Not Available,16,7,1,0,1,0,,8,2,0,2,0,,11,6,1,4,1,,8,8,,12,6,
521358.0,DOOR COUNTY MEDICAL CENTER,323 SOUTH 18TH AVENUE,STURGEON BAY,WI,54235,DOOR,(920) 743-5566,Critical Access Hospitals,Voluntary non-profit - Private,Yes,Y,5,,7,3,0,3,0,,8,1,0,1,0,,11,4,0,4,0,,8,8,,12,7,
524019.0,NORWOOD HEALTH CENTER,1600 N CHESTNUT AVE,MARSHFIELD,WI,54449,WOOD,(715) 384-2188,Psychiatric,Government - Local,No,,Not Available,19,Not Available,Not Available,Not Available,Not Available,Not Available,19,Not Available,Not Available,Not Available,Not Available,Not Available,19,Not Available,Not Available,Not Available,Not Available,Not Available,19,Not Available,Not Available,19,Not Available,Not Available,19
530008.0,SAGEWEST HEALTH CARE,2100 W SUNSET DR,RIVERTON,WY,82501,FREMONT,(307) 856-4161,Acute Care Hospitals,Proprietary,Yes,,1,,7,4,0,4,0,,8,3,0,3,0,,11,7,0,6,1,,8,8,,12,11,
531305.0,PLATTE COUNTY HOSPITAL,201 14TH STREET,WHEATLAND,WY,82201,PLATTE,(307) 322-3636,Critical Access Hospitals,Government - Local,Yes,Y,4,,7,3,0,3,0,,8,Not Available,Not Available,Not Available,Not Available,5,11,5,0,5,0,,8,Not Available,5,12,7,
531315.0,SOUTH LINCOLN MEDICAL CENTER - CAH,711 ONYX STREET,KEMMERER,WY,83101,LINCOLN,(307) 877-4401,Critical Access Hospitals,Government - Hospital District or Authority,No,,Not Available,16,7,Not Available,Not Available,Not Available,Not Available,5,8,Not Available,Not Available,Not Available,Not Available,5,11,1,0,1,0,,8,Not Available,5,12,1,
670005.0,MEMORIAL HERMANN SURGICAL HOSPITAL KINGWOOD,300 KINGWOOD MEDICAL DRIVE,KINGWOOD,TX,77339,HARRIS,(281) 312-4000,Acute Care Hospitals,Proprietary,Yes,,Not Available,16,7,Not Available,Not Available,Not Available,Not Available,5,8,2,0,2,0,,11,4,0,3,1,,8,8,,12,3,
670044.0,TEXAS HEALTH PRESBYTERIAN HOSPITAL ROCKWALL,3150 HORIZON ROAD,ROCKWALL,TX,75032,ROCKWALL,(469) 698-1000,Acute Care Hospitals,Proprietary,Yes,Y,5,,7,3,0,3,0,,8,5,1,4,0,,11,6,0,6,0,,8,8,,12,10,
670067.0,BAYLOR SCOTT AND WHITE ORTHOPEDIC AND SPINE HOSPI,707 HIGHLANDER BLVD,ARLINGTON,TX,76015,TARRANT,(817) 583-7100,Acute Care Hospitals,Proprietary,Yes,,Not Available,16,7,Not Available,Not Available,Not Available,Not Available,5,8,2,0,2,0,,11,3,0,2,1,,8,8,,12,6,
670082.0,BAYLOR SCOTT AND WHITE  MEDICAL CENTER  MCKINNEY,5252 WEST UNIVERSITY DRIVE,MC KINNEY,TX,75071,COLLIN,(469) 742-2200,Acute Care Hospitals,Voluntary non-profit - Private,Yes,Y,4,,7,6,1,5,0,,8,7,1,6,0,,11,8,0,8,0,,8,8,,12,10,
670108.0,BAYLOR SCOTT & WHITE MEDICAL CENTER - MARBLE FALLS,810 W HIGHWAY 71,MARBLE FALLS,TX,78654,BURNET,(254) 215-9791,Acute Care Hospitals,Voluntary non-profit - Private,Yes,Y,5,,7,4,0,4,0,,8,3,0,3,0,,11,9,0,9,0,,8,8,,12,11,
670131.0,BAYLOR SCOTT & WHITE MEDICAL CENTER - BUDA,5330 OVERPASS ROAD SUITE 110,BUDA,TX,78610,HAYS,(737) 999-6200,Acute Care Hospitals,Voluntary non-profit - Private,Yes,,Not Available,16,7,Not Available,Not Available,Not Available,Not Available,5,8,1,0,1,0,,11,1,0,1,0,,8,Not Available,5,12,8,
670300.0,METHODIST MIDLOTHIAN MEDICAL CENTER,1201 E HIGHWAY 287,MIDLOTHIAN,TX,76065,ELLIS,(469) 846-2000,Acute Care Hospitals,Voluntary non-profit - Private,Yes,Y,4,,7,2,0,2,0,,8,3,1,2,0,,11,4,0,4,0,,8,8,,12,9,
670335.0,UT HEALTH SAN ANTONIO MULTISPECIALTY & RESEARCH HO,8311 EWING HALSELL DR,SAN ANTONIO,TX,78229,BEXAR,(210) 450-7044,Acute Care Hospitals,Government - State,No,,Not Available,5,Not Available,Not Available,Not Available,Not Available,Not Available,5,Not Available,Not Available,Not Available,Not Available,Not Available,5,Not Available,Not Available,Not Available,Not Available,Not Available,5,Not Available,Not Available,5,Not Available,Not Available,5
