facility_id,facility_name,address,city,state,zip_code,county,telephone_number,hospital_type,hospital_ownership,emergency_services,meets_criteria_for_birthing_friendly_designation,hospital_overall_rating,hospital_overall_rating_footnote,mort_group_measure_count,count_of_facility_mort_measures,count_of_mort_measures_better,count_of_mort_measures_no_different,count_of_mort_measures_worse,mort_group_footnote,safety_group_measure_count,count_of_facility_safety_measures,count_of_safety_measures_better,count_of_safety_measures_no_different,count_of_safety_measures_worse,safety_group_footnote,readm_group_measure_count,count_of_facility_readm_measures,count_of_readm_measures_better,count_of_readm_measures_no_different,count_of_readm_measures_worse,readm_group_footnote,pt_exp_group_measure_count,count_of_facility_pt_exp_measures,pt_exp_group_footnote,te_group_measure_count,count_of_facility_te_measures,te_group_footnote
4009.0,FAYETTEVILLE AR VA MEDICAL CENTER,1100 N. COLLEGE AVENUE,FAYETTEVILLE,AR,72703,WASHINGTON,(479) 444-5058,Acute Care - Veterans Administration,Veterans Health Administration,Yes,,5,,7,3,0,3,0,,8,1,0,1,0,,11,4,2,2,0,,8,8,,12,5,
5041.0,Weed ACH (FT Irwin),390 N Loop Rd,Fort Irwin,CA,92310,SAN BERNARDINO,(866) 957-9224,Acute Care - Department of Defense,Department of Defense,Yes,,Not Available,22,Not Available,Not Available,Not Available,Not Available,Not Available,22,Not Available,Not Available,Not Available,Not Available,Not Available,22,Not Available,Not Available,Not Available,Not Available,Not Available,22,Not Available,Not Available,22,Not Available,Not Available,22
9002.0,WASHINGTON DC VA MEDICAL CENTER,50 IRVING STREET N.W.,WASHINGTON,DC,20422,THE DISTRICT,(202) 745-8000,Acute Care - Veterans Administration,Veterans Health Administration,Yes,,3,,7,5,3,2,0,,8,4,0,3,1,,11,6,1,4,1,,8,8,,12,5,
10015.0,VA NORTH FLORIDA/SOUTH GEORGIA HEALTHCARE SYSTEM - LAKE CITY,619 SOUTH MARION AVENUE,LAKE CITY,FL,32025,COLUMBIA,(386) 755-3016,Acute Care - Veterans Administration,Veterans Health Administration,Yes,,Not Available,16,7,3,1,2,0,,8,1,0,1,0,,11,4,0,4,0,,8,Not Available,5,12,Not Available,5
10033.0,UNIVERSITY OF ALABAMA HOSPITAL,619 SOUTH 19TH STREET,BIRMINGHAM,AL,35233,JEFFERSON,(205) 934-4011,Acute Care Hospitals,Government - State,Yes,Y,3,,7,7,0,6,1,,8,8,3,4,1,,11,11,1,8,2,,8,8,,12,11,
10051.0,GREENE COUNTY HOSPITAL,509 WILSON AVENUE,EUTAW,AL,35462,GREENE,(205) 372-3388,Acute Care Hospitals,Voluntary non-profit - Other,Yes,,Not Available,16,7,Not Available,Not Available,Not Available,Not Available,5,8,Not Available,Not Available,Not Available,Not Available,5,11,Not Available,Not Available,Not Available,Not Available,5,8,Not Available,5,12,4,
10064.0,MIAMI VA MEDICAL CENTER,1201 N W 16TH STREET,MIAMI,FL,33125,MIAMI-DADE,(305) 324-4455,Acute Care - Veterans Administration,Veterans Health Administration,Yes,,4,,7,5,2,3,0,,8,4,0,3,1,,11,6,0,6,0,,8,8,,12,6,
10089.0,WALKER BAPTIST MEDICAL CENTER,3400 HIGHWAY 78 EAST,JASPER,AL,35502,WALKER,(205) 387-4000,Acute Care Hospitals,Proprietary,Yes,Y,3,,7,5,0,5,0,,8,5,1,4,0,,11,6,0,5,1,,8,8,,12,10,
10102.0,J PAUL JONES HOSPITAL,317 MCWILLIAMS AVENUE,CAMDEN,AL,36726,WILCOX,(334) 682-4131,Acute Care Hospitals,Government - Local,Yes,,Not Available,16,7,Not Available,Not Available,Not Available,Not Available,5,8,Not Available,Not Available,Not Available,Not Available,5,11,Not Available,Not Available,Not Available,Not Available,5,8,Not Available,5,12,4,
10125.0,LAKELAND COMMUNITY HOSPITAL,42024 HIGHWAY 195 E,HALEYVILLE,AL,35565,WINSTON,(205) 485-7117,Acute Care Hospitals,Proprietary,Yes,,4,,7,3,0,3,0,,8,Not Available,Not Available,Not Available,Not Available,5,11,4,0,4,0,,8,8,,12,6,
10149.0,BAPTIST MEDICAL CENTER EAST,400 TAYLOR ROAD,MONTGOMERY,AL,36117,MONTGOMERY,(334) 244-8330,Acute Care Hospitals,Government - Hospital District or Authority,Yes,Y,4,,7,5,0,5,0,,8,7,2,5,0,,11,6,0,5,1,,8,8,,12,9,
11029.0,DECATUR (ATLANTA) VA MEDICAL CENTER,1670 CLAIRMONT ROAD,DECATUR,GA,30033,DE KALB,(404) 321-6111,Acute Care - Veterans Administration,Veterans Health Administration,Yes,,3,,7,5,2,3,0,,8,4,0,4,0,,11,6,2,4,0,,8,8,,12,6,
11306.0,TANNER MEDICAL CENTER-EAST ALABAMA,1032 MAIN STREET SOUTH,WEDOWEE,AL,36278,RANDOLPH,(256) 357-2111,Critical Access Hospitals,Government - Hospital District or Authority,Yes,,Not Available,16,7,1,0,1,0,,8,Not Available,Not Available,Not Available,Not Available,5,11,3,0,3,0,,8,Not Available,5,12,6,
14004.0,VA ILLIANA HEALTHCARE SYSTEM - DANVILLE,1900 E. MAIN,DANVILLE,IL,61832,VERMILION,(217) 554-3000,Acute Care - Veterans Administration,Veterans Health Administration,No,,Not Available,16,7,2,0,2,0,,8,Not Available,Not Available,Not Available,Not Available,5,11,4,0,4,0,,8,Not Available,5,12,3,
14018.0,UNITY PSYCHIATRIC CARE - HUNTSVILLE,"5315 MILLENIUM DRIVE, NW",HUNTSVILLE,AL,35806,MADISON,(256) 964-6700,Psychiatric,Proprietary,No,,Not Available,19,Not Available,Not Available,Not Available,Not Available,Not Available,19,Not Available,Not Available,Not Available,Not Available,Not Available,19,Not Available,Not Available,Not Available,Not Available,Not Available,19,Not Available,Not Available,19,Not Available,Not Available,19
18006.0,LOUISVILLE VA MEDICAL CENTER,800 ZORN AVENUE,LOUISVILLE,KY,40206,JEFFERSON,(502) 287-4000,Acute Care - Veterans Administration,Veterans Health Administration,Yes,,5,,7,4,1,3,0,,8,4,0,4,0,,11,6,1,5,0,,8,8,,12,4,
20012.0,FAIRBANKS MEMORIAL HOSPITAL,1650 COWLES STREET,FAIRBANKS,AK,99701,FAIRBANKS NORTH STAR,(907) 452-8181,Acute Care Hospitals,Voluntary non-profit - Private,Yes,Y,3,,7,5,0,4,1,,8,5,1,4,0,,11,8,2,6,0,,8,8,,12,12,
21304.0,PETERSBURG MEDICAL CENTER,PO BOX 589,PETERSBURG,AK,99833,PETERSBURG BOROUGH,(907) 772-4291,Critical Access Hospitals,Government - Local,Yes,,Not Available,16,7,Not Available,Not Available,Not Available,Not Available,5,8,Not Available,Not Available,Not Available,Not Available,5,11,1,0,1,0,,8,Not Available,5,12,2,
21314.0,SOUTHEAST ALASKA REGIONAL HEALTH CONSORTIUM,222 TONGASS DR,SITKA,AK,99835,SITKA BOROUGH,(907) 966-2411,Critical Access Hospitals,Voluntary non-profit - Private,Yes,,3,,7,3,0,3,0,,8,Not Available,Not Available,Not Available,Not Available,5,11,4,0,4,0,,8,Not Available,5,12,3,
24002.0,ST CLOUD VA MEDICAL CENTER,4801 VETERANS DRIVE,ST. CLOUD,MN,56303,STEARNS,(320) 252-1670,Acute Care - Veterans Administration,Veterans Health Administration,No,,Not Available,16,7,Not Available,Not Available,Not Available,Not Available,5,8,Not Available,Not Available,Not Available,Not Available,5,11,Not Available,Not Available,Not Available,Not Available,5,8,Not Available,5,12,3,
27003.0,VA MONTANA HEALTHCARE SYSTEM,3687 VETERANS DRIVE,FORT HARRISON,MT,59636,LEWIS AND CLARK,(406) 447-7900,Acute Care - Veterans Administration,Veterans Health Administration,Yes,,5,,7,3,0,3,0,,8,2,0,2,0,,11,5,1,4,0,,8,8,,12,5,
30012.0,YAVAPAI REGIONAL MEDICAL CENTER,1003 WILLOW CREEK ROAD,PRESCOTT,AZ,86301,YAVAPAI,(928) 445-2700,Acute Care Hospitals,Voluntary non-profit - Private,Yes,Y,2,,7,7,0,6,1,,8,7,3,3,1,,11,11,0,10,1,,8,8,,12,12,
30038.0,HONORHEALTH SCOTTSDALE OSBORN MEDICAL CENTER,7400 EAST OSBORN ROAD,SCOTTSDALE,AZ,85251,MARICOPA,(480) 882-4004,Acute Care Hospitals,Proprietary,Yes,,3,,7,6,0,6,0,,8,7,3,4,0,,11,8,0,7,1,,8,8,,12,10,
30074.0,SELLS HOSPITAL,"HIGHWAY 86, AT TOPAWA ROAD",SELLS,AZ,85634,PIMA,(520) 362-7003,Acute Care Hospitals,Tribal,Yes,,Not Available,16,7,Not Available,Not Available,Not Available,Not Available,5,8,Not Available,Not Available,Not Available,Not Available,5,11,Not Available,Not Available,Not Available,Not Available,5,8,Not Available,5,12,Not Available,5
30094.0,ABRAZO ARROWHEAD HOSPITAL,18701 NORTH 67TH AVENUE,GLENDALE,AZ,85308,MARICOPA,(623) 561-1000,Acute Care Hospitals,Proprietary,Yes,Y,2,,7,7,0,7,0,,8,7,4,3,0,,11,9,0,8,1,,8,8,,12,11,
30114.0,ORO VALLEY HOSPITAL,1551 EAST TANGERINE ROAD,ORO VALLEY,AZ,85755,PIMA,(520) 901-3500,Acute Care Hospitals,Proprietary,Yes,,3,,7,5,0,5,0,,8,6,0,6,0,,11,8,0,8,0,,8,8,,12,10,
30138.0,WESTERN REGIONAL MEDICAL CENTER,14200 WEST CELEBRATE LIFE WAY,GOODYEAR,AZ,85338,MARICOPA,(623) 207-3000,Acute Care Hospitals,Proprietary,No,,5,,7,Not Available,Not Available,Not Available,Not Available,5,8,3,0,3,0,,11,5,1,4,0,,8,Not Available,5,12,5,
31300.0,WICKENBURG COMMUNITY HOSPITAL,520 ROSE LANE,WICKENBURG,AZ,85390,MARICOPA,(928) 684-5421,Critical Access Hospitals,Voluntary non-profit - Other,Yes,,Not Available,16,7,1,0,1,0,,8,Not Available,Not Available,Not Available,Not Available,5,11,2,0,2,0,,8,Not Available,5,12,4,
31313.0,HOLY CROSS HOSPITAL,1171 WEST TARGET RANGE ROAD,NOGALES,AZ,85621,SANTA CRUZ,(520) 285-3000,Critical Access Hospitals,Proprietary,Yes,Y,Not Available,16,7,Not Available,Not Available,Not Available,Not Available,5,8,Not Available,Not Available,Not Available,Not Available,5,11,Not Available,Not Available,Not Available,Not Available,5,8,Not Available,5,12,8,
33012.0,UPSTATE NEW YORK VA HEALTHCARE SYSTEM (WESTERN NY VA HEALTHCARE SYSTEM),3495 BAILEY AVENUE,BUFFALO,NY,14215,ERIE,(716) 862-3611,Acute Care - Veterans Administration,Veterans Health Administration,Yes,,4,,7,5,2,3,0,,8,4,0,4,0,,11,6,0,6,0,,8,8,,12,5,
34011.0,NMC Camp Lejeune,100 Brewster Blvd,Camp Lejeune,NC,28547,ONSLOW,(910) 450-4300,Acute Care - Department of Defense,Department of Defense,Yes,,Not Available,22,Not Available,Not Available,Not Available,Not Available,Not Available,22,Not Available,Not Available,Not Available,Not Available,Not Available,22,Not Available,Not Available,Not Available,Not Available,Not Available,22,Not Available,Not Available,22,Not Available,Not Available,22
34024.0,AURORA BEHAVIORAL HEALTH SYSTEM,6015 WEST PEORIA  AVENUE,GLENDALE,AZ,85302,MARICOPA,(623) 344-4400,Psychiatric,Proprietary,No,,Not Available,19,Not Available,Not Available,Not Available,Not Available,Not Available,19,Not Available,Not Available,Not Available,Not Available,Not Available,19,Not Available,Not Available,Not Available,Not Available,Not Available,19,Not Available,Not Available,19,Not Available,Not Available,19
34034.0,DESTINY SPRINGS HEALTHCARE,17300 NORTH DYSART ROAD,SURPRISE,AZ,85378,MARICOPA,(623) 233-3000,Psychiatric,Physician,No,,Not Available,19,Not Available,Not Available,Not Available,Not Available,Not Available,19,Not Available,Not Available,Not Available,Not Available,Not Available,19,Not Available,Not Available,Not Available,Not Available,Not Available,19,Not Available,Not Available,19,Not Available,Not Available,19
36007.0,DAYTON VA MEDICAL CENTER,4100 WEST THIRD STREET,DAYTON,OH,45428,MONTGOMERY,(937) 268-6511,Acute Care - Veterans Administration,Veterans Health Administration,Yes,,4,,7,4,0,4,0,,8,2,0,2,0,,11,5,1,4,0,,8,8,,12,5,
40014.0,WHITE COUNTY MEDICAL CENTER,3214 EAST RACE AVENUE,SEARCY,AR,72143,WHITE,(501) 278-3100,Acute Care Hospitals,Voluntary non-profit - Private,Yes,Y,3,,7,6,0,6,0,,8,8,1,7,0,,11,10,0,9,1,,8,8,,12,11,
40036.0,BAPTIST HEALTH MEDICAL CENTER NORTH LITTLE ROCK,3333 SPRINGHILL DRIVE,NORTH LITTLE ROCK,AR,72117,PULASKI,(501) 202-3000,Acute Care Hospitals,Voluntary non-profit - Private,Yes,Y,1,,7,7,0,5,2,,8,7,3,3,1,,11,9,0,9,0,,8,8,,12,12,
40072.0,BAPTIST HEALTH MEDICAL CENTER-STUTTGART,1703 NORTH BUERKLE ST,STUTTGART,AR,72160,ARKANSAS,(870) 673-3511,Acute Care Hospitals,Voluntary non-profit - Private,Yes,Y,4,,7,3,0,3,0,,8,1,0,1,0,,11,6,0,6,0,,8,Not Available,5,12,8,
40137.0,ST VINCENT MEDICAL CENTER/NORTH,2215 WILDWOOD AVENUE,SHERWOOD,AR,72120,PULASKI,(501) 552-7100,Acute Care Hospitals,Voluntary non-profit - Church,Yes,,4,,7,5,0,5,0,,8,4,1,3,0,,11,5,0,5,0,,8,8,,12,7,
40782.0,SOUTH MISSISSIPPI COUNTY REGIONAL MEDICAL CENTER,611 WEST LEE AVENUE,OSCEOLA,AR,72370,MISSISSIPPI,(870) 563-7000,Rural Emergency Hospital,Government - State,Yes,,Not Available,19,Not Available,Not Available,Not Available,Not Available,Not Available,19,Not Available,Not Available,Not Available,Not Available,Not Available,19,Not Available,Not Available,Not Available,Not Available,Not Available,19,Not Available,Not Available,19,Not Available,Not Available,19
41310.0,STONE COUNTY MEDICAL CENTER,2106 EAST MAIN STREET,MOUNTAIN VIEW,AR,72560,STONE,(870) 269-4361,Critical Access Hospitals,Voluntary non-profit - Private,Yes,,Not Available,16,7,Not Available,Not Available,Not Available,Not Available,5,8,1,0,1,0,,11,4,0,4,0,,8,Not Available,5,12,8,
41324.0,CHI ST VINCENT MORRILTON,#4 HOSPITAL DRIVE,MORRILTON,AR,72110,CONWAY,(501) 977-2300,Critical Access Hospitals,Voluntary non-profit - Church,Yes,,Not Available,16,7,1,0,1,0,,8,Not Available,Not Available,Not Available,Not Available,5,11,3,0,3,0,,8,Not Available,5,12,8,
43300.0,ARKANSAS CHILDREN'S HOSPITAL,"1 CHILDREN'S WAY, SLOT 301",LITTLE ROCK,AR,72202,PULASKI,(501) 364-1100,Childrens,Voluntary non-profit - Private,Yes,,Not Available,19,Not Available,Not Available,Not Available,Not Available,Not Available,19,Not Available,Not Available,Not Available,Not Available,Not Available,19,Not Available,Not Available,Not Available,Not Available,Not Available,19,Not Available,Not Available,19,Not Available,Not Available,19
44021.0,PERIMETER BEHAVIORAL HOSPITAL OF WEST MEMPHIS,600 NORTH 7TH STREET,WEST MEMPHIS,AR,72301,CRITTENDEN,(870) 394-4113,Psychiatric,Voluntary non-profit - Church,No,,Not Available,19,Not Available,Not Available,Not Available,Not Available,Not Available,19,Not Available,Not Available,Not Available,Not Available,Not Available,19,Not Available,Not Available,Not Available,Not Available,Not Available,19,Not Available,Not Available,19,Not Available,Not Available,19
50022.0,RIVERSIDE COMMUNITY HOSPITAL,4445 MAGNOLIA AVENUE,RIVERSIDE,CA,92501,RIVERSIDE,(951) 788-3000,Acute Care Hospitals,Proprietary,Yes,Y,3,,7,7,2,5,0,,8,8,1,7,0,,11,9,0,8,1,,8,8,,12,9,
50042.0,ST ELIZABETH COMMUNITY HOSPITAL,2550 SISTER MARY COLUMBA DRIVE,RED BLUFF,CA,96080,TEHAMA,(530) 529-8000,Acute Care Hospitals,Voluntary non-profit - Church,No,Y,4,,7,4,0,4,0,,8,3,0,3,0,,11,8,0,8,0,,8,8,,12,10,
50063.0,HOLLYWOOD PRESBYTERIAN MEDICAL CENTER,1300 N VERMONT AVE,LOS ANGELES,CA,90027,LOS ANGELES,(213) 413-3000,Acute Care Hospitals,Proprietary,Yes,Y,3,,7,6,1,5,0,,8,7,2,5,0,,11,8,0,5,3,,8,8,,12,9,
50078.0,PROVIDENCE LITTLE CO OF MARY MED CTR SAN PEDRO,1300 W 7TH ST,SAN PEDRO,CA,90732,LOS ANGELES,(310) 832-3311,Acute Care Hospitals,Voluntary non-profit - Private,No,,4,,7,4,0,4,0,,8,3,1,2,0,,11,6,0,6,0,,8,8,,12,8,
50102.0,PARKVIEW COMMUNITY HOSPITAL MEDICAL CENTER,3865 JACKSON STREET,RIVERSIDE,CA,92503,RIVERSIDE,(951) 688-2211,Acute Care Hospitals,Proprietary,Yes,Y,2,,7,3,0,3,0,,8,5,1,4,0,,11,5,0,3,2,,8,8,,12,9,
50118.0,DOCTORS HOSPITAL OF MANTECA,1205 E NORTH STREET,MANTECA,CA,95336,SAN JOAQUIN,(209) 823-3111,Acute Care Hospitals,Voluntary non-profit - Other,Yes,,2,,7,4,0,4,0,,8,3,1,2,0,,11,6,0,6,0,,8,8,,12,11,
50132.0,SAN GABRIEL VALLEY MEDICAL CENTER,438 W LAS TUNAS DRIVE,SAN GABRIEL,CA,91776,LOS ANGELES,(626) 289-5454,Acute Care Hospitals,Proprietary,Yes,Y,4,,7,5,2,3,0,,8,6,1,5,0,,11,6,0,6,0,,8,8,,12,8,
50150.0,SIERRA NEVADA MEMORIAL HOSPITAL,155 GLASSON WAY,GRASS VALLEY,CA,95945,NEVADA,(530) 274-6000,Acute Care Hospitals,Voluntary non-profit - Other,Yes,Y,3,,7,5,0,5,0,,8,4,1,3,0,,11,9,0,9,0,,8,8,,12,11,
50191.0,ST MARY MEDICAL CENTER,1050 LINDEN AVE,LONG BEACH,CA,90813,LOS ANGELES,(562) 491-9000,Acute Care Hospitals,Voluntary non-profit - Church,Yes,Y,4,,7,6,0,6,0,,8,6,1,5,0,,11,6,0,5,1,,8,8,,12,9,
50228.0,ZUCKERBERG SAN FRANCISCO GENERAL HOSP & TRAUMA CTR,1001 POTRERO AVENUE,SAN FRANCISCO,CA,94110,SAN FRANCISCO,(415) 206-8000,Acute Care Hospitals,Government - Local,Yes,Y,1,,7,6,1,4,1,,8,7,3,4,0,,11,9,0,6,3,,8,8,,12,10,
50243.0,DESERT REGIONAL MEDICAL CENTER,1150 NORTH INDIAN CANYON DRIVE,PALM SPRINGS,CA,92262,RIVERSIDE,(760) 323-6511,Acute Care Hospitals,Proprietary,Yes,Y,2,,7,7,0,7,0,,8,6,2,4,0,,11,9,0,7,2,,8,8,,12,9,
50279.0,HI-DESERT MEDICAL CENTER,6601 WHITE FEATHER ROAD,JOSHUA TREE,CA,92252,SAN BERNARDINO,(760) 366-3711,Acute Care Hospitals,Government - Hospital District or Authority,Yes,Y,Not Available,16,7,2,0,2,0,,8,2,0,2,0,,11,3,0,2,1,,8,8,,12,9,
50300.0,PROVIDENCE ST MARY MEDICAL CENTER,18300 HIGHWAY 18,APPLE VALLEY,CA,92307,SAN BERNARDINO,(760) 242-2311,Acute Care Hospitals,Voluntary non-profit - Private,Yes,Y,1,,7,6,0,6,0,,8,7,1,6,0,,11,8,0,6,2,,8,8,,12,9,
50329.0,CORONA REGIONAL MEDICAL CENTER,800 SOUTH MAIN STREET,CORONA,CA,92882,RIVERSIDE,(951) 736-6240,Acute Care Hospitals,Proprietary,Yes,Y,3,,7,6,0,6,0,,8,5,1,4,0,,11,6,0,5,1,,8,8,,12,10,
50357.0,GOLETA VALLEY COTTAGE HOSPITAL,351 S PATTERSON AVE,SANTA BARBARA,CA,93111,SANTA BARBARA,(805) 967-3411,Acute Care Hospitals,Voluntary non-profit - Other,Yes,,5,,7,2,0,2,0,,8,3,0,3,0,,11,5,1,3,1,,8,8,,12,7,
50394.0,COMMUNITY MEMORIAL HOSPITAL - VENTURA,147 NORTH BRENT STREET,VENTURA,CA,93003,VENTURA,(805) 652-5011,Acute Care Hospitals,Voluntary non-profit - Private,Yes,Y,4,,7,7,0,7,0,,8,7,1,6,0,,11,11,0,11,0,,8,8,,12,11,
50441.0,STANFORD HEALTH CARE,300 PASTEUR DRIVE,STANFORD,CA,94305,SANTA CLARA,(650) 723-5708,Acute Care Hospitals,Voluntary non-profit - Private,Yes,,5,,7,7,3,4,0,,8,8,1,7,0,,11,11,2,7,2,,8,8,,12,11,
50488.0,EDEN MEDICAL CENTER,20103 LAKE CHABOT ROAD,CASTRO VALLEY,CA,94546,ALAMEDA,(510) 537-1234,Acute Care Hospitals,Voluntary non-profit - Other,Yes,Y,4,,7,6,0,6,0,,8,7,1,6,0,,11,7,0,7,0,,8,8,,12,8,
50517.0,VICTOR VALLEY GLOBAL MEDICAL CENTER,15248 11TH ST,VICTORVILLE,CA,92395,SAN BERNARDINO,(760) 245-8691,Acute Care Hospitals,Voluntary non-profit - Private,Yes,Y,1,,7,2,0,2,0,,8,5,1,4,0,,11,6,0,5,1,,8,8,,12,7,
50551.0,UCI HEALTH - LOS ALAMITOS,3751 KATELLA AVENUE,LOS ALAMITOS,CA,90720,ORANGE,(562) 799-3220,Acute Care Hospitals,Proprietary,Yes,,3,,7,6,0,6,0,,8,6,0,6,0,,11,7,0,7,0,,8,8,,12,10,
50589.0,UCI HEALTH - PLACENTIA LINDA,1301 N ROSE DRIVE,PLACENTIA,CA,92870,ORANGE,(714) 993-2000,Acute Care Hospitals,Proprietary,No,,2,,7,3,0,3,0,,8,3,0,3,0,,11,5,0,4,1,,8,8,,12,8,
50633.0,ADVENTIST HEALTH TWIN CITIES,1100 LAS TABLAS RD,TEMPLETON,CA,93465,SAN LUIS OBISPO,(805) 434-3500,Acute Care Hospitals,Proprietary,Yes,Y,2,,7,4,0,4,0,,8,4,1,3,0,,11,7,0,6,1,,8,8,,12,10,
50689.0,SAN RAMON REGIONAL MEDICAL CENTER,6001 NORRIS CANYON ROAD,SAN RAMON,CA,94583,CONTRA COSTA,(925) 275-9200,Acute Care Hospitals,Proprietary,Yes,Y,3,,7,5,0,5,0,,8,4,0,4,0,,11,8,0,7,1,,8,8,,12,10,
50717.0,LAC/RANCHO LOS AMIGOS NATIONAL REHABILITATION  CTR,7601 EAST IMPERIAL HIGHWAY,DOWNEY,CA,90242,LOS ANGELES,(562) 401-7022,Acute Care Hospitals,Government - Local,No,,3,,7,Not Available,Not Available,Not Available,Not Available,5,8,4,0,3,1,,11,1,0,1,0,,8,8,,12,3,
50745.0,CHAPMAN GLOBAL MEDICAL CENTER,2601 E CHAPMAN AVE,ORANGE,CA,92869,ORANGE,(714) 633-0011,Acute Care Hospitals,Proprietary,No,,1,,7,1,0,1,0,,8,3,0,3,0,,11,4,0,3,1,,8,8,,12,5,
50765.0,KAISER FOUNDATION HOSPITAL-MORENO VALLEY,27300 IRIS AVENUE,MORENO VALLEY,CA,92555,RIVERSIDE,(951) 251-6530,Acute Care Hospitals,Voluntary non-profit - Other,Yes,Y,4,,7,Not Available,Not Available,Not Available,Not Available,5,8,6,0,6,0,,11,1,0,1,0,,8,8,,12,6,
50778.0,LOMA LINDA UNIVERSITY CHILDREN'S HOSPITAL,11234 ANDERSON STREET SUITE A,LOMA LINDA,CA,92354,SAN BERNARDINO,(909) 558-8000,Acute Care Hospitals,Voluntary non-profit - Church,No,Y,3,,7,Not Available,Not Available,Not Available,Not Available,5,8,4,2,2,0,,11,Not Available,Not Available,Not Available,Not Available,5,8,8,,12,7,
51301.0,ADVENTIST HEALTH TEHACHAPI VALLEY,1100 MAGELLAN,TEHACHAPI,CA,93561,KERN,(661) 868-6800,Critical Access Hospitals,Voluntary non-profit - Private,Yes,,Not Available,16,7,2,0,2,0,,8,1,0,1,0,,11,4,0,4,0,,8,8,,12,6,
51311.0,ORCHARD HOSPITAL,240 SPRUCE STREET,GRIDLEY,CA,95948,BUTTE,(530) 846-5671,Critical Access Hospitals,Voluntary non-profit - Private,Yes,,Not Available,16,7,1,0,1,0,,8,Not Available,Not Available,Not Available,Not Available,5,11,3,0,3,0,,8,Not Available,5,12,5,
51323.0,COLORADO RIVER MEDICAL CENTER,1401 BAILEY AVE,NEEDLES,CA,92363,SAN BERNARDINO,(760) 326-7162,Critical Access Hospitals,Voluntary non-profit - Private,Yes,,Not Available,16,7,Not Available,Not Available,Not Available,Not Available,5,8,Not Available,Not Available,Not Available,Not Available,5,11,1,0,1,0,,8,Not Available,5,12,4,
51333.0,RIDGECREST REGIONAL HOSPITAL,1081 NORTH CHINA LAKE BLVD,RIDGECREST,CA,93555,KERN,(760) 446-3551,Critical Access Hospitals,Voluntary non-profit - Private,Yes,,Not Available,16,7,Not Available,Not Available,Not Available,Not Available,5,8,Not Available,Not Available,Not Available,Not Available,5,11,4,0,4,0,,8,Not Available,5,12,5,
53303.0,RADY CHILDREN'S HOSPITAL - SAN DIEGO,3020 CHILDRENS WAY,SAN DIEGO,CA,92123,SAN DIEGO,(858) 576-1700,Childrens,Voluntary non-profit - Other,No,,Not Available,19,Not Available,Not Available,Not Available,Not Available,Not Available,19,Not Available,Not Available,Not Available,Not Available,Not Available,19,Not Available,Not Available,Not Available,Not Available,Not Available,19,Not Available,Not Available,19,Not Available,Not Available,19
54053.0,DEL AMO HOSPITAL,23700 CAMINO DEL SOL,TORRANCE,CA,90505,LOS ANGELES,(310) 530-1151,Psychiatric,Proprietary,Yes,,Not Available,19,Not Available,Not Available,Not Available,Not Available,Not Available,19,Not Available,Not Available,Not Available,Not Available,Not Available,19,Not Available,Not Available,Not Available,Not Available,Not Available,19,Not Available,Not Available,19,Not Available,Not Available,19
54096.0,SUTTER CENTER FOR PSYCHIATRY,7700 FOLSOM BLVD,SACRAMENTO,CA,95826,SACRAMENTO,(916) 386-3000,Psychiatric,Voluntary non-profit - Private,No,,Not Available,19,Not Available,Not Available,Not Available,Not Available,Not Available,19,Not Available,Not Available,Not Available,Not Available,Not Available,19,Not Available,Not Available,Not Available,Not Available,Not Available,19,Not Available,Not Available,19,Not Available,Not Available,19
54133.0,DEPT OF STATE HOSPITALS - METROPOLITAN - PSY,11401 S NORWALK BLVD,NORWALK,CA,90650,LOS ANGELES,(562) 863-7011,Psychiatric,Government - State,Yes,,Not Available,19,Not Available,Not Available,Not Available,Not Available,Not Available,19,Not Available,Not Available,Not Available,Not Available,Not Available,19,Not Available,Not Available,Not Available,Not Available,Not Available,19,Not Available,Not Available,19,Not Available,Not Available,19
54153.0,OCEAN VIEW PSYCHIATRIC HEALTH FACILITY,"2600 REDONDO AVENUE, SUITE 500",LONG BEACH,CA,90806,LOS ANGELES,(844) 562-1212,Psychiatric,Proprietary,No,,Not Available,19,Not Available,Not Available,Not Available,Not Available,Not Available,19,Not Available,Not Available,Not Available,Not Available,Not Available,19,Not Available,Not Available,Not Available,Not Available,Not Available,19,Not Available,Not Available,19,Not Available,Not Available,19
60006.0,MONTROSE REGIONAL HEALTH,800 S 3RD ST,MONTROSE,CO,81401,MONTROSE,(970) 249-2211,Acute Care Hospitals,Voluntary non-profit - Private,Yes,Y,3,,7,5,0,5,0,,8,2,0,2,0,,11,9,1,8,0,,8,8,,12,12,
60022.0,UCH-MEMORIAL HEALTH SYSTEM,1400 E BOULDER ST,COLORADO SPRINGS,CO,80909,EL PASO,(719) 365-5000,Acute Care Hospitals,Government - Local,Yes,Y,4,,7,7,0,7,0,,8,8,3,4,1,,11,11,1,10,0,,8,8,,12,12,
60049.0,UCHEALTH YAMPA VALLEY MEDICAL CENTER,1024 CENTRAL PARK DR,STEAMBOAT SPRINGS,CO,80487,ROUTT,(970) 879-1322,Acute Care Hospitals,Voluntary non-profit - Private,Yes,Y,Not Available,16,7,1,0,1,0,,8,2,0,2,0,,11,7,0,7,0,,8,8,,12,10,
60104.0,CENTURA HEALTH-ST ANTHONY NORTH HEALTH CAMPUS,14300 ORCHARD PKWY,WESTMINSTER,CO,80023,BROOMFIELD,(720) 627-0000,Acute Care Hospitals,Voluntary non-profit - Private,Yes,Y,4,,7,5,0,5,0,,8,6,1,5,0,,11,7,2,5,0,,8,8,,12,11,
60125.0,ADVENTHEALTH CASTLE ROCK,2350 MEADOWS BLVD,CASTLE ROCK,CO,80109,DOUGLAS,(720) 455-5000,Acute Care Hospitals,Voluntary non-profit - Private,Yes,,4,,7,5,0,5,0,,8,5,1,4,0,,11,6,0,6,0,,8,8,,12,10,
61302.0,FAMILY HEALTH WEST HOSPITAL,300 W OTTLEY AVE,FRUITA,CO,81521,MESA,(970) 858-9871,Critical Access Hospitals,Voluntary non-profit - Private,Yes,,Not Available,16,7,Not Available,Not Available,Not Available,Not Available,5,8,1,0,1,0,,11,1,0,1,0,,8,Not Available,5,12,5,
61312.0,ESTES PARK MEDICAL CENTER,555 PROSPECT AVE,ESTES PARK,CO,80517,LARIMER,(970) 577-4470,Critical Access Hospitals,Government - Hospital District or Authority,Yes,,Not Available,16,7,1,0,1,0,,8,Not Available,Not Available,Not Available,Not Available,5,11,3,0,3,0,,8,Not Available,5,12,4,
61322.0,HEART OF THE ROCKIES REGIONAL MEDICAL CENTER,1000 RUSH DR,SALIDA,CO,81201,CHAFFEE,(719) 530-2200,Critical Access Hospitals,Government - Hospital District or Authority,Yes,,Not Available,16,7,2,0,2,0,,8,1,0,1,0,,11,7,0,7,0,,8,8,,12,4,
63301.0,CHILDREN'S HOSPITAL COLORADO,13123 E 16TH AVE,AURORA,CO,80045,ADAMS,(720) 777-1234,Childrens,Voluntary non-profit - Private,Yes,,Not Available,19,Not Available,Not Available,Not Available,Not Available,Not Available,19,Not Available,Not Available,Not Available,Not Available,Not Available,19,Not Available,Not Available,Not Available,Not Available,Not Available,19,Not Available,Not Available,19,Not Available,Not Available,19
64029.0,JOHNSTOWN HEIGHTS BEHAVIORAL HEALTH,4770 LARIMER PKWY,JOHNSTOWN,CO,80534,WELD,(970) 323-7709,Psychiatric,Proprietary,No,,Not Available,19,Not Available,Not Available,Not Available,Not Available,Not Available,19,Not Available,Not Available,Not Available,Not Available,Not Available,19,Not Available,Not Available,Not Available,Not Available,Not Available,19,Not Available,Not Available,19,Not Available,Not Available,19
70011.0,CHARLOTTE HUNGERFORD HOSPITAL,540 LITCHFIELD ST,TORRINGTON,CT,6790,LITCHFIELD,(860) 496-6666,Acute Care Hospitals,Voluntary non-profit - Private,Yes,Y,3,,7,4,0,4,0,,8,6,1,5,0,,11,8,0,7,1,,8,8,,12,11,
70027.0,MANCHESTER MEMORIAL HOSPITAL,71 HAYNES ST,MANCHESTER,CT,6040,HARTFORD,(860) 647-4780,Acute Care Hospitals,Proprietary,Yes,Y,3,,7,4,0,4,0,,8,7,1,6,0,,11,7,0,7,0,,8,8,,12,9,
74003.0,CONNECTICUT VALLEY HOSP,1000 SILVER ST,MIDDLETOWN,CT,6457,MIDDLESEX,(203) 344-2666,Psychiatric,Government - State,No,,Not Available,19,Not Available,Not Available,Not Available,Not Available,Not Available,19,Not Available,Not Available,Not Available,Not Available,Not Available,19,Not Available,Not Available,Not Available,Not Available,Not Available,19,Not Available,Not Available,19,Not Available,Not Available,19
80004.0,"BAYHEALTH MEDICAL CENTER, KENT CAMPUS",640 S STATE STREET,DOVER,DE,19901,KENT,(302) 744-7001,Acute Care Hospitals,Voluntary non-profit - Private,Yes,Y,2,,7,7,0,7,0,,8,7,3,3,1,,11,11,0,8,3,,8,8,,12,11,
90001.0,GEORGE WASHINGTON UNIV HOSPITAL,900 23RD ST NW,WASHINGTON,DC,20037,THE DISTRICT,(202) 716-4605,Acute Care Hospitals,Proprietary,Yes,Y,1,,7,7,0,7,0,,8,7,1,5,1,,11,9,0,9,0,,8,8,,12,10,
100002.0,BETHESDA HOSPITAL EAST,2815 S SEACREST BLVD,BOYNTON BEACH,FL,33435,PALM BEACH,(561) 737-7733,Acute Care Hospitals,Voluntary non-profit - Private,Yes,Y,2,,7,7,0,7,0,,8,8,1,7,0,,11,9,0,9,0,,8,8,,12,11,
100023.0,HCA FLORIDA CITRUS HOSPITAL,502 W HIGHLAND BLVD,INVERNESS,FL,34452,CITRUS,(352) 726-1551,Acute Care Hospitals,Government - Hospital District or Authority,Yes,Y,2,,7,7,0,7,0,,8,7,1,6,0,,11,9,0,8,1,,8,8,,12,9,
100039.0,BROWARD HEALTH MEDICAL CENTER,1600 S ANDREWS AVE,FORT LAUDERDALE,FL,33316,BROWARD,(954) 355-4400,Acute Care Hospitals,Government - Hospital District or Authority,Yes,Y,3,,7,7,1,6,0,,8,7,4,3,0,,11,10,0,9,1,,8,8,,12,10,
100052.0,WINTER HAVEN HOSPITAL,200 AVE F NE,WINTER HAVEN,FL,33881,POLK,(863) 293-1121,Acute Care Hospitals,Voluntary non-profit - Private,Yes,Y,2,,7,7,0,5,2,,8,6,4,2,0,,11,10,1,7,2,,8,8,,12,10,
100071.0,TAMPA GENERAL HOSPITAL BROOKSVILLE,17240 CORTEZ BLVD,BROOKSVILLE,FL,34601,HERNANDO,(352) 796-5111,Acute Care Hospitals,Voluntary non-profit - Church,Yes,Y,1,,7,6,0,4,2,,8,5,1,4,0,,11,7,0,4,3,,8,8,,12,9,
100090.0,FLAGLER HOSPITAL,400 HEALTH PARK BLVD,SAINT AUGUSTINE,FL,32086,ST. JOHNS,(904) 819-5155,Acute Care Hospitals,Voluntary non-profit - Private,Yes,Y,2,,7,7,0,7,0,,8,7,1,6,0,,11,9,0,8,1,,8,8,,12,12,
100118.0,FLORIDA HOSPITAL FLAGLER,60 MEMORIAL MEDICAL PKWY,PALM COAST,FL,32164,FLAGLER,(386) 586-2000,Acute Care Hospitals,Voluntary non-profit - Church,Yes,,3,,7,6,1,5,0,,8,7,1,6,0,,11,8,1,6,1,,8,8,,12,10,
100132.0,SOUTH FLORIDA BAPTIST HOSPITAL,301 N ALEXANDER ST,PLANT CITY,FL,33563,HILLSBOROUGH,(813) 757-1200,Acute Care Hospitals,Voluntary non-profit - Private,Yes,Y,4,,7,5,0,5,0,,8,6,1,5,0,,11,9,0,9,0,,8,8,,12,10,
100157.0,LAKELAND REGIONAL MEDICAL CENTER,1324 LAKELAND HILLS BLVD,LAKELAND,FL,33805,POLK,(863) 687-1100,Acute Care Hospitals,Voluntary non-profit - Private,Yes,Y,1,,7,7,1,4,2,,8,8,2,6,0,,11,11,0,8,3,,8,8,,12,10,
100180.0,HCA FLORIDA ST PETERSBURG HOSPITAL,6500 38TH AVE N,SAINT PETERSBURG,FL,33710,PINELLAS,(727) 384-1414,Acute Care Hospitals,Proprietary,Yes,Y,2,,7,3,0,3,0,,8,5,1,4,0,,11,5,0,4,1,,8,8,,12,9,
100211.0,ADVENTHEALTH DADE CITY,13100 FT KING RD,DADE CITY,FL,33525,PASCO,(352) 568-1100,Acute Care Hospitals,Proprietary,No,,4,,7,5,0,5,0,,8,3,1,2,0,,11,6,0,6,0,,8,8,,12,8,
100231.0,HCA FLORIDA WEST HOSPITAL,8383 N DAVIS HWY,PENSACOLA,FL,32514,ESCAMBIA,(850) 494-4000,Acute Care Hospitals,Proprietary,Yes,Y,3,,7,7,0,6,1,,8,8,3,5,0,,11,9,0,8,1,,8,8,,12,10,
100252.0,HCA FLORIDA RAULERSON HOSPITAL,1796 HWY 441 NORTH,OKEECHOBEE,FL,34972,OKEECHOBEE,(863) 763-2151,Acute Care Hospitals,Proprietary,No,,3,,7,5,0,5,0,,8,3,1,2,0,,11,6,0,6,0,,8,8,,12,9,
100267.0,HCA FLORIDA ENGLEWOOD HOSPITAL,700 MEDICAL BLVD,ENGLEWOOD,FL,34223,SARASOTA,(941) 475-6571,Acute Care Hospitals,Proprietary,Yes,,3,,7,5,0,5,0,,8,3,1,2,0,,11,8,0,8,0,,8,8,,12,7,
100287.0,GOOD SAMARITAN MEDICAL CENTER,1309 N FLAGLER DR,WEST PALM BEACH,FL,33401,PALM BEACH,(561) 655-5511,Acute Care Hospitals,Proprietary,Yes,Y,1,,7,6,0,5,1,,8,8,1,7,0,,11,8,0,7,1,,8,8,,12,11,
100307.0,ASCENSION ST VINCENT'S SOUTHSIDE,4201 BELFORT RD,JACKSONVILLE,FL,32216,DUVAL,(904) 296-3700,Acute Care Hospitals,Voluntary non-profit - Private,Yes,Y,4,,7,6,0,6,0,,8,7,1,6,0,,11,10,0,10,0,,8,8,,12,9,
100350.0,UCF LAKE NONA HOSPITAL,6700 LAKE NONA BLVD,ORLANDO,FL,32827,ORANGE,(850) 523-2115,Acute Care Hospitals,Proprietary,Yes,Y,Not Available,16,7,2,0,2,0,,8,2,1,1,0,,11,3,0,3,0,,8,8,,12,9,
101304.0,CALHOUN-LIBERTY HOSPITAL,20370 NE BURNS AVE,BLOUNTSTOWN,FL,32424,CALHOUN,(850) 674-5411,Critical Access Hospitals,Voluntary non-profit - Private,Yes,,Not Available,16,7,1,0,1,0,,8,Not Available,Not Available,Not Available,Not Available,5,11,2,0,2,0,,8,Not Available,5,12,6,
103300.0,JOHNS HOPKINS ALL CHILDREN'S HOSPITAL,501 SIXTH AVENUE SOUTH,SAINT PETERSBURG,FL,33701,PINELLAS,(713) 898-7451,Childrens,Voluntary non-profit - Private,Yes,,Not Available,19,Not Available,Not Available,Not Available,Not Available,Not Available,19,Not Available,Not Available,Not Available,Not Available,Not Available,19,Not Available,Not Available,Not Available,Not Available,Not Available,19,Not Available,Not Available,19,Not Available,Not Available,19
104026.0,FORT LAUDERDALE BEHAVIORAL HEALTH CENTER,5757 N DIXIE HWY,OAKLAND PARK,FL,33334,BROWARD,(954) 734-2000,Psychiatric,Proprietary,No,,Not Available,19,Not Available,Not Available,Not Available,Not Available,Not Available,19,Not Available,Not Available,Not Available,Not Available,Not Available,19,Not Available,Not Available,Not Available,Not Available,Not Available,19,Not Available,Not Available,19,Not Available,Not Available,19
104072.0,CENTRAL FLORIDA BEHAVIORAL HOSPITAL,6601 CENTRAL FLORIDA PARKWAY,ORLANDO,FL,32821,ORANGE,(407) 370-0111,Psychiatric,Proprietary,No,,Not Available,19,Not Available,Not Available,Not Available,Not Available,Not Available,19,Not Available,Not Available,Not Available,Not Available,Not Available,19,Not Available,Not Available,Not Available,Not Available,Not Available,19,Not Available,Not Available,19,Not Available,Not Available,19
104084.0,NEUROBEHAVIORAL HOSPITAL OF THE PALM BEACHES-NORTH,993 45TH ST,MAGNONIA PARK,FL,33407,PALM BEACH,(954) 874-7866,Psychiatric,Voluntary non-profit - Private,No,,Not Available,19,Not Available,Not Available,Not Available,Not Available,Not Available,19,Not Available,Not Available,Not Available,Not Available,Not Available,19,Not Available,Not Available,Not Available,Not Available,Not Available,19,Not Available,Not Available,19,Not Available,Not Available,19
110015.0,TANNER MEDICAL CENTER VILLA RICA,601 DALLAS HIGHWAY,VILLA RICA,GA,30180,CARROLL,(770) 456-3101,Acute Care Hospitals,Government - Hospital District or Authority,Yes,Y,2,,7,5,0,5,0,,8,3,1,2,0,,11,9,0,6,3,,8,8,,12,10,
110031.0,WELLSTAR SPALDING MEDICAL CENTER,601 SOUTH 8TH STREET,GRIFFIN,GA,30223,SPALDING,(770) 228-2721,Acute Care Hospitals,Proprietary,Yes,Y,2,,7,5,0,4,1,,8,7,1,6,0,,11,7,0,6,1,,8,8,,12,10,
110045.0,"NGMC BARROW, LLC",316 NORTH BROAD STREET,WINDER,GA,30680,BARROW,(770) 848-8611,Acute Care Hospitals,Proprietary,Yes,,Not Available,16,7,2,0,2,0,,8,1,0,1,0,,11,4,1,3,0,,8,8,,12,9,
110075.0,EAST GEORGIA REGIONAL MEDICAL CENTER,1499 FAIR ROAD,STATESBORO,GA,30458,BULLOCH,(912) 486-1500,Acute Care Hospitals,Proprietary,Yes,Y,3,,7,6,0,6,0,,8,7,1,6,0,,11,8,0,8,0,,8,8,,12,10,
110092.0,DODGE COUNTY HOSPITAL,901 GRIFFIN AVE,EASTMAN,GA,31023,DODGE,(478) 448-4067,Acute Care Hospitals,Government - Hospital District or Authority,Yes,,Not Available,16,7,1,0,1,0,,8,2,0,2,0,,11,4,0,4,0,,8,8,,12,7,
110121.0,GRADY GENERAL HOSPITAL,"1155 5TH STREET, SE",CAIRO,GA,39828,GRADY,(229) 377-0251,Acute Care Hospitals,Voluntary non-profit - Private,No,Y,Not Available,16,7,Not Available,Not Available,Not Available,Not Available,5,8,1,0,1,0,,11,3,0,3,0,,8,Not Available,5,12,9,
110150.0,NAVICENT HEALTH BALDWIN,821 NORTH COBB STREET,MILLEDGEVILLE,GA,31061,BALDWIN,(478) 454-3550,Acute Care Hospitals,Proprietary,Yes,Y,1,,7,4,0,4,0,,8,2,0,2,0,,11,6,0,6,0,,8,8,,12,10,
110192.0,PIEDMONT EASTSIDE MEDICAL CENTER,1700 MEDICAL WAY,SNELLVILLE,GA,30078,GWINNETT,(770) 979-0200,Acute Care Hospitals,Proprietary,Yes,Y,1,,7,6,0,6,0,,8,6,1,5,0,,11,7,0,6,1,,8,8,,12,10,
110230.0,EMORY JOHNS CREEK HOSPITAL,6325 HOSPITAL PARKWAY,JOHNS CREEK,GA,30097,GWINNETT,(678) 474-7000,Acute Care Hospitals,Proprietary,Yes,Y,3,,7,6,1,5,0,,8,7,1,6,0,,11,8,0,7,1,,8,8,,12,11,
111303.0,JASPER MEMORIAL HOSPITAL,898 COLLEGE STREET,MONTICELLO,GA,31064,JASPER,(706) 468-6411,Critical Access Hospitals,Government - Local,Yes,,Not Available,16,7,Not Available,Not Available,Not Available,Not Available,5,8,Not Available,Not Available,Not Available,Not Available,5,11,Not Available,Not Available,Not Available,Not Available,5,8,Not Available,5,12,4,
111316.0,WARM SPRINGS MEDICAL CENTER,5995 SPRING STREET,WARM SPRINGS,GA,31830,MERIWETHER,(706) 655-9351,Critical Access Hospitals,Voluntary non-profit - Other,Yes,,Not Available,16,7,Not Available,Not Available,Not Available,Not Available,5,8,Not Available,Not Available,Not Available,Not Available,5,11,Not Available,Not Available,Not Available,Not Available,5,8,Not Available,5,12,4,
111329.0,ST MARY'S GOOD SAMARITAN HOSPITAL,5401 LAKE OCONEE PARKWAY,GREENSBORO,GA,30642,GREENE,(706) 453-7331,Critical Access Hospitals,Proprietary,Yes,,3,,7,4,0,4,0,,8,2,0,2,0,,11,6,0,6,0,,8,8,,12,8,
113301.0,CHILDREN'S HEALTHCARE OF ATLANTA AT SCOTTISH RITE,1001 JOHNSON FERRY ROAD,ATLANTA,GA,30342,FULTON,(404) 785-5252,Childrens,Voluntary non-profit - Other,Yes,,Not Available,19,Not Available,Not Available,Not Available,Not Available,Not Available,19,Not Available,Not Available,Not Available,Not Available,Not Available,19,Not Available,Not Available,Not Available,Not Available,Not Available,19,Not Available,Not Available,19,Not Available,Not Available,19
114032.0,SO CRESCENT BEH HLTH SYS - ANCHOR HOSPITAL CAMPUS,5454 YORKTOWNE DRIVE,COLLEGE PARK,GA,30349,FULTON,(770) 991-6044,Psychiatric,Government - Hospital District or Authority,No,,Not Available,19,Not Available,Not Available,Not Available,Not Available,Not Available,19,Not Available,Not Available,Not Available,Not Available,Not Available,19,Not Available,Not Available,Not Available,Not Available,Not Available,19,Not Available,Not Available,19,Not Available,Not Available,19
120014.0,WILCOX MEMORIAL HOSPITAL,3-3420 KUHIO HIGHWAY,LIHUE,HI,96766,KAUAI,(808) 245-1100,Acute Care Hospitals,Government - Federal,Yes,Y,2,,7,3,0,2,1,,8,4,1,3,0,,11,7,0,6,1,,8,8,,12,11,
121305.0,LANAI COMMUNITY HOSPITAL,628 7TH STREET,LANAI CITY,HI,96763,MAUI,(808) 565-8450,Critical Access Hospitals,Voluntary non-profit - Private,Yes,,Not Available,16,7,Not Available,Not Available,Not Available,Not Available,5,8,Not Available,Not Available,Not Available,Not Available,5,11,Not Available,Not Available,Not Available,Not Available,5,8,Not Available,5,12,2,
130007.0,SAINT ALPHONSUS REGIONAL MEDICAL CENTER,1055 NORTH CURTIS ROAD,BOISE,ID,83706,ADA,(208) 367-2121,Acute Care Hospitals,Voluntary non-profit - Church,Yes,Y,3,,7,7,0,5,2,,8,8,3,5,0,,11,11,1,10,0,,8,8,,12,10,
130071.0,ST LUKE'S NAMPA MEDICAL CENTER,9850 WEST ST LUKES DRIVE,NAMPA,ID,83687,CANYON,(208) 505-2000,Acute Care Hospitals,Voluntary non-profit - Private,Yes,Y,4,,7,5,0,4,1,,8,5,1,4,0,,11,8,0,8,0,,8,8,,12,11,
131309.0,CARIBOU MEDICAL CENTER,300 SOUTH 3RD WEST,SODA SPRINGS,ID,83276,CARIBOU,(208) 547-3341,Critical Access Hospitals,Government - Local,Yes,,Not Available,16,7,Not Available,Not Available,Not Available,Not Available,5,8,Not Available,Not Available,Not Available,Not Available,5,11,1,0,1,0,,8,Not Available,5,12,4,
131319.0,MINIDOKA MEMORIAL HOSPITAL,1224 8TH STREET,RUPERT,ID,83350,MINIDOKA,(208) 436-0481,Critical Access Hospitals,Government - Local,Yes,,Not Available,16,7,Not Available,Not Available,Not Available,Not Available,5,8,Not Available,Not Available,Not Available,Not Available,5,11,3,0,3,0,,8,Not Available,5,12,4,
134002.0,INTERMOUNTAIN HOSPITAL,303 NORTH ALLUMBAUGH STREET,BOISE,ID,83704,ADA,(208) 377-8400,Psychiatric,Proprietary,No,,Not Available,19,Not Available,Not Available,Not Available,Not Available,Not Available,19,Not Available,Not Available,Not Available,Not Available,Not Available,19,Not Available,Not Available,Not Available,Not Available,Not Available,19,Not Available,Not Available,19,Not Available,Not Available,19
140012.0,OSF SAINT KATHARINE MEDICAL CENTER,403 E 1ST ST,DIXON,IL,61021,LEE,(815) 288-5531,Acute Care Hospitals,Voluntary non-profit - Private,Yes,Y,2,,7,4,0,4,0,,8,2,0,2,0,,11,7,0,7,0,,8,8,,12,11,
140048.0,ADVOCATE TRINITY HOSPITAL,2320 E 93RD ST,CHICAGO,IL,60617,COOK,(773) 967-5002,Acute Care Hospitals,Voluntary non-profit - Church,Yes,Y,2,,7,6,1,5,0,,8,6,1,4,1,,11,9,0,6,3,,8,8,,12,12,
140067.0,SAINT FRANCIS MEDICAL CENTER,530 NE GLEN OAK AVE,PEORIA,IL,61637,PEORIA,(309) 655-2000,Acute Care Hospitals,Voluntary non-profit - Private,Yes,Y,2,,7,7,0,6,1,,8,8,2,4,2,,11,11,0,9,2,,8,8,,12,12,
140093.0,OSF SACRED HEART MEDICAL CENTER,812 N LOGAN AVE,DANVILLE,IL,61832,VERMILION,(217) 443-5000,Acute Care Hospitals,Voluntary non-profit - Church,Yes,Y,2,,7,5,0,5,0,,8,3,0,3,0,,11,8,0,8,0,,8,8,,12,8,
140117.0,AMITA HEALTH RESURRECTION MEDICAL CENTER,7435 W TALCOTT AVENUE,CHICAGO,IL,60631,COOK,(773) 774-8000,Acute Care Hospitals,Voluntary non-profit - Church,Yes,Y,4,,7,7,1,6,0,,8,7,2,5,0,,11,9,0,9,0,,8,8,,12,10,
140137.0,HSHS HOLY FAMILY HOSPITAL INC,200 HEALTH CARE DR,GREENVILLE,IL,62246,BOND,(618) 664-1230,Acute Care Hospitals,Voluntary non-profit - Church,Yes,,Not Available,16,7,2,0,2,0,,8,1,0,1,0,,11,4,0,3,1,,8,Not Available,5,12,7,
140166.0,ST MARYS HOSPITAL,1800 E LAKE SHORE DR,DECATUR,IL,62521,MACON,(217) 464-2966,Acute Care Hospitals,Voluntary non-profit - Private,Yes,,1,,7,6,0,6,0,,8,3,0,2,1,,11,8,0,7,1,,8,8,,12,12,
140186.0,RIVERSIDE MEDICAL CENTER,350 N WALL ST,KANKAKEE,IL,60901,KANKAKEE,(815) 933-1671,Acute Care Hospitals,Voluntary non-profit - Private,Yes,Y,4,,7,7,0,7,0,,8,6,1,5,0,,11,10,1,9,0,,8,8,,12,12,
140210.0,HARRISBURG MEDICAL CENTER,100 DOCTOR WARREN TUTTLE DR,HARRISBURG,IL,62946,SALINE,(618) 253-7671,Acute Care Hospitals,Voluntary non-profit - Other,Yes,,3,,7,3,0,3,0,,8,1,0,1,0,,11,6,0,6,0,,8,Not Available,5,12,9,
140242.0,NORTHWESTERN MEDICINE CENTRAL DUPAGE HOSPITAL,25 NORTH WINFIELD ROAD,WINFIELD,IL,60190,DU PAGE,(630) 682-1600,Acute Care Hospitals,Voluntary non-profit - Private,Yes,Y,5,,7,7,1,6,0,,8,8,3,5,0,,11,11,0,10,1,,8,8,,12,11,
140289.0,ANDERSON HOSPITAL,6800 STATE ROUTE 162,MARYVILLE,IL,62062,MADISON,(618) 288-5711,Acute Care Hospitals,Voluntary non-profit - Private,Yes,Y,4,,7,5,0,4,1,,8,7,2,5,0,,11,9,0,9,0,,8,8,,12,11,
141302.0,MIDWEST MEDICAL CENTER,1 MEDICAL CENTER DRIVE,GALENA,IL,61036,JO DAVIESS,(815) 777-1340,Critical Access Hospitals,Voluntary non-profit - Private,Yes,,Not Available,16,7,Not Available,Not Available,Not Available,Not Available,5,8,1,0,1,0,,11,2,0,2,0,,8,8,,12,2,
141312.0,ROCHELLE COMMUNITY HOSPITAL,900 N 2ND ST,ROCHELLE,IL,61068,OGLE,(815) 562-2181,Critical Access Hospitals,Voluntary non-profit - Private,Yes,,Not Available,16,7,1,0,1,0,,8,Not Available,Not Available,Not Available,Not Available,5,11,3,0,3,0,,8,Not Available,5,12,3,
141323.0,MASSAC MEMORIAL HOSPITAL,"28 CHICK STREET, PO BOX 850",METROPOLIS,IL,62960,MASSAC,(618) 524-2176,Critical Access Hospitals,Government - Hospital District or Authority,Yes,,Not Available,16,7,2,0,2,0,,8,Not Available,Not Available,Not Available,Not Available,5,11,4,0,4,0,,8,Not Available,5,12,5,
141333.0,SARAH D CULBERTSON MEMORIAL HOSPITAL,238 SOUTH CONGRESS STREET,RUSHVILLE,IL,62681,SCHUYLER,(217) 322-4321,Critical Access Hospitals,Government - Hospital District or Authority,Yes,,Not Available,16,7,Not Available,Not Available,Not Available,Not Available,5,8,Not Available,Not Available,Not Available,Not Available,5,11,Not Available,Not Available,Not Available,Not Available,5,8,Not Available,5,12,2,
141343.0,CRAWFORD MEMORIAL HOSPITAL,1000 NORTH ALLEN STREET,ROBINSON,IL,62454,CRAWFORD,(618) 544-3131,Critical Access Hospitals,Government - Hospital District or Authority,Yes,Y,5,,7,3,0,3,0,,8,Not Available,Not Available,Not Available,Not Available,5,11,4,0,4,0,,8,8,,12,8,
141353.0,IROQUOIS MEMORIAL HOSPITAL,200 FAIRMAN STREET,WATSEKA,IL,60970,IROQUOIS,(815) 432-5201,Critical Access Hospitals,Voluntary non-profit - Private,Yes,,Not Available,16,7,Not Available,Not Available,Not Available,Not Available,5,8,Not Available,Not Available,Not Available,Not Available,5,11,Not Available,Not Available,Not Available,Not Available,5,8,Not Available,5,12,2,
144026.0,HARTGROVE HOSPITAL,5730 W ROOSEVELT ROAD,CHICAGO,IL,60644,COOK,(773) 413-1700,Psychiatric,Proprietary,Yes,,Not Available,19,Not Available,Not Available,Not Available,Not Available,Not Available,19,Not Available,Not Available,Not Available,Not Available,Not Available,19,Not Available,Not Available,Not Available,Not Available,Not Available,19,Not Available,Not Available,19,Not Available,Not Available,19
144041.0,SILVER OAKS BEHAVIORAL HOSPITAL,1004 PAWLAK PARKWAY,NEW LENOX,IL,60451,WILL,(212) 243-5565,Psychiatric,Proprietary,Yes,,Not Available,19,Not Available,Not Available,Not Available,Not Available,Not Available,19,Not Available,Not Available,Not Available,Not Available,Not Available,19,Not Available,Not Available,Not Available,Not Available,Not Available,19,Not Available,Not Available,19,Not Available,Not Available,19
150010.0,ASCENSION ST VINCENT KOKOMO,1907 W SYCAMORE ST,KOKOMO,IN,46904,HOWARD,(765) 452-5611,Acute Care Hospitals,Voluntary non-profit - Church,Yes,Y,3,,7,5,0,4,1,,8,5,1,4,0,,11,9,0,9,0,,8,8,,12,10,
150026.0,GOSHEN HOSPITAL,200 HIGH PARK AVE,GOSHEN,IN,46526,ELKHART,(574) 364-1000,Acute Care Hospitals,Voluntary non-profit - Private,Yes,Y,2,,7,5,0,4,1,,8,5,1,3,1,,11,9,0,9,0,,8,8,,12,11,
150048.0,REID HEALTH,1100 REID PKWY,RICHMOND,IN,47374,WAYNE,(765) 983-3000,Acute Care Hospitals,Voluntary non-profit - Private,Yes,Y,3,,7,7,0,7,0,,8,7,1,6,0,,11,11,0,10,1,,8,8,,12,12,
150074.0,COMMUNITY HOSPITAL EAST,1500 N RITTER AVE,INDIANAPOLIS,IN,46219,MARION,(317) 355-5411,Acute Care Hospitals,Voluntary non-profit - Private,Yes,Y,3,,7,7,0,5,2,,8,7,2,5,0,,11,11,0,10,1,,8,8,,12,12,
150097.0,MAJOR HOSPITAL,2451 INTELLIPLEX DR,SHELBYVILLE,IN,46176,SHELBY,(317) 392-3211,Acute Care Hospitals,Government - Local,Yes,Y,3,,7,4,0,4,0,,8,2,0,2,0,,11,8,0,8,0,,8,8,,12,11,
150126.0,FRANCISCAN HEALTH CROWN POINT,1201 S MAIN ST,CROWN POINT,IN,46307,LAKE,(219) 757-6100,Acute Care Hospitals,Voluntary non-profit - Church,Yes,Y,3,,7,7,0,7,0,,8,7,1,6,0,,11,9,1,7,1,,8,8,,12,11,
150161.0,INDIANA UNIVERSITY HEALTH NORTH HOSPITAL,11700 N MERIDIAN ST,CARMEL,IN,46032,HAMILTON,(317) 688-2000,Acute Care Hospitals,Voluntary non-profit - Private,Yes,Y,4,,7,5,0,5,0,,8,8,3,5,0,,11,9,1,8,0,,8,8,,12,10,
150179.0,FAIRBANKS,8102 CLEARVISTA PARKWAY,INDIANAPOLIS,IN,46256,MARION,(317) 849-8222,Acute Care Hospitals,Voluntary non-profit - Private,No,,Not Available,16,7,Not Available,Not Available,Not Available,Not Available,5,8,1,1,0,0,,11,Not Available,Not Available,Not Available,Not Available,5,8,Not Available,5,12,2,
151306.0,INDIANA UNIVERSITY HEALTH PAOLI HOSPITAL,642 W HOSPITAL RD,PAOLI,IN,47454,ORANGE,(812) 723-2811,Critical Access Hospitals,Voluntary non-profit - Private,Yes,Y,Not Available,16,7,1,0,1,0,,8,Not Available,Not Available,Not Available,Not Available,5,11,3,0,3,0,,8,Not Available,5,12,7,
151316.0,INDIANA UNIVERSITY HEALTH FRANKFORT INC,1300 S JACKSON ST,FRANKFORT,IN,46041,CLINTON,(765) 656-3000,Critical Access Hospitals,Voluntary non-profit - Private,Yes,,Not Available,16,7,2,0,2,0,,8,Not Available,Not Available,Not Available,Not Available,5,11,4,1,3,0,,8,Not Available,5,12,8,
151327.0,SULLIVAN COUNTY COMMUNITY HOSPITAL,2200 N SECTION ST,SULLIVAN,IN,47882,SULLIVAN,(812) 268-4311,Critical Access Hospitals,Government - Local,Yes,Y,Not Available,16,7,2,0,2,0,,8,Not Available,Not Available,Not Available,Not Available,5,11,5,0,5,0,,8,Not Available,5,12,7,
154009.0,HAMILTON CENTER INC,620 8TH AVE,TERRE HAUTE,IN,47804,VIGO,(812) 231-8285,Psychiatric,Voluntary non-profit - Private,No,,Not Available,19,Not Available,Not Available,Not Available,Not Available,Not Available,19,Not Available,Not Available,Not Available,Not Available,Not Available,19,Not Available,Not Available,Not Available,Not Available,Not Available,19,Not Available,Not Available,19,Not Available,Not Available,19
154041.0,BLOOMINGTON MEADOWS HOSPITAL,3600 N PROW RD,BLOOMINGTON,IN,47404,MONROE,(812) 331-8000,Psychiatric,Proprietary,No,,Not Available,19,Not Available,Not Available,Not Available,Not Available,Not Available,19,Not Available,Not Available,Not Available,Not Available,Not Available,19,Not Available,Not Available,Not Available,Not Available,Not Available,19,Not Available,Not Available,19,Not Available,Not Available,19
154059.0,SYCAMORE SPRINGS,833 PARK EAST BLVD,LAFAYETTE,IN,47905,TIPPECANOE,(765) 743-4400,Psychiatric,Proprietary,No,,Not Available,19,Not Available,Not Available,Not Available,Not Available,Not Available,19,Not Available,Not Available,Not Available,Not Available,Not Available,19,Not Available,Not Available,Not Available,Not Available,Not Available,19,Not Available,Not Available,19,Not Available,Not Available,19
160001.0,UNITYPOINT HEALTH - MARSHALLTOWN,55 UNITYPOINT WAY,MARSHALLTOWN,IA,50158,MARSHALL,(641) 754-5151,Acute Care Hospitals,Voluntary non-profit - Private,Yes,,Not Available,16,7,2,0,2,0,,8,1,0,1,0,,11,5,2,3,0,,8,8,,12,9,
160047.0,METHODIST JENNIE EDMUNDSON,933 EAST PIERCE STREET,COUNCIL BLUFFS,IA,51503,POTTAWATTAMIE,(712) 396-6000,Acute Care Hospitals,Voluntary non-profit - Private,Yes,Y,4,,7,6,0,5,1,,8,6,0,6,0,,11,8,0,8,0,,8,8,,12,10,
160089.0,OTTUMWA REGIONAL HEALTH CENTER,1001 E PENNSYLVANIA,OTTUMWA,IA,52501,WAPELLO,(641) 682-7511,Acute Care Hospitals,Proprietary,Yes,Y,2,,7,5,0,5,0,,8,2,0,2,0,,11,6,0,6,0,,8,8,,12,10,
161301.0,IOWA SPECIALTY HOSPITAL - BELMOND,403 FIRST STREET SE,BELMOND,IA,50421,WRIGHT,(641) 444-3223,Critical Access Hospitals,Government - Local,Yes,,Not Available,16,7,1,0,1,0,,8,Not Available,Not Available,Not Available,Not Available,5,11,2,0,2,0,,8,8,,12,4,
161311.0,HAWARDEN REGIONAL HEALTHCARE,1111 11TH STREET,HAWARDEN,IA,51023,SIOUX,(712) 551-3100,Critical Access Hospitals,Government - Local,Yes,,Not Available,16,7,1,0,1,0,,8,Not Available,Not Available,Not Available,Not Available,5,11,3,0,3,0,,8,Not Available,5,12,5,
161321.0,AVERA MERRILL PIONEER HOSPITAL,1100 S 10TH AVE,ROCK RAPIDS,IA,51246,LYON,(712) 472-2591,Critical Access Hospitals,Voluntary non-profit - Private,Yes,,Not Available,16,7,Not Available,Not Available,Not Available,Not Available,5,8,Not Available,Not Available,Not Available,Not Available,5,11,2,0,2,0,,8,Not Available,5,12,2,
161331.0,MERCY MEDICAL CENTER-NEW HAMPTON,308 NORTH MAPLE AVENUE,NEW HAMPTON,IA,50659,CHICKASAW,(641) 394-4121,Critical Access Hospitals,Voluntary non-profit - Church,Yes,,Not Available,16,7,Not Available,Not Available,Not Available,Not Available,5,8,Not Available,Not Available,Not Available,Not Available,5,11,2,0,2,0,,8,Not Available,5,12,5,
161341.0,LUCAS COUNTY HEALTH CENTER,1200 NORTH 7TH STREET,CHARITON,IA,50049,LUCAS,(641) 774-3000,Critical Access Hospitals,Voluntary non-profit - Other,Yes,,Not Available,16,7,1,0,1,0,,8,Not Available,Not Available,Not Available,Not Available,5,11,2,0,2,0,,8,Not Available,5,12,7,
161351.0,AVERA HOLY FAMILY HOSPITAL,826 NORTH 8TH STREET,ESTHERVILLE,IA,51334,EMMET,(712) 362-2631,Critical Access Hospitals,Voluntary non-profit - Private,Yes,,Not Available,16,7,2,0,2,0,,8,1,0,1,0,,11,5,0,5,0,,8,Not Available,5,12,5,
161361.0,VAN DIEST MEDICAL CENTER,2350 HOSPITAL DRIVE,WEBSTER CITY,IA,50595,HAMILTON,(515) 832-9400,Critical Access Hospitals,Voluntary non-profit - Other,Yes,,Not Available,16,7,2,0,2,0,,8,Not Available,Not Available,Not Available,Not Available,5,11,4,1,3,0,,8,Not Available,5,12,5,
161371.0,WINNMED,901 MONTGOMERY STREET,DECORAH,IA,52101,WINNESHIEK,(563) 382-2911,Critical Access Hospitals,Government - Local,Yes,Y,2,,7,3,0,3,0,,8,1,0,1,0,,11,7,0,7,0,,8,8,,12,5,
161381.0,SANFORD SHELDON MEDICAL CENTER,118 NORTH 7TH AVENUE,SHELDON,IA,51201,OBRIEN,(712) 324-5041,Critical Access Hospitals,Voluntary non-profit - Private,Yes,,Not Available,16,7,1,0,1,0,,8,Not Available,Not Available,Not Available,Not Available,5,11,2,0,2,0,,8,Not Available,5,12,5,
170014.0,ADVENTHEALTH OTTAWA,1301 S MAIN STREET,OTTAWA,KS,66067,FRANKLIN,(785) 229-8200,Acute Care Hospitals,Government - Local,No,,2,,7,3,0,3,0,,8,2,0,2,0,,11,8,0,8,0,,8,8,,12,9,
170086.0,STORMONT VAIL HOSPITAL,1500 SW 10TH AVENUE,TOPEKA,KS,66604,SHAWNEE,(785) 354-6121,Acute Care Hospitals,Voluntary non-profit - Private,Yes,Y,4,,7,7,0,7,0,,8,8,1,7,0,,11,11,2,8,1,,8,8,,12,12,
170146.0,PROVIDENCE MEDICAL CENTER,8929 PARALLEL PARKWAY,KANSAS CITY,KS,66112,WYANDOTTE,(913) 596-4000,Acute Care Hospitals,Voluntary non-profit - Church,Yes,,3,,7,6,0,5,1,,8,5,0,5,0,,11,8,0,8,0,,8,8,,12,10,
170191.0,UNIVERSITY  OF KS HLTH SYSTEM GREAT BEND CAMPUS,514 CLEVELAND STREET,GREAT BEND,KS,67530,BARTON,(620) 792-8833,Acute Care Hospitals,Government - Hospital District or Authority,Yes,Y,4,,7,3,0,3,0,,8,3,0,3,0,,11,6,0,6,0,,8,8,,12,10,
170779.0,SOUTH CENTRAL KANSAS MEDICAL CENTER,6401 PATTERSON PARKWAY,ARKANSAS CITY,KS,67005,COWLEY,(620) 442-2500,Rural Emergency Hospital,Government - Local,Yes,,Not Available,19,Not Available,Not Available,Not Available,Not Available,Not Available,19,Not Available,Not Available,Not Available,Not Available,Not Available,19,Not Available,Not Available,Not Available,Not Available,Not Available,19,Not Available,Not Available,19,Not Available,Not Available,19
171309.0,JEWELL COUNTY HOSPITAL,100 CRESTVUE AVE,MANKATO,KS,66956,JEWELL,(785) 378-3137,Critical Access Hospitals,Government - Local,Yes,,Not Available,16,7,Not Available,Not Available,Not Available,Not Available,5,8,1,0,1,0,,11,1,0,1,0,,8,Not Available,5,12,2,
171319.0,HOLTON COMMUNITY HOSPITAL,1110 COLUMBINE DRIVE,HOLTON,KS,66436,JACKSON,(785) 364-2116,Critical Access Hospitals,Voluntary non-profit - Private,Yes,,Not Available,16,7,1,0,1,0,,8,Not Available,Not Available,Not Available,Not Available,5,11,2,0,2,0,,8,Not Available,5,12,5,
171330.0,HOSPITAL DISTRICT #1 OF RICE COUNTY,619 SOUTH CLARK AVENUE,LYONS,KS,67554,RICE,(620) 257-5173,Critical Access Hospitals,Government - Hospital District or Authority,Yes,Y,Not Available,16,7,1,0,1,0,,8,Not Available,Not Available,Not Available,Not Available,5,11,3,1,2,0,,8,Not Available,5,12,7,
171341.0,HIAWATHA COMMUNITY HOSPITAL,300 UTAH STREET,HIAWATHA,KS,66434,BROWN,(785) 742-2131,Critical Access Hospitals,Voluntary non-profit - Private,Yes,Y,3,,7,3,0,3,0,,8,Not Available,Not Available,Not Available,Not Available,5,11,5,0,5,0,,8,Not Available,5,12,5,
171352.0,DECATUR HEALTH,810 W  COLUMBIA STREET,MONUMENT,KS,67747,LOGAN,(785) 475-2208,Critical Access Hospitals,Voluntary non-profit - Private,Yes,,Not Available,16,7,Not Available,Not Available,Not Available,Not Available,5,8,Not Available,Not Available,Not Available,Not Available,5,11,2,0,2,0,,8,Not Available,5,12,3,
171362.0,CITIZENS MEDICAL CENTER,100 E COLLEGE DRIVE,COLBY,KS,67701,THOMAS,(785) 462-7511,Critical Access Hospitals,Voluntary non-profit - Private,Yes,Y,3,,7,3,0,3,0,,8,Not Available,Not Available,Not Available,Not Available,5,11,6,0,6,0,,8,8,,12,6,
171373.0,ALLEN COUNTY REGIONAL HOSPITAL,3066 NORTH KENTUCKY STREET,IOLA,KS,66749,ALLEN,(620) 365-1021,Critical Access Hospitals,Government - Local,Yes,,Not Available,16,7,2,0,2,0,,8,Not Available,Not Available,Not Available,Not Available,5,11,4,0,4,0,,8,Not Available,5,12,8,
171383.0,WILLIAM NEWTON HOSPITAL,1300 EAST FIFTH AVENUE,WINFIELD,KS,67156,COWLEY,(620) 221-2300,Critical Access Hospitals,Government - Local,Yes,Y,2,,7,3,0,2,1,,8,1,0,1,0,,11,6,1,5,0,,8,8,,12,10,
174026.0,CORTERRA OF WICHITA LLC,7447 WEST VILLAGE CIRCLE,WICHITA,KS,67205,SEDGWICK,(316) 372-8892,Psychiatric,Proprietary,No,,Not Available,19,Not Available,Not Available,Not Available,Not Available,Not Available,19,Not Available,Not Available,Not Available,Not Available,Not Available,19,Not Available,Not Available,Not Available,Not Available,Not Available,19,Not Available,Not Available,19,Not Available,Not Available,19
180013.0,THE MEDICAL CENTER (BOWLING GREEN),250 PARK STREET,BOWLING GREEN,KY,42101,WARREN,(270) 745-1000,Acute Care Hospitals,Voluntary non-profit - Private,Yes,Y,2,,7,7,0,6,1,,8,6,1,5,0,,11,10,0,10,0,,8,8,,12,11,
180035.0,ST ELIZABETH EDGEWOOD,1 MEDICAL VILLAGE DRIVE,EDGEWOOD,KY,41017,KENTON,(859) 301-2000,Acute Care Hospitals,Voluntary non-profit - Church,Yes,Y,4,,7,7,1,6,0,,8,8,1,7,0,,11,11,1,9,1,,8,8,,12,12,
180051.0,JENNIE STUART MEDICAL CENTER,320 WEST 18TH STREET,HOPKINSVILLE,KY,42241,CHRISTIAN,(270) 887-0100,Acute Care Hospitals,Voluntary non-profit - Private,Yes,Y,1,,7,4,0,3,1,,8,5,0,5,0,,11,9,0,9,0,,8,8,,12,11,
180087.0,TAYLOR REGIONAL HOSPITAL,1700 OLD LEBANON ROAD,CAMPBELLSVILLE,KY,42718,TAYLOR,(270) 465-3561,Acute Care Hospitals,Government - Hospital District or Authority,Yes,Y,2,,7,3,0,3,0,,8,5,0,5,0,,11,9,0,9,0,,8,8,,12,10,
180116.0,JACKSON PURCHASE MEDICAL CENTER,1099 MEDICAL CENTER CIRCLE,MAYFIELD,KY,42066,GRAVES,(270) 251-4585,Acute Care Hospitals,Government - Hospital District or Authority,Yes,Y,2,,7,5,0,5,0,,8,3,0,3,0,,11,6,0,5,1,,8,8,,12,10,
180154.0,"PINEVILLE COMMUNITY HEALTH CENTER, INC",850 RIVERVIEW AVENUE,PINEVILLE,KY,40977,BELL,(606) 337-3051,Acute Care Hospitals,Voluntary non-profit - Private,Yes,,Not Available,16,7,2,0,2,0,,8,1,0,1,0,,11,3,0,2,1,,8,Not Available,5,12,4,
181310.0,CARROLL COUNTY MEMORIAL HOSPITAL,309 ELEVENTH STREET,CARROLLTON,KY,41008,CARROLL,(502) 732-4321,Critical Access Hospitals,Voluntary non-profit - Private,Yes,,Not Available,16,7,Not Available,Not Available,Not Available,Not Available,5,8,Not Available,Not Available,Not Available,Not Available,5,11,1,0,1,0,,8,Not Available,5,12,3,
181322.0,CALDWELL MEDICAL CENTER,100 MEDICAL CENTER DRIVE,PRINCETON,KY,42445,CALDWELL,(270) 365-0300,Critical Access Hospitals,Voluntary non-profit - Private,Yes,,Not Available,16,7,1,0,1,0,,8,Not Available,Not Available,Not Available,Not Available,5,11,1,0,1,0,,8,Not Available,5,12,4,
181333.0,THE MEDICAL CENTER AT ALBANY,723 BURKESVILLE ROAD,ALBANY,KY,42602,CLINTON,(606) 387-3651,Critical Access Hospitals,Voluntary non-profit - Private,Yes,,Not Available,5,Not Available,Not Available,Not Available,Not Available,Not Available,5,Not Available,Not Available,Not Available,Not Available,Not Available,5,Not Available,Not Available,Not Available,Not Available,Not Available,5,Not Available,Not Available,5,Not Available,Not Available,5
184015.0,CENTRAL STATE HOSPITAL,10510 LAGRANGE ROAD,LOUISVILLE,KY,40223,JEFFERSON,(502) 253-7045,Psychiatric,Government - State,No,,Not Available,19,Not Available,Not Available,Not Available,Not Available,Not Available,19,Not Available,Not Available,Not Available,Not Available,Not Available,19,Not Available,Not Available,Not Available,Not Available,Not Available,19,Not Available,Not Available,19,Not Available,Not Available,19
190014.0,OCHSNER ST MARY,1125 MARGUERITE STREET,MORGAN CITY,LA,70380,ST. MARY,(985) 384-2200,Acute Care Hospitals,Voluntary non-profit - Private,Yes,,2,,7,3,0,2,1,,8,2,1,1,0,,11,5,0,5,0,,8,8,,12,9,
190039.0,WEST JEFFERSON MEDICAL CENTER,1101 MEDICAL CENTER BLVD,MARRERO,LA,70072,JEFFERSON,(504) 347-5511,Acute Care Hospitals,Voluntary non-profit - Private,Yes,Y,3,,7,6,0,6,0,,8,7,1,6,0,,11,8,0,8,0,,8,8,,12,11,
190064.0,OUR LADY OF THE LAKE REGIONAL MEDICAL CENTER,5000 HENNESSY BLVD,BATON ROUGE,LA,70808,E. BATON ROUGE,(225) 765-6565,Acute Care Hospitals,Voluntary non-profit - Church,Yes,,3,,7,7,0,6,1,,8,6,3,3,0,,11,10,0,10,0,,8,8,,12,11,
190111.0,WILLIS KNIGHTON MEDICAL CENTER,2600 GREENWOOD ROAD,SHREVEPORT,LA,71103,CADDO,(318) 212-4000,Acute Care Hospitals,Voluntary non-profit - Private,Yes,Y,3,,7,7,0,7,0,,8,8,1,7,0,,11,11,0,9,2,,8,8,,12,12,
190151.0,RICHARDSON MEDICAL CENTER,254 HIGHWAY 3048,RAYVILLE,LA,71269,RICHLAND,(318) 728-8292,Acute Care Hospitals,Government - Hospital District or Authority,Yes,,Not Available,16,7,1,0,1,0,,8,1,0,1,0,,11,4,0,4,0,,8,Not Available,5,12,7,
190208.0,EAST CARROLL PARISH HOSPITAL,336 NORTH HOOD STREET,LAKE PROVIDENCE,LA,71254,EAST CARROLL,(318) 559-4023,Acute Care Hospitals,Government - Hospital District or Authority,Yes,,Not Available,16,7,1,0,1,0,,8,Not Available,Not Available,Not Available,Not Available,5,11,2,0,2,0,,8,Not Available,5,12,5,
190270.0,OUR LADY OF THE LAKE SURGICAL HOSPITAL,1700 W LINDBERG DRIVE,SLIDELL,LA,70458,ST. TAMMANY,(985) 641-0600,Acute Care Hospitals,Physician,No,,Not Available,16,7,Not Available,Not Available,Not Available,Not Available,5,8,1,0,1,0,,11,2,0,2,0,,8,8,,12,3,
190316.0,THE GENERAL,"3600 FLORIDA BLVD, SUITE 2020",BATON ROUGE,LA,70806,E. BATON ROUGE,(225) 381-6393,Acute Care Hospitals,Voluntary non-profit - Private,Yes,,Not Available,16,7,1,0,1,0,,8,1,1,0,0,,11,3,0,3,0,,8,Not Available,5,12,5,
191306.0,WEST FELICIANA PARISH HOSPITAL,"5266 COMMERCE STREET, BUILDING B",SAINT FRANCISVILLE,LA,70775,WEST FELICIANA,(225) 635-3811,Critical Access Hospitals,Government - Hospital District or Authority,Yes,,Not Available,16,7,Not Available,Not Available,Not Available,Not Available,5,8,Not Available,Not Available,Not Available,Not Available,5,11,Not Available,Not Available,Not Available,Not Available,5,8,Not Available,5,12,3,
191316.0,POINTE COUPEE GENERAL HOSPITAL,2202 FALSE RIVER DRIVE,NEW ROADS,LA,70760,POINTE COUPEE,(225) 638-6331,Critical Access Hospitals,Government - Hospital District or Authority,Yes,,Not Available,16,7,Not Available,Not Available,Not Available,Not Available,5,8,Not Available,Not Available,Not Available,Not Available,5,11,2,0,2,0,,8,Not Available,5,12,5,
191326.0,REEVES MEMORIAL MEDICAL CENTER,409 FIRST STREET,BERNICE,LA,71222,UNION,(318) 285-9066,Critical Access Hospitals,Government - Hospital District or Authority,Yes,,Not Available,16,7,Not Available,Not Available,Not Available,Not Available,5,8,Not Available,Not Available,Not Available,Not Available,5,11,Not Available,Not Available,Not Available,Not Available,5,8,Not Available,5,12,2,
194031.0,RIVER OAKS HOSPITAL,1525 RIVER OAKS WEST,NEW ORLEANS,LA,70123,JEFFERSON,(504) 734-1740,Psychiatric,Proprietary,No,,Not Available,19,Not Available,Not Available,Not Available,Not Available,Not Available,19,Not Available,Not Available,Not Available,Not Available,Not Available,19,Not Available,Not Available,Not Available,Not Available,Not Available,19,Not Available,Not Available,19,Not Available,Not Available,19
194083.0,FREEDOM BEHAVIORAL HOSPITAL OF BASTROP,4673 EUGENE WARE ROAD,BASTROP,LA,71220,MOREHOUSE,(318) 281-2448,Psychiatric,Proprietary,Yes,,Not Available,19,Not Available,Not Available,Not Available,Not Available,Not Available,19,Not Available,Not Available,Not Available,Not Available,Not Available,19,Not Available,Not Available,Not Available,Not Available,Not Available,19,Not Available,Not Available,19,Not Available,Not Available,19
194095.0,OCEANS BEHAVIORAL HOSPITAL OF OPELOUSAS,1310 HEATHER DRIVE,OPELOUSAS,LA,70570,ST. LANDRY,(337) 948-8820,Psychiatric,Proprietary,No,,Not Available,19,Not Available,Not Available,Not Available,Not Available,Not Available,19,Not Available,Not Available,Not Available,Not Available,Not Available,19,Not Available,Not Available,Not Available,Not Available,Not Available,19,Not Available,Not Available,19,Not Available,Not Available,19
194113.0,PERIMETER BEHAVIORAL HOSPITAL OF NEW ORLEANS,3639 LOYOLA AVENUE,KENNER,LA,70065,JEFFERSON,(504) 305-2700,Psychiatric,Proprietary,No,,Not Available,19,Not Available,Not Available,Not Available,Not Available,Not Available,19,Not Available,Not Available,Not Available,Not Available,Not Available,19,Not Available,Not Available,Not Available,Not Available,Not Available,19,Not Available,Not Available,19,Not Available,Not Available,19
200009.0,MAINEHEALTH MAINE MEDICAL CENTER,22 BRAMHALL ST,PORTLAND,ME,4102,CUMBERLAND,(207) 662-0111,Acute Care Hospitals,Voluntary non-profit - Private,Yes,Y,4,,7,7,0,7,0,,8,8,3,5,0,,11,11,2,9,0,,8,8,,12,12,
200050.0,NORTHERN LIGHT MAINE COAST HOSPITAL,50 UNION STREET,ELLSWORTH,ME,4605,HANCOCK,(207) 667-5311,Acute Care Hospitals,Voluntary non-profit - Other,Yes,Y,2,,7,4,0,4,0,,8,2,0,2,0,,11,7,0,7,0,,8,8,,12,10,
201307.0,MILLINOCKET REGIONAL HOSPITAL,200 SOMERSET STREET,MILLINOCKET,ME,4462,PENOBSCOT,(207) 723-5161,Critical Access Hospitals,Voluntary non-profit - Private,Yes,,4,,7,3,0,3,0,,8,Not Available,Not Available,Not Available,Not Available,5,11,3,0,2,1,,8,8,,12,1,
201317.0,NORTHERN MAINE MEDICAL CENTER,194 E MAIN STREET,FORT KENT,ME,4743,AROOSTOOK,(207) 834-3195,Critical Access Hospitals,Voluntary non-profit - Private,Yes,,Not Available,5,Not Available,Not Available,Not Available,Not Available,Not Available,5,Not Available,Not Available,Not Available,Not Available,Not Available,5,Not Available,Not Available,Not Available,Not Available,Not Available,5,Not Available,Not Available,5,Not Available,Not Available,5
210008.0,MERCY MEDICAL CENTER INC,301 SAINT PAUL PLACE,BALTIMORE,MD,21202,BALTIMORE CITY,(410) 332-9237,Acute Care Hospitals,Voluntary non-profit - Church,Yes,Y,4,,7,5,0,5,0,,8,8,2,6,0,,11,9,2,6,1,,8,8,,12,8,
210023.0,"LUMINIS HEALTH ANNE ARUNDEL MEDICAL CENTER, INC",2001 MEDICAL PARKWAY,ANNAPOLIS,MD,21401,ANNE ARUNDEL,(443) 481-1000,Acute Care Hospitals,Voluntary non-profit - Private,Yes,Y,3,,7,7,1,6,0,,8,8,2,6,0,,11,11,2,7,2,,8,8,,12,10,
210037.0,UNIVERSITY OF MD SHORE MEDICAL CENTER AT EASTON,219 SOUTH  WASHINGTON STREET,EASTON,MD,21601,TALBOT,(410) 822-1000,Acute Care Hospitals,Voluntary non-profit - Private,Yes,Y,2,,7,6,0,6,0,,8,7,2,4,1,,11,10,2,7,1,,8,8,,12,9,
210057.0,ADVENTIST HEALTHCARE SHADY GROVE MEDICAL CENTER,9901 MEDICAL CENTER DRIVE,ROCKVILLE,MD,20850,MONTGOMERY,(240) 826-6517,Acute Care Hospitals,Voluntary non-profit - Private,Yes,Y,2,,7,6,0,6,0,,8,7,2,5,0,,11,8,1,7,0,,8,8,,12,10,
214000.0,"SHEPPARD AND ENOCH PRATT HOSPITAL, THE",6501 NORTH  CHARLES STREET,BALTIMORE,MD,21204,BALTIMORE,(410) 938-3401,Psychiatric,Voluntary non-profit - Private,No,,Not Available,19,Not Available,Not Available,Not Available,Not Available,Not Available,19,Not Available,Not Available,Not Available,Not Available,Not Available,19,Not Available,Not Available,Not Available,Not Available,Not Available,19,Not Available,Not Available,19,Not Available,Not Available,19
220008.0,STURDY MEMORIAL HOSPITAL,211 PARK STREET,ATTLEBORO,MA,2703,BRISTOL,(508) 222-5200,Acute Care Hospitals,Voluntary non-profit - Other,Yes,Y,3,,7,6,0,6,0,,8,6,1,5,0,,11,9,0,8,1,,8,8,,12,10,
220029.0,ANNA JAQUES HOSPITAL,25 HIGHLAND AVENUE,NEWBURYPORT,MA,1950,ESSEX,(978) 463-1000,Acute Care Hospitals,Voluntary non-profit - Private,Yes,Y,3,,7,5,0,5,0,,8,4,0,4,0,,11,9,0,9,0,,8,8,,12,11,
220062.0,ADCARE HOSPITAL OF WORCESTER INC,107 LINCOLN STREET,WORCESTER,MA,1605,WORCESTER,(508) 799-9000,Acute Care Hospitals,Proprietary,No,,Not Available,16,7,Not Available,Not Available,Not Available,Not Available,5,8,1,1,0,0,,11,1,0,1,0,,8,Not Available,5,12,3,
220080.0,HOLY FAMILY HOSPITAL,70 EAST STREET,METHUEN,MA,1844,ESSEX,(978) 687-0156,Acute Care Hospitals,Proprietary,Yes,Y,2,,7,6,0,6,0,,8,7,1,6,0,,11,8,0,8,0,,8,8,,12,12,
220105.0,WINCHESTER HOSPITAL,41 HIGHLAND AVENUE,WINCHESTER,MA,1890,MIDDLESEX,(781) 729-9000,Acute Care Hospitals,Voluntary non-profit - Private,Yes,Y,3,,7,6,2,4,0,,8,7,1,6,0,,11,9,0,7,2,,8,8,,12,10,
220175.0,METROWEST MEDICAL CENTER,115 LINCOLN STREET,FRAMINGHAM,MA,1701,MIDDLESEX,(508) 383-1000,Acute Care Hospitals,Voluntary non-profit - Private,Yes,Y,1,,7,6,1,5,0,,8,6,0,6,0,,11,10,0,10,0,,8,8,,12,10,
224001.0,TAUNTON STATE HOSPITAL,"60 HODGES AVENUE, BOX 151",TAUNTON,MA,2780,BRISTOL,(508) 977-3000,Psychiatric,Government - State,No,,Not Available,19,Not Available,Not Available,Not Available,Not Available,Not Available,19,Not Available,Not Available,Not Available,Not Available,Not Available,19,Not Available,Not Available,Not Available,Not Available,Not Available,19,Not Available,Not Available,19,Not Available,Not Available,19
224038.0,"WALDEN BEHAVIORAL CARE, LLC",10 CAREMATRIX DR,DEDHAM,MA,2026,NORFOLK,(781) 647-6727,Psychiatric,Government - Federal,No,,Not Available,19,Not Available,Not Available,Not Available,Not Available,Not Available,19,Not Available,Not Available,Not Available,Not Available,Not Available,19,Not Available,Not Available,Not Available,Not Available,Not Available,19,Not Available,Not Available,19,Not Available,Not Available,19
230005.0,PROMEDICA CHARLES AND VIRGINIA HICKMAN HOSPITAL,5640 N ADRIAN HIGHWAY,ADRIAN,MI,49221,LENAWEE,(517) 265-0900,Acute Care Hospitals,Voluntary non-profit - Private,Yes,Y,4,,7,5,0,5,0,,8,4,0,4,0,,11,9,2,7,0,,8,8,,12,11,
230030.0,MYMICHIGAN MEDICAL CENTER ALMA,300 E WARWICK DR,ALMA,MI,48801,GRATIOT,(989) 463-1101,Acute Care Hospitals,Voluntary non-profit - Private,Yes,Y,3,,7,4,0,4,0,,8,3,0,3,0,,11,8,0,7,1,,8,8,,12,11,
230054.0,UPHS MARQUETTE DLP HOSPITAL,850 W BARAGA AVE,MARQUETTE,MI,49855,MARQUETTE,(906) 228-9440,Acute Care Hospitals,Government - Local,Yes,Y,3,,7,7,0,7,0,,8,7,1,6,0,,11,11,1,9,1,,8,8,,12,12,
230077.0,ASCENSION ST MARY'S HOSPITAL,800 S WASHINGTON AVENUE,SAGINAW,MI,48601,SAGINAW,(989) 776-8000,Acute Care Hospitals,Voluntary non-profit - Church,Yes,,2,,7,7,0,7,0,,8,6,1,4,1,,11,10,0,9,1,,8,8,,12,8,
230100.0,TAWAS ST JOSEPH HOSPITAL,200 HEMLOCK,TAWAS CITY,MI,48764,IOSCO,(989) 362-9301,Acute Care Hospitals,Government - Hospital District or Authority,Yes,,3,,7,3,0,3,0,,8,1,0,1,0,,11,6,0,6,0,,8,8,,12,9,
230141.0,MCLAREN FLINT,401 S BALLENGER HIGHWAY,FLINT,MI,48532,GENESEE,(810) 342-2000,Acute Care Hospitals,Voluntary non-profit - Private,Yes,Y,1,,7,7,0,6,1,,8,7,2,5,0,,11,11,0,9,2,,8,8,,12,10,
230180.0,MYMICHIGAN MEDICAL CENTER CLARE,703 N MCEWAN ST,CLARE,MI,48617,CLARE,(989) 802-5000,Acute Care Hospitals,Voluntary non-profit - Other,No,,Not Available,16,7,2,0,2,0,,8,1,0,1,0,,11,6,0,6,0,,8,8,,12,10,
230230.0,EDWARD W SPARROW HOSPITAL,1215 E MICHIGAN AVENUE,LANSING,MI,48912,INGHAM,(517) 364-1000,Acute Care Hospitals,Voluntary non-profit - Other,Yes,Y,3,,7,7,0,7,0,,8,7,4,2,1,,11,10,1,9,0,,8,8,,12,12,
230273.0,DETROIT RECEIVING HOSPITAL,4201 ST ANTOINE ST,DETROIT,MI,48201,WAYNE,(313) 745-2941,Acute Care Hospitals,Proprietary,Yes,,1,,7,6,0,6,0,,8,6,2,3,1,,11,5,0,3,2,,8,8,,12,7,
231301.0,KALKASKA MEMORIAL HEALTH CENTER,419 S CORAL,KALKASKA,MI,49646,KALKASKA,(231) 258-7500,Critical Access Hospitals,Government - Hospital District or Authority,Yes,,Not Available,16,7,2,0,2,0,,8,Not Available,Not Available,Not Available,Not Available,5,11,6,0,6,0,,8,Not Available,5,12,4,
231313.0,HARBOR BEACH COMMUNITY HOSPITAL,210 S FIRST ST,HARBOR BEACH,MI,48441,HURON,(517) 479-3201,Critical Access Hospitals,Voluntary non-profit - Private,Yes,,Not Available,16,7,Not Available,Not Available,Not Available,Not Available,5,8,Not Available,Not Available,Not Available,Not Available,5,11,3,0,3,0,,8,Not Available,5,12,3,
231324.0,EATON RAPIDS MEDICAL CENTER,1500 S MAIN STREET,EATON RAPIDS,MI,48827,EATON,(517) 663-2671,Critical Access Hospitals,Voluntary non-profit - Private,Yes,,Not Available,16,7,Not Available,Not Available,Not Available,Not Available,5,8,Not Available,Not Available,Not Available,Not Available,5,11,3,0,3,0,,8,Not Available,5,12,6,
231337.0,OSF ST FRANCIS HOSPITAL AND MEDICAL GROUP,3401 LUDINGTON ST,ESCANABA,MI,49829,DELTA,(906) 786-3311,Critical Access Hospitals,Voluntary non-profit - Church,Yes,Y,3,,7,3,0,3,0,,8,1,0,1,0,,11,8,0,8,0,,8,8,,12,8,
234026.0,KALAMAZOO REGIONAL PSYCHIATRIC HOSPITAL,1312 OAKLAND DR,KALAMAZOO,MI,49008,KALAMAZOO,(269) 337-3309,Psychiatric,Government - State,Yes,,Not Available,19,Not Available,Not Available,Not Available,Not Available,Not Available,19,Not Available,Not Available,Not Available,Not Available,Not Available,19,Not Available,Not Available,Not Available,Not Available,Not Available,19,Not Available,Not Available,19,Not Available,Not Available,19
234046.0,BRONSON BEHAVIORAL HEALTH HOSPITAL,5550 GLENN CROSS RD,BATTLE CREEK,MI,49015,CALHOUN,(269) 966-8374,Psychiatric,Proprietary,No,,Not Available,19,Not Available,Not Available,Not Available,Not Available,Not Available,19,Not Available,Not Available,Not Available,Not Available,Not Available,19,Not Available,Not Available,Not Available,Not Available,Not Available,19,Not Available,Not Available,19,Not Available,Not Available,19
240022.0,SANFORD WORTHINGTON MEDICAL CENTER,1018 SIXTH AVENUE PO BOX 997,WORTHINGTON,MN,56187,NOBLES,(507) 372-3110,Acute Care Hospitals,Voluntary non-profit - Private,Yes,Y,3,,7,3,0,3,0,,8,2,0,2,0,,11,8,1,7,0,,8,8,,12,9,
240053.0,PARK NICOLLET METHODIST HOSPITAL,6500 EXCELSIOR BLVD,SAINT LOUIS PARK,MN,55426,HENNEPIN,(952) 993-5000,Acute Care Hospitals,Voluntary non-profit - Private,Yes,Y,3,,7,7,0,7,0,,8,8,4,4,0,,11,11,0,10,1,,8,8,,12,12,
240080.0,M HEALTH FAIRVIEW UNIVERSITY OF MN,2450 RIVERSIDE AVENUE,MINNEAPOLIS,MN,55454,HENNEPIN,(612) 624-1765,Acute Care Hospitals,Voluntary non-profit - Private,Yes,Y,3,,7,7,1,6,0,,8,8,1,6,1,,11,11,0,9,2,,8,8,,12,10,
240166.0,MAYO CLINIC HEALTH SYSTEM - FAIRMONT,800 MEDICAL CENTER DRIVE,FAIRMONT,MN,56031,MARTIN,(507) 238-5064,Acute Care Hospitals,Voluntary non-profit - Private,Yes,Y,4,,7,3,0,3,0,,8,2,0,2,0,,11,8,0,8,0,,8,8,,12,9,
241303.0,SANFORD TRACY MEDICAL CENTER,251 FIFTH STREET EAST,TRACY,MN,56175,LYON,(507) 629-8400,Critical Access Hospitals,Voluntary non-profit - Private,Yes,,Not Available,16,7,Not Available,Not Available,Not Available,Not Available,5,8,Not Available,Not Available,Not Available,Not Available,5,11,2,0,2,0,,8,Not Available,5,12,4,
241315.0,SANFORD JACKSON MEDICAL CENTER,1430 NORTH HIGHWAY,JACKSON,MN,56143,JACKSON,(507) 847-2420,Critical Access Hospitals,Voluntary non-profit - Private,Yes,,Not Available,16,7,Not Available,Not Available,Not Available,Not Available,5,8,Not Available,Not Available,Not Available,Not Available,5,11,2,0,2,0,,8,Not Available,5,12,4,
241326.0,CENTRACARE HEALTH SYSTEM - LONG PRAIRIE,50 CENTRACARE DRIVE,LONG PRAIRIE,MN,56347,TODD,(320) 732-2141,Critical Access Hospitals,Voluntary non-profit - Private,Yes,Y,Not Available,16,7,Not Available,Not Available,Not Available,Not Available,5,8,1,0,1,0,,11,4,0,4,0,,8,Not Available,5,12,9,
241337.0,NORTH VALLEY HEALTH CENTER,300 WEST GOOD SAMARITAN DRIVE,WARREN,MN,56762,MARSHALL,(218) 745-4211,Critical Access Hospitals,Voluntary non-profit - Private,Yes,,Not Available,16,7,Not Available,Not Available,Not Available,Not Available,5,8,Not Available,Not Available,Not Available,Not Available,5,11,1,0,1,0,,8,Not Available,5,12,4,
241347.0,SANFORD CANBY MEDICAL CENTER,112 ST OLAF AVENUE SOUTH,CANBY,MN,56220,YELLOW MEDCINE,(507) 223-7277,Critical Access Hospitals,Government - Hospital District or Authority,Yes,,Not Available,16,7,1,0,1,0,,8,Not Available,Not Available,Not Available,Not Available,5,11,2,0,2,0,,8,Not Available,5,12,5,
241358.0,CASS LAKE INDIAN HEALTH SERVICES HOSPITAL,425 7TH STREET NW,CASS LAKE,MN,56633,CASS,(218) 335-3205,Critical Access Hospitals,Government - Federal,Yes,,Not Available,16,7,Not Available,Not Available,Not Available,Not Available,5,8,Not Available,Not Available,Not Available,Not Available,5,11,Not Available,Not Available,Not Available,Not Available,5,8,Not Available,5,12,4,
241368.0,CENTRACARE HEALTH SYSTEM - SAUK CENTRE,425 NORTH ELM STREET,SAUK CENTRE,MN,56378,STEARNS,(320) 352-2221,Critical Access Hospitals,Voluntary non-profit - Private,Yes,Y,Not Available,16,7,Not Available,Not Available,Not Available,Not Available,5,8,Not Available,Not Available,Not Available,Not Available,5,11,3,0,3,0,,8,Not Available,5,12,8,
241378.0,NEW ULM MEDICAL CENTER,1324 FIFTH NORTH STREET,NEW ULM,MN,56073,BROWN,(507) 217-5000,Critical Access Hospitals,Voluntary non-profit - Private,Yes,Y,Not Available,16,7,2,0,2,0,,8,2,0,2,0,,11,8,0,8,0,,8,8,,12,10,
244013.0,COMMUNITY BEHAVIORAL HEALTH HOSPITAL FERGUS FALLS,1801 WEST ALCOTT AVENUE,FERGUS FALLS,MN,56537,OTTER TAIL,(218) 331-5005,Psychiatric,Government - State,No,,Not Available,19,Not Available,Not Available,Not Available,Not Available,Not Available,19,Not Available,Not Available,Not Available,Not Available,Not Available,19,Not Available,Not Available,Not Available,Not Available,Not Available,19,Not Available,Not Available,19,Not Available,Not Available,19
250009.0,MAGNOLIA REGIONAL HEALTH CENTER,611 ALCORN DRIVE,CORINTH,MS,38834,ALCORN,(662) 293-1000,Acute Care Hospitals,Voluntary non-profit - Other,Yes,Y,3,,7,7,0,6,1,,8,7,1,6,0,,11,8,0,8,0,,8,8,,12,11,
250038.0,MERIT HEALTH MADISON,161 RIVER OAKS DRIVE,CANTON,MS,39046,MADISON,(601) 855-4000,Acute Care Hospitals,Proprietary,Yes,,3,,7,2,0,2,0,,8,3,0,3,0,,11,6,0,6,0,,8,8,,12,8,
250061.0,YALOBUSHA GENERAL HOSPITAL,630 SOUTH MAIN STREET,WATER VALLEY,MS,38965,YALOBUSHA,(662) 473-1411,Acute Care Hospitals,Government - Local,No,,4,,7,3,0,3,0,,8,Not Available,Not Available,Not Available,Not Available,5,11,4,0,3,1,,8,Not Available,5,12,3,
250093.0,BOLIVAR MEDICAL CENTER,901 E SUNFLOWER RD,CLEVELAND,MS,38732,BOLIVAR,(662) 846-0061,Acute Care Hospitals,Proprietary,Yes,Y,1,,7,4,0,4,0,,8,3,0,2,1,,11,6,0,5,1,,8,8,,12,10,
250123.0,SINGING RIVER GULFPORT,15200 COMMUNITY ROAD,GULFPORT,MS,39503,HARRISON,(228) 575-7000,Acute Care Hospitals,Proprietary,Yes,Y,2,,7,4,0,4,0,,8,5,0,5,0,,11,8,0,8,0,,8,8,,12,11,
250167.0,METHODIST HEALTHCARE - OLIVE BRANCH HOSPITAL,4250 BETHEL ROAD,OLIVE BRANCH,MS,38654,DE SOTO,(662) 932-9000,Acute Care Hospitals,Voluntary non-profit - Private,Yes,Y,5,,7,5,0,5,0,,8,4,1,3,0,,11,5,1,4,0,,8,8,,12,11,
251300.0,S E LACKEY MEMORIAL HOSPITAL,330 N BROAD STREET,FOREST,MS,39074,SCOTT,(601) 469-4151,Critical Access Hospitals,Voluntary non-profit - Private,Yes,,Not Available,16,7,Not Available,Not Available,Not Available,Not Available,5,8,1,0,1,0,,11,2,0,2,0,,8,Not Available,5,12,6,
251316.0,OCHSNER WATKINS HOSPITAL,605 SOUTH ARCHUSA AVENUE,QUITMAN,MS,39355,CLARKE,(601) 776-6925,Critical Access Hospitals,Voluntary non-profit - Private,Yes,,Not Available,16,7,Not Available,Not Available,Not Available,Not Available,5,8,Not Available,Not Available,Not Available,Not Available,5,11,Not Available,Not Available,Not Available,Not Available,5,8,Not Available,5,12,4,
251327.0,COPIAH COUNTY MEDICAL CENTER,21790 HIGHWAY 28,HAZLEHURST,MS,39083,COPIAH,(601) 894-4541,Critical Access Hospitals,Government - Local,Yes,,Not Available,16,7,1,0,1,0,,8,1,0,1,0,,11,3,0,3,0,,8,Not Available,5,12,3,
254005.0,PARKWOOD BEHAVIORAL HEALTH SYSTEM,8135 GOODMAN ROAD,OLIVE BRANCH,MS,38654,DE SOTO,(662) 895-4900,Psychiatric,Proprietary,No,,Not Available,19,Not Available,Not Available,Not Available,Not Available,Not Available,19,Not Available,Not Available,Not Available,Not Available,Not Available,19,Not Available,Not Available,Not Available,Not Available,Not Available,19,Not Available,Not Available,19,Not Available,Not Available,19
260006.0,MOSAIC LIFE CARE AT ST JOSEPH,5325 FARAON STREET,SAINT JOSEPH,MO,64506,BUCHANAN,(816) 271-6000,Acute Care Hospitals,Voluntary non-profit - Private,Yes,Y,4,,7,7,1,6,0,,8,7,1,6,0,,11,11,1,9,1,,8,8,,12,12,
260032.0,BARNES JEWISH HOSPITAL,ONE BARNES-JEWISH HOSPITAL PLAZA,SAINT LOUIS,MO,63110,ST. LOUIS CITY,(314) 747-3000,Acute Care Hospitals,Voluntary non-profit - Other,Yes,Y,4,,7,7,2,5,0,,8,8,1,7,0,,11,11,0,7,4,,8,8,,12,11,
260068.0,BOONE HOSPITAL CENTER,1600 E BROADWAY,COLUMBIA,MO,65201,BOONE,(573) 815-8000,Acute Care Hospitals,Voluntary non-profit - Other,Yes,Y,4,,7,7,0,7,0,,8,8,1,7,0,,11,11,2,9,0,,8,8,,12,11,
260096.0,NORTH KANSAS CITY HOSPITAL,2800 CLAY EDWARDS DRIVE,NORTH KANSAS CITY,MO,64116,CLAY,(816) 691-2000,Acute Care Hospitals,Government - Local,Yes,Y,4,,7,7,0,7,0,,8,8,1,7,0,,11,9,2,7,0,,8,8,,12,12,
260138.0,ST LUKES HOSPITAL OF KANSAS CITY,4401 WORNALL ROAD,KANSAS CITY,MO,64111,JACKSON,(816) 932-2000,Acute Care Hospitals,Voluntary non-profit - Private,Yes,Y,4,,7,7,1,6,0,,8,8,1,7,0,,11,11,1,10,0,,8,8,,12,10,
260180.0,CHRISTIAN HOSPITAL NORTHEAST,11133 DUNN ROAD,SAINT LOUIS,MO,63136,ST. LOUIS,(314) 653-5000,Acute Care Hospitals,Voluntary non-profit - Private,Yes,,4,,7,7,0,7,0,,8,7,1,5,1,,11,9,0,7,2,,8,8,,12,9,
260219.0,PROGRESS WEST HOSPITAL,2 PROGRESS POINT PKWY,OFALLON,MO,63368,ST. CHARLES,(636) 344-2273,Acute Care Hospitals,Voluntary non-profit - Private,Yes,Y,3,,7,5,0,5,0,,8,3,0,3,0,,11,7,0,6,1,,8,8,,12,10,
261310.0,SCOTLAND COUNTY  HOSPITAL,450 E SIGLER AVENUE,MEMPHIS,MO,63555,SCOTLAND,(660) 465-8511,Critical Access Hospitals,Government - Hospital District or Authority,Yes,,Not Available,16,7,2,0,2,0,,8,Not Available,Not Available,Not Available,Not Available,5,11,4,0,4,0,,8,Not Available,5,12,3,
261321.0,HEDRICK MEDICAL CENTER,2799 NORTH WASHINGTON STREET,CHILLICOTHE,MO,64601,LIVINGSTON,(660) 646-1480,Critical Access Hospitals,Voluntary non-profit - Private,Yes,,5,,7,3,0,3,0,,8,1,0,1,0,,11,5,0,5,0,,8,8,,12,10,
261332.0,CARROLL COUNTY MEMORIAL HOSPITAL,1502 NORTH JEFFERSON,CARROLLTON,MO,64633,CARROLL,(660) 542-1695,Critical Access Hospitals,Voluntary non-profit - Private,Yes,,Not Available,16,7,1,0,1,0,,8,Not Available,Not Available,Not Available,Not Available,5,11,4,0,4,0,,8,Not Available,5,12,8,
263304.0,SHRINERS HOSPITALS FOR CHILDREN,4400 CLAYTON AVE,SAINT LOUIS,MO,63110,ST. LOUIS CITY,(314) 432-3600,Childrens,Voluntary non-profit - Private,No,,Not Available,19,Not Available,Not Available,Not Available,Not Available,Not Available,19,Not Available,Not Available,Not Available,Not Available,Not Available,19,Not Available,Not Available,Not Available,Not Available,Not Available,19,Not Available,Not Available,19,Not Available,Not Available,19
264032.0,CENTERPOINTE HOSPITAL OF COLUMBIA,1201 INTERNATIONAL DRIVE,COLUMBIA,MO,65202,BOONE,(855) 623-7016,Psychiatric,Proprietary,No,,Not Available,19,Not Available,Not Available,Not Available,Not Available,Not Available,19,Not Available,Not Available,Not Available,Not Available,Not Available,19,Not Available,Not Available,Not Available,Not Available,Not Available,19,Not Available,Not Available,19,Not Available,Not Available,19
270049.0,INTERMOUNTAIN HEALTH ST VINCENT REGIONAL HOSPITAL,1233 N 30TH ST,BILLINGS,MT,59107,YELLOWSTONE,(406) 657-7000,Acute Care Hospitals,Voluntary non-profit - Church,Yes,Y,4,,7,7,0,7,0,,8,8,3,5,0,,11,11,3,8,0,,8,8,,12,11,
271305.0,MCCONE COUNTY HEALTH CENTER,605 SULLIVAN AVE,CIRCLE,MT,59215,MCCONE,(406) 485-3381,Critical Access Hospitals,Voluntary non-profit - Other,Yes,,Not Available,16,7,Not Available,Not Available,Not Available,Not Available,5,8,Not Available,Not Available,Not Available,Not Available,5,11,1,0,1,0,,8,Not Available,5,12,2,
271315.0,P H S INDIAN HOSPITAL-FT BELKNAP AT HARLEM - CAH,"456 GROS VENTRE AVE, RR 1",HARLEM,MT,59526,BLAINE,(406) 353-3100,Critical Access Hospitals,Government - Federal,Yes,,Not Available,19,Not Available,Not Available,Not Available,Not Available,Not Available,19,Not Available,Not Available,Not Available,Not Available,Not Available,19,Not Available,Not Available,Not Available,Not Available,Not Available,19,Not Available,Not Available,19,Not Available,Not Available,19
271325.0,ST LUKE COMMUNITY HOSPITAL,107 6TH AVE SW,RONAN,MT,59864,LAKE,(406) 676-4441,Critical Access Hospitals,Voluntary non-profit - Private,Yes,,Not Available,16,7,1,0,1,0,,8,1,0,1,0,,11,2,0,2,0,,8,Not Available,5,12,4,
271335.0,COMMUNITY HOSPITAL OF ANACONDA,401 W PENNSYLVANIA,ANACONDA,MT,59711,DEER LODGE,(406) 563-8500,Critical Access Hospitals,Voluntary non-profit - Private,Yes,Y,3,,7,3,0,3,0,,8,2,0,2,0,,11,7,0,7,0,,8,8,,12,8,
271345.0,CENTRAL MONTANA MEDICAL CENTER,408 WENDELL AVE,LEWISTOWN,MT,59457,FERGUS,(406) 535-7711,Critical Access Hospitals,Voluntary non-profit - Private,Yes,,Not Available,16,7,1,0,1,0,,8,Not Available,Not Available,Not Available,Not Available,5,11,2,0,2,0,,8,8,,12,5,
280023.0,CHI HEALTH ST. FRANCIS,2620 WEST FAIDLEY AVE,GRAND ISLAND,NE,68803,HALL,(308) 384-4600,Acute Care Hospitals,Voluntary non-profit - Church,Yes,Y,4,,7,6,0,6,0,,8,5,1,4,0,,11,7,0,7,0,,8,8,,12,9,
280111.0,"COLUMBUS COMMUNITY HOSPITAL, INC",4600 38TH ST,COLUMBUS,NE,68601,PLATTE,(402) 564-7118,Acute Care Hospitals,Voluntary non-profit - Other,Yes,Y,3,,7,5,0,5,0,,8,2,0,2,0,,11,6,0,6,0,,8,8,,12,11,
280139.0,GRAND ISLAND REGIONAL MEDICAL CENTER,3533 PRAIRIEVIEW STREET,GRAND ISLAND,NE,68803,HALL,(308) 675-5000,Acute Care Hospitals,Voluntary non-profit - Private,Yes,Y,2,,7,3,0,3,0,,8,4,0,3,1,,11,7,0,7,0,,8,8,,12,9,
281308.0,HENDERSON COMMUNITY HOSPITAL,1621 FRONT STREET,HENDERSON,NE,68371,YORK,(402) 723-4512,Critical Access Hospitals,Voluntary non-profit - Private,Yes,,Not Available,16,7,Not Available,Not Available,Not Available,Not Available,5,8,Not Available,Not Available,Not Available,Not Available,5,11,1,0,1,0,,8,Not Available,5,12,3,
281319.0,JEFFERSON COMMUNITY HEALTH & LIFE,"P O BOX 277, 2200 H ST",FAIRBURY,NE,68352,JEFFERSON,(402) 729-3351,Critical Access Hospitals,Voluntary non-profit - Private,Yes,,Not Available,16,7,1,0,1,0,,8,Not Available,Not Available,Not Available,Not Available,5,11,3,0,3,0,,8,Not Available,5,12,5,
281331.0,AVERA CREIGHTON HOSPITAL,"P O BOX 186, 1503 MAIN ST",CREIGHTON,NE,68729,KNOX,(402) 358-5700,Critical Access Hospitals,Voluntary non-profit - Private,Yes,,Not Available,16,7,Not Available,Not Available,Not Available,Not Available,5,8,Not Available,Not Available,Not Available,Not Available,5,11,2,0,2,0,,8,Not Available,5,12,4,
281342.0,CHI HEALTH ST. MARYS,1301 GRUNDMAN BLVD,NEBRASKA CITY,NE,68410,OTOE,(402) 873-3321,Critical Access Hospitals,Voluntary non-profit - Church,Yes,Y,Not Available,16,7,1,0,1,0,,8,Not Available,Not Available,Not Available,Not Available,5,11,3,0,3,0,,8,Not Available,5,12,8,
281352.0,"COMMUNITY MEDICAL CENTER, INC","P O BOX 399, 3307 BILL SCHOCK BOULEVARD",FALLS CITY,NE,68355,RICHARDSON,(402) 245-2428,Critical Access Hospitals,Voluntary non-profit - Private,Yes,,4,,7,3,0,3,0,,8,Not Available,Not Available,Not Available,Not Available,5,11,5,0,5,0,,8,8,,12,6,
281362.0,PHELPS MEMORIAL HEALTH CENTER,1215 TIBBALS ST,HOLDREGE,NE,68949,PHELPS,(308) 995-2211,Critical Access Hospitals,Voluntary non-profit - Private,Yes,,Not Available,16,7,2,0,2,0,,8,1,0,1,0,,11,6,1,5,0,,8,8,,12,5,
290005.0,NORTH VISTA HOSPITAL,1409 EAST LAKE MEAD BLVD,NORTH LAS VEGAS,NV,89030,CLARK,(702) 649-7711,Acute Care Hospitals,Voluntary non-profit - Private,Yes,,3,,7,4,1,3,0,,8,5,1,4,0,,11,4,0,4,0,,8,8,,12,7,
290042.0,HARMON HOSPITAL,2170 EAST HARMON AVENUE,LAS VEGAS,NV,89119,CLARK,(702) 794-0100,Acute Care Hospitals,Proprietary,No,,Not Available,19,Not Available,Not Available,Not Available,Not Available,Not Available,19,Not Available,Not Available,Not Available,Not Available,Not Available,19,Not Available,Not Available,Not Available,Not Available,Not Available,19,Not Available,Not Available,19,Not Available,Not Available,19
291300.0,MOUNT GRANT GENERAL HOSPITAL,200 SOUTH A ST,HAWTHORNE,NV,89415,MINERAL,(702) 945-2461,Critical Access Hospitals,Government - Hospital District or Authority,Yes,,Not Available,16,7,Not Available,Not Available,Not Available,Not Available,5,8,Not Available,Not Available,Not Available,Not Available,5,11,1,0,1,0,,8,Not Available,5,12,4,
291312.0,GROVER C DILS MEDICAL CENTER,"700 N SPRING ST, BOX 1010-C-ADM BLDG",CALIENTE,NV,89008,LINCOLN,(775) 726-3171,Critical Access Hospitals,Voluntary non-profit - Private,Yes,,Not Available,16,7,Not Available,Not Available,Not Available,Not Available,5,8,Not Available,Not Available,Not Available,Not Available,5,11,1,0,1,0,,8,Not Available,5,12,3,
300001.0,CONCORD HOSPITAL,250 PLEASANT ST,CONCORD,NH,3301,MERRIMACK,(603) 225-2711,Acute Care Hospitals,Voluntary non-profit - Private,No,Y,3,,7,7,0,6,1,,8,7,0,7,0,,11,11,0,11,0,,8,8,,12,11,
300023.0,EXETER HOSPITAL INC,5 ALUMNI DRIVE,EXETER,NH,3833,ROCKINGHAM,(603) 778-7311,Acute Care Hospitals,Voluntary non-profit - Private,Yes,Y,5,,7,5,0,5,0,,8,7,1,6,0,,11,10,1,9,0,,8,8,,12,11,
301307.0,"MEMORIAL HOSPITAL, THE",3073 WHITE MOUNTAIN HIGHWAY,NORTH CONWAY,NH,3860,CARROLL,(603) 356-5461,Critical Access Hospitals,Voluntary non-profit - Private,Yes,Y,3,,7,4,0,4,0,,8,1,0,1,0,,11,5,0,5,0,,8,8,,12,9,
310003.0,PALISADES MEDICAL CENTER,7600 RIVER RD,NORTH BERGEN,NJ,7047,HUDSON,(201) 854-5000,Acute Care Hospitals,Voluntary non-profit - Private,Yes,Y,3,,7,5,1,4,0,,8,5,1,4,0,,11,6,0,6,0,,8,8,,12,11,
310016.0,CAREPOINT HEALTH-CHRIST HOSPITAL,176 PALISADE AVE,JERSEY CITY,NJ,7306,HUDSON,(201) 795-8200,Acute Care Hospitals,Voluntary non-profit - Church,No,,2,23,7,5,0,5,0,,8,5,0,3,2,23,11,7,0,6,1,,8,8,,12,8,
310032.0,INSPIRA MEDICAL CENTER VINELAND,1505 W SHERMAN AVE,VINELAND,NJ,8360,CUMBERLAND,(856) 641-8000,Acute Care Hospitals,Voluntary non-profit - Private,Yes,Y,2,,7,6,0,6,0,,8,6,3,3,0,,11,7,0,4,3,,8,8,,12,11,
310050.0,SAINT CLARE'S HOSPITAL/ DENVILLE CAMPUS,25 POCONO ROAD,DENVILLE,NJ,7834,MORRIS,(973) 983-5569,Acute Care Hospitals,Proprietary,Yes,Y,3,,7,6,0,6,0,,8,7,1,5,1,,11,8,0,8,0,,8,8,,12,8,
310070.0,SAINT PETER'S UNIVERSITY HOSPITAL,254 EASTON AVE,NEW BRUNSWICK,NJ,8901,MIDDLESEX,(732) 745-8600,Acute Care Hospitals,Voluntary non-profit - Private,Yes,Y,4,,7,6,0,6,0,,8,8,1,7,0,,11,8,0,8,0,,8,8,,12,10,
310108.0,JFK UNIVERSITY MEDICAL CENTER,65 JAMES STREET,EDISON,NJ,8818,MIDDLESEX,(732) 321-7000,Acute Care Hospitals,Voluntary non-profit - Private,Yes,Y,3,,7,6,1,5,0,,8,6,2,4,0,,11,9,0,8,1,,8,8,,12,11,
313300.0,CHILDREN'S SPECIALIZED HOSPITAL,200 SOMERSET ST,NEW BRUNSWICK,NJ,8901,MIDDLESEX,(732) 258-7050,Childrens,Voluntary non-profit - Private,No,,Not Available,19,Not Available,Not Available,Not Available,Not Available,Not Available,19,Not Available,Not Available,Not Available,Not Available,Not Available,19,Not Available,Not Available,Not Available,Not Available,Not Available,19,Not Available,Not Available,19,Not Available,Not Available,19
314020.0,ESSEX COUNTY HOSPITAL CENTER,204 GROVE AVENUE,CEDAR GROVE,NJ,7009,ESSEX,(973) 571-2801,Psychiatric,Government - Local,No,,Not Available,19,Not Available,Not Available,Not Available,Not Available,Not Available,19,Not Available,Not Available,Not Available,Not Available,Not Available,19,Not Available,Not Available,Not Available,Not Available,Not Available,19,Not Available,Not Available,19,Not Available,Not Available,19
320009.0,LOVELACE MEDICAL CENTER,601 DR MARTIN LUTHER KING JR AVE NE,ALBUQUERQUE,NM,87102,BERNALILLO,(505) 727-8000,Acute Care Hospitals,Proprietary,Yes,,3,,7,7,0,7,0,,8,7,4,3,0,,11,9,0,8,1,,8,8,,12,9,
320060.0,ZUNI COMPREHENSIVE COMMUNITY HEALTH CENTER,ROUTE 301 NORTH B STREET,ZUNI,NM,87327,MCKINLEY,(505) 782-4431,Acute Care Hospitals,Government - Federal,No,Y,Not Available,16,7,Not Available,Not Available,Not Available,Not Available,5,8,Not Available,Not Available,Not Available,Not Available,5,11,1,0,1,0,,8,Not Available,5,12,3,
320091.0,THREE CROSSES REGIONAL HOSPITAL LLC,2560 SAMARITAN DRIVE,LAS CRUCES,NM,88001,DONA ANA,(575) 421-8274,Acute Care Hospitals,Proprietary,Yes,,3,,7,3,0,3,0,,8,3,0,3,0,,11,5,0,5,0,,8,8,,12,6,
321309.0,MIMBRES MEMORIAL HOSPITAL,900 W Ash Street,DEMING,NM,88031,LUNA,(575) 546-5803,Critical Access Hospitals,Proprietary,Yes,,Not Available,16,7,2,0,2,0,,8,2,0,2,0,,11,3,0,3,0,,8,Not Available,5,12,10,
330006.0,ST JOSEPH'S MEDICAL CENTER,127 SOUTH BROADWAY,YONKERS,NY,10701,WESTCHESTER,(914) 378-7000,Acute Care Hospitals,Voluntary non-profit - Private,Yes,,1,,7,2,0,2,0,,8,5,0,5,0,,11,5,0,4,1,,8,8,,12,8,
330030.0,NEWARK-WAYNE COMMUNITY HOSPITAL,111 DRIVING PARK AVENUE,NEWARK,NY,14513,WAYNE,(315) 332-2022,Acute Care Hospitals,Voluntary non-profit - Private,Yes,Y,2,,7,4,0,4,0,,8,4,0,4,0,,11,6,0,4,2,,8,8,,12,10,
330057.0,ST PETER'S HOSPITAL,315 SOUTH MANNING BOULEVARD,ALBANY,NY,12208,ALBANY,(518) 525-1550,Acute Care Hospitals,Voluntary non-profit - Private,Yes,Y,3,,7,7,1,6,0,,8,8,2,5,1,,11,11,0,10,1,,8,8,,12,11,
330085.0,AURELIA OSBORN FOX MEMORIAL HOSPITAL,ONE NORTON AVENUE,ONEONTA,NY,13820,OTSEGO,(607) 432-2000,Acute Care Hospitals,Voluntary non-profit - Private,Yes,,3,,7,4,0,4,0,,8,3,0,3,0,,11,7,0,7,0,,8,8,,12,8,
330106.0,NORTH SHORE UNIVERSITY HOSPITAL,300 COMMUNITY DRIVE,MANHASSET,NY,11030,NASSAU,(516) 562-0100,Acute Care Hospitals,Voluntary non-profit - Private,Yes,Y,4,,7,7,3,4,0,,8,7,3,4,0,,11,11,0,9,2,,8,8,,12,12,
330136.0,BASSETT HEALTHCARE,ONE ATWELL ROAD,COOPERSTOWN,NY,13326,OTSEGO,(607) 547-3456,Acute Care Hospitals,Voluntary non-profit - Private,Yes,Y,2,,7,7,0,7,0,,8,7,2,4,1,,11,11,0,11,0,,8,8,,12,10,
330164.0,HIGHLAND HOSPITAL,1000 SOUTH AVENUE,ROCHESTER,NY,14617,MONROE,(585) 341-6711,Acute Care Hospitals,Voluntary non-profit - Private,Yes,Y,1,,7,5,0,5,0,,8,8,1,6,1,,11,9,0,6,3,,8,8,,12,10,
330191.0,GLENS FALLS HOSPITAL,100 PARK STREET,GLENS FALLS,NY,12801,WARREN,(518) 926-1000,Acute Care Hospitals,Voluntary non-profit - Private,Yes,Y,2,,7,6,0,5,1,,8,6,1,4,1,,11,9,0,8,1,,8,8,,12,11,
330204.0,BELLEVUE HOSPITAL CENTER,462 FIRST AVENUE,NEW YORK,NY,10016,NEW YORK,(212) 561-4132,Acute Care Hospitals,Government - Local,Yes,Y,2,,7,5,0,5,0,,8,6,1,3,2,,11,6,0,5,1,,8,8,,12,9,
330224.0,HEALTHALLIANCE HOSPITAL MARYS AVENUE CAMPUS,105 MARY'S AVENUE,KINGSTON,NY,12401,ULSTER,(845) 338-2500,Acute Care Hospitals,Voluntary non-profit - Private,Yes,Y,2,,7,5,0,5,0,,8,6,0,6,0,,11,8,0,8,0,,8,8,,12,9,
330241.0,UNIVERSITY HOSPITAL S U N Y HEALTH SCIENCE CENTER,750 EAST ADAMS STREET,SYRACUSE,NY,13210,ONONDAGA,(315) 473-4240,Acute Care Hospitals,Government - State,Yes,Y,2,,7,7,1,6,0,,8,7,2,3,2,,11,11,0,8,3,,8,8,,12,10,
330276.0,NATHAN LITTAUER HOSPITAL,99 EAST STATE STREET,GLOVERSVILLE,NY,12078,FULTON,(518) 725-8621,Acute Care Hospitals,Voluntary non-profit - Private,Yes,Y,2,,7,3,0,3,0,,8,2,0,2,0,,11,6,1,5,0,,8,8,,12,9,
330386.0,GARNET HEALTH  MEDICAL CENTER CATSKILLS,"68 HARRIS BUSHVILLE ROAD, P O BOX 800",HARRIS,NY,12742,SULLIVAN,(845) 794-3300,Acute Care Hospitals,Voluntary non-profit - Private,Yes,Y,1,,7,5,0,5,0,,8,3,0,3,0,,11,6,0,5,1,,8,8,,12,11,
330799.0,CLIFTON-FINE HOSPITAL,1014 OSWEGATCHIE TRAIL,STAR LAKE,NY,13690,ST. LAWRENCE,(315) 848-4205,Rural Emergency Hospital,Voluntary non-profit - Other,Yes,,Not Available,19,Not Available,Not Available,Not Available,Not Available,Not Available,19,Not Available,Not Available,Not Available,Not Available,Not Available,19,Not Available,Not Available,Not Available,Not Available,Not Available,19,Not Available,Not Available,19,Not Available,Not Available,19
331313.0,SCHUYLER HOSPITAL,220 STEUBEN STREET,MONTOUR FALLS,NY,14865,SCHUYLER,(607) 530-7121,Critical Access Hospitals,Voluntary non-profit - Private,Yes,Y,Not Available,16,7,1,0,1,0,,8,Not Available,Not Available,Not Available,Not Available,5,11,2,0,2,0,,8,Not Available,5,12,3,
331323.0,WYOMING COUNTY,400 NORTH MAIN STREET,WARSAW,NY,14569,WYOMING,(585) 786-8940,Critical Access Hospitals,Government - Local,Yes,,Not Available,5,Not Available,Not Available,Not Available,Not Available,Not Available,5,Not Available,Not Available,Not Available,Not Available,Not Available,5,Not Available,Not Available,Not Available,Not Available,Not Available,5,Not Available,Not Available,5,Not Available,Not Available,5
334020.0,ROCHESTER PSYCHIATRIC CENTER,1600 SOUTH AVE,ROCHESTER,NY,14620,MONROE,(585) 241-1200,Psychiatric,Government - State,Yes,,Not Available,19,Not Available,Not Available,Not Available,Not Available,Not Available,19,Not Available,Not Available,Not Available,Not Available,Not Available,19,Not Available,Not Available,Not Available,Not Available,Not Available,19,Not Available,Not Available,19,Not Available,Not Available,19
334052.0,BUFFALO PSYCHIATRIC CENTER,400 FOREST AVE,BUFFALO,NY,14213,ERIE,(716) 885-2261,Psychiatric,Government - State,No,,Not Available,19,Not Available,Not Available,Not Available,Not Available,Not Available,19,Not Available,Not Available,Not Available,Not Available,Not Available,19,Not Available,Not Available,Not Available,Not Available,Not Available,19,Not Available,Not Available,19,Not Available,Not Available,19
340001.0,CAROLINAS MEDICAL CENTER-NORTHEAST,920 CHURCH ST N,CONCORD,NC,28025,CABARRUS,(704) 783-3000,Acute Care Hospitals,Government - Hospital District or Authority,Yes,Y,3,,7,7,1,6,0,,8,7,2,5,0,,11,11,0,11,0,,8,8,,12,12,
340017.0,PARDEE HOSPITAL HENDERSON COUNTY,800 N JUSTICE ST,HENDERSONVILLE,NC,28791,HENDERSON,(828) 696-1000,Acute Care Hospitals,Government - Local,Yes,Y,5,,7,6,1,5,0,,8,7,0,7,0,,11,10,1,9,0,,8,8,,12,11,
340040.0,ECU HEALTH MEDICAL CENTER,2100 STANTONSBURG RD,GREENVILLE,NC,27834,PITT,(252) 847-4100,Acute Care Hospitals,Voluntary non-profit - Private,Yes,Y,2,,7,7,0,7,0,,8,8,3,5,0,,11,11,1,6,4,,8,8,,12,12,
340064.0,WILKES REGIONAL MEDICAL CENTER,1370 WEST D ST,NORTH WILKESBORO,NC,28659,WILKES,(336) 651-8100,Acute Care Hospitals,Government - Local,Yes,Y,3,,7,4,0,4,0,,8,5,0,5,0,,11,8,1,7,0,,8,8,,12,10,
340091.0,"MOSES H. CONE MEMORIAL HOSPITAL, THE",1200 N ELM ST,GREENSBORO,NC,27401,GUILFORD,(336) 832-7000,Acute Care Hospitals,Voluntary non-profit - Private,Yes,Y,4,,7,7,0,7,0,,8,7,3,3,1,,11,11,1,10,0,,8,8,,12,11,
340116.0,FRYE REGIONAL MEDICAL CENTER,420 N CENTER ST,HICKORY,NC,28601,CATAWBA,(828) 322-6070,Acute Care Hospitals,Proprietary,Yes,Y,2,,7,7,0,6,1,,8,6,1,5,0,,11,10,0,10,0,,8,8,,12,11,
340141.0,NOVANT HEALTH NEW HANOVER REGIONAL MEDICAL CENTER,2131 S 17TH ST,WILMINGTON,NC,28402,NEW HANOVER,(910) 343-7000,Acute Care Hospitals,Government - Local,Yes,Y,2,,7,7,0,3,4,,8,8,2,5,1,,11,11,1,10,0,,8,8,,12,11,
340159.0,PERSON MEMORIAL HOSPITAL,615 RIDGE RD,ROXBORO,NC,27573,PERSON,(336) 599-2121,Acute Care Hospitals,Proprietary,Yes,,Not Available,16,7,2,0,2,0,,8,2,0,2,0,,11,4,0,4,0,,8,Not Available,5,12,8,
341303.0,FIRSTHEALTH MONTGOMERY MEMORIAL HOSP,520 ALLEN STREET,TROY,NC,27371,MONTGOMERY,(910) 571-5000,Critical Access Hospitals,Voluntary non-profit - Private,Yes,,Not Available,16,7,Not Available,Not Available,Not Available,Not Available,5,8,Not Available,Not Available,Not Available,Not Available,5,11,2,0,2,0,,8,Not Available,5,12,6,
341319.0,"TRANSYLVANIA REGIONAL HOSPITAL, INC",90 HOSPITAL DRIVE PO BOX 1116,BREVARD,NC,28712,TRANSYLVANIA,(828) 883-5302,Critical Access Hospitals,Voluntary non-profit - Private,Yes,,1,,7,3,0,3,0,,8,2,0,2,0,,11,7,0,5,2,,8,8,,12,7,
344004.0,CENTRAL REGIONAL HOSPITAL,300 VEAZY RD,BUTNER,NC,27509,GRANVILLE,(919) 764-2000,Psychiatric,Voluntary non-profit - Church,Yes,,Not Available,19,Not Available,Not Available,Not Available,Not Available,Not Available,19,Not Available,Not Available,Not Available,Not Available,Not Available,19,Not Available,Not Available,Not Available,Not Available,Not Available,19,Not Available,Not Available,19,Not Available,Not Available,19
344033.0,WALTER B JONES CENTER LAKESIDE PSYCHIATRIC HOSPITA,2577 WEST FIFTH STREET,GREENVILLE,NC,27834,PITT,(252) 830-3426,Psychiatric,Government - State,No,,Not Available,19,Not Available,Not Available,Not Available,Not Available,Not Available,19,Not Available,Not Available,Not Available,Not Available,Not Available,19,Not Available,Not Available,Not Available,Not Available,Not Available,19,Not Available,Not Available,19,Not Available,Not Available,19
350070.0,ESSENTIA HEALTH,3000 32ND AVE SOUTH,FARGO,ND,58104,CASS,(701) 364-8000,Acute Care Hospitals,Voluntary non-profit - Private,Yes,Y,4,,7,7,0,7,0,,8,7,2,5,0,,11,11,0,11,0,,8,8,,12,10,
351309.0,SANFORD MAYVILLE,42 6TH AVENUE SE,MAYVILLE,ND,58257,TRAILL,(701) 788-3800,Critical Access Hospitals,Voluntary non-profit - Private,Yes,,Not Available,16,7,1,0,1,0,,8,Not Available,Not Available,Not Available,Not Available,5,11,3,0,3,0,,8,Not Available,5,12,5,
351320.0,UNITY MEDICAL CENTER,164 W 13TH STREET,GRAFTON,ND,58237,WALSH,(701) 352-1620,Critical Access Hospitals,Voluntary non-profit - Private,Yes,,Not Available,16,7,1,0,1,0,,8,Not Available,Not Available,Not Available,Not Available,5,11,1,0,1,0,,8,Not Available,5,12,5,
351330.0,WEST RIVER REGIONAL MEDICAL CENTER,1000 HIGHWAY 12,HETTINGER,ND,58639,ADAMS,(701) 567-4561,Critical Access Hospitals,Voluntary non-profit - Private,Yes,Y,4,,7,3,0,3,0,,8,Not Available,Not Available,Not Available,Not Available,5,11,4,0,4,0,,8,Not Available,5,12,4,
360001.0,MERCY HEALTH-ANDERSON HOSPITAL,7500 STATE ROAD,CINCINNATI,OH,45255,HAMILTON,(513) 624-4500,Acute Care Hospitals,Voluntary non-profit - Private,Yes,Y,2,,7,7,0,6,1,,8,7,1,5,1,,11,9,0,8,1,,8,8,,12,11,
360014.0,OHIOHEALTH O'BLENESS HOSPITAL,55 HOSPITAL DRIVE,ATHENS,OH,45701,ATHENS,(740) 593-5551,Acute Care Hospitals,Voluntary non-profit - Other,Yes,Y,4,,7,4,0,4,0,,8,2,1,1,0,,11,8,1,7,0,,8,8,,12,10,
360036.0,WOOSTER COMMUNITY HOSPITAL,1761 BEALL AVENUE,WOOSTER,OH,44691,WAYNE,(330) 263-8348,Acute Care Hospitals,Government - Local,Yes,Y,4,,7,5,0,5,0,,8,6,0,6,0,,11,10,2,7,1,,8,8,,12,11,
360058.0,MERCER COUNTY JOINT TOWNSHIP COMMUNITY HOSPITAL,800 WEST MAIN STREET,COLDWATER,OH,45828,MERCER,(419) 678-4843,Acute Care Hospitals,Government - Hospital District or Authority,No,Y,3,,7,5,0,5,0,,8,2,0,2,0,,11,6,1,5,0,,8,8,,12,11,
360076.0,ATRIUM MEDICAL CENTER,ONE MEDICAL CENTER DRIVE,FRANKLIN,OH,45005,WARREN,(513) 420-5102,Acute Care Hospitals,Voluntary non-profit - Private,Yes,Y,4,,7,7,0,7,0,,8,6,2,4,0,,11,7,1,6,0,,8,8,,12,12,
360089.0,MERCY HEALTH - TIFFIN HOSPITAL,45 ST LAWRENCE DRIVE,TIFFIN,OH,44883,SENECA,(419) 455-7000,Acute Care Hospitals,Voluntary non-profit - Church,Yes,Y,4,,7,3,0,3,0,,8,2,0,2,0,,11,9,1,8,0,,8,8,,12,11,
360121.0,COMMUNITY HOSPITALS AND WELLNESS CENTERS,433 WEST HIGH STREET,BRYAN,OH,43506,WILLIAMS,(419) 636-1131,Acute Care Hospitals,Voluntary non-profit - Other,No,Y,4,,7,3,0,3,0,,8,2,0,2,0,,11,10,1,9,0,,8,8,,12,10,
360145.0,UNIVERSITY HOSPITALS - ELYRIA MEDICAL CENTER,630 EAST RIVER STREET,ELYRIA,OH,44035,LORAIN,(440) 329-7500,Acute Care Hospitals,Voluntary non-profit - Private,No,,4,,7,7,0,7,0,,8,7,1,6,0,,11,9,0,9,0,,8,8,,12,11,
360170.0,BERGER HOSPITAL,600 NORTH PICKAWAY STREET,CIRCLEVILLE,OH,43113,PICKAWAY,(740) 420-8008,Acute Care Hospitals,Government - Local,Yes,Y,2,,7,3,0,3,0,,8,4,0,4,0,,11,6,0,6,0,,8,8,,12,10,
360210.0,GRADY MEMORIAL HOSPITAL,561 WEST CENTRAL AVENUE,DELAWARE,OH,43015,DELAWARE,(740) 368-5145,Acute Care Hospitals,Voluntary non-profit - Private,Yes,Y,4,,7,3,0,3,0,,8,3,0,3,0,,11,8,0,8,0,,8,8,,12,10,
360266.0,MOUNT CARMEL NEW ALBANY SURGICAL HOSPITAL,7333 SMITH'S MILL ROAD,NEW ALBANY,OH,43054,FRANKLIN,(614) 775-6600,Acute Care Hospitals,Proprietary,No,,Not Available,16,7,Not Available,Not Available,Not Available,Not Available,5,8,2,0,2,0,,11,3,0,3,0,,8,8,,12,4,
360360.0,SOIN MEDICAL CENTER,3535 PENTAGON PARK BLVD,BEAVER CREEK,OH,45431,GREENE,(937) 702-4000,Acute Care Hospitals,Voluntary non-profit - Private,Yes,Y,4,,7,5,0,5,0,,8,6,2,4,0,,11,7,0,6,1,,8,8,,12,11,
361304.0,GREENFIELD AREA MEDICAL CENTER,550 MIRABEAU STREET,GREENFIELD,OH,45123,HIGHLAND,(937) 981-9400,Critical Access Hospitals,Voluntary non-profit - Private,Yes,,Not Available,16,7,Not Available,Not Available,Not Available,Not Available,5,8,Not Available,Not Available,Not Available,Not Available,5,11,1,0,1,0,,8,Not Available,5,12,6,
361315.0,HARDIN MEMORIAL HOSPITAL,921 EAST FRANKLIN STREET,KENTON,OH,43326,HARDIN,(419) 673-0761,Critical Access Hospitals,Voluntary non-profit - Private,Yes,,Not Available,16,7,2,0,2,0,,8,Not Available,Not Available,Not Available,Not Available,5,11,4,0,4,0,,8,Not Available,5,12,6,
361326.0,ADAMS COUNTY REGIONAL MEDICAL CENTER,230 MEDICAL CENTER DRIVE,SEAMAN,OH,45679,ADAMS,(937) 386-3400,Critical Access Hospitals,Government - Local,Yes,,2,,7,3,0,3,0,,8,1,0,1,0,,11,6,0,6,0,,8,Not Available,5,12,4,
363302.0,RAINBOW BABIES AND CHILDRENS HOSPITAL,11100 EUCLID AVENUE,CLEVELAND,OH,44106,CUYAHOGA,(216) 844-1000,Childrens,Voluntary non-profit - Other,No,,Not Available,19,Not Available,Not Available,Not Available,Not Available,Not Available,19,Not Available,Not Available,Not Available,Not Available,Not Available,19,Not Available,Not Available,Not Available,Not Available,Not Available,19,Not Available,Not Available,19,Not Available,Not Available,19
364015.0,APPALACHIAN BEHAVIORAL HEALTH CARE,100 HOSPITAL DRIVE,ATHENS,OH,45701,ATHENS,(740) 594-5000,Psychiatric,Proprietary,No,,Not Available,19,Not Available,Not Available,Not Available,Not Available,Not Available,19,Not Available,Not Available,Not Available,Not Available,Not Available,19,Not Available,Not Available,Not Available,Not Available,Not Available,19,Not Available,Not Available,19,Not Available,Not Available,19
364048.0,HAVEN BEHAVIORAL HOSPITAL OF DAYTON,"ONE ELIZABETH PLACE, SUITE 10B",DAYTON,OH,45417,MONTGOMERY,(937) 234-0151,Psychiatric,Proprietary,No,,Not Available,19,Not Available,Not Available,Not Available,Not Available,Not Available,19,Not Available,Not Available,Not Available,Not Available,Not Available,19,Not Available,Not Available,Not Available,Not Available,Not Available,19,Not Available,Not Available,19,Not Available,Not Available,19
364058.0,SUN BEHAVIORAL COLUMBUS,900 EAST DUBLIN GRANVILLE ROAD,COLUMBUS,OH,43229,FRANKLIN,(614) 706-2786,Psychiatric,Voluntary non-profit - Private,No,,Not Available,19,Not Available,Not Available,Not Available,Not Available,Not Available,19,Not Available,Not Available,Not Available,Not Available,Not Available,19,Not Available,Not Available,Not Available,Not Available,Not Available,19,Not Available,Not Available,19,Not Available,Not Available,19
370002.0,ALLIANCEHEALTH WOODWARD,900 17TH STREET,WOODWARD,OK,73801,WOODWARD,(580) 256-5511,Acute Care Hospitals,Proprietary,Yes,Y,2,,7,4,0,4,0,,8,2,0,2,0,,11,7,0,6,1,,8,8,,12,10,
370020.0,MERCY HOSPITAL ADA,430 NORTH MONTE VISTA,ADA,OK,74820,PONTOTOC,(580) 332-2323,Acute Care Hospitals,Voluntary non-profit - Private,Yes,Y,4,,7,4,1,3,0,,8,6,1,5,0,,11,9,0,9,0,,8,8,,12,10,
370049.0,STILLWATER MEDICAL CENTER,1323 WEST 6TH STREET,STILLWATER,OK,74076,PAYNE,(405) 372-1480,Acute Care Hospitals,Government - Hospital District or Authority,Yes,Y,4,,7,6,0,6,0,,8,7,0,7,0,,11,10,0,9,1,,8,8,,12,12,
370097.0,SOUTHWESTERN MEDICAL CENTER,5602 SOUTHWEST LEE BOULEVARD,LAWTON,OK,73505,COMANCHE,(405) 531-4701,Acute Care Hospitals,Proprietary,Yes,Y,3,,7,4,0,4,0,,8,2,1,1,0,,11,6,0,6,0,,8,8,,12,10,
370170.0,LAWTON INDIAN HOSPITAL,1515 LAWRIE TATUM ROAD,LAWTON,OK,73507,COMANCHE,(580) 353-0350,Acute Care Hospitals,Government - Federal,Yes,,Not Available,16,7,Not Available,Not Available,Not Available,Not Available,5,8,Not Available,Not Available,Not Available,Not Available,5,11,1,0,1,0,,8,Not Available,5,12,2,
370202.0,HILLCREST HOSPITAL SOUTH,8801 SOUTH 101ST EAST AVENUE,TULSA,OK,74133,TULSA,(918) 294-4499,Acute Care Hospitals,Proprietary,Yes,Y,4,,7,6,0,6,0,,8,8,3,5,0,,11,8,1,7,0,,8,8,,12,10,
370220.0,ONECORE HEALTH,100 NE 85TH STREET,OKLAHOMA CITY,OK,73114,OKLAHOMA,(405) 631-3085,Acute Care Hospitals,Voluntary non-profit - Other,Yes,,Not Available,16,7,Not Available,Not Available,Not Available,Not Available,5,8,2,0,2,0,,11,3,0,3,0,,8,8,,12,2,
370243.0,VALLEY COMMUNITY HOSPITAL,100 VALLEY DRIVE,PAULS VALLEY,OK,73075,GARVIN,(405) 866-5100,Acute Care Hospitals,Proprietary,Yes,,Not Available,16,7,Not Available,Not Available,Not Available,Not Available,5,8,1,0,1,0,,11,1,0,1,0,,8,Not Available,5,12,1,
371301.0,PRAGUE REGIONAL MEMORIAL HOSPITAL,1322 KLABZUBA AVENUE,PRAGUE,OK,74864,LINCOLN,(405) 567-4922,Critical Access Hospitals,Government - Local,Yes,,Not Available,16,7,Not Available,Not Available,Not Available,Not Available,5,8,Not Available,Not Available,Not Available,Not Available,5,11,Not Available,Not Available,Not Available,Not Available,5,8,Not Available,5,12,4,
371312.0,ASCENSION ST JOHN SAPULPA,1004 EAST BRYAN,SAPULPA,OK,74066,CREEK,(918) 224-4280,Critical Access Hospitals,Voluntary non-profit - Private,Yes,,Not Available,16,7,1,0,1,0,,8,Not Available,Not Available,Not Available,Not Available,5,11,2,0,2,0,,8,Not Available,5,12,7,
371323.0,"WEATHERFORD REGIONAL HOSPITAL, INC OF WEATHERFORD",3701 E MAIN,WEATHERFORD,OK,73096,CUSTER,(580) 772-5551,Critical Access Hospitals,Government - Hospital District or Authority,Yes,,Not Available,16,7,1,0,1,0,,8,Not Available,Not Available,Not Available,Not Available,5,11,3,0,3,0,,8,Not Available,5,12,4,
371334.0,CARNEGIE TRI-COUNTY MUNICIPAL HOSPITAL,102 NORTH BROADWAY,CARNEGIE,OK,73015,CADDO,(580) 654-1050,Critical Access Hospitals,Government - Hospital District or Authority,Yes,,Not Available,16,7,1,0,1,0,,8,Not Available,Not Available,Not Available,Not Available,5,11,2,0,2,0,,8,Not Available,5,12,4,
374000.0,GRIFFIN MEMORIAL HOSPITAL,900 EAST MAIN STREET,NORMAN,OK,73070,CLEVELAND,(405) 321-4880,Psychiatric,Government - State,No,,Not Available,19,Not Available,Not Available,Not Available,Not Available,Not Available,19,Not Available,Not Available,Not Available,Not Available,Not Available,19,Not Available,Not Available,Not Available,Not Available,Not Available,19,Not Available,Not Available,19,Not Available,Not Available,19
39004.0,COATESVILLE VA MEDICAL CENTER,1400 BLACK HORSE HILL ROAD,COATESVILLE,PA,19320,CHESTER,(610) 384-7711,Acute Care - Veterans Administration,Veterans Health Administration,No,,Not Available,16,7,Not Available,Not Available,Not Available,Not Available,5,8,Not Available,Not Available,Not Available,Not Available,5,11,Not Available,Not Available,Not Available,Not Available,5,8,Not Available,5,12,2,
42029.0,CHARLESTON VA MEDICAL CENTER,109 BEE STREET,CHARLESTON,SC,29401,CHARLESTON,(843) 577-5011,Acute Care - Veterans Administration,Veterans Health Administration,Yes,,5,,7,5,1,4,0,,8,4,0,4,0,,11,6,0,6,0,,8,8,,12,6,
45069.0,Brooke Army Medical Center (FT Sam Houston),3551 Roger Brooke Dr,Fort Sam Houston,TX,78234,BEXAR,(210) 916-4141,Acute Care - Department of Defense,Department of Defense,Yes,,Not Available,22,Not Available,Not Available,Not Available,Not Available,Not Available,22,Not Available,Not Available,Not Available,Not Available,Not Available,22,Not Available,Not Available,Not Available,Not Available,Not Available,22,Not Available,Not Available,22,Not Available,Not Available,22
49010.0,RICHMOND VA MEDICAL CENTER,1201 BROAD ROCK BOULEVARD,RICHMOND,VA,23249,RICHMOND CITY,(804) 675-5000,Acute Care - Veterans Administration,Veterans Health Administration,Yes,,5,,7,5,2,3,0,,8,4,0,4,0,,11,6,2,4,0,,8,8,,12,6,
52003.0,MILWAUKEE VA MEDICAL CENTER,5000 W. NATIONAL AVENUE,MILWAUKEE,WI,53295,MILWAUKEE,(414) 384-2000,Acute Care - Veterans Administration,Veterans Health Administration,Yes,,4,,7,5,0,5,0,,8,4,0,4,0,,11,6,0,3,3,,8,8,,12,6,
374021.0,"PARKSIDE, INC",1239 S TRENTON AVE,TULSA,OK,74120,TULSA,(918) 582-2131,Psychiatric,Voluntary non-profit - Private,No,,Not Available,19,Not Available,Not Available,Not Available,Not Available,Not Available,19,Not Available,Not Available,Not Available,Not Available,Not Available,19,Not Available,Not Available,Not Available,Not Available,Not Available,19,Not Available,Not Available,19,Not Available,Not Available,19
380009.0,OHSU HOSPITAL AND CLINICS,3181 SW SAM JACKSON PARK ROAD,PORTLAND,OR,97239,MULTNOMAH,(503) 494-9000,Acute Care Hospitals,Voluntary non-profit - Other,Yes,Y,3,,7,7,0,7,0,,8,8,2,6,0,,11,10,1,9,0,,8,8,,12,10,
380037.0,PROVIDENCE NEWBERG MEDICAL CENTER,1001 PROVIDENCE DRIVE,NEWBERG,OR,97132,YAMHILL,(503) 537-1555,Acute Care Hospitals,Voluntary non-profit - Church,Yes,Y,3,,7,5,0,5,0,,8,2,0,2,0,,11,6,0,6,0,,8,8,,12,12,
380075.0,PROVIDENCE MEDFORD MEDICAL CENTER,1111 CRATER LAKE AVENUE,MEDFORD,OR,97504,JACKSON,(541) 732-5000,Acute Care Hospitals,Voluntary non-profit - Church,Yes,Y,3,,7,6,0,6,0,,8,7,0,7,0,,11,10,0,9,1,,8,8,,12,10,
381304.0,SOUTHERN COOS HOSPITAL & HEALTH CENTER,900 11TH STREET SE,BANDON,OR,97411,COOS,(541) 347-2426,Critical Access Hospitals,Government - Hospital District or Authority,Yes,,Not Available,16,7,1,0,1,0,,8,Not Available,Not Available,Not Available,Not Available,5,11,3,1,2,0,,8,Not Available,5,12,5,
381314.0,SAMARITAN PACIFIC COMMUNITY HOSPITAL,930 SW ABBEY STREET,NEWPORT,OR,97365,LINCOLN,(541) 265-2244,Critical Access Hospitals,Voluntary non-profit - Private,Yes,Y,2,,7,3,0,3,0,,8,1,0,1,0,,11,7,0,7,0,,8,8,,12,11,
381324.0,ST CHARLES MADRAS,470 NE A STREET,MADRAS,OR,97741,JEFFERSON,(541) 475-3882,Critical Access Hospitals,Voluntary non-profit - Private,Yes,Y,Not Available,16,7,1,0,1,0,,8,Not Available,Not Available,Not Available,Not Available,5,11,4,0,4,0,,8,Not Available,5,12,9,
390009.0,SAINT VINCENT HOSPITAL,232 WEST 25TH STREET,ERIE,PA,16544,ERIE,(814) 452-5111,Acute Care Hospitals,Voluntary non-profit - Private,Yes,Y,3,,7,7,0,7,0,,8,8,2,6,0,,11,11,0,11,0,,8,8,,12,11,
390035.0,ST LUKES QUAKERTOWN HOSPITAL,3000 ST. LUKE'S DRIVE,QUAKERTOWN,PA,18951,BUCKS,(267) 985-1000,Acute Care Hospitals,Proprietary,Yes,Y,4,,7,4,0,4,0,,8,5,1,4,0,,11,8,0,7,1,,8,8,,12,10,
390049.0,ST LUKE'S HOSPITAL BETHLEHEM,801 OSTRUM STREET,BETHLEHEM,PA,18015,NORTHAMPTON,(484) 526-4000,Acute Care Hospitals,Voluntary non-profit - Private,Yes,Y,5,,7,7,1,6,0,,8,8,5,2,1,,11,11,0,9,2,,8,8,,12,11,
390068.0,UPMC LITITZ,1500 HIGHLANDS DRIVE,LITITZ,PA,17543,LANCASTER,(717) 625-2000,Acute Care Hospitals,Voluntary non-profit - Other,Yes,Y,3,,7,4,0,4,0,,8,6,0,6,0,,11,7,0,5,2,,8,8,,12,9,
390100.0,LANCASTER GENERAL HOSPITAL,555 NORTH DUKE STREET,LANCASTER,PA,17602,LANCASTER,(717) 544-5511,Acute Care Hospitals,Voluntary non-profit - Private,Yes,Y,5,,7,7,3,4,0,,8,8,4,4,0,,11,11,2,9,0,,8,8,,12,11,
390116.0,SUBURBAN COMMUNITY HOSPITAL,2701 DEKALB PIKE,NORRISTOWN,PA,19401,MONTGOMERY,(610) 278-2000,Acute Care Hospitals,Voluntary non-profit - Private,Yes,,3,,7,2,0,2,0,,8,3,0,3,0,,11,4,1,3,0,,8,8,,12,7,
390145.0,EXCELA HEALTH WESTMORELAND REGIONAL HOSPITAL,532 WEST PITTSBURGH STREET,GREENSBURG,PA,15601,WESTMORELAND,(724) 832-4000,Acute Care Hospitals,Voluntary non-profit - Other,Yes,Y,4,,7,7,0,7,0,,8,7,0,6,1,,11,9,0,8,1,,8,8,,12,11,
390164.0,UPMC PRESBYTERIAN SHADYSIDE,200 LOTHROP STREET,PITTSBURGH,PA,15213,ALLEGHENY,(412) 647-2345,Acute Care Hospitals,Voluntary non-profit - Private,Yes,,4,,7,7,1,6,0,,8,7,2,4,1,,11,11,2,7,2,,8,8,,12,11,
390195.0,MAIN LINE HOSPITAL LANKENAU,100 LANCASTER AVE,WYNNEWOOD,PA,19096,MONTGOMERY,(610) 645-2000,Acute Care Hospitals,Voluntary non-profit - Private,Yes,Y,4,,7,7,1,6,0,,8,8,3,4,1,,11,11,0,11,0,,8,8,,12,11,
390223.0,PENN PRESBYTERIAN MEDICAL CENTER,51 NORTH 39TH STREET,PHILADELPHIA,PA,19104,PHILADELPHIA,(215) 662-8000,Acute Care Hospitals,Voluntary non-profit - Other,Yes,,5,,7,7,2,5,0,,8,7,2,5,0,,11,11,0,10,1,,8,8,,12,10,
390266.0,GROVE CITY MEDICAL CENTER,631 NORTH BROAD STREET EXT.,GROVE CITY,PA,16127,MERCER,(724) 450-7000,Acute Care Hospitals,Voluntary non-profit - Private,Yes,,Not Available,16,7,2,0,2,0,,8,2,0,2,0,,11,7,0,7,0,,8,8,,12,9,
390323.0,ADVANCED SURGICAL HOSPITAL,100 TRICH DRIVE,WASHINGTON,PA,15301,WASHINGTON,(724) 884-0710,Acute Care Hospitals,Physician,No,,Not Available,16,7,Not Available,Not Available,Not Available,Not Available,5,8,2,0,2,0,,11,3,0,2,1,,8,8,,12,3,
390333.0,"AHN EMERUS WESTMORELAND, LLC",6321 ROUTE 30,GREENSBURG,PA,15601,WESTMORELAND,(787) 295-4735,Acute Care Hospitals,Proprietary,Yes,,Not Available,16,7,Not Available,Not Available,Not Available,Not Available,5,8,Not Available,Not Available,Not Available,Not Available,5,11,1,0,1,0,,8,Not Available,5,12,8,
391302.0,CONEMAUGH MEYERSDALE MEDICAL CENTER,200 HOSPITAL DRIVE,MEYERSDALE,PA,15552,SOMERSET,(814) 634-5911,Critical Access Hospitals,Proprietary,Yes,,Not Available,16,7,Not Available,Not Available,Not Available,Not Available,5,8,Not Available,Not Available,Not Available,Not Available,5,11,2,0,2,0,,8,Not Available,5,12,6,
391314.0,TITUSVILLE AREA HOSPITAL,406 WEST OAK STREET,TITUSVILLE,PA,16354,CRAWFORD,(814) 827-1851,Critical Access Hospitals,Voluntary non-profit - Private,Yes,,Not Available,16,7,2,0,2,0,,8,1,0,1,0,,11,3,0,3,0,,8,8,,12,6,
394001.0,NORRISTOWN STATE HOSPITAL,1001 STERIGERE STREET,NORRISTOWN,PA,19401,MONTGOMERY,(610) 313-1000,Psychiatric,Government - State,No,,Not Available,19,Not Available,Not Available,Not Available,Not Available,Not Available,19,Not Available,Not Available,Not Available,Not Available,Not Available,19,Not Available,Not Available,Not Available,Not Available,Not Available,19,Not Available,Not Available,19,Not Available,Not Available,19
394033.0,MONTGOMERY COUNTY EMERGENCY SERVICE,50 BEECH DRIVE,NORRISTOWN,PA,19403,MONTGOMERY,(610) 279-6100,Psychiatric,Voluntary non-profit - Private,No,,Not Available,19,Not Available,Not Available,Not Available,Not Available,Not Available,19,Not Available,Not Available,Not Available,Not Available,Not Available,19,Not Available,Not Available,Not Available,Not Available,Not Available,19,Not Available,Not Available,19,Not Available,Not Available,19
394055.0,LANCASTER BEHAVIORAL HEALTH HOSPITAL,333 HARRISBURG AVENUE,LANCASTER,PA,17603,LANCASTER,(717) 740-4100,Psychiatric,Voluntary non-profit - Other,No,,Not Available,19,Not Available,Not Available,Not Available,Not Available,Not Available,19,Not Available,Not Available,Not Available,Not Available,Not Available,19,Not Available,Not Available,Not Available,Not Available,Not Available,19,Not Available,Not Available,19,Not Available,Not Available,19
400007.0,RYDER MEMORIAL HOSPITAL INC,355 AVE FONT MARTELO,HUMACAO,PR,791,HUMACAO,(787) 852-0768,Acute Care Hospitals,Voluntary non-profit - Private,Yes,,Not Available,16,7,Not Available,Not Available,Not Available,Not Available,5,8,2,0,2,0,,11,1,0,1,0,,8,Not Available,5,12,2,
400021.0,HOSPITAL DE LA CONCEPCION,ROAD NUMBER 2 KM 173.4 CAIN ALTO,SAN GERMAN,PR,683,SAN GERMAN,(787) 892-1860,Acute Care Hospitals,Voluntary non-profit - Private,Yes,,3,17,7,2,0,2,0,,8,5,2,3,0,,11,3,0,2,1,,8,Not Available,5,12,5,
400103.0,MAYAGUEZ MEDICAL CENTER DR RAMON EMETERIO BETANCES,CARR 2 BO SABALOS,MAYAGUEZ,PR,682,MAYAGUEZ,(787) 652-9200,Acute Care Hospitals,Proprietary,Yes,,Not Available,16,7,2,0,2,0,,8,Not Available,Not Available,Not Available,Not Available,5,11,2,0,2,0,,8,8,,12,5,
400115.0,CENTRO MEDICO WILMA N VAZQUEZ,CARR. 2 KM 39.5    ROAD NUMBER 2 BO ALGARROBO,VEGA BAJA,PR,693,VEGA BAJA,(787) 858-1580,Acute Care Hospitals,Proprietary,Yes,,Not Available,16,7,Not Available,Not Available,Not Available,Not Available,5,8,2,0,0,2,,11,1,0,1,0,,8,Not Available,5,12,1,
400130.0,HOSPITAL METROPOLITANO DE LA MONTANA,CALLE ISAAC GONZALEZ ESQUINA LEDESMA,BDA NUEVA,PR,641,UTUADO,(787) 933-1100,Acute Care Hospitals,Proprietary,Yes,,Not Available,16,7,Not Available,Not Available,Not Available,Not Available,5,8,Not Available,Not Available,Not Available,Not Available,5,11,Not Available,Not Available,Not Available,Not Available,5,8,Not Available,5,12,Not Available,5
404004.0,FIRST HOSPITAL PANAMERICANO,CARR ESTATAL NUM 787 KM 1 5,CIDRA,PR,739,CIDRA,(787) 739-5555,Psychiatric,Proprietary,No,,Not Available,19,Not Available,Not Available,Not Available,Not Available,Not Available,19,Not Available,Not Available,Not Available,Not Available,Not Available,19,Not Available,Not Available,Not Available,Not Available,Not Available,19,Not Available,Not Available,19,Not Available,Not Available,19
410010.0,WOMEN & INFANTS HOSPITAL OF RHODE ISLAND,101 DUDLEY STREET,PROVIDENCE,RI,2905,PROVIDENCE,(401) 274-1100,Acute Care Hospitals,Voluntary non-profit - Private,Yes,Y,3,,7,Not Available,Not Available,Not Available,Not Available,5,8,5,2,3,0,,11,5,0,5,0,,8,8,,12,9,
420009.0,PRISMA HEALTH OCONEE MEMORIAL HOSPITAL,298 MEMORIAL DR,SENECA,SC,29672,OCONEE,(864) 482-3100,Acute Care Hospitals,Voluntary non-profit - Private,Yes,Y,3,,7,5,0,5,0,,8,7,1,6,0,,11,7,0,7,0,,8,8,,12,11,
420030.0,COLLETON MEDICAL CENTER,501 ROBERTSON BOULEVARD,WALTERBORO,SC,29488,COLLETON,(843) 782-2000,Acute Care Hospitals,Proprietary,Yes,Y,2,,7,4,0,4,0,,8,4,0,4,0,,11,7,0,6,1,,8,8,,12,11,
420055.0,MUSC HEALTH MARION MEDICAL CENTER,2829 E HWY 76,MULLINS,SC,29574,MARION,(843) 431-2000,Acute Care Hospitals,Government - State,Yes,,3,,7,4,0,4,0,,8,2,0,2,0,,11,6,0,6,0,,8,8,,12,10,
420082.0,AIKEN REGIONAL MEDICAL CENTER,302 UNIVERSITY PARKWAY,AIKEN,SC,29801,AIKEN,(803) 641-5900,Acute Care Hospitals,Proprietary,Yes,Y,1,,7,7,0,6,1,,8,8,2,6,0,,11,9,1,8,0,,8,8,,12,11,
420104.0,MOUNT PLEASANT HOSPITAL,3510 HIGHWAY 17 NORTH SUITE 140,MOUNT PLEASANT,SC,29466,CHARLESTON,(843) 724-2954,Acute Care Hospitals,Voluntary non-profit - Private,Yes,,5,,7,4,0,4,0,,8,4,1,3,0,,11,7,0,6,1,,8,8,,12,10,
423300.0,SHRINERS HOSPITALS FOR CHILDREN,950 WEST FARIS ROAD,GREENVILLE,SC,29605,GREENVILLE,(864) 271-3444,Childrens,Voluntary non-profit - Private,No,,Not Available,19,Not Available,Not Available,Not Available,Not Available,Not Available,19,Not Available,Not Available,Not Available,Not Available,Not Available,19,Not Available,Not Available,Not Available,Not Available,Not Available,19,Not Available,Not Available,19,Not Available,Not Available,19
430008.0,BROOKINGS HEALTH SYSTEM,300 22ND AVE,BROOKINGS,SD,57006,BROOKINGS,(605) 696-9000,Acute Care Hospitals,Government - Local,Yes,Y,4,,7,3,0,3,0,,8,3,0,3,0,,11,8,1,7,0,,8,8,,12,10,
430090.0,SIOUX FALLS SPECIALTY HOSPITAL,910 EAST 20TH STREET,SIOUX FALLS,SD,57105,MINNEHAHA,(605) 334-6730,Acute Care Hospitals,Proprietary,No,,Not Available,16,7,Not Available,Not Available,Not Available,Not Available,5,8,2,0,2,0,,11,4,1,3,0,,8,8,,12,5,
431305.0,DOUGLAS COUNTY MEMORIAL HOSPITAL-CAH,708 8TH ST,ARMOUR,SD,57313,DOUGLAS,(605) 724-2159,Critical Access Hospitals,Voluntary non-profit - Private,Yes,,Not Available,16,7,Not Available,Not Available,Not Available,Not Available,5,8,Not Available,Not Available,Not Available,Not Available,5,11,1,0,1,0,,8,Not Available,5,12,3,
431315.0,WAGNER COMMUNITY MEMORIAL HOSPITAL - CAH,513 3RD ST SW,WAGNER,SD,57380,CHARLES MIX,(605) 384-3611,Critical Access Hospitals,Voluntary non-profit - Private,Yes,,Not Available,16,7,Not Available,Not Available,Not Available,Not Available,5,8,Not Available,Not Available,Not Available,Not Available,5,11,1,0,1,0,,8,Not Available,5,12,4,
431325.0,MOBRIDGE REGIONAL HOSPITAL - CAH,1401 10TH AVE WEST,MOBRIDGE,SD,57601,WALWORTH,(605) 845-3692,Critical Access Hospitals,Voluntary non-profit - Private,Yes,,Not Available,16,7,1,0,1,0,,8,Not Available,Not Available,Not Available,Not Available,5,11,2,0,2,0,,8,Not Available,5,12,5,
431335.0,HURON REGIONAL MEDICAL CENTER,172 FOURTH STREET SE,HURON,SD,57350,BEADLE,(605) 353-6200,Critical Access Hospitals,Voluntary non-profit - Private,Yes,,Not Available,16,7,2,0,2,0,,8,Not Available,Not Available,Not Available,Not Available,5,11,4,0,4,0,,8,8,,12,7,
440003.0,HIGHPOINT HEALTH-SUMNER WITH ASCENSION SAINT THOMA,555 HARTSVILLE PIKE,GALLATIN,TN,37066,SUMNER,(615) 328-8888,Acute Care Hospitals,Proprietary,Yes,Y,2,,7,5,0,5,0,,8,6,1,4,1,,11,7,1,6,0,,8,8,,12,11,
440018.0,SYCAMORE SHOALS HOSPITAL,1501 WEST ELK AVENUE,ELIZABETHTON,TN,37643,CARTER,(423) 542-1300,Acute Care Hospitals,Voluntary non-profit - Private,Yes,,2,,7,3,0,3,0,,8,3,0,3,0,,11,7,0,6,1,,8,8,,12,9,
440046.0,TRISTAR HORIZON MEDICAL CENTER,111 HIGHWAY 70 EAST,DICKSON,TN,37055,DICKSON,(615) 446-0446,Acute Care Hospitals,Proprietary,Yes,Y,4,,7,6,0,6,0,,8,5,1,4,0,,11,8,1,7,0,,8,8,,12,10,
440061.0,VOLUNTEER COMMUNITY HOSPITAL,161 MOUNT PELIA RD,MARTIN,TN,38237,WEAKLEY,(731) 479-6057,Acute Care Hospitals,Proprietary,Yes,Y,2,,7,3,0,2,1,,8,2,0,2,0,,11,6,0,6,0,,8,8,,12,11,
440102.0,LINCOLN MEDICAL CENTER,106 MEDICAL CENTER BLVD,FAYETTEVILLE,TN,37334,LINCOLN,(931) 438-1100,Acute Care Hospitals,Government - Local,Yes,Y,2,,7,3,0,1,2,,8,2,0,2,0,,11,5,0,5,0,,8,8,,12,10,
440137.0,VANDERBILT BEDFORD HOSPITAL,2835 HWY 231 NORTH,SHELBYVILLE,TN,37160,BEDFORD,(931) 685-5433,Acute Care Hospitals,Proprietary,Yes,,Not Available,16,7,2,0,2,0,,8,2,0,2,0,,11,5,0,5,0,,8,8,,12,8,
440173.0,PARKWEST MEDICAL CENTER,9352 PARK WEST BLVD,KNOXVILLE,TN,37923,KNOX,(865) 970-1001,Acute Care Hospitals,Voluntary non-profit - Private,Yes,Y,3,,7,7,0,6,1,,8,7,2,5,0,,11,9,1,6,2,,8,8,,12,11,
440197.0,TRISTAR SOUTHERN HILLS MEDICAL CENTER,391 WALLACE RD,NASHVILLE,TN,37211,DAVIDSON,(615) 781-4000,Acute Care Hospitals,Proprietary,Yes,,4,,7,4,0,4,0,,8,6,1,5,0,,11,5,1,4,0,,8,8,,12,8,
441300.0,SAINT THOMAS HICKMAN HOSPITAL,135 EAST SWAN STREET,CENTERVILLE,TN,37033,HICKMAN,(931) 729-4271,Critical Access Hospitals,Voluntary non-profit - Private,No,,Not Available,16,7,Not Available,Not Available,Not Available,Not Available,5,8,Not Available,Not Available,Not Available,Not Available,5,11,Not Available,Not Available,Not Available,Not Available,5,8,Not Available,5,12,5,
441314.0,LAUDERDALE COMMUNITY HOSPITAL,340 ASBURY AVENUE,RIPLEY,TN,38063,LAUDERDALE,(731) 221-2200,Critical Access Hospitals,Proprietary,Yes,,Not Available,16,7,Not Available,Not Available,Not Available,Not Available,5,8,Not Available,Not Available,Not Available,Not Available,5,11,1,0,1,0,,8,Not Available,5,12,5,
444004.0,LAKESIDE BEHAVIORAL HEALTH SYSTEM,2911 BRUNSWICK RD,MEMPHIS,TN,38133,SHELBY,(901) 377-4700,Psychiatric,Voluntary non-profit - Church,No,,Not Available,19,Not Available,Not Available,Not Available,Not Available,Not Available,19,Not Available,Not Available,Not Available,Not Available,Not Available,19,Not Available,Not Available,Not Available,Not Available,Not Available,19,Not Available,Not Available,19,Not Available,Not Available,19
444025.0,CRESTWYN BEHAVIORAL HEALTH,9485 CRESTWYN HILLS COVE,MEMPHIS,TN,38125,SHELBY,(901) 457-5667,Psychiatric,Proprietary,Yes,,Not Available,19,Not Available,Not Available,Not Available,Not Available,Not Available,19,Not Available,Not Available,Not Available,Not Available,Not Available,19,Not Available,Not Available,Not Available,Not Available,Not Available,19,Not Available,Not Available,19,Not Available,Not Available,19
450010.0,UNITED REGIONAL HEALTH CARE SYSTEM,1600 11TH STREET,WICHITA FALLS,TX,76301,WICHITA,(940) 764-7000,Acute Care Hospitals,Voluntary non-profit - Private,Yes,Y,3,,7,7,0,6,1,,8,7,2,5,0,,11,11,0,11,0,,8,8,,12,11,
450033.0,VHS HARLINGEN HOSPITAL COMPANY LLC,2101 PEASE ST,HARLINGEN,TX,78550,CAMERON,(956) 389-1100,Acute Care Hospitals,Proprietary,Yes,Y,2,,7,6,0,5,1,,8,7,3,3,1,,11,8,0,8,0,,8,8,,12,9,
450055.0,ROLLING PLAINS MEMORIAL HOSPITAL,200 E ARIZONA,SWEETWATER,TX,79556,NOLAN,(325) 235-1701,Acute Care Hospitals,Government - Hospital District or Authority,Yes,Y,Not Available,16,7,1,0,1,0,,8,2,0,2,0,,11,4,0,4,0,,8,Not Available,5,12,9,
450087.0,MEDICAL CITY NORTH HILLS,4401 BOOTH CALLOWAY ROAD,NORTH RICHLAND HILLS,TX,76180,TARRANT,(817) 255-1000,Acute Care Hospitals,Proprietary,Yes,,2,,7,7,0,7,0,,8,6,2,4,0,,11,8,0,7,1,,8,8,,12,7,
450124.0,DELL SETON  MED CENTER AT THE UNIVERSITY OF TX,601 E 15TH STREET,AUSTIN,TX,78701,TRAVIS,(512) 324-7000,Acute Care Hospitals,Voluntary non-profit - Private,No,,2,,7,4,0,4,0,,8,7,1,6,0,,11,6,0,5,1,,8,8,,12,7,
450152.0,ADVENTHEALTH CENTRAL TEXAS,2201 S CLEAR CREEK ROAD,KILLEEN,TX,76542,BELL,(254) 526-7523,Acute Care Hospitals,Voluntary non-profit - Church,Yes,Y,3,,7,5,0,4,1,,8,7,0,7,0,,11,7,0,6,1,,8,8,,12,12,
450196.0,PARIS REGIONAL MEDICAL CENTER,865 DESHONG DR,PARIS,TX,75460,LAMAR,(903) 785-4521,Acute Care Hospitals,Proprietary,Yes,Y,1,,7,6,0,4,2,,8,7,2,5,0,,11,8,0,8,0,,8,8,,12,10,
450235.0,MEMORIAL HOSPITAL,1110 NORTH SARAH DEWITT DRIVE,GONZALES,TX,78629,GONZALES,(830) 672-7581,Acute Care Hospitals,Government - Hospital District or Authority,No,Y,Not Available,16,7,1,0,1,0,,8,1,0,1,0,,11,4,0,4,0,,8,Not Available,5,12,8,
450330.0,OAKBEND MEDICAL CENTER,1705 JACKSON ST,RICHMOND,TX,77469,FORT BEND,(281) 341-3000,Acute Care Hospitals,Government - Hospital District or Authority,Yes,Y,2,,7,4,0,4,0,,8,4,0,3,1,,11,6,0,6,0,,8,8,,12,9,
450388.0,METHODIST HOSPITAL,7700 FLOYD CURL DR,SAN ANTONIO,TX,78229,BEXAR,(210) 575-4000,Acute Care Hospitals,Proprietary,Yes,Y,3,,7,7,2,5,0,,8,8,4,4,0,,11,11,0,8,3,,8,8,,12,11,
450431.0,ST DAVID'S MEDICAL CENTER,919 E 32ND ST,AUSTIN,TX,78705,TRAVIS,(512) 476-7111,Acute Care Hospitals,Voluntary non-profit - Private,Yes,Y,5,,7,7,1,6,0,,8,7,1,5,1,,11,9,1,8,0,,8,8,,12,11,
450498.0,STEPHENS MEMORIAL HOSPITAL,200 SOUTH GENEVA STREET,BRECKENRIDGE,TX,76424,STEPHENS,(254) 559-2241,Acute Care Hospitals,Government - Hospital District or Authority,Yes,,Not Available,16,7,1,0,1,0,,8,Not Available,Not Available,Not Available,Not Available,5,11,2,0,2,0,,8,Not Available,5,12,5,
450587.0,HENDRICK MEDICAL CENTER BROWNWOOD,1501 BURNET DR,BROWNWOOD,TX,76801,BROWN,(325) 646-8541,Acute Care Hospitals,Proprietary,Yes,Y,1,,7,5,0,5,0,,8,3,1,2,0,,11,9,0,9,0,,8,8,,12,11,
450643.0,DOCTORS HOSPITAL OF LAREDO,10700 MCPHERSON ROAD,LAREDO,TX,78041,WEBB,(956) 523-2000,Acute Care Hospitals,Proprietary,Yes,Y,3,,7,6,0,6,0,,8,6,1,4,1,,11,7,1,5,1,,8,8,,12,10,
450662.0,VALLEY REGIONAL MEDICAL CENTER,100 A ALTON GLOOR,BROWNSVILLE,TX,78526,CAMERON,(956) 350-7000,Acute Care Hospitals,Proprietary,Yes,Y,2,,7,5,0,5,0,,8,7,1,6,0,,11,6,0,4,2,,8,8,,12,10,
450686.0,UNIVERSITY MEDICAL CENTER,602 INDIANA AVENUE,LUBBOCK,TX,79415,LUBBOCK,(806) 775-8200,Acute Care Hospitals,Government - Hospital District or Authority,Yes,Y,3,,7,7,0,7,0,,8,7,4,3,0,,11,10,0,8,2,,8,8,,12,10,
450723.0,METHODIST CHARLTON MEDICAL CENTER,3500 W WHEATLAND ROAD,DALLAS,TX,75237,DALLAS,(214) 947-7777,Acute Care Hospitals,Voluntary non-profit - Private,Yes,Y,3,,7,7,0,7,0,,8,7,2,5,0,,11,8,0,7,1,,8,8,,12,11,
450788.0,"CORPUS CHRISTI MEDICAL CENTER,THE",3315 S ALAMEDA ST,CORPUS CHRISTI,TX,78411,NUECES,(361) 761-1501,Acute Care Hospitals,Voluntary non-profit - Other,Yes,Y,4,,7,7,0,7,0,,8,7,4,3,0,,11,8,0,8,0,,8,8,,12,10,
450831.0,SURGERY SPECIALTY HOSPITALS OF AMERICA SE HOUSTON,4301 B VISTA,PASADENA,TX,77504,HARRIS,(713) 378-3000,Acute Care Hospitals,Proprietary,Yes,,Not Available,16,7,Not Available,Not Available,Not Available,Not Available,5,8,1,0,1,0,,11,Not Available,Not Available,Not Available,Not Available,5,8,Not Available,5,12,3,
450856.0,SOUTH TEXAS SPINE AND SURGICAL HOSPITAL,18600 NORTH HARDY OAK BLVD,SAN ANTONIO,TX,78258,BEXAR,(210) 404-0800,Acute Care Hospitals,Physician,Yes,,Not Available,16,7,Not Available,Not Available,Not Available,Not Available,5,8,2,0,2,0,,11,3,0,3,0,,8,8,,12,5,
450876.0,LUBBOCK HEART HOSPITAL LP,4810 NORTH LOOP 289,LUBBOCK,TX,79416,LUBBOCK,(806) 687-7777,Acute Care Hospitals,Government - Hospital District or Authority,Yes,,2,,7,6,0,6,0,,8,3,0,3,0,,11,8,0,7,1,,8,8,,12,9,
451301.0,REAGAN MEMORIAL HOSPITAL,1300 N MAIN AVENUE,BIG LAKE,TX,76932,REAGAN,(325) 844-2561,Critical Access Hospitals,Government - Hospital District or Authority,Yes,,Not Available,16,7,Not Available,Not Available,Not Available,Not Available,5,8,Not Available,Not Available,Not Available,Not Available,5,11,Not Available,Not Available,Not Available,Not Available,5,8,Not Available,5,12,2,
451312.0,RICE MEDICAL CENTER,600 SOUTH AUSTIN ROAD,EAGLE LAKE,TX,77434,COLORADO,(979) 234-5571,Critical Access Hospitals,Proprietary,Yes,,Not Available,16,7,Not Available,Not Available,Not Available,Not Available,5,8,Not Available,Not Available,Not Available,Not Available,5,11,1,0,1,0,,8,Not Available,5,12,1,
451323.0,ADVENTHEALTH ROLLINS BROOK,608 NORTH KEY AVENUE,LAMPASAS,TX,76550,LAMPASAS,(512) 556-3682,Critical Access Hospitals,Voluntary non-profit - Church,Yes,,Not Available,16,7,2,0,2,0,,8,Not Available,Not Available,Not Available,Not Available,5,11,4,1,3,0,,8,Not Available,5,12,8,
451335.0,MUENSTER MEMORIAL HOSPITAL,605 N MAPLE STREET,MUENSTER,TX,76252,COOKE,(940) 759-2271,Critical Access Hospitals,Government - Hospital District or Authority,Yes,,Not Available,19,Not Available,Not Available,Not Available,Not Available,Not Available,19,Not Available,Not Available,Not Available,Not Available,Not Available,19,Not Available,Not Available,Not Available,Not Available,Not Available,19,Not Available,Not Available,19,Not Available,Not Available,19
451347.0,COLEMAN COUNTY MEDICAL CENTER COMPANY,310 SOUTH PECOS STREET,COLEMAN,TX,76834,COLEMAN,(325) 625-2135,Critical Access Hospitals,Proprietary,Yes,,Not Available,16,7,1,0,1,0,,8,Not Available,Not Available,Not Available,Not Available,5,11,3,0,3,0,,8,Not Available,5,12,3,
451358.0,MEMORIAL HOSPITAL,209 NORTHWEST 8TH STREET,SEMINOLE,TX,79360,GAINES,(432) 758-5811,Critical Access Hospitals,Government - Hospital District or Authority,Yes,,Not Available,19,Not Available,Not Available,Not Available,Not Available,Not Available,19,Not Available,Not Available,Not Available,Not Available,Not Available,19,Not Available,Not Available,Not Available,Not Available,Not Available,19,Not Available,Not Available,19,Not Available,Not Available,19
451370.0,TMC- BONHAM HOSPITAL,504 LIPSCOMB STREET,BONHAM,TX,75418,FANNIN,(903) 640-7311,Critical Access Hospitals,Government - Hospital District or Authority,Yes,,Not Available,16,7,1,0,1,0,,8,1,0,1,0,,11,4,0,3,1,,8,Not Available,5,12,6,
451380.0,UT HEALTH EAST TEXAS QUITMAN HOSPITAL,117 WINNSBORO STREET,QUITMAN,TX,75783,WOOD,(903) 763-6300,Critical Access Hospitals,Proprietary,Yes,,4,,7,3,0,3,0,,8,3,0,3,0,,11,6,1,5,0,,8,Not Available,5,12,10,
451392.0,HAMILTON GENERAL HOSPITAL,"400 N BROWN, BUILDING 1",HAMILTON,TX,76531,HAMILTON,(254) 386-3151,Critical Access Hospitals,Government - Hospital District or Authority,Yes,,Not Available,16,7,1,0,1,0,,8,1,0,1,0,,11,3,0,3,0,,8,Not Available,5,12,7,
453302.0,CHILDRENS MEDICAL CTR OF DALLAS,1935 MEDICAL DISTRICT DRIVE,DALLAS,TX,75235,DALLAS,(214) 456-7000,Childrens,Voluntary non-profit - Private,Yes,,Not Available,19,Not Available,Not Available,Not Available,Not Available,Not Available,19,Not Available,Not Available,Not Available,Not Available,Not Available,19,Not Available,Not Available,Not Available,Not Available,Not Available,19,Not Available,Not Available,19,Not Available,Not Available,19
453317.0,COOK CHILDRENS MEDICAL CENTER PROSPER,4100 W UNIVERSITY DRIVE,PROSPER,TX,75078,COLLIN,(945) 204-4100,Childrens,Voluntary non-profit - Private,Yes,,Not Available,19,Not Available,Not Available,Not Available,Not Available,Not Available,19,Not Available,Not Available,Not Available,Not Available,Not Available,19,Not Available,Not Available,Not Available,Not Available,Not Available,19,Not Available,Not Available,19,Not Available,Not Available,19
454018.0,RED RIVER HOSPITAL,1505 8TH ST,WICHITA FALLS,TX,76301,WICHITA,(940) 322-3171,Psychiatric,Proprietary,No,,Not Available,19,Not Available,Not Available,Not Available,Not Available,Not Available,19,Not Available,Not Available,Not Available,Not Available,Not Available,19,Not Available,Not Available,Not Available,Not Available,Not Available,19,Not Available,Not Available,19,Not Available,Not Available,19
454088.0,RIO GRANDE STATE CENTER,1401 RANGERVILLE ROAD,HARLINGEN,TX,78552,CAMERON,(956) 364-8000,Psychiatric,Government - State,No,,Not Available,19,Not Available,Not Available,Not Available,Not Available,Not Available,19,Not Available,Not Available,Not Available,Not Available,Not Available,19,Not Available,Not Available,Not Available,Not Available,Not Available,19,Not Available,Not Available,19,Not Available,Not Available,19
454110.0,OCEANS BEHAVIORAL  HOSPITAL OF PERMIAN BASIN,3300 S FM 1788,MIDLAND,TX,79706,MIDLAND,(432) 561-5915,Psychiatric,Proprietary,No,,Not Available,19,Not Available,Not Available,Not Available,Not Available,Not Available,19,Not Available,Not Available,Not Available,Not Available,Not Available,19,Not Available,Not Available,Not Available,Not Available,Not Available,19,Not Available,Not Available,19,Not Available,Not Available,19
454127.0,ROCK SPRINGS,700 SOUTHEAST INNER LOOP,GEORGETOWN,TX,78626,WILLIAMSON,(512) 819-9400,Psychiatric,Proprietary,No,,Not Available,19,Not Available,Not Available,Not Available,Not Available,Not Available,19,Not Available,Not Available,Not Available,Not Available,Not Available,19,Not Available,Not Available,Not Available,Not Available,Not Available,19,Not Available,Not Available,19,Not Available,Not Available,19
454144.0,WOODLAND SPRINGS,15860 OLD CONROE ROAD,CONROE,TX,77384,MONTGOMERY,(936) 270-7520,Psychiatric,Proprietary,No,,Not Available,19,Not Available,Not Available,Not Available,Not Available,Not Available,19,Not Available,Not Available,Not Available,Not Available,Not Available,19,Not Available,Not Available,Not Available,Not Available,Not Available,19,Not Available,Not Available,19,Not Available,Not Available,19
454155.0,OCEANS BEHAVIORAL HOSPITAL OF CORPUS CHRISTI,600 ELIZABETH ST 5 EAST,CORPUS CHRISTI,TX,78404,NUECES,(972) 465-0022,Psychiatric,Proprietary,No,,Not Available,19,Not Available,Not Available,Not Available,Not Available,Not Available,19,Not Available,Not Available,Not Available,Not Available,Not Available,19,Not Available,Not Available,Not Available,Not Available,Not Available,19,Not Available,Not Available,19,Not Available,Not Available,19
460007.0,CEDAR CITY HOSPITAL,1303 NORTH MAIN STREET,CEDAR CITY,UT,84721,IRON,(435) 868-5800,Acute Care Hospitals,Voluntary non-profit - Private,Yes,Y,Not Available,16,7,2,0,2,0,,8,2,0,2,0,,11,7,1,6,0,,8,8,,12,12,
460023.0,AMERICAN FORK HOSPITAL,170 NORTH 1100 EAST,AMERICAN FORK,UT,84003,UTAH,(801) 855-3305,Acute Care Hospitals,Voluntary non-profit - Private,Yes,Y,4,,7,2,0,2,0,,8,4,1,3,0,,11,5,2,3,0,,8,8,,12,10,
460052.0,TIMPANOGOS REGIONAL HOSPITAL,750 WEST 800 NORTH,OREM,UT,84057,UTAH,(801) 714-6800,Acute Care Hospitals,Proprietary,Yes,Y,4,,7,3,0,3,0,,8,4,1,3,0,,11,6,1,5,0,,8,8,,12,10,
461303.0,INTERMOUNTAIN HEALTH SANPETE VALLEY HOSPITAL,1100 SOUTH MEDICAL DRIVE,MOUNT PLEASANT,UT,84647,SANPETE,(435) 462-4123,Critical Access Hospitals,Voluntary non-profit - Private,Yes,Y,Not Available,16,7,Not Available,Not Available,Not Available,Not Available,5,8,Not Available,Not Available,Not Available,Not Available,5,11,3,0,3,0,,8,Not Available,5,12,9,
463301.0,PRIMARY CHILDREN'S HOSPITAL,100 NORTH MARIO CAPECCHI DRIVE,SALT LAKE CITY,UT,84113,SALT LAKE,(801) 662-1000,Childrens,Voluntary non-profit - Private,Yes,,Not Available,19,Not Available,Not Available,Not Available,Not Available,Not Available,19,Not Available,Not Available,Not Available,Not Available,Not Available,19,Not Available,Not Available,Not Available,Not Available,Not Available,19,Not Available,Not Available,19,Not Available,Not Available,19
470024.0,NORTHWESTERN MEDICAL CENTER INC,133 FAIRFIELD STREET,SAINT ALBANS,VT,5478,FRANKLIN,(802) 524-5911,Acute Care Hospitals,Voluntary non-profit - Other,Yes,Y,3,,7,5,0,4,1,,8,3,0,3,0,,11,7,1,6,0,,8,8,,12,11,
474004.0,VERMONT PSYCHIATRIC CARE HOSPITAL,350 FISHER ROAD,BERLIN,VT,5602,WASHINGTON,(802) 888-6770,Psychiatric,Government - State,No,,Not Available,19,Not Available,Not Available,Not Available,Not Available,Not Available,19,Not Available,Not Available,Not Available,Not Available,Not Available,19,Not Available,Not Available,Not Available,Not Available,Not Available,19,Not Available,Not Available,19,Not Available,Not Available,19
490018.0,AUGUSTA HEALTH,78 MEDICAL CENTER DRIVE,FISHERSVILLE,VA,22939,AUGUSTA,(540) 332-4000,Acute Care Hospitals,Voluntary non-profit - Private,Yes,Y,4,,7,6,0,5,1,,8,8,1,7,0,,11,10,2,7,1,,8,8,,12,12,
490038.0,SMYTH COUNTY COMMUNITY HOSPITAL,245 MEDICAL PARK DRIVE,MARION,VA,24354,SMYTH,(276) 378-1000,Acute Care Hospitals,Voluntary non-profit - Private,Yes,,3,,7,3,0,3,0,,8,1,0,1,0,,11,8,0,7,1,,8,8,,12,8,
490052.0,RIVERSIDE REGIONAL MEDICAL CENTER,500 J CLYDE MORRIS BLVD,NEWPORT NEWS,VA,23601,NEWPORT NEWS CITY,(757) 594-2000,Acute Care Hospitals,Voluntary non-profit - Private,Yes,Y,3,,7,7,0,6,1,,8,7,3,4,0,,11,10,0,10,0,,8,8,,12,12,
490077.0,SENTARA MARTHA JEFFERSON HOSPITAL,500 MARTHA JEFFERSON DRIVE,CHARLOTTESVILLE,VA,22911,ALBEMARLE,(434) 654-7000,Acute Care Hospitals,Voluntary non-profit - Private,Yes,Y,5,,7,6,0,6,0,,8,7,1,5,1,,11,10,2,8,0,,8,8,,12,11,
490101.0,INOVA FAIR OAKS HOSPITAL,3600 JOSEPH SIEWICK DRIVE,FAIRFAX,VA,22033,FAIRFAX,(703) 391-4170,Acute Care Hospitals,Voluntary non-profit - Other,No,Y,5,,7,6,0,6,0,,8,7,2,5,0,,11,7,0,6,1,,8,8,,12,12,
490117.0,CARILION TAZEWELL COMMUNITY HOSPITAL,388 BEN BOLT AVENUE,TAZEWELL,VA,24651,TAZEWELL,(276) 988-8700,Acute Care Hospitals,Voluntary non-profit - Other,Yes,,Not Available,16,7,2,0,2,0,,8,Not Available,Not Available,Not Available,Not Available,5,11,3,0,2,1,,8,Not Available,5,12,7,
490141.0,SPOTSYLVANIA REGIONAL MEDICAL CENTER,4600 SPOTSYLVANIA PARKWAY,FREDERICKSBURG,VA,22408,SPOTSYLVANIA,(540) 498-4000,Acute Care Hospitals,Proprietary,Yes,Y,3,,7,5,0,5,0,,8,6,1,5,0,,11,8,0,7,1,,8,8,,12,11,
491308.0,RAPPAHANNOCK GENERAL HOSPITAL,101 HARRIS ROAD,KILMARNOCK,VA,22482,LANCASTER,(804) 435-8000,Critical Access Hospitals,Voluntary non-profit - Private,Yes,,4,,7,4,0,4,0,,8,1,0,1,0,,11,8,0,7,1,,8,8,,12,9,
494029.0,SOUTHWESTERN VIRGINIA MENTAL HEALTH INSTITUTE,340 BAGLEY CIRCLE,MARION,VA,24354,SMYTH,(276) 706-3300,Psychiatric,Government - State,No,,Not Available,19,Not Available,Not Available,Not Available,Not Available,Not Available,19,Not Available,Not Available,Not Available,Not Available,Not Available,19,Not Available,Not Available,Not Available,Not Available,Not Available,19,Not Available,Not Available,19,Not Available,Not Available,19
500015.0,MULTICARE AUBURN MEDICAL CENTER,202 NORTH DIVISION STREET PLAZA ONE,AUBURN,WA,98001,KING,(253) 833-7711,Acute Care Hospitals,Voluntary non-profit - Private,Yes,Y,2,,7,5,0,5,0,,8,6,1,5,0,,11,7,0,6,1,,8,8,,12,8,
500033.0,SAMARITAN HOSPITAL,801 EAST WHEELER ROAD,MOSES LAKE,WA,98837,GRANT,(509) 765-5606,Acute Care Hospitals,Government - Hospital District or Authority,Yes,Y,3,,7,4,0,4,0,,8,3,0,3,0,,11,7,1,6,0,,8,8,,12,10,
500054.0,PROV SACRED HRT MED CTR & CHILDS HOSP.,101 WEST 8TH AVENUE,SPOKANE,WA,99220,SPOKANE,(509) 474-3131,Acute Care Hospitals,Voluntary non-profit - Church,Yes,Y,2,,7,7,0,5,2,,8,8,4,2,2,,11,11,2,8,1,,8,8,,12,11,
500119.0,MULTICARE VALLEY HOSPITAL,12606 EAST MISSION AVENUE,SPOKANE VALLEY,WA,99216,SPOKANE,(509) 924-6650,Acute Care Hospitals,Voluntary non-profit - Private,Yes,Y,5,,7,5,0,5,0,,8,6,2,4,0,,11,7,1,6,0,,8,8,,12,11,
501302.0,DAYTON GENERAL HOSPITAL,1012 SOUTH 3RD STREET,DAYTON,WA,99328,COLUMBIA,(509) 382-2531,Critical Access Hospitals,Government - Hospital District or Authority,Yes,,Not Available,16,7,Not Available,Not Available,Not Available,Not Available,5,8,Not Available,Not Available,Not Available,Not Available,5,11,1,0,1,0,,8,Not Available,5,12,2,
501313.0,CASCADE MEDICAL CENTER,817 COMMERCIAL STREET,LEAVENWORTH,WA,98826,CHELAN,(509) 548-5815,Critical Access Hospitals,Government - Hospital District or Authority,Yes,,Not Available,16,7,Not Available,Not Available,Not Available,Not Available,5,8,Not Available,Not Available,Not Available,Not Available,5,11,1,0,1,0,,8,Not Available,5,12,2,
501323.0,JEFFERSON HEALTHCARE,834 SHERIDAN STREET,PORT TOWNSEND,WA,98368,JEFFERSON,(360) 385-2200,Critical Access Hospitals,Government - Hospital District or Authority,Yes,Y,3,,7,4,0,4,0,,8,2,0,2,0,,11,7,0,7,0,,8,8,,12,8,
501333.0,KITTITAS VALLEY COMMUNITY HOSPITAL,603 SOUTH CHESTNUT,ELLENSBURG,WA,98926,KITTITAS,(509) 962-9841,Critical Access Hospitals,Government - Hospital District or Authority,Yes,Y,Not Available,5,7,Not Available,Not Available,Not Available,Not Available,5,8,Not Available,Not Available,Not Available,Not Available,5,11,Not Available,Not Available,Not Available,Not Available,5,8,Not Available,5,12,Not Available,5
503302.0,SHRINERS HOSPITAL FOR CHILDREN,911 WEST 5TH AVENUE,SPOKANE,WA,99204,SPOKANE,(509) 623-0422,Childrens,Voluntary non-profit - Private,No,,Not Available,19,Not Available,Not Available,Not Available,Not Available,Not Available,19,Not Available,Not Available,Not Available,Not Available,Not Available,19,Not Available,Not Available,Not Available,Not Available,Not Available,19,Not Available,Not Available,19,Not Available,Not Available,19
510001.0,"WEST VIRGINIA UNIVERSITY HOSPITALS, INC",MEDICAL CENTER DRIVE,MORGANTOWN,WV,26506,MONONGALIA,(304) 598-4000,Acute Care Hospitals,Voluntary non-profit - Private,Yes,Y,2,,7,7,1,6,0,,8,8,1,6,1,,11,11,0,10,1,,8,8,,12,10,
510029.0,THOMAS MEMORIAL HOSPITAL,4605 MACCORKLE AVENUE SW,SOUTH CHARLESTON,WV,25309,KANAWHA,(304) 766-3600,Acute Care Hospitals,Voluntary non-profit - Private,Yes,Y,Not Available,16,7,Not Available,Not Available,Not Available,Not Available,5,8,Not Available,Not Available,Not Available,Not Available,5,11,4,0,4,0,,8,Not Available,5,12,5,
510072.0,WETZEL COUNTY HOSPITAL,#3 EAST BENJAMIN DRIVE,NEW MARTINSVILLE,WV,26155,WETZEL,(304) 455-8000,Acute Care Hospitals,Government - Local,Yes,,Not Available,16,7,2,0,2,0,,8,1,0,1,0,,11,4,0,4,0,,8,8,,12,8,
511307.0,"GRAFTON CITY HOSPITAL, INC",1 HOSPITAL PLAZA,GRAFTON,WV,26354,TAYLOR,(304) 265-0400,Critical Access Hospitals,Government - Local,Yes,,Not Available,16,7,1,0,1,0,,8,Not Available,Not Available,Not Available,Not Available,5,11,3,0,3,0,,8,Not Available,5,12,5,
511317.0,"CAMC PLATEAU MEDICAL CENTER, INC","430 MAIN STREET, WEST",OAK HILL,WV,25901,FAYETTE,(304) 469-8600,Critical Access Hospitals,Proprietary,Yes,Y,Not Available,16,7,2,0,2,0,,8,2,0,2,0,,11,6,0,5,1,,8,Not Available,5,12,8,
514012.0,"WILLIAM R SHARPE, JR HOSPITAL",936 SHARPE HOSPITAL ROAD,WESTON,WV,26452,LEWIS,(304) 269-1210,Psychiatric,Government - State,No,,Not Available,19,Not Available,Not Available,Not Available,Not Available,Not Available,19,Not Available,Not Available,Not Available,Not Available,Not Available,19,Not Available,Not Available,Not Available,Not Available,Not Available,19,Not Available,Not Available,19,Not Available,Not Available,19
520033.0,ASPIRUS RIVERVIEW HOSPITAL & CLINICS INC,410 DEWEY ST,WISCONSIN RAPIDS,WI,54494,WOOD,(715) 423-6060,Acute Care Hospitals,Voluntary non-profit - Private,Yes,Y,3,,7,4,0,4,0,,8,3,0,3,0,,11,8,1,7,0,,8,8,,12,11,
520057.0,SSM HEALTH ST CLARE HOSPITAL - BARABOO,707 14TH ST,BARABOO,WI,53913,SAUK,(608) 356-1400,Acute Care Hospitals,Voluntary non-profit - Private,Yes,Y,4,,7,4,0,4,0,,8,2,0,2,0,,11,8,0,8,0,,8,8,,12,11,
520083.0,SSM HEALTH ST MARY'S HOSPITAL - MADISON,700 SOUTH PARK ST,MADISON,WI,53715,DANE,(608) 251-6100,Acute Care Hospitals,Voluntary non-profit - Private,Yes,Y,4,,7,7,0,7,0,,8,8,3,5,0,,11,11,0,10,1,,8,8,,12,9,
520102.0,AURORA LAKELAND MEDICAL CENTER,W3985 COUNTY ROAD NN,ELKHORN,WI,53121,WALWORTH,(262) 741-2000,Acute Care Hospitals,Voluntary non-profit - Private,Yes,Y,4,,7,4,0,4,0,,8,4,0,4,0,,11,6,1,5,0,,8,8,,12,11,
520177.0,FROEDTERT MEMORIAL LUTHERAN HOSPITAL,9200 W WISCONSIN AVE,MILWAUKEE,WI,53226,MILWAUKEE,(414) 805-3000,Acute Care Hospitals,Voluntary non-profit - Private,Yes,Y,4,,7,7,1,6,0,,8,7,4,3,0,,11,10,0,8,2,,8,8,,12,11,
520208.0,SSM HEALTH ST MARY'S HOSPITAL - JANESVILLE,3400 EAST RACINE STREET,JANESVILLE,WI,53546,ROCK,(608) 373-8000,Acute Care Hospitals,Voluntary non-profit - Other,Yes,Y,4,,7,4,0,4,0,,8,4,0,4,0,,11,7,0,7,0,,8,8,,12,10,
521305.0,MAYO CLINIC HLTH SYSTM FRANCISCAN HLTHCARE SPARTA,310 W MAIN ST,SPARTA,WI,54656,MONROE,(608) 269-2132,Critical Access Hospitals,Voluntary non-profit - Church,Yes,,Not Available,16,7,Not Available,Not Available,Not Available,Not Available,5,8,Not Available,Not Available,Not Available,Not Available,5,11,Not Available,Not Available,Not Available,Not Available,5,8,Not Available,5,12,5,
521316.0,GUNDERSEN TRI-COUNTY HOSPITAL & CLINICS,18601 LINCOLN ST,WHITEHALL,WI,54773,TREMPEALEAU,(715) 538-4361,Critical Access Hospitals,Voluntary non-profit - Private,Yes,,Not Available,16,7,Not Available,Not Available,Not Available,Not Available,5,8,1,0,1,0,,11,2,0,2,0,,8,Not Available,5,12,5,
521326.0,THEDACARE MEDICAL CENTER - NEW LONDON,1405 MILL ST,NEW LONDON,WI,54961,WAUPACA,(920) 531-2000,Critical Access Hospitals,Voluntary non-profit - Private,Yes,,Not Available,16,7,Not Available,Not Available,Not Available,Not Available,5,8,1,0,1,0,,11,3,0,3,0,,8,8,,12,6,
521336.0,TAMARACK HEALTH HAYWARD MEDICAL CENTER,11040 N STATE RD 77,HAYWARD,WI,54843,SAWYER,(715) 934-4321,Critical Access Hospitals,Voluntary non-profit - Private,Yes,Y,Not Available,16,7,2,0,2,0,,8,1,0,1,0,,11,6,0,6,0,,8,8,,12,8,
521346.0,THEDACARE MEDICAL CENTER - SHAWANO,100 COUNTY RD B,SHAWANO,WI,54166,SHAWANO,(715) 526-2111,Critical Access Hospitals,Voluntary non-profit - Private,Yes,Y,Not Available,16,7,2,0,2,0,,8,1,0,1,0,,11,7,1,6,0,,8,8,,12,7,
521356.0,BELLIN HEALTH OCONTO HOSPITAL,820 ARBUTUS AVE,OCONTO,WI,54153,OCONTO,(920) 835-1101,Critical Access Hospitals,Voluntary non-profit - Private,Yes,,Not Available,16,7,Not Available,Not Available,Not Available,Not Available,5,8,Not Available,Not Available,Not Available,Not Available,5,11,1,0,1,0,,8,Not Available,5,12,6,
524017.0,NORTH CENTRAL HEALTH CARE,1150 LAKEVIEW DR,WAUSAU,WI,54403,MARATHON,(715) 848-4600,Psychiatric,Voluntary non-profit - Other,No,,Not Available,19,Not Available,Not Available,Not Available,Not Available,Not Available,19,Not Available,Not Available,Not Available,Not Available,Not Available,19,Not Available,Not Available,Not Available,Not Available,Not Available,19,Not Available,Not Available,19,Not Available,Not Available,19
530002.0,CAMPBELL COUNTY HEALTH,501 SOUTH BURMA AVENUE,GILLETTE,WY,82716,CAMPBELL,(307) 688-1000,Acute Care Hospitals,Government - Hospital District or Authority,Yes,,2,,7,5,0,5,0,,8,2,0,2,0,,11,8,0,8,0,,8,8,,12,12,
531303.0,WESTON COUNTY HEALTH SERVICES,1124 WASHINGTON BOULEVARD,NEWCASTLE,WY,82701,WESTON,(307) 746-4491,Critical Access Hospitals,Government - Hospital District or Authority,Yes,,Not Available,16,7,1,0,1,0,,8,Not Available,Not Available,Not Available,Not Available,5,11,2,0,2,0,,8,Not Available,5,12,2,
531313.0,STAR VALLEY MEDICAL CENTER,901 ADAMS STREET,AFTON,WY,83110,LINCOLN,(307) 885-5800,Critical Access Hospitals,Government - Hospital District or Authority,Yes,Y,Not Available,16,7,2,0,2,0,,8,1,0,1,0,,11,4,0,4,0,,8,8,,12,5,
650003.0,GUAM REGIONAL MEDICAL CITY,133 ROUTE 3,DEDEDO,GU,96929,GUAM,(671) 645-5500,Acute Care Hospitals,Voluntary non-profit - Private,Yes,,Not Available,19,Not Available,Not Available,Not Available,Not Available,Not Available,19,Not Available,Not Available,Not Available,Not Available,Not Available,19,Not Available,Not Available,Not Available,Not Available,Not Available,19,Not Available,Not Available,19,Not Available,Not Available,19
670041.0,ASCENSION SETON WILLIAMSON,201 SETON PARKWAY,ROUND ROCK,TX,78664,WILLIAMSON,(512) 324-0000,Acute Care Hospitals,Voluntary non-profit - Private,Yes,Y,4,,7,7,1,6,0,,8,6,3,3,0,,11,8,1,7,0,,8,8,,12,8,
670060.0,BAYLOR SCOTT AND WHITE MEDICAL CENTER SUNNYVALE,231 SOUTH COLLINS ROAD,SUNNYVALE,TX,75182,DALLAS,(972) 892-3000,Acute Care Hospitals,Proprietary,Yes,,2,,7,5,0,5,0,,8,5,0,5,0,,11,6,0,6,0,,8,8,,12,8,
670078.0,BAPTIST NEIGHBORHOOD HOSPITAL THOUSAND OAKS,16088 SAN PEDRO,SAN ANTONIO,TX,78232,BEXAR,(210) 402-4092,Acute Care Hospitals,Proprietary,Yes,,Not Available,16,7,2,0,2,0,,8,1,0,1,0,,11,3,0,3,0,,8,8,,12,7,
670106.0,HCA HOUSTON HEALTHCARE PEARLAND,11100 SHADOW CREEK PARKWAY,PEARLAND,TX,77584,BRAZORIA,(713) 770-7000,Acute Care Hospitals,Proprietary,Yes,,3,,7,4,0,4,0,,8,4,1,3,0,,11,5,0,4,1,,8,8,,12,9,
670125.0,TEXAS CENTER FOR INFECTIOUS DISEASE,2303 SE MILITARY DR P O BOX 23340,SAN ANTONIO,TX,78223,BEXAR,(210) 534-8857,Acute Care Hospitals,Government - State,No,,Not Available,19,Not Available,Not Available,Not Available,Not Available,Not Available,19,Not Available,Not Available,Not Available,Not Available,Not Available,19,Not Available,Not Available,Not Available,Not Available,Not Available,19,Not Available,Not Available,19,Not Available,Not Available,19
670267.0,THE WOODLANDS SPECIALTY HOSPITAL,25440 INTERSTATE 45 NORTH,SPRING,TX,77386,MONTGOMERY,(281) 602-8160,Acute Care Hospitals,Proprietary,Yes,,Not Available,16,7,Not Available,Not Available,Not Available,Not Available,5,8,Not Available,Not Available,Not Available,Not Available,5,11,Not Available,Not Available,Not Available,Not Available,5,8,Not Available,5,12,4,
670331.0,MID COAST MEDICAL CENTER-TRINITY,317 PROSPECT DRIVE,TRINITY,TX,75862,TRINITY,(936) 744-1256,Acute Care Hospitals,Voluntary non-profit - Other,Yes,,Not Available,5,Not Available,Not Available,Not Available,Not Available,Not Available,5,Not Available,Not Available,Not Available,Not Available,Not Available,5,Not Available,Not Available,Not Available,Not Available,Not Available,5,Not Available,Not Available,5,Not Available,Not Available,5
