facility_id,facility_name,address,city,state,zip_code,county,telephone_number,hospital_type,hospital_ownership,emergency_services,meets_criteria_for_birthing_friendly_designation,hospital_overall_rating,hospital_overall_rating_footnote,mort_group_measure_count,count_of_facility_mort_measures,count_of_mort_measures_better,count_of_mort_measures_no_different,count_of_mort_measures_worse,mort_group_footnote,safety_group_measure_count,count_of_facility_safety_measures,count_of_safety_measures_better,count_of_safety_measures_no_different,count_of_safety_measures_worse,safety_group_footnote,readm_group_measure_count,count_of_facility_readm_measures,count_of_readm_measures_better,count_of_readm_measures_no_different,count_of_readm_measures_worse,readm_group_footnote,pt_exp_group_measure_count,count_of_facility_pt_exp_measures,pt_exp_group_footnote,te_group_measure_count,count_of_facility_te_measures,te_group_footnote
1021.0,TUSCALOOSA VA MEDICAL CENTER,3701 LOOP ROAD EAST,TUSCALOOSA,AL,35404,TUSCALOOSA,(205) 554-2000,Acute Care - Veterans Administration,Veterans Health Administration,No,,Not Available,16,7,Not Available,Not Available,Not Available,Not Available,5,8,Not Available,Not Available,Not Available,Not Available,5,11,Not Available,Not Available,Not Available,Not Available,5,8,Not Available,5,12,2,
5022.0,NMC San Diego,34800 Bob Wilson Dr,San Diego,CA,92134,SAN DIEGO,(619) 532-6400,Acute Care - Department of Defense,Department of Defense,Yes,,Not Available,22,Not Available,Not Available,Not Available,Not Available,Not Available,22,Not Available,Not Available,Not Available,Not Available,Not Available,22,Not Available,Not Available,Not Available,Not Available,Not Available,22,Not Available,Not Available,22,Not Available,Not Available,22
5130.0,SAN FRANCISCO VA MEDICAL CENTER,4150 CLEMENT STREET,SAN FRANCISCO,CA,94121,SAN FRANCISCO,(415) 221-4810,Acute Care - Veterans Administration,Veterans Health Administration,Yes,,4,,7,5,2,3,0,,8,4,0,4,0,,11,6,0,5,1,,8,8,,12,6,
10007.0,MIZELL MEMORIAL HOSPITAL,702 N MAIN ST,OPP,AL,36467,COVINGTON,(334) 493-3541,Acute Care Hospitals,Voluntary non-profit - Private,Yes,,1,,7,3,0,2,1,,8,3,0,3,0,,11,7,0,7,0,,8,8,,12,7,
10021.0,96th Medical Group (Eglin AFB),96 MDG 307 Boatner Rd Suite 114,Eglin AFB,FL,32542,OKALOOSA,(850) 883-8600,Acute Care - Department of Defense,Department of Defense,Yes,,Not Available,22,Not Available,Not Available,Not Available,Not Available,Not Available,22,Not Available,Not Available,Not Available,Not Available,Not Available,22,Not Available,Not Available,Not Available,Not Available,Not Available,22,Not Available,Not Available,22,Not Available,Not Available,22
10039.0,HUNTSVILLE HOSPITAL,101 SIVLEY RD,HUNTSVILLE,AL,35801,MADISON,(256) 265-1000,Acute Care Hospitals,Government - Hospital District or Authority,Yes,Y,2,,7,7,0,3,4,,8,8,3,4,1,,11,11,1,9,1,,8,8,,12,12,
10057.0,VA NORTH FLORIDA/SOUTH GEORGIA HEALTHCARE SYSTEM - GAINESVILLE,1601 S W ARCHER ROAD,GAINESVILLE,FL,32608,ALACHUA,(352) 376-1611,Acute Care - Veterans Administration,Veterans Health Administration,Yes,,3,,7,5,2,3,0,,8,4,0,4,0,,11,6,0,3,3,,8,8,,12,6,
10078.0,NORTHEAST ALABAMA REGIONAL MEDICAL CENTER,400 EAST 10TH STREET,ANNISTON,AL,36207,CALHOUN,(256) 235-5121,Acute Care Hospitals,Government - Local,Yes,Y,1,,7,6,0,5,1,,8,7,0,7,0,,11,10,0,8,2,,8,8,,12,12,
10095.0,HALE COUNTY HOSPITAL,508 GREENE STREET,GREENSBORO,AL,36744,HALE,(334) 624-3024,Acute Care Hospitals,Government - Hospital District or Authority,Yes,,Not Available,16,7,Not Available,Not Available,Not Available,Not Available,5,8,Not Available,Not Available,Not Available,Not Available,5,11,1,0,1,0,,8,Not Available,5,12,5,
10110.0,BULLOCK COUNTY HOSPITAL,102 WEST CONECUH AVENUE,UNION SPRINGS,AL,36089,BULLOCK,(334) 738-2140,Acute Care Hospitals,Proprietary,Yes,,Not Available,16,7,Not Available,Not Available,Not Available,Not Available,5,8,Not Available,Not Available,Not Available,Not Available,5,11,Not Available,Not Available,Not Available,Not Available,5,8,Not Available,5,12,4,
10130.0,ST VINCENT'S ST CLAIR,7063 VETERANS PARKWAY,PELL CITY,AL,35125,ST. CLAIR,(205) 338-3301,Acute Care Hospitals,Voluntary non-profit - Private,Yes,,3,,7,4,0,3,1,,8,2,0,2,0,,11,5,0,5,0,,8,8,,12,7,
10164.0,COOSA VALLEY MEDICAL CENTER,315 W HICKORY ST,SYLACAUGA,AL,35150,TALLADEGA,(256) 249-5000,Acute Care Hospitals,Government - Hospital District or Authority,Yes,Y,3,,7,3,0,3,0,,8,3,1,2,0,,11,8,0,7,1,,8,8,,12,11,
11033.0,Dwight Eisenhower AMC (FT Gordon),300 East Hospital Rd,Fort Gordon,GA,30905,RICHMOND,(706) 787-5811,Acute Care - Department of Defense,Department of Defense,Yes,,Not Available,22,Not Available,Not Available,Not Available,Not Available,Not Available,22,Not Available,Not Available,Not Available,Not Available,Not Available,22,Not Available,Not Available,Not Available,Not Available,Not Available,22,Not Available,Not Available,22,Not Available,Not Available,22
12001.0,Tripler AMC (FT Shafter),1 Jarrett White Rd,Honolulu,HI,96859,HONOLULU,(808) 433-2778,Acute Care - Department of Defense,Department of Defense,Yes,,Not Available,22,Not Available,Not Available,Not Available,Not Available,Not Available,22,Not Available,Not Available,Not Available,Not Available,Not Available,22,Not Available,Not Available,Not Available,Not Available,Not Available,22,Not Available,Not Available,22,Not Available,Not Available,22
14008.0,MARION IL VA MEDICAL CENTER,2401 WEST MAIN,MARION,IL,62959,WILLIAMSON,(618) 997-5311,Acute Care - Veterans Administration,Veterans Health Administration,Yes,,3,,7,3,0,3,0,,8,1,0,1,0,,11,4,0,3,1,,8,8,,12,4,
16003.0,VA CENTRAL IOWA HEALTHCARE SYSTEM,3600 30TH STREET,DES MOINES,IA,50310,POLK,(515) 699-5999,Acute Care - Veterans Administration,Veterans Health Administration,Yes,,4,,7,3,1,1,1,,8,2,0,2,0,,11,5,2,3,0,,8,8,,12,4,
19048.0,OVERTON BROOKS VA MEDICAL CENTER (SHREVEPORT),510 EAST STONER AVENUE,SHREVEPORT,LA,71101,CADDO,(318) 424-6037,Acute Care - Veterans Administration,Veterans Health Administration,Yes,,2,,7,4,0,4,0,,8,4,0,3,1,,11,6,0,6,0,,8,8,,12,5,
20026.0,ALASKA NATIVE MEDICAL CENTER,4315 DIPLOMACY DR,ANCHORAGE,AK,99508,ANCHORAGE,(907) 563-2662,Acute Care Hospitals,Government - Federal,Yes,Y,3,,7,6,0,6,0,,8,7,1,5,1,,11,7,0,7,0,,8,8,,12,8,
21308.0,NORTON SOUND REGIONAL HOSPITAL,1000 GREG KRUSCHEK AVENUE (P O BOX 966),NOME,AK,99762,NOME,(907) 443-3311,Critical Access Hospitals,Tribal,Yes,Y,Not Available,16,7,1,0,1,0,,8,Not Available,Not Available,Not Available,Not Available,5,11,3,0,3,0,,8,Not Available,5,12,2,
23005.0,IRON MOUNTAIN MI VA MEDICAL CENTER,325 EAST H STREET,IRON MOUNTAIN,MI,49801,DICKINSON,(906) 774-3300,Acute Care - Veterans Administration,Veterans Health Administration,No,,5,,7,3,0,3,0,,8,Not Available,Not Available,Not Available,Not Available,5,11,4,0,4,0,,8,Not Available,5,12,3,
25043.0,G. V. (SONNY) MONTGOMERY VA MEDICAL CENTER (JACKSON),1500 E. WOODROW WILSON DRIVE,JACKSON,MS,39216,HINDS,(601) 362-4471,Acute Care - Veterans Administration,Veterans Health Administration,Yes,,4,,7,4,0,4,0,,8,3,0,3,0,,11,5,1,4,0,,8,8,,12,5,
29004.0,VA SOUTHERN NEVADA HEALTHCARE SYSTEM,6900 NORTH PECOS ROAD,N. LAS VEGAS,NV,89086,CLARK,(702) 791-9024,Acute Care - Veterans Administration,Veterans Health Administration,Yes,,5,,7,4,2,2,0,,8,4,0,4,0,,11,5,1,4,0,,8,8,,12,5,
30022.0,VALLEYWISE HEALTH MEDICAL CENTER,2601 EAST ROOSEVELT STREET,PHOENIX,AZ,85008,MARICOPA,(602) 344-5011,Acute Care Hospitals,Government - Local,No,Y,3,,7,3,0,3,0,,8,6,3,3,0,,11,3,0,3,0,,8,8,,12,9,
30062.0,SUMMIT HEALTHCARE REGIONAL MEDICAL CENTER,2200 EAST SHOW LOW LAKE ROAD,SHOW LOW,AZ,85901,NAVAJO,(928) 537-4375,Acute Care Hospitals,Voluntary non-profit - Private,Yes,Y,4,,7,6,0,6,0,,8,5,0,5,0,,11,9,0,9,0,,8,8,,12,11,
30085.0,NORTHWEST MEDICAL CENTER,6200 NORTH LA CHOLLA BOULEVARD,TUCSON,AZ,85741,PIMA,(520) 469-8100,Acute Care Hospitals,Proprietary,Yes,Y,2,,7,7,0,6,1,,8,8,4,4,0,,11,10,0,10,0,,8,8,,12,11,
30107.0,ARIZONA SPINE AND JOINT HOSPITAL,4620 EAST BASELINE ROAD,MESA,AZ,85206,MARICOPA,(480) 832-4770,Acute Care Hospitals,Physician,No,,Not Available,16,7,Not Available,Not Available,Not Available,Not Available,5,8,2,0,2,0,,11,3,1,1,1,,8,8,,12,3,
30121.0,HONORHEALTH MOUNTAIN VISTA MEDICAL CENTER,1301 SOUTH CRISMON ROAD,MESA,AZ,85209,MARICOPA,(480) 358-6100,Acute Care Hospitals,Proprietary,Yes,Y,2,,7,6,0,6,0,,8,8,1,7,0,,11,8,1,6,1,,8,8,,12,10,
30148.0,NORTHWEST MEDICAL CENTER SAHUARITA,16260 SOUTH RANCHO SAHUARITA BOULEVARD,SAHUARITA,AZ,85629,PIMA,(520) 416-7100,Acute Care Hospitals,Voluntary non-profit - Private,Yes,,3,,7,3,0,3,0,,8,3,1,2,0,,11,6,0,6,0,,8,8,,12,9,
31305.0,HOPI HEALTH CARE CENTER,"HIGHWAY 264, MILEPOST 388",POLACCA,AZ,86042,NAVAJO,(928) 737-6000,Critical Access Hospitals,Tribal,No,,Not Available,16,7,Not Available,Not Available,Not Available,Not Available,5,8,Not Available,Not Available,Not Available,Not Available,5,11,1,0,1,0,,8,Not Available,5,12,1,
31318.0,BANNER PAYSON MEDICAL CENTER,807 SOUTH PONDEROSA DRIVE,PAYSON,AZ,85541,GILA,(928) 474-3222,Critical Access Hospitals,Voluntary non-profit - Other,No,Y,4,,7,4,0,4,0,,8,1,0,1,0,,11,6,0,6,0,,8,8,,12,9,
33019.0,NORTHPORT VA MEDICAL CENTER,79 MIDDLEVILLE ROAD,NORTHPORT,NY,11768,SUFFOLK,(516) 261-4400,Acute Care - Veterans Administration,Veterans Health Administration,Yes,,4,,7,3,0,3,0,,8,4,0,4,0,,11,5,0,5,0,,8,8,,12,5,
34014.0,Womack AMC (FT Bragg),2817 Reilly Rd,Fort Bragg,NC,28310,CUMBERLAND,(910) 907-9262,Acute Care - Department of Defense,Department of Defense,Yes,,Not Available,22,Not Available,Not Available,Not Available,Not Available,Not Available,22,Not Available,Not Available,Not Available,Not Available,Not Available,22,Not Available,Not Available,Not Available,Not Available,Not Available,22,Not Available,Not Available,22,Not Available,Not Available,22
34028.0,AURORA BEHAVIORAL HEALTHCARE-TEMPE,6350 SOUTH MAPLE AVENUE,TEMPE,AZ,85283,MARICOPA,(480) 345-5400,Psychiatric,Proprietary,No,,Not Available,19,Not Available,Not Available,Not Available,Not Available,Not Available,19,Not Available,Not Available,Not Available,Not Available,Not Available,19,Not Available,Not Available,Not Available,Not Available,Not Available,19,Not Available,Not Available,19,Not Available,Not Available,19
34040.0,VIA LINDA BEHAVIORAL HOSPITAL,9160 EAST HORSESHOE RD,SCOTTSDALE,AZ,85258,MARICOPA,(480) 476-7000,Psychiatric,Proprietary,No,,Not Available,19,Not Available,Not Available,Not Available,Not Available,Not Available,19,Not Available,Not Available,Not Available,Not Available,Not Available,19,Not Available,Not Available,Not Available,Not Available,Not Available,19,Not Available,Not Available,19,Not Available,Not Available,19
40001.0,SILOAM SPRINGS REGIONAL HOSPITAL,603 NORTH PROGRESS AVENUE,SILOAM SPRINGS,AR,72761,BENTON,(479) 524-4141,Acute Care Hospitals,Proprietary,Yes,,3,,7,3,0,3,0,,8,3,0,3,0,,11,5,0,5,0,,8,8,,12,10,
40019.0,FORREST CITY MEDICAL CENTER,1601 NEWCASTLE ROAD,FORREST CITY,AR,72335,ST. FRANCIS,(870) 261-0000,Acute Care Hospitals,Proprietary,Yes,Y,Not Available,16,7,1,0,1,0,,8,1,0,1,0,,11,5,0,5,0,,8,8,,12,10,
40051.0,BAPTIST HEALTH MEDICAL CENTER-DREW COUNTY,778 SCOGIN DRIVE,MONTICELLO,AR,71655,DREW,(870) 367-2411,Acute Care Hospitals,Voluntary non-profit - Private,Yes,Y,2,,7,4,0,4,0,,8,2,0,2,0,,11,6,0,6,0,,8,8,,12,10,
40088.0,SOUTH ARKANSAS REGIONAL HOSPITAL LLC,700 WEST GROVE STREET,EL DORADO,AR,71730,UNION,(870) 863-2000,Acute Care Hospitals,Proprietary,Yes,Y,2,,7,5,0,5,0,,8,4,0,3,1,,11,8,2,6,0,,8,Not Available,5,12,11,
40156.0,"BAPTIST MEMORIAL HOSPITAL-CRITTENDEN, INC",2100 NORTH SEVENTH STREET,WEST MEMPHIS,AR,72301,CRITTENDEN,(870) 394-7800,Acute Care Hospitals,Voluntary non-profit - Private,Yes,,Not Available,16,7,2,0,2,0,,8,Not Available,Not Available,Not Available,Not Available,5,11,4,0,4,0,,8,Not Available,5,12,9,
41303.0,MERCY HOSPITAL OZARK,801 WEST RIVER STREET,OZARK,AR,72949,FRANKLIN,(479) 667-4138,Critical Access Hospitals,Voluntary non-profit - Private,Yes,,Not Available,16,7,Not Available,Not Available,Not Available,Not Available,5,8,Not Available,Not Available,Not Available,Not Available,5,11,1,0,1,0,,8,Not Available,5,12,6,
41317.0,DALLAS COUNTY MEDICAL CENTER,201 CLIFTON STREET,FORDYCE,AR,71742,DALLAS,(870) 352-6300,Critical Access Hospitals,Government - Local,Yes,,Not Available,16,7,Not Available,Not Available,Not Available,Not Available,5,8,Not Available,Not Available,Not Available,Not Available,5,11,1,0,1,0,,8,Not Available,5,12,3,
41329.0,MERCY HOSPITAL BERRYVILLE,214 CARTER STREET,BERRYVILLE,AR,72616,CARROLL,(870) 423-3355,Critical Access Hospitals,Voluntary non-profit - Private,Yes,,Not Available,16,7,1,0,1,0,,8,Not Available,Not Available,Not Available,Not Available,5,11,3,0,3,0,,8,Not Available,5,12,7,
44006.0,VALLEY BEHAVIORAL HEALTH SYSTEM,10301 MAYO DRIVE,BARLING,AR,72923,SEBASTIAN,(479) 494-5700,Psychiatric,Proprietary,No,,Not Available,19,Not Available,Not Available,Not Available,Not Available,Not Available,19,Not Available,Not Available,Not Available,Not Available,Not Available,19,Not Available,Not Available,Not Available,Not Available,Not Available,19,Not Available,Not Available,19,Not Available,Not Available,19
50007.0,PENINSULA MEDICAL CENTER,1501 TROUSDALE DRIVE,BURLINGAME,CA,94010,SAN MATEO,(650) 696-5400,Acute Care Hospitals,Voluntary non-profit - Private,Yes,Y,5,,7,7,1,6,0,,8,7,4,3,0,,11,11,1,10,0,,8,8,,12,12,
50028.0,MAD RIVER COMMUNITY HOSPITAL,3800 JANES RD,ARCATA,CA,95521,HUMBOLDT,(707) 822-3621,Acute Care Hospitals,Proprietary,Yes,Y,3,,7,3,0,3,0,,8,2,0,2,0,,11,6,0,6,0,,8,8,,12,9,
50054.0,SAN GORGONIO MEMORIAL HOSPITAL,600 NORTH HIGHLAND SPRINGS AVENUE,BANNING,CA,92220,RIVERSIDE,(951) 769-2101,Acute Care Hospitals,Government - Hospital District or Authority,Yes,Y,5,,7,3,0,3,0,,8,3,1,2,0,,11,4,2,2,0,,8,8,,12,9,
50071.0,KAISER FOUNDATION HOSPITAL-SANTA CLARA,700 LAWRENCE EXPRESSWAY,SANTA CLARA,CA,95051,SANTA CLARA,(408) 236-6400,Acute Care Hospitals,Voluntary non-profit - Private,Yes,Y,3,,7,Not Available,Not Available,Not Available,Not Available,5,8,6,1,5,0,,11,2,0,2,0,,8,8,,12,6,
50090.0,SONOMA VALLEY HOSPITAL,347 ANDRIEUX ST,SONOMA,CA,95476,SONOMA,(707) 935-5000,Acute Care Hospitals,Government - Hospital District or Authority,Yes,,1,,7,3,0,3,0,,8,2,0,2,0,,11,6,0,6,0,,8,8,,12,10,
50108.0,"SUTTER MEDICAL CENTER, SACRAMENTO",2825 CAPITOL AVENUE,SACRAMENTO,CA,95816,SACRAMENTO,(916) 454-2222,Acute Care Hospitals,Voluntary non-profit - Private,Yes,Y,4,,7,7,0,7,0,,8,8,3,5,0,,11,11,0,11,0,,8,8,,12,9,
50125.0,REGIONAL MEDICAL CENTER OF SAN JOSE,225 N JACKSON AVENUE,SAN JOSE,CA,95116,SANTA CLARA,(408) 259-5000,Acute Care Hospitals,Government - Federal,Yes,,3,,7,6,0,6,0,,8,7,1,6,0,,11,8,0,6,2,,8,8,,12,7,
50137.0,KAISER FOUNDATION HOSPITAL - PANORAMA CITY,13652 CANTARA ST,PANORAMA CITY,CA,91402,LOS ANGELES,(818) 375-2000,Acute Care Hospitals,Voluntary non-profit - Private,No,Y,4,,7,Not Available,Not Available,Not Available,Not Available,5,8,6,2,4,0,,11,1,0,1,0,,8,8,,12,6,
50167.0,SAN JOAQUIN GENERAL HOSPITAL,500 W HOSPITAL ROAD,FRENCH CAMP,CA,95231,SAN JOAQUIN,(209) 468-6000,Acute Care Hospitals,Government - Local,Yes,Y,2,,7,5,0,5,0,,8,6,1,5,0,,11,5,0,5,0,,8,8,,12,10,
50197.0,SEQUOIA HOSPITAL,170 ALAMEDA DE LAS PULGAS,REDWOOD CITY,CA,94062,SAN MATEO,(650) 369-5811,Acute Care Hospitals,Voluntary non-profit - Private,Yes,Y,5,,7,6,1,5,0,,8,6,1,5,0,,11,8,5,2,1,,8,8,,12,9,
50234.0,SHARP CORONADO HOSPITAL AND HLTHCR CTR,250 PROSPECT PLACE,CORONADO,CA,92118,SAN DIEGO,(619) 435-6251,Acute Care Hospitals,Proprietary,Yes,,5,,7,3,0,3,0,,8,4,0,4,0,,11,6,0,6,0,,8,8,,12,8,
50257.0,GOOD SAMARITAN HOSPITAL,901 OLIVE DRIVE,BAKERSFIELD,CA,93308,KERN,(661) 215-7500,Acute Care Hospitals,Proprietary,No,,Not Available,16,7,2,0,2,0,,8,2,0,2,0,,11,3,1,2,0,,8,Not Available,5,12,3,
50289.0,AHMC SETON MEDICAL CENTER,1900 SULLIVAN AVENUE,DALY CITY,CA,94015,SAN MATEO,(650) 992-4000,Acute Care Hospitals,Voluntary non-profit - Church,Yes,,1,,7,6,0,6,0,,8,4,0,4,0,,11,7,0,5,2,,8,8,,12,8,
50309.0,SUTTER ROSEVILLE MEDICAL CENTER,ONE MEDICAL PLAZA,ROSEVILLE,CA,95661,PLACER,(916) 781-1000,Acute Care Hospitals,Voluntary non-profit - Private,Yes,Y,3,,7,6,0,6,0,,8,8,2,5,1,,11,10,2,8,0,,8,8,,12,9,
50342.0,PIONEERS MEMORIAL HEALTHCARE DISTRICT,207 WEST LEGION ROAD,BRAWLEY,CA,92227,IMPERIAL,(760) 351-3333,Acute Care Hospitals,Government - Hospital District or Authority,Yes,Y,2,,7,4,0,4,0,,8,3,0,3,0,,11,8,0,8,0,,8,8,,12,9,
50376.0,LAC/HARBOR-UCLA MED CENTER,1000 W CARSON ST,TORRANCE,CA,90509,LOS ANGELES,(310) 222-2345,Acute Care Hospitals,Government - Local,Yes,Y,1,,7,6,0,6,0,,8,6,1,3,2,,11,8,0,8,0,,8,8,,12,10,
50414.0,MERCY HOSPITAL OF FOLSOM,1650 CREEKSIDE DRIVE,FOLSOM,CA,95630,SACRAMENTO,(916) 983-7400,Acute Care Hospitals,Voluntary non-profit - Private,Yes,Y,4,,7,5,0,5,0,,8,7,1,6,0,,11,7,0,7,0,,8,8,,12,9,
50457.0,ST MARY'S MEDICAL CENTER,450 STANYAN ST,SAN FRANCISCO,CA,94117,SAN FRANCISCO,(415) 668-1000,Acute Care Hospitals,Voluntary non-profit - Private,Yes,,4,,7,6,2,4,0,,8,6,1,5,0,,11,10,1,9,0,,8,8,,12,9,
50503.0,SCRIPPS MEMORIAL HOSPITAL - ENCINITAS,354 SANTA FE DRIVE,ENCINITAS,CA,92024,SAN DIEGO,(760) 753-6501,Acute Care Hospitals,Voluntary non-profit - Private,Yes,Y,5,,7,6,2,4,0,,8,7,1,6,0,,11,8,4,3,1,,8,8,,12,11,
50534.0,JOHN F KENNEDY MEMORIAL HOSPITAL,47111 MONROE STREET,INDIO,CA,92201,RIVERSIDE,(760) 347-6191,Acute Care Hospitals,Proprietary,Yes,Y,3,,7,4,0,4,0,,8,4,1,3,0,,11,5,0,5,0,,8,8,,12,10,
50570.0,UCI HEALTH - FOUNTAIN VALLEY,17100 EUCLID STREET,FOUNTAIN VALLEY,CA,92708,ORANGE,(714) 966-7200,Acute Care Hospitals,Proprietary,Yes,Y,2,,7,7,0,7,0,,8,8,1,7,0,,11,8,0,7,1,,8,8,,12,9,
50603.0,MEMORIALCARE SADDLEBACK MEDICAL CENTER,24451 HEALTH CENTER DRIVE,LAGUNA HILLS,CA,92653,ORANGE,(949) 837-4500,Acute Care Hospitals,Voluntary non-profit - Private,Yes,Y,4,,7,7,0,7,0,,8,6,1,5,0,,11,7,0,7,0,,8,8,,12,10,
50668.0,LAGUNA HONDA HOSPITAL & REHABILITATION CENTER,375 LAGUNA HONDA BLVD,SAN FRANCISCO,CA,94116,SAN FRANCISCO,(415) 759-2300,Acute Care Hospitals,Government - Local,No,,Not Available,16,7,1,0,1,0,,8,1,1,0,0,,11,2,0,1,1,,8,Not Available,5,12,3,
50701.0,SOUTHWEST HEALTHCARE RANCHO SPRINGS HOSPITAL,25500 MEDICAL CENTER DRIVE,MURRIETA,CA,92562,RIVERSIDE,(951) 696-6000,Acute Care Hospitals,Proprietary,Yes,Y,3,,7,6,0,6,0,,8,7,2,5,0,,11,6,0,5,1,,8,8,,12,9,
50736.0,MONTEREY PARK HOSPITAL,900 S ATLANTIC BLVD,MONTEREY PARK,CA,91754,LOS ANGELES,(626) 570-9000,Acute Care Hospitals,Proprietary,No,,1,,7,2,0,2,0,,8,4,0,3,1,,11,4,0,4,0,,8,8,,12,8,
50755.0,SHERMAN OAKS HOSPITAL,4929 VAN NUYS BLVD,SHERMAN OAKS,CA,91403,LOS ANGELES,(818) 981-7111,Acute Care Hospitals,Voluntary non-profit - Private,Yes,,2,,7,5,2,3,0,,8,5,1,4,0,,11,6,0,3,3,,8,8,,12,7,
50770.0,LOMA LINDA UNIVERSITY MEDICAL CENTER-MURRIETA,28062 BAXTER ROAD,MURRIETA,CA,92563,RIVERSIDE,(951) 290-4000,Acute Care Hospitals,Voluntary non-profit - Private,Yes,Y,2,,7,7,0,7,0,,8,6,1,5,0,,11,7,0,4,3,,8,8,,12,8,
50783.0,COLUSA MEDICAL CENTER,199 E WEBSTER STREET,COLUSA,CA,95932,COLUSA,(530) 619-0800,Acute Care Hospitals,Proprietary,Yes,,4,,7,3,0,3,0,,8,1,0,1,0,,11,4,0,4,0,,8,Not Available,5,12,6,
51305.0,MAYERS MEMORIAL HOSPITAL,43563 HWY 299 EAST,FALL RIVER MILLS,CA,96028,SHASTA,(530) 336-5511,Critical Access Hospitals,Government - Hospital District or Authority,Yes,,Not Available,16,7,1,0,1,0,,8,Not Available,Not Available,Not Available,Not Available,5,11,2,0,2,0,,8,Not Available,5,12,3,
51316.0,FAIRCHILD MEDICAL CENTER,444 BRUCE STREET,YREKA,CA,96097,SISKIYOU,(530) 842-4121,Critical Access Hospitals,Voluntary non-profit - Other,Yes,Y,1,,7,4,0,3,1,,8,3,0,3,0,,11,7,0,7,0,,8,8,,12,6,
51327.0,SENECA DISTRICT HOSPITAL,130 BRENTWOOD DRIVE,CHESTER,CA,96020,PLUMAS,(530) 258-2151,Critical Access Hospitals,Government - Hospital District or Authority,Yes,,Not Available,16,7,Not Available,Not Available,Not Available,Not Available,5,8,Not Available,Not Available,Not Available,Not Available,5,11,1,0,1,0,,8,Not Available,5,12,3,
51337.0,HAZEL HAWKINS MEMORIAL HOSPITAL,911 SUNSET DRIVE,HOLLISTER,CA,95032,SANTA CLARA,(831) 637-5711,Critical Access Hospitals,Government - Hospital District or Authority,Yes,,Not Available,16,7,Not Available,Not Available,Not Available,Not Available,5,8,Not Available,Not Available,Not Available,Not Available,5,11,2,0,2,0,,8,Not Available,5,12,2,
53308.0,HEALTHBRIDGE CHILDREN'S HOSPITAL - ORANGE,393 S TUSTIN STREET,ORANGE,CA,92866,ORANGE,(714) 289-2400,Childrens,Proprietary,No,,Not Available,19,Not Available,Not Available,Not Available,Not Available,Not Available,19,Not Available,Not Available,Not Available,Not Available,Not Available,19,Not Available,Not Available,Not Available,Not Available,Not Available,19,Not Available,Not Available,19,Not Available,Not Available,19
54075.0,ALVARADO PARKWAY INSTITUTE BEHAVIORAL HEALTH SYSTE,7050 PARKWAY DRIVE,LA MESA,CA,91942,SAN DIEGO,(619) 465-4411,Psychiatric,Voluntary non-profit - Private,No,,Not Available,19,Not Available,Not Available,Not Available,Not Available,Not Available,19,Not Available,Not Available,Not Available,Not Available,Not Available,19,Not Available,Not Available,Not Available,Not Available,Not Available,19,Not Available,Not Available,19,Not Available,Not Available,19
54122.0,DEPT OF STATE HOSPITALS - NAPA,2100 NAPA VALLEJO HIGHWAY,NAPA,CA,94558,NAPA,(707) 253-5000,Psychiatric,Government - State,No,,Not Available,19,Not Available,Not Available,Not Available,Not Available,Not Available,19,Not Available,Not Available,Not Available,Not Available,Not Available,19,Not Available,Not Available,Not Available,Not Available,Not Available,19,Not Available,Not Available,19,Not Available,Not Available,19
54147.0,JOYCE EISENBERG KEEFER MEDICAL CENTER,7150 TAMPA AVENUE,RESEDA,CA,91335,LOS ANGELES,(818) 774-3314,Psychiatric,Voluntary non-profit - Private,No,,Not Available,19,Not Available,Not Available,Not Available,Not Available,Not Available,19,Not Available,Not Available,Not Available,Not Available,Not Available,19,Not Available,Not Available,Not Available,Not Available,Not Available,19,Not Available,Not Available,19,Not Available,Not Available,19
54158.0,"ALISO RIDGE BEHAVIORAL HEALTH, LLC",200 FREEDOM LN,ALISO VIEJO,CA,92656,ORANGE,(248) 839-5380,Psychiatric,Proprietary,No,,Not Available,19,Not Available,Not Available,Not Available,Not Available,Not Available,19,Not Available,Not Available,Not Available,Not Available,Not Available,19,Not Available,Not Available,Not Available,Not Available,Not Available,19,Not Available,Not Available,19,Not Available,Not Available,19
60011.0,DENVER HEALTH & HOSPITAL AUTHORITY,777 BANNOCK ST,DENVER,CO,80204,DENVER,(303) 436-4927,Acute Care Hospitals,Government - State,Yes,Y,3,,7,4,0,4,0,,8,6,1,5,0,,11,8,0,8,0,,8,8,,12,9,
60028.0,SAINT JOSEPH HOSPITAL,1375 E 19TH AVE,DENVER,CO,80218,DENVER,(303) 812-2000,Acute Care Hospitals,Voluntary non-profit - Private,Yes,Y,5,,7,6,0,6,0,,8,7,3,4,0,,11,9,0,9,0,,8,8,,12,11,
60071.0,DELTA COUNTY MEMORIAL HOSPITAL,1501 E 3RD ST,DELTA,CO,81416,DELTA,(970) 874-7681,Acute Care Hospitals,Government - Local,Yes,Y,3,,7,2,0,2,0,,8,3,0,3,0,,11,8,0,8,0,,8,8,,12,9,
60114.0,PARKER ADVENTIST HOSPITAL,9395 CROWN CREST BLVD,PARKER,CO,80138,DOUGLAS,(303) 269-4000,Acute Care Hospitals,Voluntary non-profit - Private,Yes,Y,4,,7,6,0,6,0,,8,8,2,6,0,,11,10,2,8,0,,8,8,,12,11,
60130.0,UCHEALTH GRANDVIEW HOSPITAL,5623 PULPIT PEAK VW,COLORADO SPRINGS,CO,80918,EL PASO,(719) 365-3300,Acute Care Hospitals,Voluntary non-profit - Private,Yes,,Not Available,16,7,1,0,1,0,,8,2,0,2,0,,11,4,1,3,0,,8,Not Available,5,12,6,
61306.0,LINCOLN HEALTH HOSPITAL,111 6TH ST,HUGO,CO,80821,LINCOLN,(719) 743-2421,Critical Access Hospitals,Voluntary non-profit - Other,Yes,,Not Available,16,7,Not Available,Not Available,Not Available,Not Available,5,8,Not Available,Not Available,Not Available,Not Available,5,11,1,0,1,0,,8,Not Available,5,12,Not Available,5
61316.0,SPANISH PEAKS REGIONAL HEALTH CENTER,23500 US HIGHWAY 160,WALSENBURG,CO,81089,HUERFANO,(719) 738-5100,Critical Access Hospitals,Government - Hospital District or Authority,Yes,,Not Available,16,7,Not Available,Not Available,Not Available,Not Available,5,8,1,0,1,0,,11,2,0,2,0,,8,Not Available,5,12,5,
61326.0,UCHEALTH PIKES PEAK REGIONAL HOSPITAL,16420 W US HIGHWAY 24,WOODLAND PARK,CO,80863,TELLER,(719) 374-6060,Critical Access Hospitals,Voluntary non-profit - Private,Yes,,Not Available,16,7,1,0,1,0,,8,Not Available,Not Available,Not Available,Not Available,5,11,3,0,3,0,,8,Not Available,5,12,6,
64007.0,CENTENNIAL PEAKS HOSPITAL,2255 S 88TH ST,LOUISVILLE,CO,80027,BOULDER,(303) 673-9990,Psychiatric,Government - Hospital District or Authority,No,,Not Available,19,Not Available,Not Available,Not Available,Not Available,Not Available,19,Not Available,Not Available,Not Available,Not Available,Not Available,19,Not Available,Not Available,Not Available,Not Available,Not Available,19,Not Available,Not Available,19,Not Available,Not Available,19
70004.0,SHARON HOSPITAL,50 HOSPITAL HILL ROAD,SHARON,CT,6069,LITCHFIELD,(860) 364-4228,Acute Care Hospitals,Proprietary,Yes,Y,5,,7,4,0,4,0,,8,3,0,3,0,,11,7,0,7,0,,8,8,,12,9,
70018.0,GREENWICH HOSPITAL ASSOCIATION -,5 PERRYRIDGE RD,GREENWICH,CT,6830,FAIRFIELD,(203) 863-3000,Acute Care Hospitals,Voluntary non-profit - Private,Yes,Y,4,,7,6,2,4,0,,8,7,2,5,0,,11,10,1,7,2,,8,8,,12,10,
70033.0,DANBURY HOSPITAL,24 HOSPITAL AVE,DANBURY,CT,6810,FAIRFIELD,(203) 739-7000,Acute Care Hospitals,Voluntary non-profit - Private,Yes,Y,3,,7,7,0,7,0,,8,8,2,6,0,,11,11,0,8,3,,8,8,,12,11,
74014.0,SILVER HILL HOSPITAL INC,208 VALLEY ROAD,NEW CANAAN,CT,6840,FAIRFIELD,(203) 966-3561,Psychiatric,Government - Federal,No,,Not Available,19,Not Available,Not Available,Not Available,Not Available,Not Available,19,Not Available,Not Available,Not Available,Not Available,Not Available,19,Not Available,Not Available,Not Available,Not Available,Not Available,19,Not Available,Not Available,19,Not Available,Not Available,19
83300.0,"NEMOURS CHILDREN'S HOSPITAL, DELAWARE",1600 ROCKLAND RD PO BOX 269,WILMINGTON,DE,19899,NEW CASTLE,(302) 651-4000,Childrens,Voluntary non-profit - Private,Yes,,Not Available,19,Not Available,Not Available,Not Available,Not Available,Not Available,19,Not Available,Not Available,Not Available,Not Available,Not Available,19,Not Available,Not Available,Not Available,Not Available,Not Available,19,Not Available,Not Available,19,Not Available,Not Available,19
90008.0,UNITED MEDICAL CENTER,1310 SOUTHERN AVENUE  SE,WASHINGTON,DC,20032,THE DISTRICT,(202) 574-6000,Acute Care Hospitals,Proprietary,Yes,,2,,7,3,0,3,0,,8,4,0,4,0,,11,5,0,4,1,,8,Not Available,5,12,8,
100012.0,LEE MEMORIAL HOSPITAL,2776 CLEVELAND AVE,FORT MYERS,FL,33901,LEE,(239) 343-5000,Acute Care Hospitals,Government - Hospital District or Authority,Yes,Y,4,,7,7,1,6,0,,8,7,4,3,0,,11,11,1,8,2,,8,8,,12,12,
100029.0,NORTH SHORE MEDICAL CENTER,1100 NW 95TH ST,MIAMI,FL,33150,MIAMI-DADE,(305) 835-6000,Acute Care Hospitals,Proprietary,Yes,,1,,7,6,0,6,0,,8,6,2,3,1,,11,8,0,7,1,,8,8,,12,10,
100045.0,ADVENTHEALTH DELAND,701 W PLYMOUTH AVE,DELAND,FL,32720,VOLUSIA,(386) 943-4522,Acute Care Hospitals,Voluntary non-profit - Church,Yes,,4,,7,6,0,6,0,,8,6,1,5,0,,11,7,0,7,0,,8,8,,12,8,
100057.0,ADVENTHEALTH WATERMAN,1000 WATERMAN WAY,TAVARES,FL,32778,LAKE,(352) 253-3368,Acute Care Hospitals,Voluntary non-profit - Church,No,Y,4,,7,7,1,6,0,,8,7,1,6,0,,11,9,0,9,0,,8,8,,12,11,
100077.0,SHOREPOINT HEALTH PORT CHARLOTTE,2500 HARBOR BLVD,PORT CHARLOTTE,FL,33952,CHARLOTTE,(941) 766-4122,Acute Care Hospitals,Proprietary,Yes,Y,1,,7,7,0,7,0,,8,7,2,5,0,,11,9,0,6,3,,8,8,,12,9,
100105.0,CLEVELAND CLINIC INDIAN RIVER HOSPITAL,1000 36TH ST,VERO BEACH,FL,32960,INDIAN RIVER,(772) 567-4311,Acute Care Hospitals,Voluntary non-profit - Private,Yes,Y,4,,7,7,0,7,0,,8,7,1,6,0,,11,11,2,9,0,,8,8,,12,10,
100125.0,HOMESTEAD HOSPITAL,975 BAPTIST WAY,HOMESTEAD,FL,33033,MIAMI-DADE,(786) 243-8000,Acute Care Hospitals,Voluntary non-profit - Private,Yes,Y,4,,7,4,0,4,0,,8,4,1,3,0,,11,6,0,6,0,,8,8,,12,10,
100140.0,BAPTIST MEDICAL CENTER - NASSAU,1250 S 18TH ST,FERNANDINA BEACH,FL,32034,NASSAU,(904) 321-3500,Acute Care Hospitals,Voluntary non-profit - Private,Yes,,5,,7,5,0,5,0,,8,3,1,2,0,,11,6,1,5,0,,8,8,,12,10,
100168.0,BOCA RATON REGIONAL HOSPITAL,800 MEADOWS RD,BOCA RATON,FL,33486,PALM BEACH,(561) 955-4200,Acute Care Hospitals,Voluntary non-profit - Private,Yes,Y,3,,7,7,0,7,0,,8,8,5,3,0,,11,11,1,8,2,,8,8,,12,11,
100189.0,HCA FLORIDA NORTHWEST HOSPITAL,2801 N STATE RD 7,MARGATE,FL,33063,BROWARD,(954) 974-0400,Acute Care Hospitals,Proprietary,Yes,Y,1,,7,6,0,6,0,,8,7,1,6,0,,11,6,0,4,2,,8,8,,12,9,
100220.0,GULF COAST MEDICAL CENTER LEE HEALTH,13681 DOCTORS WAY,FORT MYERS,FL,33912,LEE,(239) 343-1000,Acute Care Hospitals,Government - Hospital District or Authority,Yes,,4,,7,6,1,5,0,,8,8,3,5,0,,11,10,0,9,1,,8,8,,12,9,
100242.0,HCA FLORIDA GULF COAST HOSPITAL,449 W 23RD ST,PANAMA CITY,FL,32405,BAY,(850) 747-7926,Acute Care Hospitals,Proprietary,Yes,Y,3,,7,6,0,6,0,,8,7,2,5,0,,11,8,0,8,0,,8,8,,12,11,
100258.0,DELRAY MEDICAL CENTER,5352 LINTON BLVD,DELRAY BEACH,FL,33484,PALM BEACH,(561) 498-4440,Acute Care Hospitals,Proprietary,Yes,,1,,7,7,4,3,0,,8,7,2,4,1,,11,9,0,8,1,,8,8,,12,8,
100276.0,BROWARD HEALTH CORAL SPRINGS,3000 CORAL HILLS DR,CORAL SPRINGS,FL,33065,BROWARD,(954) 344-3121,Acute Care Hospitals,Government - Hospital District or Authority,Yes,Y,3,,7,6,0,6,0,,8,7,2,5,0,,11,7,0,6,1,,8,8,,12,9,
100291.0,ORLANDO HEALTH MELBOURNE HOSPITAL,250 NORTH WICKHAM ROAD,MELBOURNE,FL,32935,BREVARD,(321) 752-1200,Acute Care Hospitals,Voluntary non-profit - Private,Yes,,2,,7,6,0,6,0,,8,4,1,3,0,,11,7,0,7,0,,8,8,,12,9,
100316.0,PALM BAY HOSPITAL,"1425 MALABAR RD, NE",PALM BAY,FL,32907,BREVARD,(321) 434-8000,Acute Care Hospitals,Proprietary,Yes,,4,,7,5,0,5,0,,8,6,1,5,0,,11,8,0,8,0,,8,8,,12,8,
100362.0,BAYCARE HOSPITAL WESLEY CHAPEL,4501 BRUCE B DOWNS BLVD,WESLEY CHAPEL,FL,33544,PASCO,(813) 914-1000,Acute Care Hospitals,Proprietary,Yes,,Not Available,16,7,Not Available,Not Available,Not Available,Not Available,5,8,2,1,1,0,,11,1,0,1,0,,8,Not Available,5,12,5,
101309.0,HENDRY REGIONAL MEDICAL CENTER,524 W SAGAMORE AVE,CLEWISTON,FL,33440,HENDRY,(863) 902-3033,Critical Access Hospitals,Voluntary non-profit - Other,Yes,,Not Available,16,7,2,0,2,0,,8,Not Available,Not Available,Not Available,Not Available,5,11,3,0,3,0,,8,Not Available,5,12,4,
104001.0,SOUTH FLORIDA STATE HOSPITAL,800 E CYPRESS DR,PEMBROKE PINES,FL,33025,BROWARD,(305) 967-7000,Psychiatric,Government - Local,Yes,,Not Available,19,Not Available,Not Available,Not Available,Not Available,Not Available,19,Not Available,Not Available,Not Available,Not Available,Not Available,19,Not Available,Not Available,Not Available,Not Available,Not Available,19,Not Available,Not Available,19,Not Available,Not Available,19
104059.0,EASTSIDE PSYCHIATRIC HOSPITAL,"2634B CAPITAL CIRCLE NE, 2ND FLR",TALLAHASSEE,FL,32308,LEON,(904) 487-2930,Psychiatric,Voluntary non-profit - Private,No,,Not Available,19,Not Available,Not Available,Not Available,Not Available,Not Available,19,Not Available,Not Available,Not Available,Not Available,Not Available,19,Not Available,Not Available,Not Available,Not Available,Not Available,19,Not Available,Not Available,19,Not Available,Not Available,19
104076.0,UNIVERSITY BEHAVIORAL CENTER,2500 DISCOVERY DRIVE,ORLANDO,FL,32826,ORANGE,(407) 281-7000,Psychiatric,Voluntary non-profit - Private,No,,Not Available,19,Not Available,Not Available,Not Available,Not Available,Not Available,19,Not Available,Not Available,Not Available,Not Available,Not Available,19,Not Available,Not Available,Not Available,Not Available,Not Available,19,Not Available,Not Available,19,Not Available,Not Available,19
110005.0,NORTHSIDE HOSPITAL FORSYTH,1200 NORTHSIDE FORSYTH DRIVE,CUMMING,GA,30041,FORSYTH,(770) 844-3200,Acute Care Hospitals,Voluntary non-profit - Private,Yes,Y,4,,7,6,0,6,0,,8,8,1,7,0,,11,10,0,10,0,,8,8,,12,12,
110024.0,CANDLER HOSPITAL,5353 REYNOLDS STREET,SAVANNAH,GA,31405,CHATHAM,(912) 819-5290,Acute Care Hospitals,Voluntary non-profit - Other,Yes,Y,2,,7,5,0,4,1,,8,7,0,7,0,,11,8,0,7,1,,8,8,,12,10,
110036.0,SAVANNAH HEALTH SERVICES LLC DBA MEMORIAL HEALTH UNIVERSITY MEDICAL CENTER,4700 WATERS AVENUE,SAVANNAH,GA,31404,CHATHAM,(912) 350-3691,Acute Care Hospitals,Voluntary non-profit - Other,Yes,Y,1,,7,7,0,7,0,,8,8,4,4,0,,11,9,0,7,2,,8,8,,12,10,
110054.0,ATRIUM HEALTH FLOYD MEDICAL CENTER,304 TURNER MCCALL BOULEVARD,ROME,GA,30162,FLOYD,(706) 509-6900,Acute Care Hospitals,Government - Hospital District or Authority,No,Y,1,,7,6,0,6,0,,8,8,1,7,0,,11,8,0,7,1,,8,8,,12,11,
110082.0,"SAINT JOSEPH'S HOSPITAL OF ATLANTA, INC",5665 PEACHTREE DUNWOODY ROAD,ATLANTA,GA,30342,FULTON,(678) 843-7001,Acute Care Hospitals,Voluntary non-profit - Private,Yes,,2,,7,7,0,7,0,,8,7,2,5,0,,11,11,0,11,0,,8,8,,12,10,
110104.0,CRISP REGIONAL HOSPITAL,902 7TH STREET NORTH,CORDELE,GA,31015,CRISP,(229) 276-3100,Acute Care Hospitals,Proprietary,Yes,Y,4,,7,4,0,4,0,,8,3,0,3,0,,11,6,0,5,1,,8,8,,12,10,
110128.0,MEMORIAL HEALTH MEADOWS HOSPITAL,ONE MEADOWS PARKWAY,VIDALIA,GA,30474,TOOMBS,(912) 535-5828,Acute Care Hospitals,Proprietary,Yes,,5,,7,5,0,5,0,,8,3,0,3,0,,11,9,0,9,0,,8,8,,12,11,
110165.0,SOUTHERN REGIONAL MEDICAL CENTER,"11 UPPER RIVERDALE ROAD, SW",RIVERDALE,GA,30274,CLAYTON,(770) 991-8160,Acute Care Hospitals,Voluntary non-profit - Private,Yes,,1,,7,3,0,2,1,,8,6,1,5,0,,11,4,0,3,1,,8,8,,12,10,
110201.0,PIEDMONT MACON NORTH HOSPITAL,400 CHARTER BOULEVARD,MACON,GA,31210,BIBB,(478) 757-5990,Acute Care Hospitals,Proprietary,Yes,,Not Available,16,7,2,0,2,0,,8,2,0,2,0,,11,5,0,5,0,,8,8,,12,8,
110237.0,NORTHEAST GEORGIA MEDICAL CENTER LUMPKIN,227 MOUNTAIN DRIVE,DAHLONEGA,GA,30533,LUMPKIN,(770) 219-7146,Acute Care Hospitals,Voluntary non-profit - Other,Yes,,5,,7,3,0,3,0,,8,1,0,1,0,,11,4,0,4,0,,8,8,,12,7,
111308.0,CLINCH MEMORIAL HOSPITAL,1050 VALDOSTA HIGHWAY,HOMERVILLE,GA,31634,CLINCH,(912) 487-5211,Critical Access Hospitals,Government - Hospital District or Authority,Yes,,Not Available,16,7,Not Available,Not Available,Not Available,Not Available,5,8,Not Available,Not Available,Not Available,Not Available,5,11,Not Available,Not Available,Not Available,Not Available,5,8,Not Available,5,12,4,
111323.0,OPTIM MEDICAL CENTER - TATTNALL,247 S MAIN STREET,REIDSVILLE,GA,30453,TATTNALL,(912) 557-1000,Critical Access Hospitals,Proprietary,Yes,,Not Available,16,7,Not Available,Not Available,Not Available,Not Available,5,8,1,0,1,0,,11,3,0,3,0,,8,8,,12,6,
111333.0,JEFF DAVIS HOSPITAL,163 SOUTH TALLAHASSEE STREET,HAZLEHURST,GA,31539,JEFF DAVIS,(912) 375-7781,Critical Access Hospitals,Government - Hospital District or Authority,Yes,,Not Available,16,7,1,0,1,0,,8,1,0,1,0,,11,3,0,3,0,,8,Not Available,5,12,8,
114012.0,RIDGEVIEW INSTITUTE,"3995 S COBB DRIVE, SE",SMYRNA,GA,30080,COBB,(770) 434-4567,Psychiatric,Proprietary,No,,Not Available,19,Not Available,Not Available,Not Available,Not Available,Not Available,19,Not Available,Not Available,Not Available,Not Available,Not Available,19,Not Available,Not Available,Not Available,Not Available,Not Available,19,Not Available,Not Available,19,Not Available,Not Available,19
120001.0,THE QUEENS MEDICAL CENTER,1301 PUNCHBOWL ST,HONOLULU,HI,96813,HONOLULU,(808) 538-9011,Acute Care Hospitals,Voluntary non-profit - Private,Yes,Y,3,,7,7,1,6,0,,8,8,3,4,1,,11,11,1,9,1,,8,8,,12,11,
120028.0,"NORTH HAWAII COMMUNITY HOSPITAL, INC",67 1125 MAMALAHOA HIGHWAY,KAMUELA,HI,96743,HAWAII,(808) 885-4444,Acute Care Hospitals,Voluntary non-profit - Private,Yes,Y,2,,7,3,0,3,0,,8,2,0,2,0,,11,7,1,6,0,,8,8,,12,10,
123300.0,KAPIOLANI MEDICAL CENTER FOR WOMEN & CHILDREN,1319 PUNAHOU STREET,HONOLULU,HI,96826,HONOLULU,(808) 983-6000,Childrens,Voluntary non-profit - Private,Yes,,Not Available,19,Not Available,Not Available,Not Available,Not Available,Not Available,19,Not Available,Not Available,Not Available,Not Available,Not Available,19,Not Available,Not Available,Not Available,Not Available,Not Available,19,Not Available,Not Available,19,Not Available,Not Available,19
130025.0,MADISON MEMORIAL HOSPITAL,450 EAST MAIN STREET,REXBURG,ID,83440,MADISON,(208) 359-6488,Acute Care Hospitals,Government - Local,Yes,,Not Available,16,7,1,0,1,0,,8,2,1,1,0,,11,4,0,4,0,,8,8,,12,10,
131301.0,BOUNDARY COMMUNITY HOSPITAL,6640 KANIKSU STREET,BONNERS FERRY,ID,83805,BOUNDARY,(208) 267-3141,Critical Access Hospitals,Voluntary non-profit - Other,Yes,,Not Available,16,7,Not Available,Not Available,Not Available,Not Available,5,8,Not Available,Not Available,Not Available,Not Available,5,11,2,0,2,0,,8,Not Available,5,12,4,
131313.0,TETON VALLEY HOSPITAL,120 EAST HOWARD AVE,DRIGGS,ID,83422,TETON,(208) 354-2383,Critical Access Hospitals,Voluntary non-profit - Private,Yes,,Not Available,16,7,Not Available,Not Available,Not Available,Not Available,5,8,Not Available,Not Available,Not Available,Not Available,5,11,1,0,1,0,,8,Not Available,5,12,3,
131323.0,ST LUKE'S WOOD RIVER MEDICAL CENTER,100 HOSPITAL DRIVE,KETCHUM,ID,83340,BLAINE,(208) 727-8800,Critical Access Hospitals,Voluntary non-profit - Private,Yes,Y,Not Available,16,7,2,0,2,0,,8,2,0,2,0,,11,8,0,8,0,,8,8,,12,8,
140001.0,GRAHAM HOSPITAL ASSOCIATION,210 WEST WALNUT STREET,CANTON,IL,61520,FULTON,(309) 647-5240,Acute Care Hospitals,Voluntary non-profit - Private,Yes,Y,2,,7,3,0,3,0,,8,4,0,4,0,,11,7,0,7,0,,8,8,,12,11,
140029.0,COPLEY MEMORIAL HOSPITAL,2000 OGDEN AVENUE,AURORA,IL,60504,KANE,(630) 978-6200,Acute Care Hospitals,Voluntary non-profit - Private,Yes,Y,3,,7,7,0,7,0,,8,8,0,8,0,,11,11,0,11,0,,8,8,,12,12,
140054.0,MACNEAL  HOSPITAL,3249 SOUTH OAK PARK AVENUE,BERWYN,IL,60402,COOK,(708) 783-9100,Acute Care Hospitals,Proprietary,Yes,Y,3,,7,6,0,6,0,,8,6,1,5,0,,11,9,0,9,0,,8,8,,12,11,
140082.0,LOUIS A WEISS MEMORIAL HOSPITAL,4646 N MARINE DRIVE,CHICAGO,IL,60640,COOK,(773) 878-8700,Acute Care Hospitals,Proprietary,Yes,,1,,7,6,0,6,0,,8,6,0,5,1,,11,10,0,10,0,,8,8,,12,8,
140103.0,ST BERNARD HOSPITAL,326 W 64TH ST,CHICAGO,IL,60621,COOK,(773) 962-3900,Acute Care Hospitals,Voluntary non-profit - Church,Yes,,1,,7,3,0,3,0,,8,4,1,3,0,,11,4,0,2,2,,8,Not Available,5,12,8,
140124.0,JOHN H STROGER JR HOSPITAL,1901 W HARRISON ST,CHICAGO,IL,60612,COOK,(312) 864-6000,Acute Care Hospitals,Government - Local,Yes,Y,3,,7,4,1,3,0,,8,7,2,5,0,,11,8,0,7,1,,8,8,,12,10,
140155.0,PRESENCE ST MARYS HOSPITAL,500 W COURT ST,KANKAKEE,IL,60901,KANKAKEE,(815) 937-2490,Acute Care Hospitals,Voluntary non-profit - Church,Yes,Y,4,,7,6,0,6,0,,8,5,1,4,0,,11,10,1,9,0,,8,8,,12,10,
140179.0,OSF LITTLE COMPANY OF MARY MEDICAL CENTER,2800 W 95TH ST,EVERGREEN PARK,IL,60805,COOK,(708) 422-6200,Acute Care Hospitals,Voluntary non-profit - Other,Yes,Y,2,,7,6,3,3,0,,8,7,1,6,0,,11,10,0,6,4,,8,8,,12,11,
140197.0,METHODIST HOSPITAL OF CHICAGO,5025 N PAULINA STREET,CHICAGO,IL,60640,COOK,(773) 271-9040,Acute Care Hospitals,Voluntary non-profit - Private,Yes,,Not Available,16,7,Not Available,Not Available,Not Available,Not Available,5,8,Not Available,Not Available,Not Available,Not Available,5,11,1,0,1,0,,8,Not Available,5,12,5,
140223.0,ADVOCATE LUTHERAN GENERAL HOSPITAL,1775 DEMPSTER ST,PARK RIDGE,IL,60068,COOK,(847) 723-2210,Acute Care Hospitals,Voluntary non-profit - Church,Yes,Y,4,,7,7,4,3,0,,8,8,1,6,1,,11,11,0,10,1,,8,8,,12,11,
140275.0,GENESIS HLTH SYSTEM DBA GENESIS MDL CTR-ILLINI,801 ILLINI DR,SILVIS,IL,61282,ROCK ISLAND,(309) 281-4000,Acute Care Hospitals,Government - Local,Yes,Y,2,,7,4,0,4,0,,8,5,0,5,0,,11,9,0,9,0,,8,8,,12,10,
140294.0,DEACONESS ILLINOIS CROSSROADS,8 DOCTORS PARK RD,MOUNT VERNON,IL,62864,JEFFERSON,(618) 244-5500,Acute Care Hospitals,Proprietary,Yes,,Not Available,16,7,2,0,2,0,,8,2,0,2,0,,11,5,0,5,0,,8,8,,12,8,
141306.0,COMMUNITY HOSPITAL OF STAUNTON,400 N CALDWELL ST,STAUNTON,IL,62088,MACOUPIN,(618) 635-2200,Critical Access Hospitals,Voluntary non-profit - Private,Yes,,Not Available,16,7,Not Available,Not Available,Not Available,Not Available,5,8,Not Available,Not Available,Not Available,Not Available,5,11,1,0,1,0,,8,Not Available,5,12,2,
141317.0,GIBSON COMMUNITY HOSPITAL,1120 N MELVIN STREET,GIBSON CITY,IL,60936,FORD,(217) 784-4251,Critical Access Hospitals,Voluntary non-profit - Private,Yes,Y,4,,7,3,0,3,0,,8,2,0,2,0,,11,7,1,6,0,,8,8,,12,7,
141327.0,WABASH GENERAL HOSPITAL 1,1418 COLLEGE DRIVE,MOUNT CARMEL,IL,62863,WABASH,(618) 262-8621,Critical Access Hospitals,Government - Hospital District or Authority,Yes,,Not Available,5,7,Not Available,Not Available,Not Available,Not Available,5,8,Not Available,Not Available,Not Available,Not Available,5,11,Not Available,Not Available,Not Available,Not Available,5,8,Not Available,5,12,Not Available,5
141337.0,OSF SAINT CLARE MEDICAL CENTER,530 PARK AVENUE EAST,PRINCETON,IL,61356,BUREAU,(815) 875-2811,Critical Access Hospitals,Voluntary non-profit - Church,Yes,,Not Available,16,7,2,0,2,0,,8,Not Available,Not Available,Not Available,Not Available,5,11,6,0,6,0,,8,8,,12,8,
141347.0,CARLINVILLE AREA HOSPITAL,20733 N BROAD STREET,CARLINVILLE,IL,62626,MACOUPIN,(217) 854-3141,Critical Access Hospitals,Voluntary non-profit - Private,Yes,,Not Available,16,7,2,0,2,0,,8,1,0,1,0,,11,3,1,2,0,,8,Not Available,5,12,4,
143301.0,LARABIDA CHILDRENS HOSPITAL I,E 65TH ST AT LAKE MICHIGAN,CHICAGO,IL,60649,COOK,(773) 363-6700,Childrens,Voluntary non-profit - Private,No,,Not Available,19,Not Available,Not Available,Not Available,Not Available,Not Available,19,Not Available,Not Available,Not Available,Not Available,Not Available,19,Not Available,Not Available,Not Available,Not Available,Not Available,19,Not Available,Not Available,19,Not Available,Not Available,19
144034.0,BHC STREAMWOOD HOSPITAL INC,1400 E IRVING PARK ROAD,STREAMWOOD,IL,60107,COOK,(630) 837-9000,Psychiatric,Proprietary,No,,Not Available,19,Not Available,Not Available,Not Available,Not Available,Not Available,19,Not Available,Not Available,Not Available,Not Available,Not Available,19,Not Available,Not Available,Not Available,Not Available,Not Available,19,Not Available,Not Available,19,Not Available,Not Available,19
150002.0,METHODIST HOSPITALS INC,600 GRANT ST,GARY,IN,46402,LAKE,(219) 886-4000,Acute Care Hospitals,Voluntary non-profit - Private,Yes,Y,1,,7,6,0,6,0,,8,7,2,5,0,,11,9,0,6,3,,8,8,,12,11,
150017.0,LUTHERAN HOSPITAL OF INDIANA,7950 W JEFFERSON BLVD,FORT WAYNE,IN,46804,ALLEN,(260) 435-7001,Acute Care Hospitals,Proprietary,Yes,Y,2,23,7,7,0,6,1,,8,6,4,2,0,23,11,8,0,8,0,,8,8,,12,11,
150037.0,HANCOCK REGIONAL HOSPITAL,801 N STATE ST,GREENFIELD,IN,46140,HANCOCK,(317) 462-5544,Acute Care Hospitals,Government - Local,Yes,Y,4,,7,4,0,4,0,,8,3,1,2,0,,11,9,0,9,0,,8,8,,12,11,
150058.0,MEMORIAL HOSPITAL OF SOUTH BEND,615 N MICHIGAN ST,SOUTH BEND,IN,46601,ST. JOSEPH,(574) 647-1000,Acute Care Hospitals,Voluntary non-profit - Private,Yes,Y,3,,7,7,0,6,1,,8,8,3,4,1,,11,11,0,11,0,,8,8,,12,11,
150084.0,ASCENSION ST VINCENT HOSPITAL,2001 W 86TH ST,INDIANAPOLIS,IN,46260,MARION,(317) 338-7000,Acute Care Hospitals,Voluntary non-profit - Church,Yes,Y,3,,7,7,0,6,1,,8,8,3,5,0,,11,11,0,10,1,,8,8,,12,9,
150104.0,WITHAM HEALTH SERVICES,2605 N LEBANON ST,LEBANON,IN,46052,BOONE,(765) 485-8000,Acute Care Hospitals,Government - Local,Yes,Y,3,,7,5,0,5,0,,8,2,0,2,0,,11,9,0,9,0,,8,8,,12,10,
150149.0,THE WOMEN'S HOSPITAL,4199 GATEWAY BLVD,NEWBURGH,IN,47630,WARRICK,(812) 842-4200,Acute Care Hospitals,Proprietary,Yes,Y,5,,7,Not Available,Not Available,Not Available,Not Available,5,8,4,2,2,0,,11,2,0,2,0,,8,8,,12,6,
150167.0,ORTHOPAEDIC HOSPITAL AT PARKVIEW NORTH,11130 PARKVIEW CIRCLE DR,FORT WAYNE,IN,46845,ALLEN,(260) 672-5000,Acute Care Hospitals,Voluntary non-profit - Private,Yes,,Not Available,16,7,Not Available,Not Available,Not Available,Not Available,5,8,1,0,1,0,,11,2,1,1,0,,8,8,,12,3,
150195.0,UCHICAGO MEDICINE NORTHWEST INDIANA,10855 VIRGINIA STREET,CROWN POINT,IN,46307,LAKE,(312) 755-4706,Acute Care Hospitals,Voluntary non-profit - Private,Yes,,Not Available,5,Not Available,Not Available,Not Available,Not Available,Not Available,5,Not Available,Not Available,Not Available,Not Available,Not Available,5,Not Available,Not Available,Not Available,Not Available,Not Available,5,Not Available,Not Available,5,Not Available,Not Available,5
151310.0,"PARKVIEW WABASH HOSPITAL, INC",10 JOHN KISSINGER DRIVE,WABASH,IN,46992,WABASH,(260) 569-2160,Critical Access Hospitals,Voluntary non-profit - Private,Yes,,4,,7,3,0,3,0,,8,1,0,1,0,,11,6,0,6,0,,8,8,,12,9,
151320.0,"INDIANA UNIVERSITY HEALTH JAY, INC.",500 W VOTAW ST,PORTLAND,IN,47371,JAY,(260) 726-7131,Critical Access Hospitals,Government - Local,Yes,,Not Available,16,7,2,0,2,0,,8,Not Available,Not Available,Not Available,Not Available,5,11,4,1,3,0,,8,Not Available,5,12,8,
151331.0,HARRISON COUNTY HOSPITAL,1141 HOSPITAL DR NW,CORYDON,IN,47112,HARRISON,(812) 738-4251,Critical Access Hospitals,Government - Local,Yes,Y,3,,7,3,0,3,0,,8,Not Available,Not Available,Not Available,Not Available,5,11,5,0,4,1,,8,8,,12,8,
154019.0,MADISON STATE HOSPITAL,711 GREEN RD,MADISON,IN,47250,JEFFERSON,(812) 265-2611,Psychiatric,Government - State,Yes,,Not Available,19,Not Available,Not Available,Not Available,Not Available,Not Available,19,Not Available,Not Available,Not Available,Not Available,Not Available,19,Not Available,Not Available,Not Available,Not Available,Not Available,19,Not Available,Not Available,19,Not Available,Not Available,19
154052.0,PORTER-STARKE SERVICES INC,701 WALL ST,VALPARAISO,IN,46383,PORTER,(219) 531-3500,Psychiatric,Voluntary non-profit - Private,No,,Not Available,19,Not Available,Not Available,Not Available,Not Available,Not Available,19,Not Available,Not Available,Not Available,Not Available,Not Available,19,Not Available,Not Available,Not Available,Not Available,Not Available,19,Not Available,Not Available,19,Not Available,Not Available,19
154064.0,ASSURANCE HEALTH PSYCHIATRIC HOSPITAL,900 NORTH HIGH SCHOOL ROAD,INDIANAPOLIS,IN,46214,MARION,(317) 982-3715,Psychiatric,Proprietary,No,,Not Available,19,Not Available,Not Available,Not Available,Not Available,Not Available,19,Not Available,Not Available,Not Available,Not Available,Not Available,19,Not Available,Not Available,Not Available,Not Available,Not Available,19,Not Available,Not Available,19,Not Available,Not Available,19
160029.0,UNIVERSITY OF IOWA HEALTH CARE MEDICAL CENTER DOWN,500 E MARKET STREET,IOWA CITY,IA,52245,JOHNSON,(319) 339-0300,Acute Care Hospitals,Voluntary non-profit - Church,Yes,Y,3,,7,6,0,6,0,,8,3,0,3,0,,11,10,0,10,0,,8,8,,12,8,
160067.0,MERCYONE WATERLOO MEDICAL CENTER,3421 WEST NINTH STREET,WATERLOO,IA,50702,BLACK HAWK,(319) 272-8000,Acute Care Hospitals,Voluntary non-profit - Church,Yes,Y,4,,7,5,0,5,0,,8,6,1,5,0,,11,10,1,9,0,,8,8,,12,11,
160112.0,SPENCER MUNICIPAL HOSPITAL,1200 1ST AVENUE EAST,SPENCER,IA,51301,CLAY,(712) 264-6198,Acute Care Hospitals,Government - Local,Yes,Y,4,,7,4,0,4,0,,8,3,0,3,0,,11,9,1,8,0,,8,8,,12,11,
161305.0,POCAHONTAS COMMUNITY HOSPITAL,606 N W 7TH STREET,POCAHONTAS,IA,50574,POCAHONTAS,(712) 335-3501,Critical Access Hospitals,Government - Local,Yes,,Not Available,16,7,Not Available,Not Available,Not Available,Not Available,5,8,Not Available,Not Available,Not Available,Not Available,5,11,1,0,1,0,,8,Not Available,5,12,3,
161315.0,KEOKUK COUNTY HEALTH CENTER,23019 HIGHWAY 149,SIGOURNEY,IA,52591,KEOKUK,(641) 622-2720,Critical Access Hospitals,Government - Hospital District or Authority,Yes,,Not Available,16,7,Not Available,Not Available,Not Available,Not Available,5,8,Not Available,Not Available,Not Available,Not Available,5,11,Not Available,Not Available,Not Available,Not Available,5,8,Not Available,5,12,2,
161325.0,GREENE COUNTY MEDICAL CENTER,1000 WEST LINCOLN WAY,JEFFERSON,IA,50129,GREENE,(515) 386-2114,Critical Access Hospitals,Government - Local,Yes,,Not Available,16,7,1,0,1,0,,8,Not Available,Not Available,Not Available,Not Available,5,11,3,0,3,0,,8,Not Available,5,12,5,
161335.0,BUCHANAN COUNTY HEALTH CENTER,1600 FIRST ST EAST,INDEPENDENCE,IA,50644,BUCHANAN,(319) 332-0999,Critical Access Hospitals,Government - Local,Yes,,Not Available,16,7,1,0,1,0,,8,Not Available,Not Available,Not Available,Not Available,5,11,4,0,4,0,,8,Not Available,5,12,5,
161345.0,OSCEOLA COMMUNITY HOSPITAL,600 9TH AVENUE NORTH,SIBLEY,IA,51249,OSCEOLA,(712) 754-2574,Critical Access Hospitals,Voluntary non-profit - Private,Yes,,Not Available,16,7,Not Available,Not Available,Not Available,Not Available,5,8,Not Available,Not Available,Not Available,Not Available,5,11,2,0,2,0,,8,Not Available,5,12,4,
161355.0,KNOXVILLE HOSPITAL & CLINICS,1002 SOUTH LINCOLN STREET,KNOXVILLE,IA,50138,MARION,(641) 842-2151,Critical Access Hospitals,Voluntary non-profit - Private,Yes,,Not Available,16,7,1,0,1,0,,8,Not Available,Not Available,Not Available,Not Available,5,11,2,0,2,0,,8,Not Available,5,12,6,
161365.0,GREATER REGIONAL MEDICAL CENTER,1700 WEST TOWNLINE STREET,CRESTON,IA,50801,UNION,(641) 782-7091,Critical Access Hospitals,Government - Local,Yes,Y,4,,7,4,0,4,0,,8,1,0,1,0,,11,6,0,6,0,,8,8,,12,8,
161375.0,BUENA VISTA REGIONAL MEDICAL CENTER,1525 WEST 5TH STREET,STORM LAKE,IA,50588,BUENA VISTA,(712) 732-4030,Critical Access Hospitals,Government - Local,Yes,,3,,7,3,0,3,0,,8,1,0,1,0,,11,7,0,7,0,,8,8,,12,5,
164006.0,EAGLE VIEW BEHAVIORAL HEALTH,770 TANGLEFOOT LANE,BETTENDORF,IA,52722,SCOTT,(563) 396-2100,Psychiatric,Proprietary,No,,Not Available,19,Not Available,Not Available,Not Available,Not Available,Not Available,19,Not Available,Not Available,Not Available,Not Available,Not Available,19,Not Available,Not Available,Not Available,Not Available,Not Available,19,Not Available,Not Available,19,Not Available,Not Available,19
170023.0,ST. CATHERINE HOSPITAL - GARDEN CITY,401 EAST SPRUCE,GARDEN CITY,KS,67846,FINNEY,(620) 225-8400,Acute Care Hospitals,Voluntary non-profit - Church,Yes,Y,2,,7,5,0,5,0,,8,5,0,5,0,,11,7,0,6,1,,8,8,,12,11,
170109.0,MIAMI COUNTY MEDICAL CENTER,2100 BAPTISTE DR,PAOLA,KS,66071,MIAMI,(913) 557-4385,Acute Care Hospitals,Voluntary non-profit - Private,Yes,,Not Available,16,7,1,0,1,0,,8,1,0,1,0,,11,4,1,3,0,,8,8,,12,8,
170183.0,KANSAS SURGERY & RECOVERY CENTER,2770 NORTH WEBB ROAD,WICHITA,KS,67226,SEDGWICK,(316) 634-0090,Acute Care Hospitals,Voluntary non-profit - Private,No,,Not Available,16,7,Not Available,Not Available,Not Available,Not Available,5,8,2,1,1,0,,11,3,2,1,0,,8,8,,12,2,
170198.0,"SUMMIT SURGICAL, LLC",1818 EAST 23RD AVENUE,HUTCHINSON,KS,67502,RENO,(620) 663-4800,Acute Care Hospitals,Physician,No,,Not Available,16,7,Not Available,Not Available,Not Available,Not Available,5,8,2,0,2,0,,11,4,0,3,1,,8,Not Available,5,12,4,
171301.0,ELLINWOOD DISTRICT HOSPITAL,605 N MAIN STREET,ELLINWOOD,KS,67526,BARTON,(620) 564-2548,Critical Access Hospitals,Government - Hospital District or Authority,Yes,,Not Available,16,7,Not Available,Not Available,Not Available,Not Available,5,8,Not Available,Not Available,Not Available,Not Available,5,11,1,0,1,0,,8,Not Available,5,12,3,
171313.0,KEARNY COUNTY HOSPITAL,500 THORPE STREET,LAKIN,KS,67860,KEARNY,(620) 355-7111,Critical Access Hospitals,Government - Local,Yes,Y,Not Available,16,7,1,0,1,0,,8,Not Available,Not Available,Not Available,Not Available,5,11,2,0,2,0,,8,Not Available,5,12,7,
171324.0,"SATANTA DISTRICT HOSPITAL, CLINICS, & LTCU",401 CHEYENNE,SATANTA,KS,67870,HASKELL,(620) 682-8414,Critical Access Hospitals,Government - Hospital District or Authority,Yes,,Not Available,16,7,Not Available,Not Available,Not Available,Not Available,5,8,Not Available,Not Available,Not Available,Not Available,5,11,1,0,1,0,,8,Not Available,5,12,3,
171334.0,MEDICINE LODGE MEMORIAL HOSPITAL,710 N WALNUT STREET,MEDICINE LODGE,KS,67104,BARBER,(620) 886-3771,Critical Access Hospitals,Government - Hospital District or Authority,Yes,,Not Available,16,7,1,0,1,0,,8,1,0,1,0,,11,2,0,2,0,,8,Not Available,5,12,5,
171346.0,HOSPITAL DISTRICT #6 PATTERSON HEALTH CENTER,485 N. KS HWY 2,ANTHONY,KS,67003,HARPER,(620) 914-1200,Critical Access Hospitals,Government - Hospital District or Authority,Yes,,Not Available,16,7,Not Available,Not Available,Not Available,Not Available,5,8,Not Available,Not Available,Not Available,Not Available,5,11,3,0,3,0,,8,Not Available,5,12,5,
171356.0,ST LUKE HOSPITAL & LIVING CENTER,535 SOUTH FREEBORN,MARION,KS,66861,MARION,(620) 382-2177,Critical Access Hospitals,Government - Hospital District or Authority,Yes,,Not Available,16,7,Not Available,Not Available,Not Available,Not Available,5,8,Not Available,Not Available,Not Available,Not Available,5,11,1,0,1,0,,8,Not Available,5,12,5,
171367.0,GOVE COUNTY MEDICAL CENTER,520 WEST 5TH STREET,QUINTER,KS,67752,GOVE,(785) 754-3341,Critical Access Hospitals,Voluntary non-profit - Other,Yes,Y,Not Available,16,7,1,0,1,0,,8,Not Available,Not Available,Not Available,Not Available,5,11,3,0,3,0,,8,Not Available,5,12,6,
171377.0,SMITH COUNTY MEMORIAL HOSPITAL,921 E. HIGHWAY 36,SMITH CENTER,KS,66967,SMITH,(785) 282-6845,Critical Access Hospitals,Government - Local,Yes,,Not Available,16,7,2,0,2,0,,8,Not Available,Not Available,Not Available,Not Available,5,11,4,0,4,0,,8,8,,12,5,
171388.0,BOB WILSON MEMORIAL HOSPITAL,415 N MAIN STREET,ULYSSES,KS,67880,GRANT,(620) 356-1266,Critical Access Hospitals,Voluntary non-profit - Church,Yes,,Not Available,5,Not Available,Not Available,Not Available,Not Available,Not Available,5,Not Available,Not Available,Not Available,Not Available,Not Available,5,Not Available,Not Available,Not Available,Not Available,Not Available,5,Not Available,Not Available,5,Not Available,Not Available,5
180004.0,OWENSBORO HEALTH MUHLENBERG COMMUNITY HOSPITAL,440 HOPKINSVILLE STREET,GREENVILLE,KY,42345,MUHLENBERG,(270) 338-8000,Acute Care Hospitals,Voluntary non-profit - Private,Yes,,4,,7,3,0,3,0,,8,3,0,3,0,,11,5,0,5,0,,8,8,,12,9,
180019.0,MEADOWVIEW REGIONAL MEDICAL CENTER,989 MEDICAL PARK DRIVE,MAYSVILLE,KY,41056,MASON,(606) 759-5311,Acute Care Hospitals,Proprietary,Yes,Y,4,,7,3,0,3,0,,8,2,0,2,0,,11,6,3,3,0,,8,8,,12,11,
180044.0,PIKEVILLE MEDICAL CENTER,911 BYPASS ROAD,PIKEVILLE,KY,41501,PIKE,(606) 437-3500,Acute Care Hospitals,Voluntary non-profit - Private,Yes,Y,1,,7,7,0,6,1,,8,6,1,4,1,,11,10,0,6,4,,8,8,,12,11,
180067.0,UNIVERSITY OF KENTUCKY HOSPITAL,800 ROSE STREET,LEXINGTON,KY,40536,FAYETTE,(859) 257-2278,Acute Care Hospitals,Government - State,Yes,Y,4,,7,7,1,6,0,,8,7,2,4,1,,11,10,0,10,0,,8,8,,12,10,
180101.0,GEORGETOWN COMMUNITY HOSPITAL,1140 LEXINGTON ROAD,GEORGETOWN,KY,40324,SCOTT,(502) 868-1100,Acute Care Hospitals,Proprietary,Yes,Y,3,,7,3,0,3,0,,8,2,1,1,0,,11,6,0,6,0,,8,8,,12,11,
180130.0,BAPTIST HEALTH LOUISVILLE,4000 KRESGE WAY,LOUISVILLE,KY,40207,JEFFERSON,(502) 897-8100,Acute Care Hospitals,Voluntary non-profit - Private,Yes,Y,3,,7,7,0,4,3,,8,8,2,5,1,,11,9,2,7,0,,8,8,,12,12,
181304.0,TRIGG COUNTY HOSPITAL,254 MAIN STREET,CADIZ,KY,42211,TRIGG,(270) 522-3215,Critical Access Hospitals,Voluntary non-profit - Private,Yes,,Not Available,16,7,Not Available,Not Available,Not Available,Not Available,5,8,Not Available,Not Available,Not Available,Not Available,5,11,2,0,2,0,,8,Not Available,5,12,3,
181316.0,MARY BRECKINRIDGE ARH HOSPITAL,130 KATE IRELAND DRIVE,HYDEN,KY,41749,LESLIE,(606) 672-2901,Critical Access Hospitals,Voluntary non-profit - Private,Yes,,Not Available,16,7,Not Available,Not Available,Not Available,Not Available,5,8,1,0,1,0,,11,1,0,1,0,,8,Not Available,5,12,5,
181327.0,MARSHALL COUNTY HOSPITAL,615 OLD SYMSONIA ROAD,BENTON,KY,42025,MARSHALL,(270) 527-4800,Critical Access Hospitals,Government - Hospital District or Authority,Yes,,Not Available,16,7,2,0,2,0,,8,Not Available,Not Available,Not Available,Not Available,5,11,5,1,4,0,,8,Not Available,5,12,6,
184006.0,SUN BEHAVIORAL HEALTH,820 DOLWICK DRIVE,ERLANGER,KY,41018,KENTON,(859) 429-5188,Psychiatric,Proprietary,No,,Not Available,19,Not Available,Not Available,Not Available,Not Available,Not Available,19,Not Available,Not Available,Not Available,Not Available,Not Available,19,Not Available,Not Available,Not Available,Not Available,Not Available,19,Not Available,Not Available,19,Not Available,Not Available,19
190005.0,UNIVERSITY MEDICAL CENTER NEW ORLEANS,2000 CANAL STREET,NEW ORLEANS,LA,70112,ORLEANS,(504) 702-3000,Acute Care Hospitals,Voluntary non-profit - Private,Yes,,2,,7,4,0,4,0,,8,6,2,2,2,,11,7,1,6,0,,8,8,,12,10,
190020.0,LANE REGIONAL MEDICAL CENTER,6300 MAIN STREET,ZACHARY,LA,70791,E. BATON ROUGE,(225) 658-4000,Acute Care Hospitals,Government - Hospital District or Authority,Yes,Y,4,,7,5,0,5,0,,8,5,0,5,0,,11,7,0,6,1,,8,8,,12,10,
190045.0,ST TAMMANY PARISH HOSPITAL,1202 S TYLER STREET,COVINGTON,LA,70433,ST. TAMMANY,(985) 898-4000,Acute Care Hospitals,Government - Hospital District or Authority,Yes,Y,4,,7,7,0,7,0,,8,7,1,6,0,,11,8,0,8,0,,8,8,,12,12,
190088.0,SPRINGHILL MEDICAL CENTER,2001 DOCTORS DRIVE,SPRINGHILL,LA,71075,WEBSTER,(318) 539-1000,Acute Care Hospitals,Voluntary non-profit - Private,Yes,,Not Available,16,7,2,0,2,0,,8,2,0,2,0,,11,4,0,4,0,,8,Not Available,5,12,8,
190125.0,ST FRANCIS MEDICAL CENTER,309 JACKSON STREET,MONROE,LA,71201,OUACHITA,(318) 966-4000,Acute Care Hospitals,Voluntary non-profit - Private,Yes,Y,3,,7,7,0,6,1,,8,7,1,6,0,,11,10,0,10,0,,8,8,,12,11,
190176.0,EAST JEFFERSON GENERAL HOSPITAL,4200 HOUMA BLVD,METAIRIE,LA,70006,JEFFERSON,(504) 988-5263,Acute Care Hospitals,Proprietary,Yes,Y,2,,7,7,0,7,0,,8,8,2,6,0,,11,11,0,9,2,,8,8,,12,12,
190251.0,SURGICAL SPECIALTY CENTER OF BATON ROUGE,8080 BLUEBONNET BLVD,BATON ROUGE,LA,70810,E. BATON ROUGE,(225) 408-8080,Acute Care Hospitals,Physician,No,,Not Available,16,7,Not Available,Not Available,Not Available,Not Available,5,8,2,0,2,0,,11,3,0,3,0,,8,8,,12,2,
190300.0,ST CHARLES SURGICAL HOSPITAL,1717 ST CHARLES AVE,NEW ORLEANS,LA,70130,ORLEANS,(504) 529-6600,Acute Care Hospitals,Physician,No,,Not Available,16,7,Not Available,Not Available,Not Available,Not Available,5,8,Not Available,Not Available,Not Available,Not Available,5,11,Not Available,Not Available,Not Available,Not Available,5,8,Not Available,5,12,Not Available,5
190779.0,ASSUMPTION COMMUNITY HOSPITAL,135 HIGHWAY 402,NAPOLEONVILLE,LA,70390,ASSUMPTION,(985) 369-3600,Rural Emergency Hospital,Voluntary non-profit - Private,Yes,,Not Available,19,Not Available,Not Available,Not Available,Not Available,Not Available,19,Not Available,Not Available,Not Available,Not Available,Not Available,19,Not Available,Not Available,Not Available,Not Available,Not Available,19,Not Available,Not Available,19,Not Available,Not Available,19
191310.0,BAYOU BEND HEALTH SYSTEM,1097 NORTHWEST BLVD,FRANKLIN,LA,70538,ST. MARY,(337) 828-0760,Critical Access Hospitals,Government - Hospital District or Authority,Yes,Y,Not Available,16,7,1,0,1,0,,8,Not Available,Not Available,Not Available,Not Available,5,11,2,0,2,0,,8,Not Available,5,12,9,
191320.0,BIENVILLE MEDICAL CENTER,1175 PINE STREET,ARCADIA,LA,71001,BIENVILLE,(318) 263-4700,Critical Access Hospitals,Proprietary,Yes,,Not Available,16,7,Not Available,Not Available,Not Available,Not Available,5,8,Not Available,Not Available,Not Available,Not Available,5,11,Not Available,Not Available,Not Available,Not Available,5,8,Not Available,5,12,2,
193300.0,CHILDRENS HOSPITAL,200 HENRY CLAY AVE,NEW ORLEANS,LA,70118,ORLEANS,(504) 899-9511,Childrens,Voluntary non-profit - Private,Yes,,Not Available,19,Not Available,Not Available,Not Available,Not Available,Not Available,19,Not Available,Not Available,Not Available,Not Available,Not Available,19,Not Available,Not Available,Not Available,Not Available,Not Available,19,Not Available,Not Available,19,Not Available,Not Available,19
194073.0,OCEANS HOSPITAL OF BROUSSARD,420 ALBERTSONS PARKWAY,BROUSSARD,LA,70518,LAFAYETTE,(337) 839-9008,Psychiatric,Proprietary,No,,Not Available,19,Not Available,Not Available,Not Available,Not Available,Not Available,19,Not Available,Not Available,Not Available,Not Available,Not Available,19,Not Available,Not Available,Not Available,Not Available,Not Available,19,Not Available,Not Available,19,Not Available,Not Available,19
194087.0,FREEDOM BEHAVIORAL HOSPITAL OF MONROE,4402 STERLINGTON ROAD,MONROE,LA,71203,OUACHITA,(318) 966-4686,Psychiatric,Proprietary,No,,Not Available,19,Not Available,Not Available,Not Available,Not Available,Not Available,19,Not Available,Not Available,Not Available,Not Available,Not Available,19,Not Available,Not Available,Not Available,Not Available,Not Available,19,Not Available,Not Available,19,Not Available,Not Available,19
194103.0,SEASIDE HEALTH SYSTEM,4363 CONVENTION STREET,BATON ROUGE,LA,70806,E. BATON ROUGE,(225) 522-4076,Psychiatric,Government - Federal,No,,Not Available,19,Not Available,Not Available,Not Available,Not Available,Not Available,19,Not Available,Not Available,Not Available,Not Available,Not Available,19,Not Available,Not Available,Not Available,Not Available,Not Available,19,Not Available,Not Available,19,Not Available,Not Available,19
194117.0,UNIVERSAL BEHAVIORAL HEALTH HOSPITAL,800 S OAK ST,HAMMOND,LA,70403,TANGIPAHOA,(504) 615-6419,Psychiatric,Proprietary,No,,Not Available,19,Not Available,Not Available,Not Available,Not Available,Not Available,19,Not Available,Not Available,Not Available,Not Available,Not Available,19,Not Available,Not Available,Not Available,Not Available,Not Available,19,Not Available,Not Available,19,Not Available,Not Available,19
200024.0,CENTRAL MAINE MEDICAL CENTER,300 MAIN STREET,LEWISTON,ME,4240,ANDROSCOGGIN,(207) 795-0111,Acute Care Hospitals,Voluntary non-profit - Private,Yes,Y,4,,7,7,0,7,0,,8,6,1,5,0,,11,10,3,7,0,,8,8,,12,11,
201301.0,NORTHERN LIGHT C A DEAN HOSPITAL,364 PRITHAM AVE,GREENVILLE,ME,4441,PISCATAQUIS,(207) 695-5209,Critical Access Hospitals,Government - Hospital District or Authority,No,,Not Available,16,7,Not Available,Not Available,Not Available,Not Available,5,8,Not Available,Not Available,Not Available,Not Available,5,11,1,0,1,0,,8,Not Available,5,12,3,
201311.0,DOWN EAST COMMUNITY HOSPITAL,11 HOSPITAL DRIVE,MACHIAS,ME,4654,WASHINGTON,(207) 255-3356,Critical Access Hospitals,Voluntary non-profit - Private,Yes,,Not Available,16,7,2,0,2,0,,8,Not Available,Not Available,Not Available,Not Available,5,11,3,0,3,0,,8,Not Available,5,12,5,
204008.0,RIVERVIEW PSYCHIATRIC CENTER,250 ARSENAL ST,AUGUSTA,ME,4330,KENNEBEC,(207) 624-4683,Psychiatric,Government - State,No,,Not Available,19,Not Available,Not Available,Not Available,Not Available,Not Available,19,Not Available,Not Available,Not Available,Not Available,Not Available,19,Not Available,Not Available,Not Available,Not Available,Not Available,19,Not Available,Not Available,19,Not Available,Not Available,19
210015.0,MEDSTAR FRANKLIN SQUARE MEDICAL CENTER,9000 FRANKLIN SQUARE DRIVE,ROSEDALE,MD,21237,BALTIMORE,(443) 777-7850,Acute Care Hospitals,Voluntary non-profit - Private,Yes,Y,3,,7,6,2,4,0,,8,8,4,3,1,,11,10,0,10,0,,8,8,,12,11,
210029.0,JOHNS HOPKINS BAYVIEW MEDICAL CENTER,4940 EASTERN AVENUE,BALTIMORE,MD,21224,BALTIMORE CITY,(410) 550-0123,Acute Care Hospitals,Voluntary non-profit - Private,Yes,Y,3,,7,6,1,5,0,,8,7,1,5,1,,11,10,1,9,0,,8,8,,12,11,
210043.0,UNIVERSITY OF MD BALTIMORE WASHINGTON MEDICAL CENTER,301 HOSPITAL DRIVE,GLEN BURNIE,MD,21061,ANNE ARUNDEL,(410) 595-1967,Acute Care Hospitals,Voluntary non-profit - Other,Yes,Y,4,,7,6,0,6,0,,8,6,1,5,0,,11,7,1,6,0,,8,8,,12,7,
210062.0,MEDSTAR SOUTHERN MARYLAND HOSPITAL CENTER,7503 SURRATTS ROAD,CLINTON,MD,20735,PRINCE GEORGES,(301) 868-8000,Acute Care Hospitals,Voluntary non-profit - Private,Yes,Y,2,,7,6,1,5,0,,8,7,3,4,0,,11,8,0,6,2,,8,8,,12,10,
214012.0,THOMAS B FINAN CENTER,"10102 COUNTRY CLUB ROAD,  POST OFFICE BOX 1722",CUMBERLAND,MD,21502,ALLEGANY,(301) 777-2240,Psychiatric,Government - Local,No,,Not Available,19,Not Available,Not Available,Not Available,Not Available,Not Available,19,Not Available,Not Available,Not Available,Not Available,Not Available,19,Not Available,Not Available,Not Available,Not Available,Not Available,19,Not Available,Not Available,19,Not Available,Not Available,19
220015.0,"COOLEY DICKINSON HOSPITAL INC,THE",30 LOCUST STREET,NORTHAMPTON,MA,1061,HAMPSHIRE,(413) 582-2000,Acute Care Hospitals,Voluntary non-profit - Private,Yes,Y,3,,7,5,0,5,0,,8,7,0,7,0,,11,9,0,9,0,,8,8,,12,12,
220035.0,NORTH SHORE MEDICAL CENTER -,81 HIGHLAND AVENUE,SALEM,MA,1970,ESSEX,(978) 741-1215,Acute Care Hospitals,Voluntary non-profit - Private,Yes,Y,4,,7,6,3,3,0,,8,7,1,5,1,,11,10,1,7,2,,8,8,,12,12,
220070.0,MELROSEWAKEFIELD HEALTHCARE,585 LEBANON STREET,MELROSE,MA,2176,MIDDLESEX,(781) 979-3000,Acute Care Hospitals,Voluntary non-profit - Private,Yes,Y,2,,7,6,0,6,0,,8,7,1,6,0,,11,8,0,7,1,,8,8,,12,11,
220088.0,NEW ENGLAND BAPTIST HOSPITAL,125 PARKER HILL AVENUE,BOSTON,MA,2120,SUFFOLK,(617) 754-5800,Acute Care Hospitals,Voluntary non-profit - Private,No,,5,,7,1,0,1,0,,8,3,1,2,0,,11,3,2,0,1,,8,8,,12,3,
220116.0,TUFTS MEDICAL CENTER,800 WASHINGTON STREET,BOSTON,MA,2111,SUFFOLK,(617) 636-5000,Acute Care Hospitals,Voluntary non-profit - Private,Yes,Y,3,,7,7,1,6,0,,8,7,0,7,0,,11,11,0,8,3,,8,8,,12,10,
221302.0,FAIRVIEW HOSPITAL,29 LEWIS AVENUE,GREAT BARRINGTON,MA,1230,BERKSHIRE,(413) 528-0790,Critical Access Hospitals,Voluntary non-profit - Private,Yes,Y,3,,7,3,0,3,0,,8,1,0,1,0,,11,7,0,7,0,,8,8,,12,5,
224021.0,ARBOUR-FULLER HOSPITAL,200 MAY STREET,SOUTH ATTLEBORO,MA,2703,BRISTOL,(508) 761-8500,Psychiatric,Proprietary,No,,Not Available,19,Not Available,Not Available,Not Available,Not Available,Not Available,19,Not Available,Not Available,Not Available,Not Available,Not Available,19,Not Available,Not Available,Not Available,Not Available,Not Available,19,Not Available,Not Available,19,Not Available,Not Available,19
224043.0,TARAVISTA BEHAVIORAL HEALTH CENTER,85 PATTON ROAD,DEVENS,MA,1434,WORCESTER,(978) 615-5200,Psychiatric,Proprietary,No,,Not Available,19,Not Available,Not Available,Not Available,Not Available,Not Available,19,Not Available,Not Available,Not Available,Not Available,Not Available,19,Not Available,Not Available,Not Available,Not Available,Not Available,19,Not Available,Not Available,19,Not Available,Not Available,19
230019.0,"ASCENSION PROVIDENCE HOSPITAL, SOUTHFIELD AND NOVI",16001 W NINE MILE RD,SOUTHFIELD,MI,48075,OAKLAND,(248) 849-3000,Acute Care Hospitals,Voluntary non-profit - Church,Yes,Y,4,,7,7,1,6,0,,8,8,4,4,0,,11,9,0,8,1,,8,8,,12,11,
230037.0,HILLSDALE HOSPITAL,168 S HOWELL STREET,HILLSDALE,MI,49242,HILLSDALE,(517) 437-4451,Acute Care Hospitals,Voluntary non-profit - Private,Yes,Y,2,,7,4,0,4,0,,8,1,0,1,0,,11,7,1,6,0,,8,8,,12,10,
230066.0,TRINITY HEALTH MUSKEGON HOSPITAL,1500 E SHERMAN BLVD,MUSKEGON,MI,49441,MUSKEGON,(231) 726-3511,Acute Care Hospitals,Voluntary non-profit - Private,Yes,Y,2,,7,7,0,7,0,,8,7,1,6,0,,11,9,2,7,0,,8,8,,12,12,
230089.0,BEAUMONT HOSPITAL - GROSSE POINTE,468 CADIEUX RD,GROSSE POINTE,MI,48230,WAYNE,(313) 473-1000,Acute Care Hospitals,Voluntary non-profit - Private,Yes,Y,4,,7,6,1,5,0,,8,8,2,6,0,,11,10,0,9,1,,8,8,,12,10,
230110.0,COREWELL HEALTH LUDINGTON HOSPITAL,ONE N ATKINSON DRIVE,LUDINGTON,MI,49431,MASON,(231) 843-2591,Acute Care Hospitals,Voluntary non-profit - Private,Yes,Y,4,,7,4,0,4,0,,8,2,0,2,0,,11,8,0,8,0,,8,8,,12,11,
230151.0,BEAUMONT HOSPITAL - FARMINGTON HILLS,28050 GRAND RIVER AVENUE,FARMINGTON HILLS,MI,48336,OAKLAND,(248) 471-8000,Acute Care Hospitals,Voluntary non-profit - Private,Yes,Y,2,,7,6,0,6,0,,8,7,1,5,1,,11,10,0,10,0,,8,8,,12,11,
230207.0,MCLAREN OAKLAND,50 N PERRY ST,PONTIAC,MI,48342,OAKLAND,(248) 338-5000,Acute Care Hospitals,Voluntary non-profit - Private,Yes,,2,,7,4,0,4,0,,8,6,1,5,0,,11,8,0,8,0,,8,8,,12,10,
230244.0,GARDEN CITY HOSPITAL,6245 INKSTER RD,GARDEN CITY,MI,48135,WAYNE,(734) 421-3300,Acute Care Hospitals,Voluntary non-profit - Private,Yes,,2,,7,6,1,5,0,,8,6,2,4,0,,11,7,0,6,1,,8,8,,12,7,
230297.0,KARMANOS CANCER CENTER,4100 JOHN R,DETROIT,MI,48201,WAYNE,(800) 576-6266,Acute Care Hospitals,Proprietary,No,,3,,7,1,0,1,0,,8,5,1,4,0,,11,6,0,6,0,,8,8,,12,5,
231306.0,MACKINAC STRAITS HOSPITAL AND HEALTH CENTER,1140 N STATE STREET,SAINT IGNACE,MI,49781,MACKINAC,(906) 643-8585,Critical Access Hospitals,Voluntary non-profit - Private,Yes,,Not Available,16,7,Not Available,Not Available,Not Available,Not Available,5,8,Not Available,Not Available,Not Available,Not Available,5,11,3,0,3,0,,8,Not Available,5,12,4,
231318.0,"ASPIRUS IRON RIVER HOSPITAL & CLINICS, INC",1400 W ICE LAKE ROAD,IRON RIVER,MI,49935,IRON,(906) 265-6121,Critical Access Hospitals,Voluntary non-profit - Other,Yes,,Not Available,16,7,2,0,2,0,,8,Not Available,Not Available,Not Available,Not Available,5,11,3,1,2,0,,8,Not Available,5,12,6,
231328.0,ASCENSION BORGESS ALLEGAN HOSPITAL,555 LINN STREET,ALLEGAN,MI,49010,ALLEGAN,(269) 686-4101,Critical Access Hospitals,Voluntary non-profit - Private,Yes,,Not Available,16,7,1,0,1,0,,8,Not Available,Not Available,Not Available,Not Available,5,11,3,0,3,0,,8,Not Available,5,12,4,
233300.0,CHILDREN'S HOSPITAL OF MICHIGAN,3901 BEAUBIEN STREET,DETROIT,MI,48201,WAYNE,(313) 745-5437,Childrens,Proprietary,Yes,,Not Available,19,Not Available,Not Available,Not Available,Not Available,Not Available,19,Not Available,Not Available,Not Available,Not Available,Not Available,19,Not Available,Not Available,Not Available,Not Available,Not Available,19,Not Available,Not Available,19,Not Available,Not Available,19
234040.0,SAMARITAN BEHAVIORAL CENTER,"5555 CONNER AVENUE, SUITE 3N",DETROIT,MI,48213,WAYNE,(313) 344-7730,Psychiatric,Voluntary non-profit - Private,No,,Not Available,19,Not Available,Not Available,Not Available,Not Available,Not Available,19,Not Available,Not Available,Not Available,Not Available,Not Available,19,Not Available,Not Available,Not Available,Not Available,Not Available,19,Not Available,Not Available,19,Not Available,Not Available,19
240006.0,OLMSTED MEDICAL CENTER,1650 FOURTH STREET SOUTHEAST,ROCHESTER,MN,55904,OLMSTED,(507) 288-3443,Acute Care Hospitals,Voluntary non-profit - Private,Yes,Y,4,,7,2,0,2,0,,8,3,0,3,0,,11,6,0,6,0,,8,8,,12,10,
240040.0,RANGE REGIONAL HEALTH SERVICES,750 EAST 34TH ST,HIBBING,MN,55746,ST. LOUIS,(218) 362-6730,Acute Care Hospitals,Voluntary non-profit - Other,No,Y,Not Available,16,7,2,0,2,0,,8,2,0,2,0,,11,7,0,6,1,,8,8,,12,10,
240066.0,LAKEVIEW MEMORIAL HOSPITAL,927 WEST CHURCHILL STREET,STILLWATER,MN,55082,WASHINGTON,(651) 430-4509,Acute Care Hospitals,Voluntary non-profit - Other,Yes,Y,4,,7,4,0,4,0,,8,5,0,5,0,,11,9,0,9,0,,8,8,,12,11,
240100.0,SANFORD BEMIDJI MEDICAL CENTER,1300 ANNE ST NW,BEMIDJI,MN,56601,BELTRAMI,(218) 751-5430,Acute Care Hospitals,Voluntary non-profit - Private,Yes,Y,4,,7,6,0,6,0,,8,6,0,6,0,,11,9,0,8,1,,8,8,,12,12,
240210.0,M HEALTH FAIRVIEW ST JOHN'S HOSPITAL,1575 BEAM AVENUE,MAPLEWOOD,MN,55109,RAMSEY,(651) 232-7000,Acute Care Hospitals,Voluntary non-profit - Private,Yes,Y,4,,7,7,0,7,0,,8,6,3,3,0,,11,10,0,10,0,,8,8,,12,10,
241308.0,LAKE VIEW MEMORIAL HOSPITAL,325 ELEVENTH AVE,TWO HARBORS,MN,55616,LAKE,(218) 834-7300,Critical Access Hospitals,Voluntary non-profit - Private,Yes,,Not Available,16,7,Not Available,Not Available,Not Available,Not Available,5,8,Not Available,Not Available,Not Available,Not Available,5,11,2,0,2,0,,8,Not Available,5,12,5,
241319.0,MURRAY COUNTY MEMORIAL HOSPITAL,2042 JUNIPER AVENUE,SLAYTON,MN,56172,MURRAY,(507) 836-6111,Critical Access Hospitals,Government - Local,Yes,,Not Available,16,7,Not Available,Not Available,Not Available,Not Available,5,8,Not Available,Not Available,Not Available,Not Available,5,11,1,0,1,0,,8,Not Available,5,12,4,
241330.0,CENTRACARE HEALTH SYSTEM - MELROSE HOSPITAL,525 WEST MAIN STREET,MELROSE,MN,56352,STEARNS,(320) 256-1805,Critical Access Hospitals,Voluntary non-profit - Private,No,Y,Not Available,16,7,1,0,1,0,,8,Not Available,Not Available,Not Available,Not Available,5,11,4,1,3,0,,8,Not Available,5,12,8,
241341.0,APPLETON AREA HEALTH,30 S BEHL ST,APPLETON,MN,56208,SWIFT,(320) 289-1580,Critical Access Hospitals,Government - Local,Yes,,Not Available,16,7,Not Available,Not Available,Not Available,Not Available,5,8,Not Available,Not Available,Not Available,Not Available,5,11,Not Available,Not Available,Not Available,Not Available,5,8,Not Available,5,12,2,
241351.0,CENTRACARE - REDWOOD,100 FALLWOOD ROAD,REDWOOD FALLS,MN,56283,REDWOOD,(507) 637-4500,Critical Access Hospitals,Government - Local,Yes,Y,Not Available,16,7,1,0,1,0,,8,1,0,1,0,,11,3,0,3,0,,8,Not Available,5,12,8,
241362.0,CENTRACARE HEALTH - MONTICELLO,1013 HART BOULEVARD,MONTICELLO,MN,55362,WRIGHT,(763) 295-2945,Critical Access Hospitals,Voluntary non-profit - Private,Yes,Y,Not Available,16,7,Not Available,Not Available,Not Available,Not Available,5,8,1,0,1,0,,11,5,0,5,0,,8,8,,12,9,
241372.0,MADISON HOSPITAL,820 THIRD AVENUE,MADISON,MN,56256,LAC QUI PARLE,(320) 598-7536,Critical Access Hospitals,Voluntary non-profit - Private,Yes,,Not Available,16,7,Not Available,Not Available,Not Available,Not Available,5,8,Not Available,Not Available,Not Available,Not Available,5,11,1,0,1,0,,8,Not Available,5,12,4,
243300.0,GILLETTE CHILDRENS SPECIALTY HOSPITAL,200 UNIVERSITY AVENUE EAST,SAINT PAUL,MN,55106,RAMSEY,(651) 578-5611,Childrens,Government - Hospital District or Authority,No,,Not Available,19,Not Available,Not Available,Not Available,Not Available,Not Available,19,Not Available,Not Available,Not Available,Not Available,Not Available,19,Not Available,Not Available,Not Available,Not Available,Not Available,19,Not Available,Not Available,19,Not Available,Not Available,19
244018.0,SANFORD BEHAVIORAL HEALTH CENTER,120 LABREE AVENUE SOUTH,THIEF RIVER FALLS,MN,56701,PENNINGTON,(218) 681-4240,Psychiatric,Voluntary non-profit - Private,No,,Not Available,19,Not Available,Not Available,Not Available,Not Available,Not Available,19,Not Available,Not Available,Not Available,Not Available,Not Available,19,Not Available,Not Available,Not Available,Not Available,Not Available,19,Not Available,Not Available,19,Not Available,Not Available,19
250020.0,WEBSTER GENERAL HOSPITAL/ SWING BED,70 MEDICAL PLAZA,EUPORA,MS,39744,WEBSTER,(662) 258-6221,Acute Care Hospitals,Voluntary non-profit - Other,Yes,,3,,7,4,0,4,0,,8,1,0,1,0,,11,4,1,3,0,,8,Not Available,5,12,7,
250044.0,BAPTIST MEMORIAL HOSPITAL BOONEVILLE,100 HOSPITAL STREET,BOONEVILLE,MS,38829,PRENTISS,(662) 720-5000,Acute Care Hospitals,Voluntary non-profit - Church,Yes,,4,,7,3,0,3,0,,8,2,0,2,0,,11,6,0,6,0,,8,8,,12,8,
250077.0,WAYNE GENERAL HOSPITAL,950 MATTHEW DR,WAYNESBORO,MS,39367,WAYNE,(601) 735-5151,Acute Care Hospitals,Government - Local,Yes,Y,2,,7,4,0,4,0,,8,3,0,3,0,,11,5,0,5,0,,8,Not Available,5,12,10,
250097.0,SOUTHWEST MS REGIONAL MEDICAL CENTER,215 MARION AV BOX 1307,MCCOMB,MS,39649,PIKE,(601) 249-5500,Acute Care Hospitals,Government - Local,Yes,Y,1,,7,6,0,5,1,,8,6,1,5,0,,11,9,0,7,2,,8,8,,12,10,
250136.0,MERIT HEALTH WOMEN'S HOSPITAL,1026 RIVER OAKS DRIVE,FLOWOOD,MS,39232,RANKIN,(601) 932-1000,Acute Care Hospitals,Proprietary,No,Y,Not Available,16,7,Not Available,Not Available,Not Available,Not Available,5,8,Not Available,Not Available,Not Available,Not Available,5,11,1,0,1,0,,8,8,,12,4,
250780.0,JEFFERSON COUNTY HOSPITAL,870 S MAIN,FAYETTE,MS,39069,JEFFERSON,(601) 786-3401,Rural Emergency Hospital,Proprietary,Yes,,Not Available,19,Not Available,Not Available,Not Available,Not Available,Not Available,19,Not Available,Not Available,Not Available,Not Available,Not Available,19,Not Available,Not Available,Not Available,Not Available,Not Available,19,Not Available,Not Available,19,Not Available,Not Available,19
251307.0,NOXUBEE GENERAL CRITICAL ACCESS HOSP,78 HOSPITAL ROAD,MACON,MS,39341,NOXUBEE,(662) 726-4231,Critical Access Hospitals,Government - State,Yes,,Not Available,19,Not Available,Not Available,Not Available,Not Available,Not Available,19,Not Available,Not Available,Not Available,Not Available,Not Available,19,Not Available,Not Available,Not Available,Not Available,Not Available,19,Not Available,Not Available,19,Not Available,Not Available,19
251320.0,CLAIBORNE COUNTY HOSPITAL,123 MCCOMB AVENUE,PORT GIBSON,MS,39150,CLAIBORNE,(601) 437-5141,Critical Access Hospitals,Government - Local,Yes,,Not Available,16,7,3,0,3,0,,8,Not Available,Not Available,Not Available,Not Available,5,11,4,0,4,0,,8,Not Available,5,12,1,
251334.0,CHOCTAW REGIONAL MEDICAL CENTER,8613 MS HWY 12,ACKERMAN,MS,39735,CHOCTAW,(662) 285-6235,Critical Access Hospitals,Government - Local,Yes,,Not Available,16,7,1,0,1,0,,8,Not Available,Not Available,Not Available,Not Available,5,11,2,0,1,1,,8,Not Available,5,12,2,
254010.0,MS STATE HOSPITAL-WHITFIELD,3550 HIGHWAY 468 WEST,WHITFIELD,MS,39193,RANKIN,(601) 351-8000,Psychiatric,Government - Local,Yes,,Not Available,19,Not Available,Not Available,Not Available,Not Available,Not Available,19,Not Available,Not Available,Not Available,Not Available,Not Available,19,Not Available,Not Available,Not Available,Not Available,Not Available,19,Not Available,Not Available,19,Not Available,Not Available,19
260020.0,MERCY HOSPITAL ST LOUIS,615 NEW BALLAS ROAD,SAINT LOUIS,MO,63141,ST. LOUIS,(314) 251-6000,Acute Care Hospitals,Voluntary non-profit - Private,Yes,Y,3,,7,7,1,6,0,,8,8,4,4,0,,11,11,1,7,3,,8,8,,12,12,
260052.0,MERCY HOSPITAL WASHINGTON,901 EAST 5TH STREET,WASHINGTON,MO,63090,FRANKLIN,(636) 239-8000,Acute Care Hospitals,Voluntary non-profit - Private,Yes,Y,3,,7,6,0,6,0,,8,5,1,4,0,,11,8,0,8,0,,8,8,,12,11,
260078.0,OZARKS HEALTHCARE,1100 KENTUCKY AVE,WEST PLAINS,MO,65775,HOWELL,(417) 256-9111,Acute Care Hospitals,Voluntary non-profit - Private,Yes,Y,2,,7,6,0,6,0,,8,3,1,1,1,,11,9,0,9,0,,8,8,,12,12,
260105.0,SSM HEALTH SAINT LOUIS UNIVERSITY HOSPITAL,1201 S GRAND BLVD,SAINT LOUIS,MO,63104,ST. LOUIS CITY,(314) 257-8000,Acute Care Hospitals,Voluntary non-profit - Church,Yes,,1,,7,7,0,7,0,,8,6,2,4,0,,11,10,0,8,2,,8,8,,12,9,
260162.0,BARNES-JEWISH WEST COUNTY HOSPITAL,12634 OLIVE BOULEVARD,CREVE COEUR,MO,63141,ST. LOUIS,(314) 996-8000,Acute Care Hospitals,Voluntary non-profit - Private,Yes,,4,,7,2,0,2,0,,8,6,1,5,0,,11,6,1,5,0,,8,8,,12,10,
260191.0,BARNES-JEWISH ST PETERS HOSPITAL,10 HOSPITAL DR,SAINT PETERS,MO,63376,ST. CHARLES,(636) 916-9000,Acute Care Hospitals,Voluntary non-profit - Other,Yes,,4,,7,6,0,6,0,,8,7,3,4,0,,11,10,1,9,0,,8,8,,12,10,
261303.0,COMMUNITY HOSPITAL ASSOCIATION,"26136 US HIGHWAY 59, PO BOX 107",FAIRFAX,MO,64446,ATCHISON,(660) 686-2211,Critical Access Hospitals,Voluntary non-profit - Private,Yes,,4,,7,3,0,3,0,,8,Not Available,Not Available,Not Available,Not Available,5,11,4,0,4,0,,8,Not Available,5,12,6,
261314.0,HERMANN AREA DISTRICT HOSPITAL,509 W 18TH ST,HERMANN,MO,65041,GASCONADE,(573) 486-2191,Critical Access Hospitals,Government - Hospital District or Authority,Yes,,Not Available,16,7,1,0,1,0,,8,Not Available,Not Available,Not Available,Not Available,5,11,3,0,3,0,,8,Not Available,5,12,3,
261325.0,COX BARTON COUNTY HOSPITAL,29 NW 1ST LANE,LAMAR,MO,64759,BARTON,(417) 682-6081,Critical Access Hospitals,Government - Local,Yes,,Not Available,16,7,2,0,2,0,,8,Not Available,Not Available,Not Available,Not Available,5,11,4,1,3,0,,8,8,,12,6,
261337.0,MISSOURI BAPTIST SULLIVAN HOSPITAL,751 SAPPINGTON BRIDGE RD,SULLIVAN,MO,63080,FRANKLIN,(573) 468-4186,Critical Access Hospitals,Voluntary non-profit - Private,Yes,Y,2,,7,3,0,3,0,,8,1,0,1,0,,11,5,0,5,0,,8,8,,12,10,
264008.0,CENTER FOR BEHAVIORAL MEDICINE,1000 E 24TH STREET,KANSAS CITY,MO,64108,JACKSON,(816) 512-7000,Psychiatric,Government - State,No,,Not Available,19,Not Available,Not Available,Not Available,Not Available,Not Available,19,Not Available,Not Available,Not Available,Not Available,Not Available,19,Not Available,Not Available,Not Available,Not Available,Not Available,19,Not Available,Not Available,19,Not Available,Not Available,19
270003.0,ST PETERS HEALTH,2475 BROADWAY,HELENA,MT,59601,LEWIS AND CLARK,(406) 442-2480,Acute Care Hospitals,Voluntary non-profit - Private,Yes,Y,4,,7,5,0,4,1,,8,6,1,5,0,,11,10,1,9,0,,8,8,,12,12,
270086.0,GREAT FALLS CLINIC HOSPITAL,3010 15TH AVENUE SOUTH,GREAT FALLS,MT,59405,CASCADE,(406) 216-8000,Acute Care Hospitals,Proprietary,Yes,,3,,7,5,0,5,0,,8,3,0,3,0,,11,10,1,9,0,,8,8,,12,9,
271309.0,PRAIRIE COMMUNITY CAH,312 S ADAMS,TERRY,MT,59349,PRAIRIE,(406) 635-5511,Critical Access Hospitals,Government - Hospital District or Authority,Yes,,Not Available,16,7,Not Available,Not Available,Not Available,Not Available,5,8,Not Available,Not Available,Not Available,Not Available,5,11,Not Available,Not Available,Not Available,Not Available,5,8,Not Available,5,12,2,
271319.0,RUBY VALLEY MEDICAL CENTER,321 MADISON ST,SHERIDAN,MT,59749,MADISON,(406) 842-5453,Critical Access Hospitals,Government - Hospital District or Authority,Yes,,Not Available,16,7,Not Available,Not Available,Not Available,Not Available,5,8,Not Available,Not Available,Not Available,Not Available,5,11,Not Available,Not Available,Not Available,Not Available,5,8,Not Available,5,12,3,
271329.0,MADISON VALLEY MEDICAL CENTER,305 N MAIN,ENNIS,MT,59729,MADISON,(406) 682-4222,Critical Access Hospitals,Voluntary non-profit - Private,Yes,,Not Available,16,7,Not Available,Not Available,Not Available,Not Available,5,8,Not Available,Not Available,Not Available,Not Available,5,11,1,0,1,0,,8,Not Available,5,12,3,
271339.0,P H S INDIAN HOSPITAL CROW / NORTHERN CHEYENNE,"1010 SOUTH 7650 EAST, POST OFFICE BOX 9",CROW AGENCY,MT,59022,BIG HORN,(406) 638-2626,Critical Access Hospitals,Government - Federal,Yes,,Not Available,16,7,Not Available,Not Available,Not Available,Not Available,5,8,Not Available,Not Available,Not Available,Not Available,5,11,Not Available,Not Available,Not Available,Not Available,5,8,Not Available,5,12,Not Available,5
271389.0,BOZEMAN HEALTH BIG SKY MEDICAL CENTER,334 TOWN CENTER AVE,BIG SKY,MT,59716,GALLATIN,(406) 995-6995,Critical Access Hospitals,Voluntary non-profit - Private,Yes,,Not Available,16,7,Not Available,Not Available,Not Available,Not Available,5,8,Not Available,Not Available,Not Available,Not Available,5,11,Not Available,Not Available,Not Available,Not Available,5,8,Not Available,5,12,5,
280060.0,CHI HEALTH BERGAN MERCY,7500 MERCY RD,OMAHA,NE,68124,DOUGLAS,(402) 398-6020,Acute Care Hospitals,Voluntary non-profit - Private,Yes,Y,3,,7,7,0,7,0,,8,7,2,5,0,,11,10,0,9,1,,8,8,,12,10,
280129.0,NEBRASKA ORTHOPAEDIC HOSPITAL,2808 SOUTH 143RD PLAZA,OMAHA,NE,68144,DOUGLAS,(402) 609-3000,Acute Care Hospitals,Physician,Yes,,Not Available,16,7,Not Available,Not Available,Not Available,Not Available,5,8,2,0,2,0,,11,3,1,2,0,,8,8,,12,7,
281302.0,PAWNEE COUNTY MEMORIAL HOSPITAL,600 I STREET,PAWNEE CITY,NE,68420,PAWNEE,(402) 852-2231,Critical Access Hospitals,Government - Local,Yes,,Not Available,16,7,Not Available,Not Available,Not Available,Not Available,5,8,Not Available,Not Available,Not Available,Not Available,5,11,1,0,1,0,,8,Not Available,5,12,4,
281312.0,GENOA COMMUNITY HOSPITAL,"P O BOX 310, 706 EWING AVE",GENOA,NE,68640,PLATTE,(402) 993-2283,Critical Access Hospitals,Government - Local,Yes,,Not Available,16,7,Not Available,Not Available,Not Available,Not Available,5,8,Not Available,Not Available,Not Available,Not Available,5,11,1,0,1,0,,8,Not Available,5,12,2,
281324.0,NEMAHA COUNTY HOSPITAL,2022 13TH STREET,AUBURN,NE,68305,NEMAHA,(402) 274-4366,Critical Access Hospitals,Government - Local,Yes,,Not Available,16,7,1,0,1,0,,8,Not Available,Not Available,Not Available,Not Available,5,11,3,0,3,0,,8,Not Available,5,12,4,
281335.0,CALLAWAY DISTRICT HOSPITAL,"P O BOX 100, 211 E KIMBALL",CALLAWAY,NE,68825,CUSTER,(308) 836-2228,Critical Access Hospitals,Government - Hospital District or Authority,Yes,,Not Available,16,7,1,0,1,0,,8,Not Available,Not Available,Not Available,Not Available,5,11,3,0,3,0,,8,Not Available,5,12,3,
281346.0,CHI HEALTH PLAINVIEW HOSPITAL,"P O BOX 489, 704 NORTH THIRD ST",PLAINVIEW,NE,68769,PIERCE,(402) 582-4245,Critical Access Hospitals,Voluntary non-profit - Church,Yes,,Not Available,16,7,Not Available,Not Available,Not Available,Not Available,5,8,Not Available,Not Available,Not Available,Not Available,5,11,1,0,1,0,,8,Not Available,5,12,5,
281356.0,PERKINS COUNTY HEALTH SERVICES,900 LINCOLN AVE,GRANT,NE,69140,PERKINS,(308) 352-7200,Critical Access Hospitals,Government - Hospital District or Authority,Yes,,Not Available,16,7,2,0,2,0,,8,Not Available,Not Available,Not Available,Not Available,5,11,3,0,3,0,,8,Not Available,5,12,5,
283300.0,BOYS TOWN NATIONAL RESEARCH HOSPITAL,14000 BOYS TOWN HOSPITAL ROAD,BOYS TOWN,NE,68010,DOUGLAS,(531) 355-6594,Childrens,Voluntary non-profit - Private,No,,Not Available,19,Not Available,Not Available,Not Available,Not Available,Not Available,19,Not Available,Not Available,Not Available,Not Available,Not Available,19,Not Available,Not Available,Not Available,Not Available,Not Available,19,Not Available,Not Available,19,Not Available,Not Available,19
290012.0,SAINT ROSE DOMINICAN HOSPITALS - ROSE DE LIMA,102 E LAKE MEAD DR,HENDERSON,NV,89015,CLARK,(702) 616-5000,Acute Care Hospitals,Voluntary non-profit - Private,Yes,,Not Available,16,7,Not Available,Not Available,Not Available,Not Available,5,8,Not Available,Not Available,Not Available,Not Available,5,11,Not Available,Not Available,Not Available,Not Available,5,8,Not Available,5,12,6,
290049.0,RENOWN SOUTH MEADOWS MEDICAL CENTER,10101 DOUBLE R BLVD,RENO,NV,89521,WASHOE,(775) 982-7063,Acute Care Hospitals,Voluntary non-profit - Private,Yes,,2,,7,5,0,5,0,,8,4,0,4,0,,11,9,0,9,0,,8,8,,12,9,
291304.0,PERSHING GENERAL HOSPITAL,855 6TH STREET/PO BOX 661,LOVELOCK,NV,89419,PERSHING,(775) 273-2621,Critical Access Hospitals,Government - Hospital District or Authority,Yes,,Not Available,16,7,Not Available,Not Available,Not Available,Not Available,5,8,Not Available,Not Available,Not Available,Not Available,5,11,Not Available,Not Available,Not Available,Not Available,5,8,Not Available,5,12,3,
294002.0,SOUTHERN NEVADA ADULT MENTAL HEALTH SERVICES,6161 W CHARLESTON BLVD,LAS VEGAS,NV,89146,CLARK,(702) 486-6000,Psychiatric,Government - State,No,,Not Available,19,Not Available,Not Available,Not Available,Not Available,Not Available,19,Not Available,Not Available,Not Available,Not Available,Not Available,19,Not Available,Not Available,Not Available,Not Available,Not Available,19,Not Available,Not Available,19,Not Available,Not Available,19
300012.0,ELLIOT HOSPITAL,1 ELLIOT WAY,MANCHESTER,NH,3103,HILLSBOROUGH,(603) 669-5300,Acute Care Hospitals,Voluntary non-profit - Private,Yes,Y,2,,7,6,0,6,0,,8,8,2,4,2,,11,10,0,8,2,,8,8,,12,12,
301301.0,COTTAGE HOSPITAL,90 SWIFTWATER RD,WOODSVILLE,NH,3785,GRAFTON,(603) 747-9000,Critical Access Hospitals,Voluntary non-profit - Private,Yes,,Not Available,16,7,2,0,2,0,,8,1,0,1,0,,11,3,1,2,0,,8,8,,12,5,
301311.0,SPEARE MEMORIAL HOSPITAL,16 HOSPITAL ROAD,PLYMOUTH,NH,3264,GRAFTON,(603) 536-1120,Critical Access Hospitals,Voluntary non-profit - Private,Yes,Y,3,,7,4,0,4,0,,8,2,0,2,0,,11,4,0,4,0,,8,8,,12,8,
310009.0,CLARA MAASS MEDICAL CENTER,ONE CLARA MAASS DRIVE,BELLEVILLE,NJ,7109,ESSEX,(973) 450-2000,Acute Care Hospitals,Voluntary non-profit - Private,Yes,Y,2,,7,6,0,6,0,,8,8,1,7,0,,11,8,0,6,2,,8,8,,12,10,
310024.0,ROBERT WOOD JOHNSON UNIVERSITY HOSPITAL AT RAHWAY,865 STONE ST,RAHWAY,NJ,7065,UNION,(732) 381-4200,Acute Care Hospitals,Voluntary non-profit - Private,Yes,,3,,7,6,0,5,1,,8,6,1,5,0,,11,7,0,6,1,,8,8,,12,9,
310040.0,CAREPOINT HEALTH-HOBOKEN UNIVERSITY MEDICAL CENTER,308 WILLOW AVE,HOBOKEN,NJ,7030,HUDSON,(201) 418-1000,Acute Care Hospitals,Voluntary non-profit - Church,No,Y,1,,7,4,0,4,0,,8,3,0,3,0,,11,5,0,3,2,,8,8,,12,9,
310057.0,VIRTUA MOUNT HOLLY HOSPITAL,175 MADISON AVE,MOUNT HOLLY,NJ,8060,BURLINGTON,(609) 267-0700,Acute Care Hospitals,Voluntary non-profit - Private,Yes,Y,3,,7,6,0,6,0,,8,7,2,5,0,,11,9,0,8,1,,8,8,,12,10,
310076.0,COOPERMAN BARNABAS MEDICAL CENTER,94 OLD SHORT HILLS ROAD,LIVINGSTON,NJ,7039,ESSEX,(973) 322-5000,Acute Care Hospitals,Voluntary non-profit - Private,Yes,Y,3,,7,7,0,7,0,,8,8,4,4,0,,11,11,0,9,2,,8,8,,12,10,
310113.0,SOUTHERN OCEAN MEDICAL CENTER,1140 RT 72 W,MANAHAWKIN,NJ,8050,OCEAN,(609) 597-6011,Acute Care Hospitals,Voluntary non-profit - Private,Yes,Y,4,,7,6,0,6,0,,8,6,1,5,0,,11,9,0,9,0,,8,8,,12,10,
314011.0,UNIVERSITY BEHAVIORAL HEALTH CARE,671 HOES LANE WEST,PISCATAWAY,NJ,8854,MIDDLESEX,(732) 235-5900,Psychiatric,Government - State,Yes,,Not Available,19,Not Available,Not Available,Not Available,Not Available,Not Available,19,Not Available,Not Available,Not Available,Not Available,Not Available,19,Not Available,Not Available,Not Available,Not Available,Not Available,19,Not Available,Not Available,19,Not Available,Not Available,19
314027.0,MOUNTAINVIEW BEHAVIORAL HOSPITAL,40 WATCHUNG WAY,BERKELEY HEIGHTS,NJ,7922,UNION,(908) 771-5857,Psychiatric,Proprietary,No,,Not Available,19,Not Available,Not Available,Not Available,Not Available,Not Available,19,Not Available,Not Available,Not Available,Not Available,Not Available,19,Not Available,Not Available,Not Available,Not Available,Not Available,19,Not Available,Not Available,19,Not Available,Not Available,19
320021.0,PRESBYTERIAN HOSPITAL,1100 CENTRAL AVENUE SE,ALBUQUERQUE,NM,87106,BERNALILLO,(505) 724-8386,Acute Care Hospitals,Voluntary non-profit - Private,Yes,Y,3,,7,7,0,7,0,,8,8,1,7,0,,11,11,2,9,0,,8,8,,12,12,
320065.0,COVENANT HEALTH HOBBS HOSPITAL,5419 N LOVINGTON HIGHWAY,HOBBS,NM,88240,LEA,(575) 492-5000,Acute Care Hospitals,Voluntary non-profit - Private,Yes,,3,,7,3,0,3,0,,8,2,0,2,0,,11,4,1,3,0,,8,Not Available,5,12,10,
321302.0,DR DAN C TRIGG MEMORIAL HOSPITAL,301 EAST MIEL DE LUNA AVENUE,TUCUMCARI,NM,88401,QUAY,(575) 461-7007,Critical Access Hospitals,Voluntary non-profit - Private,Yes,,Not Available,16,7,Not Available,Not Available,Not Available,Not Available,5,8,Not Available,Not Available,Not Available,Not Available,5,11,1,0,1,0,,8,Not Available,5,12,5,
321313.0,REHOBOTH MCKINLEY CHRISTIAN HEALTH CARE SERVICES,1901 RED ROCK DRIVE,GALLUP,NM,87301,MCKINLEY,(505) 863-7000,Critical Access Hospitals,Voluntary non-profit - Private,Yes,,Not Available,16,7,Not Available,Not Available,Not Available,Not Available,5,8,Not Available,Not Available,Not Available,Not Available,5,11,Not Available,Not Available,Not Available,Not Available,5,8,Not Available,5,12,1,
330014.0,JAMAICA HOSPITAL MEDICAL CENTER,89TH AVENUE AND VAN WYCK EXPRESSWAY,JAMAICA,NY,11418,QUEENS,(718) 262-6000,Acute Care Hospitals,Voluntary non-profit - Private,Yes,Y,1,,7,6,0,6,0,,8,6,1,5,0,,11,6,0,4,2,,8,8,,12,9,
330045.0,NS/LIJ HS HUNTINGTON HOSPITAL,270 PARK AVENUE,HUNTINGTON,NY,11743,SUFFOLK,(631) 351-2000,Acute Care Hospitals,Voluntary non-profit - Private,Yes,Y,5,,7,6,3,3,0,,8,7,2,5,0,,11,8,0,6,2,,8,8,,12,10,
330065.0,NIAGARA FALLS MEMORIAL MEDICAL CENTER,621 TENTH STREET,NIAGARA FALLS,NY,14302,NIAGARA,(716) 278-4000,Acute Care Hospitals,Voluntary non-profit - Other,Yes,Y,1,,7,4,0,4,0,,8,6,0,5,1,,11,6,0,6,0,,8,8,,12,9,
330096.0,JONES MEMORIAL HOSPITAL,191 NORTH MAIN STREET,WELLSVILLE,NY,14895,ALLEGANY,(585) 593-1100,Acute Care Hospitals,Voluntary non-profit - Private,Yes,Y,4,,7,3,0,3,0,,8,2,0,2,0,,11,8,1,7,0,,8,8,,12,10,
330119.0,LENOX HILL HOSPITAL,100 EAST 77TH STREET,NEW YORK,NY,10075,NEW YORK,(212) 434-2000,Acute Care Hospitals,Voluntary non-profit - Private,Yes,Y,4,,7,7,3,4,0,,8,8,2,6,0,,11,11,1,10,0,,8,8,,12,10,
330151.0,ST JAMES HOSPITAL,411 CANISTEO STREET,HORNELL,NY,14843,STEUBEN,(607) 324-8000,Acute Care Hospitals,Voluntary non-profit - Private,Yes,,2,,7,3,0,3,0,,8,1,0,1,0,,11,6,0,6,0,,8,8,,12,8,
330180.0,"SAMARITAN HOSPITAL OF TROY, NEW YORK",2215 BURDETT AVENUE,TROY,NY,12180,RENSSELAER,(518) 427-3402,Acute Care Hospitals,Voluntary non-profit - Private,Yes,Y,3,,7,6,0,6,0,,8,6,2,4,0,,11,9,0,9,0,,8,8,,12,10,
330196.0,SOUTH BROOKLYN HEALTH,2601 OCEAN PARKWAY,BROOKLYN,NY,11235,KINGS,(718) 616-3000,Acute Care Hospitals,Voluntary non-profit - Other,Yes,Y,1,,7,6,0,6,0,,8,6,2,4,0,,11,7,0,4,3,,8,8,,12,10,
330214.0,NYU LANGONE HOSPITALS,550 FIRST AVENUE,NEW YORK,NY,10016,NEW YORK,(212) 263-7300,Acute Care Hospitals,Voluntary non-profit - Private,Yes,Y,5,,7,7,7,0,0,,8,8,5,3,0,,11,11,5,5,1,,8,8,,12,11,
330233.0,BROOKDALE HOSPITAL MEDICAL CENTER,1 BROOKDALE PLAZA,BROOKLYN,NY,11212,KINGS,(718) 240-5966,Acute Care Hospitals,Voluntary non-profit - Private,Yes,Y,1,,7,6,0,6,0,,8,6,1,4,1,,11,6,0,4,2,,8,8,,12,9,
330261.0,PHELPS HOSPITAL,701 NORTH BROADWAY,SLEEPY HOLLOW,NY,10591,WESTCHESTER,(914) 366-3000,Acute Care Hospitals,Voluntary non-profit - Private,Yes,Y,3,,7,6,0,6,0,,8,7,1,6,0,,11,9,0,8,1,,8,8,,12,11,
330286.0,GOOD SAMARITAN HOSPITAL MEDICAL CENTER,1000 MONTAUK HIGHWAY,WEST ISLIP,NY,11795,SUFFOLK,(631) 376-3000,Acute Care Hospitals,Voluntary non-profit - Private,Yes,Y,2,,7,7,0,6,1,,8,8,3,4,1,,11,11,0,8,3,,8,8,,12,10,
330396.0,WOODHULL MEDICAL & MENTAL HEALTH CENTER,760 BROADWAY,BROOKLYN,NY,11206,KINGS,(718) 963-8100,Acute Care Hospitals,Government - Local,Yes,Y,1,,7,2,0,2,0,,8,5,1,3,1,,11,3,0,2,1,,8,8,,12,10,
331304.0,MARGARETVILLE MEMORIAL HOSPITAL,42084 STATE HIGHWAY 28,MARGARETVILLE,NY,12455,DELAWARE,(845) 586-2631,Critical Access Hospitals,Voluntary non-profit - Private,Yes,,Not Available,16,7,Not Available,Not Available,Not Available,Not Available,5,8,Not Available,Not Available,Not Available,Not Available,5,11,2,0,2,0,,8,Not Available,5,12,2,
331317.0,LEWIS COUNTY GENERAL HOSPITAL,7785 NORTH STATE STREET,LOWVILLE,NY,13367,LEWIS,(315) 376-5200,Critical Access Hospitals,Government - Local,Yes,,Not Available,16,7,Not Available,Not Available,Not Available,Not Available,5,8,Not Available,Not Available,Not Available,Not Available,5,11,2,0,2,0,,8,Not Available,5,12,4,
334003.0,ST LAWRENCE PSYCHIATRIC CENTER,ONE CHIMNEY POINT DRIVE,OGDENSBURG,NY,13669,ST. LAWRENCE,(315) 541-2071,Psychiatric,Government - State,No,,Not Available,19,Not Available,Not Available,Not Available,Not Available,Not Available,19,Not Available,Not Available,Not Available,Not Available,Not Available,19,Not Available,Not Available,Not Available,Not Available,Not Available,19,Not Available,Not Available,19,Not Available,Not Available,19
334027.0,SOUTH OAKS HOSP,400 SUNRISE HIGHWAY,AMITYVILLE,NY,11701,SUFFOLK,(516) 264-4000,Psychiatric,Voluntary non-profit - Private,No,,Not Available,19,Not Available,Not Available,Not Available,Not Available,Not Available,19,Not Available,Not Available,Not Available,Not Available,Not Available,19,Not Available,Not Available,Not Available,Not Available,Not Available,19,Not Available,Not Available,19,Not Available,Not Available,19
334061.0,MID HUDSON FORENSIC PSYCHIATRIC CTR,BOX 158 ROUTE 17M,NEW HAMPTON,NY,10958,ORANGE,(845) 374-3171,Psychiatric,Government - State,No,,Not Available,19,Not Available,Not Available,Not Available,Not Available,Not Available,19,Not Available,Not Available,Not Available,Not Available,Not Available,19,Not Available,Not Available,Not Available,Not Available,Not Available,19,Not Available,Not Available,19,Not Available,Not Available,19
340008.0,SCOTLAND MEMORIAL HOSPITAL,500 LAUCHWOOD DR,LAURINBURG,NC,28352,SCOTLAND,(910) 291-7000,Acute Care Hospitals,Voluntary non-profit - Private,Yes,Y,3,,7,5,0,5,0,,8,5,0,5,0,,11,9,0,8,1,,8,8,,12,10,
340024.0,SAMPSON REGIONAL MEDICAL CENTER,607 BEAMAN ST,CLINTON,NC,28328,SAMPSON,(910) 592-8511,Acute Care Hospitals,Government - Local,Yes,Y,3,,7,4,0,4,0,,8,3,0,3,0,,11,6,0,6,0,,8,8,,12,10,
340049.0,NORTH CAROLINA SPECIALTY HOSPITAL,3916 BEN FRANKLIN BOULEVARD,DURHAM,NC,27704,DURHAM,(919) 956-9300,Acute Care Hospitals,Proprietary,No,,Not Available,16,7,Not Available,Not Available,Not Available,Not Available,5,8,2,0,2,0,,11,3,0,2,1,,8,8,,12,3,
340071.0,BETSY JOHNSON REGIONAL HOSPITAL,800 TILGHMAN DR,DUNN,NC,28334,HARNETT,(910) 892-7161,Acute Care Hospitals,Voluntary non-profit - Private,Yes,,3,,7,5,0,5,0,,8,4,0,4,0,,11,7,0,7,0,,8,8,,12,9,
340099.0,VIDANT ROANOKE CHOWAN HOSPITAL,500 S ACADEMY ST,AHOSKIE,NC,27910,HERTFORD,(252) 209-3000,Acute Care Hospitals,Voluntary non-profit - Private,Yes,Y,2,,7,4,0,4,0,,8,5,1,3,1,,11,8,0,7,1,,8,8,,12,10,
340126.0,WILSON MEDICAL CENTER,1705 S TARBORO ST,WILSON,NC,27893,WILSON,(252) 399-8040,Acute Care Hospitals,Voluntary non-profit - Private,Yes,Y,2,,7,5,0,4,1,,8,5,0,5,0,,11,7,0,6,1,,8,8,,12,10,
340147.0,UNC HEALTH NASH,2460 CURTIS ELLIS DRIVE,ROCKY MOUNT,NC,27804,NASH,(252) 443-8000,Acute Care Hospitals,Government - Hospital District or Authority,Yes,Y,3,,7,6,0,6,0,,8,7,1,6,0,,11,10,0,10,0,,8,8,,12,12,
340173.0,"WAKEMED, CARY HOSPITAL",1900 KILDARE FARM ROAD,CARY,NC,27518,WAKE,(919) 350-2550,Acute Care Hospitals,Voluntary non-profit - Private,Yes,Y,5,,7,6,0,6,0,,8,8,1,7,0,,11,8,1,7,0,,8,8,,12,11,
341311.0,CHATHAM HOSPITAL INC,475 PROGRESS BLVD,SILER CITY,NC,27344,CHATHAM,(919) 799-4000,Critical Access Hospitals,Voluntary non-profit - Private,Yes,Y,Not Available,16,7,1,0,1,0,,8,Not Available,Not Available,Not Available,Not Available,5,11,3,0,3,0,,8,8,,12,6,
341324.0,"THE OUTER BANKS HOSPITAL, INC",4800 SOUTH CROATAN HIGHWAY,NAGS HEAD,NC,27959,DARE,(252) 449-4500,Critical Access Hospitals,Voluntary non-profit - Private,Yes,Y,4,,7,3,0,3,0,,8,1,0,1,0,,11,8,1,7,0,,8,8,,12,10,
344023.0,JULIAN F KEITH ALCOHOL & DRUG ABUSE TX,201 TABERNACLE ROAD,BLACK MOUNTAIN,NC,28711,BUNCOMBE,(828) 257-6200,Psychiatric,Government - State,No,,Not Available,19,Not Available,Not Available,Not Available,Not Available,Not Available,19,Not Available,Not Available,Not Available,Not Available,Not Available,19,Not Available,Not Available,Not Available,Not Available,Not Available,19,Not Available,Not Available,19,Not Available,Not Available,19
350002.0,CHI ST ALEXIUS HEALTH,900 E BROADWAY,BISMARCK,ND,58501,BURLEIGH,(701) 530-7000,Acute Care Hospitals,Voluntary non-profit - Church,Yes,Y,2,,7,7,0,7,0,,8,7,0,7,0,,11,11,2,9,0,,8,8,,12,10,
351303.0,GARRISON MEMORIAL HOSPITAL,407 3RD AVE SE,GARRISON,ND,58540,MCLEAN,(701) 463-2275,Critical Access Hospitals,Voluntary non-profit - Church,Yes,,Not Available,16,7,1,0,1,0,,8,Not Available,Not Available,Not Available,Not Available,5,11,Not Available,Not Available,Not Available,Not Available,5,8,Not Available,5,12,6,
351313.0,SOUTHWEST HEALTHCARE SERVICES,802 2ND ST NW,BOWMAN,ND,58623,BOWMAN,(701) 523-6555,Critical Access Hospitals,Voluntary non-profit - Private,Yes,,Not Available,16,7,Not Available,Not Available,Not Available,Not Available,5,8,Not Available,Not Available,Not Available,Not Available,5,11,1,0,1,0,,8,Not Available,5,12,2,
351324.0,CHI MERCY HEALTH,570 CHAUTAUQUA BLVD,VALLEY CITY,ND,58072,BARNES,(701) 845-6400,Critical Access Hospitals,Voluntary non-profit - Church,Yes,,Not Available,16,7,2,0,2,0,,8,Not Available,Not Available,Not Available,Not Available,5,11,4,0,4,0,,8,Not Available,5,12,7,
351334.0,CHI ST ALEXIUS HEALTH WILLISTON,1301 15TH AVE W,WILLISTON,ND,58801,WILLIAMS,(701) 774-7400,Critical Access Hospitals,Voluntary non-profit - Church,Yes,Y,Not Available,16,7,2,0,2,0,,8,1,0,1,0,,11,5,1,4,0,,8,8,,12,10,
360008.0,SOUTHERN OHIO MEDICAL CENTER,1805 27TH STREET,PORTSMOUTH,OH,45662,SCIOTO,(740) 356-5788,Acute Care Hospitals,Voluntary non-profit - Other,Yes,Y,4,,7,7,0,6,1,,8,7,1,6,0,,11,11,0,11,0,,8,8,,12,11,
360025.0,FIRELANDS REGIONAL MEDICAL CENTER,1111 HAYES AVENUE,SANDUSKY,OH,44870,ERIE,(419) 557-7400,Acute Care Hospitals,Voluntary non-profit - Private,Yes,Y,3,,7,5,0,5,0,,8,7,1,6,0,,11,10,0,10,0,,8,8,,12,11,
360046.0,MCCULLOUGH-HYDE MEMORIAL HOSPITAL,110 NORTH POPLAR STREET,OXFORD,OH,45056,BUTLER,(513) 523-2111,Acute Care Hospitals,Voluntary non-profit - Private,Yes,Y,5,,7,3,0,3,0,,8,3,0,3,0,,11,7,0,7,0,,8,8,,12,9,
360066.0,MERCY HEALTH-ST RITA'S MEDICAL CENTER,730 WEST MARKET STREET,LIMA,OH,45801,ALLEN,(419) 227-3361,Acute Care Hospitals,Voluntary non-profit - Private,Yes,Y,4,,7,7,0,7,0,,8,7,1,6,0,,11,11,1,10,0,,8,8,,12,11,
360080.0,EAST OHIO REGIONAL HOSPITAL,90 NORTH FOURTH STREET,MARTINS FERRY,OH,43935,BELMONT,(740) 633-1100,Acute Care Hospitals,Voluntary non-profit - Other,No,,2,,7,3,0,3,0,,8,2,1,1,0,,11,6,0,6,0,,8,8,,12,7,
360096.0,EAST LIVERPOOL CITY HOSPITAL,425 WEST 5TH STREET,EAST LIVERPOOL,OH,43920,COLUMBIANA,(330) 385-7200,Acute Care Hospitals,Voluntary non-profit - Private,Yes,,4,,7,5,1,4,0,,8,3,0,3,0,,11,5,1,4,0,,8,8,,12,8,
360132.0,FORT HAMILTON HUGHES MEMORIAL HOSPITAL,630 EATON AVENUE,HAMILTON,OH,45013,BUTLER,(513) 867-2123,Acute Care Hospitals,Voluntary non-profit - Private,Yes,Y,3,,7,6,0,6,0,,8,6,1,5,0,,11,9,0,9,0,,8,8,,12,11,
360152.0,DOCTORS HOSPITAL,5100 WEST  BROAD STREET,COLUMBUS,OH,43228,FRANKLIN,(614) 544-2136,Acute Care Hospitals,Voluntary non-profit - Church,Yes,Y,4,,7,6,0,6,0,,8,7,0,7,0,,11,9,0,9,0,,8,8,,12,10,
360179.0,BETHESDA NORTH,10500 MONTGOMERY ROAD,CINCINNATI,OH,45242,HAMILTON,(513) 865-5544,Acute Care Hospitals,Voluntary non-profit - Church,Yes,Y,3,,7,7,0,7,0,,8,7,2,5,0,,11,11,0,10,1,,8,8,,12,12,
360234.0,MERCY HEALTH - WEST HOSPITAL,3300 MERCY HEALTH BLVD,CINCINNATI,OH,45211,HAMILTON,(513) 215-5000,Acute Care Hospitals,Voluntary non-profit - Private,Yes,Y,4,,7,6,1,5,0,,8,7,1,6,0,,11,8,0,8,0,,8,8,,12,11,
360351.0,CRYSTAL CLINIC ORTHOPAEDIC CENTER,444 NORTH MAIN STREET,AKRON,OH,44310,SUMMIT,(330) 670-4152,Acute Care Hospitals,Proprietary,No,,5,,7,Not Available,Not Available,Not Available,Not Available,5,8,3,1,2,0,,11,3,0,3,0,,8,8,,12,4,
360367.0,LAKE HEALTH BEACHWOOD MEDICAL CENTER,25501 CHAGRIN BOULEVARD,BEACHWOOD,OH,44122,CUYAHOGA,(216) 545-4800,Acute Care Hospitals,Proprietary,Yes,,Not Available,16,7,Not Available,Not Available,Not Available,Not Available,5,8,1,0,1,0,,11,2,0,2,0,,8,8,,12,5,
361309.0,"HENRY COUNTY HOSPITAL, INC",1600 EAST RIVERVIEW AVENUE,NAPOLEON,OH,43545,HENRY,(419) 592-4015,Critical Access Hospitals,Voluntary non-profit - Private,Yes,,3,,7,3,0,3,0,,8,Not Available,Not Available,Not Available,Not Available,5,11,5,0,5,0,,8,Not Available,5,12,10,
361320.0,HOLZER MEDICAL CENTER JACKSON,500 BURLINGTON ROAD,JACKSON,OH,45640,JACKSON,(740) 395-8500,Critical Access Hospitals,Voluntary non-profit - Private,Yes,,5,,7,3,0,3,0,,8,1,0,1,0,,11,4,0,4,0,,8,Not Available,5,12,8,
361330.0,HOCKING VALLEY COMMUNITY HOSPITAL,601 STATE ROUTE 664N,LOGAN,OH,43138,HOCKING,(740) 380-8000,Critical Access Hospitals,Voluntary non-profit - Other,Yes,,Not Available,16,7,1,0,1,0,,8,Not Available,Not Available,Not Available,Not Available,5,11,2,0,2,0,,8,Not Available,5,12,3,
363306.0,DAYTON CHILDRENS HOSPITAL,1 CHILDRENS PLZ,DAYTON,OH,45404,MONTGOMERY,(937) 641-5509,Childrens,Voluntary non-profit - Private,Yes,,Not Available,19,Not Available,Not Available,Not Available,Not Available,Not Available,19,Not Available,Not Available,Not Available,Not Available,Not Available,19,Not Available,Not Available,Not Available,Not Available,Not Available,19,Not Available,Not Available,19,Not Available,Not Available,19
364036.0,ARROWHEAD BEHAVIORAL HEALTH,1725 TIMBER LINE ROAD,MAUMEE,OH,43537,LUCAS,(419) 891-9333,Psychiatric,Proprietary,No,,Not Available,19,Not Available,Not Available,Not Available,Not Available,Not Available,19,Not Available,Not Available,Not Available,Not Available,Not Available,19,Not Available,Not Available,Not Available,Not Available,Not Available,19,Not Available,Not Available,19,Not Available,Not Available,19
364052.0,CLEAR VISTA HEALTH & WELLNESS,3364 KOLBE ROAD,LORAIN,OH,44053,LORAIN,(440) 960-7960,Psychiatric,Proprietary,No,,Not Available,19,Not Available,Not Available,Not Available,Not Available,Not Available,19,Not Available,Not Available,Not Available,Not Available,Not Available,19,Not Available,Not Available,Not Available,Not Available,Not Available,19,Not Available,Not Available,19,Not Available,Not Available,19
364062.0,MOUNT CARMEL BEHAVIORAL HEALTH,4646 HILTON CORP0RATE DRIVE,COLUMBUS,OH,43232,FRANKLIN,(614) 852-4680,Psychiatric,Proprietary,No,,Not Available,19,Not Available,Not Available,Not Available,Not Available,Not Available,19,Not Available,Not Available,Not Available,Not Available,Not Available,19,Not Available,Not Available,Not Available,Not Available,Not Available,19,Not Available,Not Available,19,Not Available,Not Available,19
370013.0,"MERCY HOSPITAL OKLAHOMA CITY, INC",4300 WEST MEMORIAL ROAD,OKLAHOMA CITY,OK,73120,OKLAHOMA,(405) 755-1515,Acute Care Hospitals,Voluntary non-profit - Church,Yes,Y,4,,7,5,1,4,0,,8,8,2,6,0,,11,9,2,7,0,,8,8,,12,11,
370026.0,ST MARY'S REGIONAL MEDICAL CENTER,305 SOUTH 5TH STREET,ENID,OK,73701,GARFIELD,(580) 233-6100,Acute Care Hospitals,Proprietary,Yes,Y,4,,7,6,0,5,1,,8,4,1,3,0,,11,9,2,7,0,,8,8,,12,11,
370078.0,OKLAHOMA STATE UNIVERSITY MEDICAL CENTER,744 WEST 9TH STREET,TULSA,OK,74127,TULSA,(918) 599-1000,Acute Care Hospitals,Voluntary non-profit - Other,Yes,Y,2,,7,7,0,7,0,,8,6,1,4,1,,11,8,0,8,0,,8,8,,12,10,
370112.0,SEQUOYAH COUNTY-CITY OF SALLISAW HOSPITAL AUTHORIT,213 EAST REDWOOD,SALLISAW,OK,74955,SEQUOYAH,(918) 774-1100,Acute Care Hospitals,Government - Local,Yes,,Not Available,16,7,2,0,2,0,,8,Not Available,Not Available,Not Available,Not Available,5,11,4,0,4,0,,8,Not Available,5,12,8,
370178.0,MEMORIAL HOSPITAL,1401 WEST LOCUST,STILWELL,OK,74960,ADAIR,(918) 696-3101,Acute Care Hospitals,Voluntary non-profit - Private,Yes,,4,,7,3,0,3,0,,8,1,0,1,0,,11,4,0,4,0,,8,Not Available,5,12,6,
370211.0,INTEGRIS CANADIAN VALLEY HOSPITAL,1201 HEALTH CENTER PARKWAY,YUKON,OK,73099,CANADIAN,(405) 717-6800,Acute Care Hospitals,Voluntary non-profit - Private,Yes,Y,3,,7,5,0,5,0,,8,5,1,4,0,,11,6,0,6,0,,8,8,,12,10,
370228.0,"BAILEY MEDICAL CENTER, LLC",10502 NORTH 110TH EAST AVENUE,OWASSO,OK,74055,TULSA,(918) 376-8500,Acute Care Hospitals,Proprietary,Yes,Y,4,,7,1,0,1,0,,8,3,0,3,0,,11,5,0,5,0,,8,8,,12,10,
370247.0,EXCEPTIONAL COMMUNITY HOSPITAL ARDMORE,1641 WOERZ WAY,ARDMORE,OK,73401,CARTER,(469) 341-7800,Acute Care Hospitals,Proprietary,Yes,,Not Available,5,Not Available,Not Available,Not Available,Not Available,Not Available,5,Not Available,Not Available,Not Available,Not Available,Not Available,5,Not Available,Not Available,Not Available,Not Available,Not Available,5,Not Available,Not Available,5,Not Available,Not Available,5
371305.0,ASCENSION ST JOHN NOWATA,237 SOUTH LOCUST STREET,NOWATA,OK,74048,NOWATA,(918) 273-3102,Critical Access Hospitals,Voluntary non-profit - Private,Yes,,Not Available,16,7,Not Available,Not Available,Not Available,Not Available,5,8,Not Available,Not Available,Not Available,Not Available,5,11,1,0,1,0,,8,Not Available,5,12,3,
371317.0,MERCY HOSPITAL LOGAN COUNTY,200 S ACADEMY RD,GUTHRIE,OK,73044,LOGAN,(405) 282-6700,Critical Access Hospitals,Voluntary non-profit - Private,Yes,,Not Available,16,7,Not Available,Not Available,Not Available,Not Available,5,8,2,0,2,0,,11,2,0,2,0,,8,Not Available,5,12,6,
371328.0,ARBUCKLE MEMORIAL HOSPITAL,2011 WEST BROADWAY,SULPHUR,OK,73086,MURRAY,(580) 622-2161,Critical Access Hospitals,Government - Local,Yes,,Not Available,16,7,2,0,2,0,,8,Not Available,Not Available,Not Available,Not Available,5,11,3,0,3,0,,8,Not Available,5,12,4,
371338.0,HARMON MEMORIAL HOSPITAL,400 EAST CHESTNUT STREET,HOLLIS,OK,73550,HARMON,(580) 688-3363,Critical Access Hospitals,Voluntary non-profit - Other,Yes,,Not Available,16,7,1,0,1,0,,8,Not Available,Not Available,Not Available,Not Available,5,11,2,0,2,0,,8,Not Available,5,12,4,
39012.0,VA PITTSBURGH HEALTHCARE SYSTEM - UNIV DR,UNIVERSITY DRIVE,PITTSBURGH,PA,15240,ALLEGHENY,(412) 688-6100,Acute Care - Veterans Administration,Veterans Health Administration,Yes,,3,,7,5,0,5,0,,8,4,0,3,1,,11,6,0,5,1,,8,8,,12,6,
44016.0,MOUNTAIN HOME VA MEDICAL CENTER,CORNER OF LAMONT STREET AND VETERANS WAY,MOUNTAIN HOME,TN,37684,WASHINGTON,(423) 926-1171,Acute Care - Veterans Administration,Veterans Health Administration,Yes,,5,,7,5,2,3,0,,8,4,0,4,0,,11,6,1,5,0,,8,8,,12,5,
45090.0,SAN ANTONIO VA MEDICAL CENTER (VA SOUTH TEXAS HEALTHCARE SYSTEM),7400 MERTON MINTER BLVD.,SAN ANTONIO,TX,78229,BEXAR,(210) 617-5300,Acute Care - Veterans Administration,Veterans Health Administration,Yes,,5,,7,5,2,3,0,,8,4,0,4,0,,11,6,0,6,0,,8,8,,12,6,
50030.0,SEATTLE VA MEDICAL CENTER (VA PUGET SOUND HEALTHCARE SYSTEM),1660 S. COLUMBIAN WAY,SEATTLE,WA,98108,KING,(206) 764-2299,Acute Care - Veterans Administration,Veterans Health Administration,Yes,,5,,7,5,2,3,0,,8,3,1,2,0,,11,5,1,4,0,,8,8,,12,6,
374001.0,NORTHWEST CENTER FOR BEHAVIORAL HEALTH (NCBH),1 MILE EAST US HIGHWAY 270,FORT SUPPLY,OK,73841,WOODWARD,(580) 766-2311,Psychiatric,Government - State,No,,Not Available,19,Not Available,Not Available,Not Available,Not Available,Not Available,19,Not Available,Not Available,Not Available,Not Available,Not Available,19,Not Available,Not Available,Not Available,Not Available,Not Available,19,Not Available,Not Available,19,Not Available,Not Available,19
374027.0,BEHAVIORAL HEALTH CENTER AT PORTER HEALTH VILLAGE,506 WELLNESS WAY,NORMAN,OK,73071,CLEVELAND,(405) 754-1309,Psychiatric,Proprietary,Yes,,Not Available,19,Not Available,Not Available,Not Available,Not Available,Not Available,19,Not Available,Not Available,Not Available,Not Available,Not Available,19,Not Available,Not Available,Not Available,Not Available,Not Available,19,Not Available,Not Available,19,Not Available,Not Available,19
380020.0,MCKENZIE-WILLAMETTE MEDICAL CENTER,1460 G STREET,SPRINGFIELD,OR,97477,LANE,(541) 726-4402,Acute Care Hospitals,Voluntary non-profit - Private,Yes,Y,4,,7,7,0,7,0,,8,6,0,5,1,,11,9,1,8,0,,8,8,,12,9,
380051.0,SALEM HOSPITAL,"890 OAK STREET, SE",SALEM,OR,97301,MARION,(503) 561-5200,Acute Care Hospitals,Voluntary non-profit - Other,Yes,Y,3,,7,7,0,6,1,,8,8,1,6,1,,11,9,2,7,0,,8,8,,12,12,
380091.0,KAISER SUNNYSIDE MEDICAL CENTER,10180 SE SUNNYSIDE ROAD,CLACKAMAS,OR,97015,CLACKAMAS,(503) 652-2880,Acute Care Hospitals,Voluntary non-profit - Other,Yes,Y,4,,7,4,0,4,0,,8,7,3,4,0,,11,3,0,3,0,,8,8,,12,6,
381308.0,SALEM HEALTH WEST VALLEY HOSPITAL,525 SE WASHINGTON STREET,DALLAS,OR,97338,POLK,(503) 623-8301,Critical Access Hospitals,Voluntary non-profit - Private,Yes,,Not Available,16,7,Not Available,Not Available,Not Available,Not Available,5,8,1,0,1,0,,11,1,0,1,0,,8,Not Available,5,12,4,
381318.0,PROVIDENCE HOOD RIVER MEMORIAL HOSPITAL,810 12TH STREET,HOOD RIVER,OR,97031,HOOD RIVER,(541) 386-3911,Critical Access Hospitals,Voluntary non-profit - Church,Yes,Y,4,,7,4,0,4,0,,8,2,0,2,0,,11,7,0,7,0,,8,8,,12,12,
384012.0,CEDAR HILLS HOSPITAL,10300 SW EASTRIDGE STREET,PORTLAND,OR,97225,WASHINGTON,(503) 944-5000,Psychiatric,Proprietary,No,,Not Available,19,Not Available,Not Available,Not Available,Not Available,Not Available,19,Not Available,Not Available,Not Available,Not Available,Not Available,19,Not Available,Not Available,Not Available,Not Available,Not Available,19,Not Available,Not Available,19,Not Available,Not Available,19
390025.0,KENSINGTON HOSPITAL,136 W DIAMOND STREET,PHILADELPHIA,PA,19122,PHILADELPHIA,(215) 426-8100,Acute Care Hospitals,Voluntary non-profit - Other,No,,Not Available,16,7,Not Available,Not Available,Not Available,Not Available,5,8,Not Available,Not Available,Not Available,Not Available,5,11,Not Available,Not Available,Not Available,Not Available,5,8,Not Available,5,12,2,
390041.0,UNIONTOWN HOSPITAL,500 WEST BERKELEY STREET,UNIONTOWN,PA,15401,FAYETTE,(724) 430-5000,Acute Care Hospitals,Voluntary non-profit - Private,Yes,,2,,7,5,0,5,0,,8,6,0,6,0,,11,9,0,9,0,,8,8,,12,10,
390058.0,UPMC CARLISLE,361 ALEXANDER SPRING ROAD,CARLISLE,PA,17015,CUMBERLAND,(717) 249-1212,Acute Care Hospitals,Voluntary non-profit - Private,Yes,Y,3,,7,5,0,5,0,,8,5,0,5,0,,11,9,0,9,0,,8,8,,12,10,
390086.0,PENN HIGHLANDS DUBOIS,100 HOSPITAL AVENUE,DUBOIS,PA,15801,CLEARFIELD,(814) 371-2200,Acute Care Hospitals,Voluntary non-profit - Private,Yes,Y,1,,7,7,0,6,1,,8,7,1,6,0,,11,11,0,11,0,,8,8,,12,11,
390110.0,CONEMAUGH MEMORIAL MEDICAL CENTER,1086 FRANKLIN STREET,JOHNSTOWN,PA,15905,CAMBRIA,(814) 534-9000,Acute Care Hospitals,Proprietary,Yes,Y,2,,7,7,0,7,0,,8,6,1,5,0,,11,8,0,7,1,,8,8,,12,11,
390127.0,PHOENIXVILLE HOSPITAL,140 NUTT ROAD,PHOENIXVILLE,PA,19460,CHESTER,(610) 983-1000,Acute Care Hospitals,Proprietary,Yes,Y,3,,7,6,0,6,0,,8,6,1,5,0,,11,9,0,8,1,,8,8,,12,11,
390151.0,WELLSPAN CHAMBERSBURG HOSPITAL,112 NORTH SEVENTH STREET,CHAMBERSBURG,PA,17201,FRANKLIN,(717) 267-3000,Acute Care Hospitals,Voluntary non-profit - Private,Yes,Y,3,,7,6,0,6,0,,8,6,2,4,0,,11,8,1,7,0,,8,8,,12,11,
390178.0,UPMC HORIZON,110 NORTH MAIN STREET,GREENVILLE,PA,16125,MERCER,(724) 588-2100,Acute Care Hospitals,Voluntary non-profit - Private,Yes,Y,3,,7,3,0,3,0,,8,4,0,4,0,,11,8,0,8,0,,8,8,,12,11,
390203.0,DOYLESTOWN HOSPITAL,595 WEST STATE ST,DOYLESTOWN,PA,18901,BUCKS,(215) 345-2200,Acute Care Hospitals,Voluntary non-profit - Private,Yes,Y,4,,7,7,0,7,0,,8,7,3,4,0,,11,11,1,9,1,,8,8,,12,11,
390231.0,JEFFERSON ABINGTON HOSPITAL,1200 OLD YORK ROAD,ABINGTON,PA,19001,MONTGOMERY,(215) 481-2000,Acute Care Hospitals,Voluntary non-profit - Private,Yes,Y,2,,7,7,2,4,1,,8,8,1,7,0,,11,11,0,9,2,,8,8,,12,11,
390272.0,VALLEY FORGE MEDICAL CENTER,1033 WEST GERMANTOWN PIKE,NORRISTOWN,PA,19403,MONTGOMERY,(610) 539-8500,Acute Care Hospitals,Proprietary,No,,Not Available,16,7,Not Available,Not Available,Not Available,Not Available,5,8,Not Available,Not Available,Not Available,Not Available,5,11,Not Available,Not Available,Not Available,Not Available,5,8,Not Available,5,12,2,
390327.0,WELLSPAN SURGERY AND REHABILITATION HOSPITAL,55 MONUMENT ROAD,YORK,PA,17403,YORK,(717) 812-6100,Acute Care Hospitals,Voluntary non-profit - Private,No,,Not Available,16,7,Not Available,Not Available,Not Available,Not Available,5,8,1,0,1,0,,11,2,1,1,0,,8,Not Available,5,12,3,
390337.0,GEISINGER MEDICAL CENTER MUNCY,255 ROUTE 220 HIGHWAY,MUNCY,PA,17756,LYCOMING,(570) 308-2475,Acute Care Hospitals,Voluntary non-profit - Private,Yes,,Not Available,16,7,Not Available,Not Available,Not Available,Not Available,5,8,2,0,2,0,,11,3,0,3,0,,8,8,,12,7,
391306.0,ENDLESS MOUNTAINS HEALTH SYSTEMS,100 HOSPITAL DRIVE,MONTROSE,PA,18801,SUSQUEHANNA,(570) 278-3801,Critical Access Hospitals,Voluntary non-profit - Private,Yes,,3,,7,3,0,3,0,,8,Not Available,Not Available,Not Available,Not Available,5,11,5,0,5,0,,8,Not Available,5,12,3,
391318.0,UPMC KANE,4372 ROUTE 6,KANE,PA,16735,MC KEAN,(814) 837-8585,Critical Access Hospitals,Voluntary non-profit - Private,Yes,,Not Available,5,Not Available,Not Available,Not Available,Not Available,Not Available,5,Not Available,Not Available,Not Available,Not Available,Not Available,5,Not Available,Not Available,Not Available,Not Available,Not Available,5,Not Available,Not Available,5,Not Available,Not Available,5
394014.0,WERNERSVILLE STATE HOSPITAL,160 MAIN STREET,WERNERSVILLE,PA,19565,BERKS,(610) 670-4100,Psychiatric,Government - State,No,,Not Available,19,Not Available,Not Available,Not Available,Not Available,Not Available,19,Not Available,Not Available,Not Available,Not Available,Not Available,19,Not Available,Not Available,Not Available,Not Available,Not Available,19,Not Available,Not Available,19,Not Available,Not Available,19
394043.0,CLARION PSYCHIATRIC CENTER,TWO HOSPITAL DR RD#3 BOX 188,CLARION,PA,16214,CLARION,(814) 226-9545,Psychiatric,Proprietary,Yes,,Not Available,19,Not Available,Not Available,Not Available,Not Available,Not Available,19,Not Available,Not Available,Not Available,Not Available,Not Available,19,Not Available,Not Available,Not Available,Not Available,Not Available,19,Not Available,Not Available,19,Not Available,Not Available,19
394059.0,GEISINGER BEHAVIORAL HEALTH CENTER NORTHEAST,60 GLENMAURA NATIONAL BOULEVARD,MOOSIC,PA,18507,LACKAWANNA,(570) 301-5000,Psychiatric,Proprietary,No,,Not Available,19,Not Available,Not Available,Not Available,Not Available,Not Available,19,Not Available,Not Available,Not Available,Not Available,Not Available,19,Not Available,Not Available,Not Available,Not Available,Not Available,19,Not Available,Not Available,19,Not Available,Not Available,19
400013.0,HOSPITAL MENONITA DE CAYEY,BO. RINCON SECTOR LAS LOMAS  KM.3.1 CARR 14,CAYEY,PR,737,CAYEY,(787) 535-1001,Acute Care Hospitals,Voluntary non-profit - Private,Yes,Y,Not Available,16,7,Not Available,Not Available,Not Available,Not Available,5,8,2,0,2,0,,11,1,0,1,0,,8,Not Available,5,12,2,
400048.0,HOSPITAL MENONITA GUAYAMA,AVE. PEDRO ALBIZU CAMPOS URB. LA HACIENDA,GUAYAMA,PR,785,GUAYANILLA,(787) 864-4300,Acute Care Hospitals,Voluntary non-profit - Private,Yes,,Not Available,16,7,Not Available,Not Available,Not Available,Not Available,5,8,Not Available,Not Available,Not Available,Not Available,5,11,1,0,1,0,,8,Not Available,5,12,4,
400109.0,HOSPITAL ESPANOL AUXILIO MUTUO SAN PABLO,CALLE SANTA CRUZ NUM 70 URB SANTA CRUZ,BAYAMON,PR,961,BAYAMON,(787) 620-4747,Acute Care Hospitals,Voluntary non-profit - Private,Yes,,1,17,7,4,0,4,0,,8,Not Available,Not Available,Not Available,Not Available,5,11,4,0,2,2,,8,8,,12,Not Available,5
400122.0,PROFESSIONAL HOSPITAL GUAYNABO INC,8 AVE LAS CUMBRES,GUAYNABO,PR,970,GUAYNABO,(787) 740-8787,Acute Care Hospitals,Proprietary,Yes,,Not Available,5,Not Available,Not Available,Not Available,Not Available,Not Available,5,Not Available,Not Available,Not Available,Not Available,Not Available,5,Not Available,Not Available,Not Available,Not Available,Not Available,5,Not Available,Not Available,5,Not Available,Not Available,5
400135.0,HOSPITAL DEL CENTRO COMPRENSIVO DE CANCER,CARR 18 INT  ARR 21  BO MONACILLOS,SAN JUAN,PR,921,SAN JUAN,(787) 772-8300,Acute Care Hospitals,Government - State,Yes,,Not Available,16,7,Not Available,Not Available,Not Available,Not Available,5,8,Not Available,Not Available,Not Available,Not Available,5,11,Not Available,Not Available,Not Available,Not Available,5,8,Not Available,5,12,Not Available,5
410004.0,ROGER WILLIAMS MEDICAL CENTER,825 CHALKSTONE AVENUE,PROVIDENCE,RI,2908,PROVIDENCE,(401) 456-2025,Acute Care Hospitals,Proprietary,Yes,,3,,7,3,0,3,0,,8,6,1,5,0,,11,8,1,7,0,,8,8,,12,8,
414000.0,BUTLER HOSPITAL,345 BLACKSTONE BLVD,PROVIDENCE,RI,2906,PROVIDENCE,(401) 455-6270,Psychiatric,Voluntary non-profit - Private,No,,Not Available,19,Not Available,Not Available,Not Available,Not Available,Not Available,19,Not Available,Not Available,Not Available,Not Available,Not Available,19,Not Available,Not Available,Not Available,Not Available,Not Available,19,Not Available,Not Available,19,Not Available,Not Available,19
420018.0,PRISMA HEALTH RICHLAND HOSPITAL,5 MEDICAL PARK,COLUMBIA,SC,29203,RICHLAND,(803) 296-2548,Acute Care Hospitals,Voluntary non-profit - Private,Yes,Y,3,,7,7,0,7,0,,8,7,1,6,0,,11,8,0,7,1,,8,8,,12,11,
420038.0,PRISMA HEALTH LAURENS COUNTY HOSPITAL,22725 HIGHWAY 76 EAST,CLINTON,SC,29325,LAURENS,(864) 833-9100,Acute Care Hospitals,Voluntary non-profit - Private,Yes,,2,,7,4,0,4,0,,8,2,0,2,0,,11,5,0,5,0,,8,8,,12,8,
420071.0,SELF REGIONAL HEALTHCARE,1325 SPRING STREET,GREENWOOD,SC,29646,GREENWOOD,(864) 227-4111,Acute Care Hospitals,Voluntary non-profit - Private,Yes,Y,3,,7,7,0,7,0,,8,8,1,7,0,,11,10,0,9,1,,8,8,,12,11,
420089.0,EAST COOPER MEDICAL CENTER,2000 HOSPITAL DR,MOUNT PLEASANT,SC,29464,CHARLESTON,(843) 881-0100,Acute Care Hospitals,Proprietary,Yes,Y,5,,7,4,0,4,0,,8,3,1,2,0,,11,7,0,7,0,,8,8,,12,9,
420108.0,UNION MEDICAL CENTER,322 WEST SOUTH STREET,UNION,SC,29379,UNION,(864) 301-2000,Acute Care Hospitals,Voluntary non-profit - Other,Yes,,Not Available,16,7,1,0,1,0,,8,Not Available,Not Available,Not Available,Not Available,5,11,2,0,2,0,,8,Not Available,5,12,6,
424007.0,SPRINGBROOK BEHAVIORAL HEALTH SYSTEM,ONE HAVENWOOD LANE  PO BOX 1005,TRAVELERS REST,SC,29690,GREENVILLE,(864) 834-8013,Psychiatric,Proprietary,No,,Not Available,19,Not Available,Not Available,Not Available,Not Available,Not Available,19,Not Available,Not Available,Not Available,Not Available,Not Available,19,Not Available,Not Available,Not Available,Not Available,Not Available,19,Not Available,Not Available,19,Not Available,Not Available,19
430016.0,AVERA MCKENNAN HOSPITAL & UNIVERSITY HEALTH CENTER,1325 S CLIFF AVE  POST OFFICE BOX 5045,SIOUX FALLS,SD,57117,MINNEHAHA,(605) 322-8000,Acute Care Hospitals,Voluntary non-profit - Private,Yes,Y,3,,7,6,0,6,0,,8,8,1,6,1,,11,9,0,9,0,,8,8,,12,10,
430097.0,SANFORD MEDICAL CENTER ABERDEEN,2905 3RD AVE SE,ABERDEEN,SD,57402,BROWN,(605) 626-4200,Acute Care Hospitals,Voluntary non-profit - Private,Yes,Y,4,,7,3,0,3,0,,8,2,0,2,0,,11,8,0,8,0,,8,8,,12,10,
431309.0,COMMUNITY MEMORIAL HOSPITAL,809 JACKSON,BURKE,SD,57523,GREGORY,(605) 775-2621,Critical Access Hospitals,Voluntary non-profit - Private,Yes,,Not Available,16,7,Not Available,Not Available,Not Available,Not Available,5,8,Not Available,Not Available,Not Available,Not Available,5,11,1,0,1,0,,8,Not Available,5,12,2,
431319.0,HANS P PETERSON MEMORIAL HOSPITAL - CAH,503 W PINE  POST OFFICE BOX 790,PHILIP,SD,57567,HAAKON,(605) 859-2511,Critical Access Hospitals,Voluntary non-profit - Private,Yes,,Not Available,16,7,1,0,1,0,,8,1,0,1,0,,11,2,0,2,0,,8,Not Available,5,12,5,
431329.0,SANFORD CHAMBERLAIN MEDICAL CENTER,300 S BYRON,CHAMBERLAIN,SD,57325,BRULE,(605) 234-5511,Critical Access Hospitals,Voluntary non-profit - Private,Yes,,Not Available,16,7,1,0,1,0,,8,Not Available,Not Available,Not Available,Not Available,5,11,2,0,2,0,,8,Not Available,5,12,5,
431339.0,COTEAU DES PRAIRIES HEALTH CARE SYSTEM,205 ORCHARD DR,SISSETON,SD,57262,ROBERTS,(605) 698-7647,Critical Access Hospitals,Voluntary non-profit - Private,Yes,,Not Available,16,7,2,0,2,0,,8,Not Available,Not Available,Not Available,Not Available,5,11,3,1,2,0,,8,Not Available,5,12,6,
440009.0,CUMBERLAND MEDICAL CENTER,421 S MAIN ST,CROSSVILLE,TN,38555,CUMBERLAND,(931) 484-9511,Acute Care Hospitals,Voluntary non-profit - Private,Yes,Y,4,,7,5,0,5,0,,8,5,1,4,0,,11,7,0,7,0,,8,8,,12,12,
440031.0,ROANE MEDICAL CENTER,8045 ROANE MEDICAL CENTER DRIVE,HARRIMAN,TN,37748,ROANE,(865) 316-1000,Acute Care Hospitals,Government - Hospital District or Authority,Yes,,4,,7,4,0,4,0,,8,3,1,2,0,,11,6,0,6,0,,8,8,,12,10,
440053.0,SAINT THOMAS RUTHERFORD HOSPITAL,1700 MEDICAL CENTER PARKWAY,MURFREESBORO,TN,37129,RUTHERFORD,(615) 396-4100,Acute Care Hospitals,Voluntary non-profit - Church,Yes,Y,2,,7,6,0,6,0,,8,7,2,5,0,,11,8,0,6,2,,8,8,,12,10,
440072.0,DYERSBURG REGIONAL MEDICAL CENTER,400 EAST TICKLE STREET,DYERSBURG,TN,38024,DYER,(731) 285-2410,Acute Care Hospitals,Proprietary,Yes,Y,4,,7,3,0,2,1,,8,3,1,2,0,,11,6,0,5,1,,8,8,,12,12,
440111.0,METRO NASHVILLE GENERAL HOSPITAL,1818 ALBION STREET,NASHVILLE,TN,37208,DAVIDSON,(615) 341-4490,Acute Care Hospitals,Government - Hospital District or Authority,Yes,,Not Available,16,7,Not Available,Not Available,Not Available,Not Available,5,8,4,0,4,0,,11,1,0,1,0,,8,Not Available,5,12,8,
440151.0,SAINT THOMAS RIVER PARK HOSPITAL,1559 SPARTA STREET,MCMINNVILLE,TN,37110,WARREN,(931) 815-4101,Acute Care Hospitals,Voluntary non-profit - Private,Yes,Y,4,,7,3,0,3,0,,8,3,0,3,0,,11,6,0,6,0,,8,8,,12,10,
440184.0,FRANKLIN WOODS COMMUNITY HOSPITAL,300 MED TECH PARKWAY,JOHNSON CITY,TN,37604,WASHINGTON,(423) 302-1120,Acute Care Hospitals,Voluntary non-profit - Private,Yes,Y,4,,7,3,0,3,0,,8,5,1,4,0,,11,5,0,5,0,,8,8,,12,10,
440227.0,TRISTAR STONECREST MEDICAL CENTER,200 STONECREST BOULEVARD,SMYRNA,TN,37167,RUTHERFORD,(615) 768-2000,Acute Care Hospitals,Proprietary,Yes,Y,3,,7,5,0,5,0,,8,5,1,4,0,,11,7,0,7,0,,8,8,,12,10,
441305.0,MACON COMMUNITY HOSPITAL,204 MEDICAL DRIVE,LAFAYETTE,TN,37083,MACON,(615) 666-2147,Critical Access Hospitals,Voluntary non-profit - Private,Yes,,3,,7,3,0,3,0,,8,Not Available,Not Available,Not Available,Not Available,5,11,5,0,5,0,,8,8,,12,6,
441323.0,BIG SOUTH FORK MEDICAL CENTER,18797 ALBERTA STREET,ONEIDA,TN,37841,SCOTT,(423) 286-5300,Critical Access Hospitals,Proprietary,Yes,,Not Available,16,7,Not Available,Not Available,Not Available,Not Available,5,8,Not Available,Not Available,Not Available,Not Available,5,11,Not Available,Not Available,Not Available,Not Available,5,8,Not Available,5,12,2,
444010.0,"PATHWAYS OF TENNESSEE, INC",238 SUMMAR DR,JACKSON,TN,38301,MADISON,(731) 935-8200,Psychiatric,Voluntary non-profit - Private,No,,Not Available,19,Not Available,Not Available,Not Available,Not Available,Not Available,19,Not Available,Not Available,Not Available,Not Available,Not Available,19,Not Available,Not Available,Not Available,Not Available,Not Available,19,Not Available,Not Available,19,Not Available,Not Available,19
444030.0,ASCENSION SAINT THOMAS BEHAVIORAL HEALTH HOSPITAL,300 GREAT CIRCLE ROAD,NASHVILLE,TN,37228,DAVIDSON,(615) 813-1880,Psychiatric,Proprietary,No,,Not Available,19,Not Available,Not Available,Not Available,Not Available,Not Available,19,Not Available,Not Available,Not Available,Not Available,Not Available,19,Not Available,Not Available,Not Available,Not Available,Not Available,19,Not Available,Not Available,19,Not Available,Not Available,19
450021.0,BAYLOR UNIVERSITY MEDICAL CENTER,3500 GASTON AVE,DALLAS,TX,75246,DALLAS,(214) 820-8082,Acute Care Hospitals,Voluntary non-profit - Church,Yes,Y,3,,7,7,1,6,0,,8,8,3,4,1,,11,11,1,7,3,,8,8,,12,10,
450040.0,COVENANT MEDICAL CENTER,3615 19TH STREET,LUBBOCK,TX,79410,LUBBOCK,(806) 725-4431,Acute Care Hospitals,Voluntary non-profit - Private,Yes,,2,,7,7,0,5,2,,8,7,4,3,0,,11,9,2,7,0,,8,8,,12,9,
450068.0,MEMORIAL HERMANN - TEXAS MEDICAL CENTER,6411 FANNIN,HOUSTON,TX,77030,HARRIS,(713) 704-3700,Acute Care Hospitals,Voluntary non-profit - Private,Yes,Y,3,,7,7,1,6,0,,8,7,4,3,0,,11,10,1,9,0,,8,8,,12,12,
450101.0,BAYLOR SCOTT & WHITE MEDICAL CENTER HILLCREST,100 HILLCREST MEDICAL BLVD,WACO,TX,76712,MC LENNAN,(254) 202-2000,Acute Care Hospitals,Voluntary non-profit - Private,Yes,Y,4,,7,6,0,6,0,,8,8,2,6,0,,11,10,0,10,0,,8,8,,12,12,
450135.0,TEXAS HEALTH HARRIS METHODIST HOSPITAL FORT WORTH,1301 PENNSYLVANIA AVENUE,FORT WORTH,TX,76104,TARRANT,(817) 250-2100,Acute Care Hospitals,Voluntary non-profit - Church,Yes,Y,4,,7,7,0,6,1,,8,7,4,3,0,,11,8,0,8,0,,8,8,,12,9,
450163.0,CHRISTUS SPOHN HOSPITAL KLEBERG,1311 EAST GENERAL CAVAZOS BLVD,KINGSVILLE,TX,78363,KLEBERG,(361) 595-1661,Acute Care Hospitals,Voluntary non-profit - Private,Yes,Y,2,,7,4,0,4,0,,8,2,0,2,0,,11,4,0,4,0,,8,8,,12,10,
450210.0,UT HEALTH EAST TEXAS CARTHAGE HOSPITAL,409 COTTAGE RD,CARTHAGE,TX,75633,PANOLA,(903) 693-3841,Acute Care Hospitals,Proprietary,Yes,,Not Available,16,7,2,0,2,0,,8,Not Available,Not Available,Not Available,Not Available,5,11,4,0,4,0,,8,Not Available,5,12,8,
450253.0,BELLVILLE MEDICAL CENTER,44 N CUMMINGS ST,BELLVILLE,TX,77418,AUSTIN,(979) 865-3141,Acute Care Hospitals,Government - Hospital District or Authority,Yes,,Not Available,16,7,Not Available,Not Available,Not Available,Not Available,5,8,1,0,1,0,,11,2,0,2,0,,8,Not Available,5,12,5,
450352.0,HUNT REGIONAL MEDICAL CENTER,4215 JOE RAMSEY BLVD E,GREENVILLE,TX,75401,HUNT,(903) 408-5000,Acute Care Hospitals,Government - Hospital District or Authority,Yes,Y,3,,7,6,0,6,0,,8,7,0,7,0,,11,8,0,7,1,,8,8,,12,11,
450400.0,PARKVIEW REGIONAL HOSPITAL,600 SOUTH BONHAM STREET,MEXIA,TX,76667,LIMESTONE,(254) 562-5332,Acute Care Hospitals,Proprietary,Yes,,Not Available,16,7,1,0,1,0,,8,1,0,1,0,,11,3,0,2,1,,8,Not Available,5,12,7,
450462.0,TEXAS HEALTH PRESBYTERIAN HOSPITAL DALLAS,8200 WALNUT HILL LANE,DALLAS,TX,75231,DALLAS,(214) 345-6789,Acute Care Hospitals,Voluntary non-profit - Private,Yes,Y,4,,7,7,0,7,0,,8,8,3,5,0,,11,9,3,5,1,,8,8,,12,10,
450539.0,COVENANT HOSPITAL PLAINVIEW,2601 DIMMITT RD,PLAINVIEW,TX,79072,HALE,(806) 296-5531,Acute Care Hospitals,Voluntary non-profit - Private,Yes,Y,Not Available,16,7,2,0,2,0,,8,2,0,2,0,,11,5,0,5,0,,8,8,,12,10,
450610.0,MEMORIAL HERMANN MEMORIAL CITY HOSPITAL,921 GESSNER,HOUSTON,TX,77024,HARRIS,(713) 242-3000,Acute Care Hospitals,Voluntary non-profit - Private,Yes,Y,3,,7,7,2,5,0,,8,7,1,6,0,,11,8,1,6,1,,8,8,,12,12,
450653.0,SCENIC MOUNTAIN MEDICAL CENTER,1601 W 11TH PLACE,BIG SPRING,TX,79720,HOWARD,(432) 263-1211,Acute Care Hospitals,Proprietary,Yes,Y,Not Available,16,7,2,0,2,0,,8,2,0,2,0,,11,4,0,4,0,,8,Not Available,5,12,9,
450672.0,MEDICAL CITY FORT WORTH,900 EIGHTH AVENUE,FORT WORTH,TX,76104,TARRANT,(817) 336-2100,Acute Care Hospitals,Proprietary,Yes,,2,,7,7,0,7,0,,8,7,2,5,0,,11,9,0,7,2,,8,8,,12,8,
450698.0,LAMB HEALTHCARE CENTER,1500 S SUNSET,LITTLEFIELD,TX,79339,LAMB,(806) 385-6411,Acute Care Hospitals,Government - Local,Yes,Y,Not Available,16,7,Not Available,Not Available,Not Available,Not Available,5,8,Not Available,Not Available,Not Available,Not Available,5,11,Not Available,Not Available,Not Available,Not Available,5,8,Not Available,5,12,6,
450747.0,PALESTINE REGIONAL MEDICAL CENTER,2900 S LOOP 256,PALESTINE,TX,75801,ANDERSON,(903) 731-1000,Acute Care Hospitals,Proprietary,Yes,Y,2,,7,5,0,5,0,,8,4,1,3,0,,11,6,0,6,0,,8,8,,12,10,
450809.0,NORTH AUSTIN MEDICAL CENTER,12221 MOPAC EXPRESSWAY NORTH,AUSTIN,TX,78758,TRAVIS,(512) 901-1000,Acute Care Hospitals,Proprietary,Yes,Y,3,,7,6,0,6,0,,8,8,2,6,0,,11,8,0,7,1,,8,8,,12,10,
450844.0,HOUSTON METHODIST WILLOWBROOK HOSPITAL,18220 STATE HIGHWAY 249,HOUSTON,TX,77070,HARRIS,(281) 477-1000,Acute Care Hospitals,Voluntary non-profit - Private,Yes,Y,5,,7,7,3,4,0,,8,8,3,5,0,,11,11,0,11,0,,8,8,,12,12,
450865.0,ASCENSION SETON  SOUTHWEST,7900 FM 1826,AUSTIN,TX,78737,HAYS,(512) 324-9000,Acute Care Hospitals,Voluntary non-profit - Private,Yes,,Not Available,16,7,1,0,1,0,,8,1,0,1,0,,11,4,0,4,0,,8,Not Available,5,12,7,
450888.0,TEXAS HEALTH HARRIS METHODIST HOSPITAL SOUTHLAKE,1545 E SOUTHLAKE BLVD,SOUTHLAKE,TX,76092,TARRANT,(817) 748-8700,Acute Care Hospitals,Government - State,Yes,,Not Available,16,7,Not Available,Not Available,Not Available,Not Available,5,8,2,0,2,0,,11,3,0,3,0,,8,Not Available,5,12,5,
451306.0,KIMBLE HOSPITAL,349 REID ROAD,JUNCTION,TX,76849,KIMBLE,(325) 446-3321,Critical Access Hospitals,Proprietary,Yes,,Not Available,16,7,Not Available,Not Available,Not Available,Not Available,5,8,Not Available,Not Available,Not Available,Not Available,5,11,1,0,1,0,,8,Not Available,5,12,3,
451316.0,MADISON ST JOSEPH HEALTH CENTER,100 WEST CROSS STREET,MADISONVILLE,TX,77864,MADISON,(936) 348-2631,Critical Access Hospitals,Voluntary non-profit - Other,Yes,,Not Available,16,7,Not Available,Not Available,Not Available,Not Available,5,8,Not Available,Not Available,Not Available,Not Available,5,11,Not Available,Not Available,Not Available,Not Available,5,8,Not Available,5,12,4,
451329.0,RANKIN HOSPITAL MEDICAL CLINIC,1611 SPUR 576,RANKIN,TX,79778,UPTON,(432) 693-2443,Critical Access Hospitals,Government - Hospital District or Authority,Yes,,Not Available,16,7,Not Available,Not Available,Not Available,Not Available,5,8,Not Available,Not Available,Not Available,Not Available,5,11,Not Available,Not Available,Not Available,Not Available,5,8,Not Available,5,12,1,
451340.0,SHAMROCK GENERAL HOSPITAL,1000 SOUTH MAIN STREET,SHAMROCK,TX,79079,WHEELER,(806) 256-2114,Critical Access Hospitals,Government - Hospital District or Authority,Yes,,Not Available,16,7,Not Available,Not Available,Not Available,Not Available,5,8,Not Available,Not Available,Not Available,Not Available,5,11,Not Available,Not Available,Not Available,Not Available,5,8,Not Available,5,12,3,
451351.0,LYNN COUNTY HOSPITAL DISTRICT,2600 LOCKWOOD STREET,TAHOKA,TX,79373,LYNN,(806) 998-4533,Critical Access Hospitals,Government - Hospital District or Authority,Yes,,Not Available,16,7,Not Available,Not Available,Not Available,Not Available,5,8,Not Available,Not Available,Not Available,Not Available,5,11,1,0,1,0,,8,Not Available,5,12,3,
451363.0,JACKSON HEALTHCARE CENTER,1013 S WELLS,EDNA,TX,77957,JACKSON,(361) 782-7800,Critical Access Hospitals,Government - Hospital District or Authority,Yes,,Not Available,16,7,1,0,1,0,,8,Not Available,Not Available,Not Available,Not Available,5,11,1,0,1,0,,8,Not Available,5,12,3,
451374.0,BAYLOR SCOTT & WHITE MEDICAL CENTER -TAYLOR,305 MALLARD,TAYLOR,TX,76574,WILLIAMSON,(512) 352-7611,Critical Access Hospitals,Voluntary non-profit - Private,Yes,,Not Available,16,7,1,0,1,0,,8,Not Available,Not Available,Not Available,Not Available,5,11,2,0,2,0,,8,Not Available,5,12,6,
451385.0,GOODALL WITCHER HOSPITAL,101 POSEY AVENUE,CLIFTON,TX,76634,BOSQUE,(254) 675-8322,Critical Access Hospitals,Government - Hospital District or Authority,Yes,Y,Not Available,16,7,1,0,1,0,,8,Not Available,Not Available,Not Available,Not Available,5,11,2,1,1,0,,8,Not Available,5,12,7,
451396.0,MID COAST MEDICAL CENTER - CENTRAL,200 W OLLIE,LLANO,TX,78643,LLANO,(325) 247-5040,Critical Access Hospitals,Physician,Yes,,Not Available,16,7,Not Available,Not Available,Not Available,Not Available,5,8,Not Available,Not Available,Not Available,Not Available,5,11,Not Available,Not Available,Not Available,Not Available,5,8,Not Available,5,12,3,
453310.0,DELL CHILDREN'S MEDICAL CENTER,4900 MUELLER BLVD,AUSTIN,TX,78723,TRAVIS,(512) 324-0000,Childrens,Voluntary non-profit - Private,Yes,,Not Available,19,Not Available,Not Available,Not Available,Not Available,Not Available,19,Not Available,Not Available,Not Available,Not Available,Not Available,19,Not Available,Not Available,Not Available,Not Available,Not Available,19,Not Available,Not Available,19,Not Available,Not Available,19
454000.0,BIG SPRING STATE HOSPITAL,1901 NORTH HIGHWAY 87,BIG SPRING,TX,79721,HOWARD,(432) 268-7222,Psychiatric,Government - State,No,,Not Available,19,Not Available,Not Available,Not Available,Not Available,Not Available,19,Not Available,Not Available,Not Available,Not Available,Not Available,19,Not Available,Not Available,Not Available,Not Available,Not Available,19,Not Available,Not Available,19,Not Available,Not Available,19
454060.0,LAUREL RIDGE TREATMENT CENTER,17720 CORPORATE WOODS DRIVE,SAN ANTONIO,TX,78259,BEXAR,(512) 491-9400,Psychiatric,Proprietary,No,,Not Available,19,Not Available,Not Available,Not Available,Not Available,Not Available,19,Not Available,Not Available,Not Available,Not Available,Not Available,19,Not Available,Not Available,Not Available,Not Available,Not Available,19,Not Available,Not Available,19,Not Available,Not Available,19
454101.0,ALLEGIANCE BEHAVIORAL HEALTH CENTER OF PLAINVIEW,"2601 DIMMITT ROAD, SUITE 400",PLAINVIEW,TX,79072,HALE,(806) 296-9191,Psychiatric,Proprietary,Yes,,Not Available,19,Not Available,Not Available,Not Available,Not Available,Not Available,19,Not Available,Not Available,Not Available,Not Available,Not Available,19,Not Available,Not Available,Not Available,Not Available,Not Available,19,Not Available,Not Available,19,Not Available,Not Available,19
454119.0,CARROLLTON SPRINGS,2225 PARKER ROAD,CARROLLTON,TX,75010,DENTON,(972) 242-4114,Psychiatric,Proprietary,No,,Not Available,19,Not Available,Not Available,Not Available,Not Available,Not Available,19,Not Available,Not Available,Not Available,Not Available,Not Available,19,Not Available,Not Available,Not Available,Not Available,Not Available,19,Not Available,Not Available,19,Not Available,Not Available,19
454132.0,SAN ANTONIO BEHAVIORAL HEALTHCARE HOSPITAL,8550 HUEBNER ROAD,SAN ANTONIO,TX,78240,BEXAR,(210) 541-5300,Psychiatric,Proprietary,No,,Not Available,19,Not Available,Not Available,Not Available,Not Available,Not Available,19,Not Available,Not Available,Not Available,Not Available,Not Available,19,Not Available,Not Available,Not Available,Not Available,Not Available,19,Not Available,Not Available,19,Not Available,Not Available,19
454149.0,PERIMETER BEHAVIORAL HOSPITAL OF DALLAS,2696 W WALNUT STREET,GARLAND,TX,75042,DALLAS,(972) 370-5517,Psychiatric,Proprietary,No,,Not Available,19,Not Available,Not Available,Not Available,Not Available,Not Available,19,Not Available,Not Available,Not Available,Not Available,Not Available,19,Not Available,Not Available,Not Available,Not Available,Not Available,19,Not Available,Not Available,19,Not Available,Not Available,19
454161.0,MEDICAL CITY MENTAL HEALTH AND WELLNESS CENTER,5680 FRISCO SQUARE BLVD SUITE 3000,FRISCO,TX,75034,DENTON,(469) 535-8001,Psychiatric,Proprietary,No,,Not Available,19,Not Available,Not Available,Not Available,Not Available,Not Available,19,Not Available,Not Available,Not Available,Not Available,Not Available,19,Not Available,Not Available,Not Available,Not Available,Not Available,19,Not Available,Not Available,19,Not Available,Not Available,19
460013.0,MOUNTAIN VIEW HOSPITAL,1000 EAST 100 NORTH,PAYSON,UT,84651,UTAH,(801) 465-7100,Acute Care Hospitals,Proprietary,Yes,Y,5,,7,3,0,3,0,,8,3,1,2,0,,11,6,0,5,1,,8,8,,12,10,
460041.0,HOLY CROSS HOSPITAL-DAVIS,1600 WEST ANTELOPE DRIVE,LAYTON,UT,84041,DAVIS,(801) 807-7000,Acute Care Hospitals,Voluntary non-profit - Private,Yes,Y,4,,7,5,0,5,0,,8,6,0,6,0,,11,7,1,6,0,,8,8,,12,10,
460060.0,LONE PEAK HOSPITAL,11925 SOUTH STATE STREET,DRAPER,UT,84020,SALT LAKE,(801) 545-8000,Acute Care Hospitals,Proprietary,Yes,Y,5,,7,2,0,2,0,,8,3,0,3,0,,11,6,2,4,0,,8,8,,12,10,
461307.0,INTERMOUNTAIN HEALTH HEBER VALLEY HOSPITAL,454 EAST MEDICAL WAY,HEBER CITY,UT,84032,WASATCH,(435) 654-2500,Critical Access Hospitals,Voluntary non-profit - Private,Yes,Y,Not Available,16,7,Not Available,Not Available,Not Available,Not Available,5,8,Not Available,Not Available,Not Available,Not Available,5,11,4,0,4,0,,8,8,,12,10,
464014.0,ASPEN GROVE BEHAVIORAL HOSPITAL,1350 EAST 750 NORTH,OREM,UT,84097,UTAH,(801) 852-2273,Psychiatric,Proprietary,No,,Not Available,19,Not Available,Not Available,Not Available,Not Available,Not Available,19,Not Available,Not Available,Not Available,Not Available,Not Available,19,Not Available,Not Available,Not Available,Not Available,Not Available,19,Not Available,Not Available,19,Not Available,Not Available,19
471303.0,NORTHEASTERN VERMONT REGIONAL HOSPITAL,1315 HOSPITAL DRIVE,SAINT JOHNSBURY,VT,5819,CALEDONIA,(802) 748-7400,Critical Access Hospitals,Voluntary non-profit - Private,Yes,Y,3,,7,5,0,5,0,,8,2,0,2,0,,11,4,0,4,0,,8,8,,12,2,
490004.0,SENTARA RMH MEDICAL CENTER,2010 HEALTH CAMPUS DRIVE,HARRISONBURG,VA,22801,HARRISONBURG CITY,(540) 689-1000,Acute Care Hospitals,Voluntary non-profit - Private,Yes,Y,4,,7,7,1,6,0,,8,7,1,6,0,,11,11,0,11,0,,8,8,,12,12,
490022.0,MARY WASHINGTON HOSPITAL,1001 SAM PERRY BOULEVARD,FREDERICKSBURG,VA,22401,FREDERICKSBURG CITY,(540) 741-1100,Acute Care Hospitals,Voluntary non-profit - Private,Yes,Y,2,23,7,7,0,7,0,,8,7,2,4,1,23,11,11,0,7,4,,8,8,,12,11,
490043.0,INOVA LOUDOUN HOSPITAL,44045 RIVERSIDE PARKWAY,LEESBURG,VA,20176,LOUDOUN,(703) 858-6600,Acute Care Hospitals,Voluntary non-profit - Private,Yes,Y,5,,7,6,2,4,0,,8,7,1,6,0,,11,10,0,9,1,,8,8,,12,12,
490060.0,CLINCH VALLEY MEDICAL CENTER,6801 Governor GC Perry Highway,RICHLANDS,VA,24641,TAZEWELL,(276) 596-6000,Acute Care Hospitals,Proprietary,Yes,Y,3,,7,5,0,5,0,,8,4,1,3,0,,11,8,0,8,0,,8,8,,12,11,
490090.0,"SOUTHSIDE COMMUNITY HOSPITAL, INC",800 OAK STREET,FARMVILLE,VA,23901,PRINCE EDWARD,(434) 392-8811,Acute Care Hospitals,Voluntary non-profit - Private,Yes,Y,4,,7,5,0,5,0,,8,3,0,3,0,,11,8,0,8,0,,8,8,,12,10,
490111.0,WYTHE COUNTY COMMUNITY HOSPITAL,600 WEST RIDGE ROAD,WYTHEVILLE,VA,24382,WYTHE,(276) 228-0200,Acute Care Hospitals,Proprietary,Yes,Y,4,,7,4,0,4,0,,8,3,0,3,0,,11,7,0,7,0,,8,8,,12,10,
490122.0,INOVA MOUNT VERNON HOSPITAL,2501 PARKERS LANE,ALEXANDRIA,VA,22306,FAIRFAX,(703) 664-7105,Acute Care Hospitals,Voluntary non-profit - Private,Yes,,3,,7,6,0,6,0,,8,6,0,6,0,,11,7,0,6,1,,8,8,,12,10,
491300.0,BATH COMMUNITY HOSPITAL,106 PARK DRIVE- PO DRAWER Z,HOT SPRINGS,VA,24445,BATH,(540) 839-7000,Critical Access Hospitals,Voluntary non-profit - Private,Yes,,Not Available,16,7,1,0,1,0,,8,Not Available,Not Available,Not Available,Not Available,5,11,3,0,3,0,,8,Not Available,5,12,5,
494010.0,NORTHERN VIRGINIA MENTAL HEALTH INSTI,3302 GALLOWS RD,FALLS CHURCH,VA,22042,FAIRFAX,(703) 207-7100,Psychiatric,Government - State,No,,Not Available,19,Not Available,Not Available,Not Available,Not Available,Not Available,19,Not Available,Not Available,Not Available,Not Available,Not Available,19,Not Available,Not Available,Not Available,Not Available,Not Available,19,Not Available,Not Available,19,Not Available,Not Available,19
500003.0,SKAGIT VALLEY HOSPITAL,1415 KINCAID STREET,MOUNT VERNON,WA,98274,SKAGIT,(360) 424-4111,Acute Care Hospitals,Government - Hospital District or Authority,Yes,Y,3,,7,6,0,5,1,,8,7,1,6,0,,11,10,1,8,1,,8,8,,12,12,
500024.0,PROVIDENCE ST PETER HOSPITAL,413 LILLY ROAD NE,OLYMPIA,WA,98506,THURSTON,(360) 493-7179,Acute Care Hospitals,Voluntary non-profit - Private,Yes,Y,3,,7,7,0,7,0,,8,8,3,5,0,,11,11,1,8,2,,8,8,,12,11,
500041.0,PEACEHEALTH ST JOHN MEDICAL CENTER,1615 DELAWARE STREET,LONGVIEW,WA,98632,COWLITZ,(360) 414-2000,Acute Care Hospitals,Voluntary non-profit - Church,Yes,Y,3,,7,6,0,5,1,,8,7,1,5,1,,11,10,1,9,0,,8,8,,12,11,
500072.0,OLYMPIC MEDICAL CENTER,939 CAROLINE ST,PORT ANGELES,WA,98362,CLALLAM,(360) 417-7000,Acute Care Hospitals,Government - Local,Yes,Y,3,,7,5,0,4,1,,8,5,0,5,0,,11,8,3,5,0,,8,8,,12,12,
500141.0,ST FRANCIS COMMUNITY HOSPITAL,34515 9TH AVENUE SOUTH,FEDERAL WAY,WA,98003,KING,(253) 944-8100,Acute Care Hospitals,Voluntary non-profit - Church,Yes,Y,3,,7,6,0,6,0,,8,6,0,6,0,,11,7,0,7,0,,8,8,,12,10,
501307.0,ODESSA MEMORIAL HEALTHCARE CENTER,502 E AMENDE DRIVE,ODESSA,WA,99159,LINCOLN,(509) 982-2611,Critical Access Hospitals,Government - Hospital District or Authority,Yes,,Not Available,16,7,Not Available,Not Available,Not Available,Not Available,5,8,Not Available,Not Available,Not Available,Not Available,5,11,Not Available,Not Available,Not Available,Not Available,5,8,Not Available,5,12,1,
501317.0,COLUMBIA BASIN HOSPITAL,200 NAT WASHINGTON WAY,EPHRATA,WA,98823,GRANT,(509) 754-4631,Critical Access Hospitals,Government - Hospital District or Authority,Yes,,Not Available,16,7,1,0,1,0,,8,Not Available,Not Available,Not Available,Not Available,5,11,1,0,1,0,,8,Not Available,5,12,5,
501327.0,WHITMAN HOSPITAL AND MEDICAL CENTER,1200 WEST FAIRVIEW,COLFAX,WA,99111,WHITMAN,(509) 397-3435,Critical Access Hospitals,Government - Hospital District or Authority,Yes,Y,Not Available,5,7,Not Available,Not Available,Not Available,Not Available,5,8,Not Available,Not Available,Not Available,Not Available,5,11,3,0,3,0,,8,Not Available,5,12,6,
501337.0,LOURDES MEDICAL CENTER,520 N FOURTH AVENUE,PASCO,WA,99301,FRANKLIN,(509) 546-2278,Critical Access Hospitals,Voluntary non-profit - Church,Yes,,3,,7,4,0,4,0,,8,1,0,1,0,,11,7,0,7,0,,8,8,,12,7,
504009.0,NAVOS - INPATIENT SERVICES,2600 SOUTHWEST HOLDEN,SEATTLE,WA,98126,KING,(206) 933-7299,Psychiatric,Voluntary non-profit - Private,No,,Not Available,19,Not Available,Not Available,Not Available,Not Available,Not Available,19,Not Available,Not Available,Not Available,Not Available,Not Available,19,Not Available,Not Available,Not Available,Not Available,Not Available,19,Not Available,Not Available,19,Not Available,Not Available,19
510008.0,BERKELEY MEDICAL CENTER,2500 HOSPITAL DRIVE,MARTINSBURG,WV,25401,BERKELEY,(304) 264-1000,Acute Care Hospitals,Voluntary non-profit - Private,Yes,Y,1,,7,6,0,6,0,,8,6,0,5,1,,11,10,0,9,1,,8,8,,12,11,
510048.0,LOGAN REGIONAL MEDICAL CENTER,20 HOSPITAL DRIVE,LOGAN,WV,25601,LOGAN,(304) 831-1101,Acute Care Hospitals,Proprietary,Yes,Y,4,,7,3,0,3,0,,8,5,0,5,0,,11,6,0,6,0,,8,8,,12,10,
510094.0,WILLIAMSON MEMORIAL INC,859 ALDERSON ST,WILLIAMSON,WV,25661,MINGO,(304) 235-2500,Acute Care Hospitals,Voluntary non-profit - Private,No,,Not Available,19,Not Available,Not Available,Not Available,Not Available,Not Available,19,Not Available,Not Available,Not Available,Not Available,Not Available,19,Not Available,Not Available,Not Available,Not Available,Not Available,19,Not Available,Not Available,19,Not Available,Not Available,19
511311.0,HAMPSHIRE MEMORIAL HOSPITAL,363 SUNRISE BOULEVARD,ROMNEY,WV,26757,HAMPSHIRE,(304) 822-4561,Critical Access Hospitals,Voluntary non-profit - Private,Yes,,Not Available,16,7,1,0,1,0,,8,Not Available,Not Available,Not Available,Not Available,5,11,2,0,2,0,,8,Not Available,5,12,7,
511321.0,"ST JOSEPH'S HOSPITAL OF BUCKHANNON, INC",1 AMALIA DRIVE,BUCKHANNON,WV,26201,UPSHUR,(304) 472-2000,Critical Access Hospitals,Voluntary non-profit - Private,Yes,Y,Not Available,16,7,2,0,1,1,,8,1,0,1,0,,11,5,1,4,0,,8,8,,12,10,
520009.0,ASCENSION NE WISCONSIN - ST ELIZABETH CAMPUS,1506 S ONEIDA ST,APPLETON,WI,54915,OUTAGAMIE,(920) 738-2000,Acute Care Hospitals,Voluntary non-profit - Private,Yes,Y,4,,7,6,0,6,0,,8,7,1,6,0,,11,11,1,10,0,,8,8,,12,10,
520038.0,AURORA MEDICAL CTR WASHINGTON COUNTY,1032 E SUMNER ST,HARTFORD,WI,53027,WASHINGTON,(262) 673-2300,Acute Care Hospitals,Voluntary non-profit - Private,Yes,,4,,7,3,0,3,0,,8,2,0,2,0,,11,6,2,4,0,,8,8,,12,9,
520066.0,MERCY HEALTH SYSTEM CORP,1000 MINERAL POINT AVE,JANESVILLE,WI,53547,ROCK,(608) 756-6161,Acute Care Hospitals,Voluntary non-profit - Private,Yes,Y,3,,7,7,0,7,0,,8,7,1,6,0,,11,11,0,9,2,,8,8,,12,11,
520091.0,HOWARD YOUNG MEDICAL CENTER,240 MAPLE ST,WOODRUFF,WI,54568,VILAS,(715) 356-8000,Acute Care Hospitals,Voluntary non-profit - Church,Yes,,4,,7,4,0,4,0,,8,2,0,2,0,,11,5,1,4,0,,8,8,,12,9,
520113.0,BAY AREA MEDICAL CENTER,3003 UNIVERSITY DR,MARINETTE,WI,54143,MARINETTE,(715) 735-4200,Acute Care Hospitals,Voluntary non-profit - Private,Yes,Y,3,,7,4,0,4,0,,8,2,0,2,0,,11,8,0,7,1,,8,8,,12,11,
520196.0,OAKLEAF SURGICAL HOSPITAL,1000 OAKLEAF WAY,ALTOONA,WI,54720,EAU CLAIRE,(715) 895-9435,Acute Care Hospitals,Physician,No,,Not Available,16,7,Not Available,Not Available,Not Available,Not Available,5,8,2,0,2,0,,11,4,0,4,0,,8,8,,12,4,
520214.0,ASCENSION WISCONSIN HOSP MENOMONEE FALLS CAMPUS,"N88W14275 MAIN STREET, SUITE 100",MENOMONEE FALLS,WI,53051,WAUKESHA,(262) 415-2001,Acute Care Hospitals,Proprietary,Yes,,Not Available,16,7,Not Available,Not Available,Not Available,Not Available,5,8,Not Available,Not Available,Not Available,Not Available,5,11,1,0,1,0,,8,Not Available,5,12,6,
521310.0,HSHS ST CLARE MEMORIAL HOSPITAL,855 S MAIN ST,OCONTO FALLS,WI,54154,OCONTO,(920) 846-3444,Critical Access Hospitals,Voluntary non-profit - Private,Yes,,Not Available,16,7,Not Available,Not Available,Not Available,Not Available,5,8,1,0,1,0,,11,2,0,2,0,,8,Not Available,5,12,7,
521320.0,TOMAH MEMORIAL HOSPITAL,501 GOPHER DR,TOMAH,WI,54660,MONROE,(608) 372-2181,Critical Access Hospitals,Voluntary non-profit - Private,Yes,,Not Available,16,7,2,0,2,0,,8,Not Available,Not Available,Not Available,Not Available,5,11,7,0,7,0,,8,8,,12,7,
521330.0,CROSSING RIVERS HEALTH MEDICAL CENTER,37868 US HWY 18,PRAIRIE DU CHIEN,WI,53821,CRAWFORD,(608) 357-2000,Critical Access Hospitals,Voluntary non-profit - Private,Yes,Y,Not Available,16,7,2,0,2,0,,8,1,0,1,0,,11,4,1,3,0,,8,8,,12,6,
521340.0,MAYO CLINIC HEALTH SYSTEM-RED CEDAR INC,2321 STOUT RD,MENOMONIE,WI,54751,DUNN,(715) 235-5531,Critical Access Hospitals,Voluntary non-profit - Private,Yes,,4,,7,3,0,3,0,,8,1,0,1,0,,11,6,0,6,0,,8,8,,12,7,
521350.0,LANGLADE HOSPITAL,112 E FIFTH AVE,ANTIGO,WI,54409,LANGLADE,(715) 623-2331,Critical Access Hospitals,Voluntary non-profit - Church,Yes,Y,Not Available,16,7,2,0,2,0,,8,1,0,1,0,,11,6,0,6,0,,8,8,,12,8,
523300.0,CHILDRENS HOSPITAL OF WISCONSIN,9000 W WISCONSIN AVE,MILWAUKEE,WI,53226,MILWAUKEE,(414) 266-3954,Childrens,Voluntary non-profit - Other,Yes,,Not Available,19,Not Available,Not Available,Not Available,Not Available,Not Available,19,Not Available,Not Available,Not Available,Not Available,Not Available,19,Not Available,Not Available,Not Available,Not Available,Not Available,19,Not Available,Not Available,19,Not Available,Not Available,19
524026.0,WAUKESHA COUNTY MENTAL HEALTH CTR,1501 AIRPORT RD,WAUKESHA,WI,53188,WAUKESHA,(262) 548-7950,Psychiatric,Government - Local,No,,Not Available,19,Not Available,Not Available,Not Available,Not Available,Not Available,19,Not Available,Not Available,Not Available,Not Available,Not Available,19,Not Available,Not Available,Not Available,Not Available,Not Available,19,Not Available,Not Available,19,Not Available,Not Available,19
530014.0,CHEYENNE REGIONAL MEDICAL CENTER,214 EAST 23RD STREET,CHEYENNE,WY,82001,LARAMIE,(307) 633-2273,Acute Care Hospitals,Voluntary non-profit - Other,Yes,Y,3,,7,6,0,6,0,,8,7,0,7,0,,11,10,0,10,0,,8,8,,12,10,
531307.0,COMMUNITY HOSPITAL,2000 CAMPBELL DRIVE,TORRINGTON,WY,82240,GOSHEN,(307) 532-4181,Critical Access Hospitals,Voluntary non-profit - Private,Yes,,Not Available,16,7,2,0,2,0,,8,Not Available,Not Available,Not Available,Not Available,5,11,5,0,5,0,,8,Not Available,5,12,8,
531317.0,NORTH PLATTE VALLEY MEDICAL CENTER,1300 WEST BRIDGE AVE,SARATOGA,WY,82331,CARBON,(307) 326-3169,Critical Access Hospitals,Voluntary non-profit - Private,Yes,,Not Available,19,Not Available,Not Available,Not Available,Not Available,Not Available,19,Not Available,Not Available,Not Available,Not Available,Not Available,19,Not Available,Not Available,Not Available,Not Available,Not Available,19,Not Available,Not Available,19,Not Available,Not Available,19
670008.0,MEMORIAL HERMANN HOUSTON PHYSICIANS HOSPITAL,"333 N TEXAS AVENUE, SUITE 1000",WEBSTER,TX,77598,HARRIS,(281) 335-1700,Acute Care Hospitals,Physician,Yes,,Not Available,16,7,Not Available,Not Available,Not Available,Not Available,5,8,2,0,2,0,,11,3,0,2,1,,8,8,,12,7,
670049.0,NORTH CENTRAL SURGICAL CENTER LLP,9301 NORTH CENTRAL EXPRESSWAY SUITE 100,DALLAS,TX,75231,DALLAS,(214) 265-2810,Acute Care Hospitals,Voluntary non-profit - Other,Yes,,Not Available,16,7,Not Available,Not Available,Not Available,Not Available,5,8,2,0,2,0,,11,4,0,3,1,,8,8,,12,7,
670069.0,METHODIST MCKINNEY HOSPITAL,8000 W ELDORADO PKWY BLDG C SUITE C,MCKINNEY,TX,75070,COLLIN,(214) 491-5710,Acute Care Hospitals,Proprietary,Yes,,Not Available,16,7,Not Available,Not Available,Not Available,Not Available,5,8,2,0,1,1,,11,3,0,3,0,,8,8,,12,4,
670088.0,BAYLOR SCOTT & WHITE MEDICAL CENTER- COLLEGE STATI,700 SCOTT & WHITE DRIVE,COLLEGE STATION,TX,77845,BRAZOS,(979) 691-3701,Acute Care Hospitals,Voluntary non-profit - Private,Yes,Y,4,,7,7,0,7,0,,8,8,1,7,0,,11,11,0,9,2,,8,8,,12,12,
670112.0,LEGENT ORTHOPEDIC + SPINE,5330 NORTH LOOP 1604 WEST,SAN ANTONIO,TX,78249,BEXAR,(717) 620-2424,Acute Care Hospitals,Proprietary,No,,Not Available,16,7,Not Available,Not Available,Not Available,Not Available,5,8,2,0,2,0,,11,3,1,1,1,,8,8,,12,4,
670134.0,ALTUS LUMBERTON HOSPITAL,220 BLANCO ST,LUMBERTON,TX,77657,HARDIN,(409) 227-0520,Acute Care Hospitals,Proprietary,Yes,,Not Available,16,7,Not Available,Not Available,Not Available,Not Available,5,8,Not Available,Not Available,Not Available,Not Available,5,11,1,0,1,0,,8,Not Available,5,12,4,
670314.0,ST MICHAELS MEDICAL HOSPITAL LLC,"16000 SOUTHWEST FREEWAY, SUITE 100",SUGAR LAND,TX,77479,FORT BEND,(281) 980-4357,Acute Care Hospitals,Proprietary,Yes,,Not Available,16,7,Not Available,Not Available,Not Available,Not Available,5,8,Not Available,Not Available,Not Available,Not Available,5,11,Not Available,Not Available,Not Available,Not Available,5,8,Not Available,5,12,5,
670780.0,FALLS COMMUNITY HOSPITAL AND CLINIC,322 COLEMAN STREET,MARLIN,TX,76661,FALLS,(254) 803-3561,Rural Emergency Hospital,Voluntary non-profit - Private,Yes,,Not Available,19,Not Available,Not Available,Not Available,Not Available,Not Available,19,Not Available,Not Available,Not Available,Not Available,Not Available,19,Not Available,Not Available,Not Available,Not Available,Not Available,19,Not Available,Not Available,19,Not Available,Not Available,19
