facility_id,facility_name,address,city,state,zip_code,county,telephone_number,hospital_type,hospital_ownership,emergency_services,meets_criteria_for_birthing_friendly_designation,hospital_overall_rating,hospital_overall_rating_footnote,mort_group_measure_count,count_of_facility_mort_measures,count_of_mort_measures_better,count_of_mort_measures_no_different,count_of_mort_measures_worse,mort_group_footnote,safety_group_measure_count,count_of_facility_safety_measures,count_of_safety_measures_better,count_of_safety_measures_no_different,count_of_safety_measures_worse,safety_group_footnote,readm_group_measure_count,count_of_facility_readm_measures,count_of_readm_measures_better,count_of_readm_measures_no_different,count_of_readm_measures_worse,readm_group_footnote,pt_exp_group_measure_count,count_of_facility_pt_exp_measures,pt_exp_group_footnote,te_group_measure_count,count_of_facility_te_measures,te_group_footnote
2014.0,Bassett ACH (FT Wainwright),4076 Neely Rd,Fort Wainwright,AK,99703,FAIRBANKS NORTH STAR,(907) 361-4000,Acute Care - Department of Defense,Department of Defense,Yes,,Not Available,22,Not Available,Not Available,Not Available,Not Available,Not Available,22,Not Available,Not Available,Not Available,Not Available,Not Available,22,Not Available,Not Available,Not Available,Not Available,Not Available,22,Not Available,Not Available,22,Not Available,Not Available,22
5027.0,VA LONG BEACH HEALTHCARE SYSTEM,5901 E. SEVENTH STREET,LONG BEACH,CA,90822,LOS ANGELES,(562) 826-8000,Acute Care - Veterans Administration,Veterans Health Administration,Yes,,3,,7,5,2,3,0,,8,4,0,4,0,,11,6,0,6,0,,8,8,,12,6,
6005.0,VA EASTERN COLORADO HEALTHCARE SYSTEM,1700 NORTH WHEELING STREET,AURORA,CO,80045,ADAMS,(303) 399-8020,Acute Care - Veterans Administration,Veterans Health Administration,Yes,,5,,7,5,2,3,0,,8,4,0,4,0,,11,6,2,4,0,,8,8,,12,6,
10009.0,BAY PINES VA MEDICAL CENTER,10000 BAY PINES BLVD.,BAY PINES,FL,33744,PINELLAS,(727) 398-6661,Acute Care - Veterans Administration,Veterans Health Administration,Yes,,3,,7,5,1,4,0,,8,4,0,4,0,,11,6,0,3,3,,8,8,,12,6,
10022.0,FLOYD CHEROKEE MEDICAL CENTER,400 NORTHWOOD DR,CENTRE,AL,35960,CHEROKEE,(256) 927-5531,Acute Care Hospitals,Proprietary,Yes,,Not Available,16,7,Not Available,Not Available,Not Available,Not Available,5,8,1,0,1,0,,11,3,0,3,0,,8,Not Available,5,12,6,
10044.0,MARION REGIONAL MEDICAL CENTER,1256 MILITARY STREET SOUTH,HAMILTON,AL,35570,MARION,(205) 921-6200,Acute Care Hospitals,Voluntary non-profit - Private,Yes,,Not Available,16,7,2,0,2,0,,8,Not Available,Not Available,Not Available,Not Available,5,11,4,2,2,0,,8,Not Available,5,12,8,
10059.0,LAWRENCE MEDICAL CENTER,202 HOSPITAL STREET,MOULTON,AL,35650,LAWRENCE,(256) 974-2200,Acute Care Hospitals,Government - Hospital District or Authority,Yes,,Not Available,16,7,1,0,1,0,,8,Not Available,Not Available,Not Available,Not Available,5,11,2,0,2,0,,8,Not Available,5,12,6,
10083.0,BALDWIN HEALTH,1613 NORTH MCKENZIE STREET,FOLEY,AL,36535,BALDWIN,(251) 949-3400,Acute Care Hospitals,Proprietary,Yes,Y,4,,7,6,0,6,0,,8,6,2,4,0,,11,8,2,6,0,,8,8,,12,12,
10099.0,D W MCMILLAN MEMORIAL HOSPITAL,1301 BELLEVILLE AVENUE,BREWTON,AL,36426,ESCAMBIA,(251) 867-8061,Acute Care Hospitals,Government - Hospital District or Authority,Yes,Y,Not Available,16,7,2,0,2,0,,8,2,0,2,0,,11,6,0,6,0,,8,8,,12,9,
10113.0,MOBILE INFIRMARY MEDICAL CENTER,5 MOBILE INFIRMARY CIRCLE,MOBILE,AL,36607,MOBILE,(251) 435-4700,Acute Care Hospitals,Voluntary non-profit - Private,Yes,Y,2,,7,7,0,6,1,,8,8,1,6,1,,11,11,0,10,1,,8,8,,12,10,
10138.0,HILL HOSPITAL OF SUMTER COUNTY,751 DERBY DRIVE,YORK,AL,36925,SUMTER,(205) 392-5263,Acute Care Hospitals,Government - Hospital District or Authority,Yes,,Not Available,16,7,Not Available,Not Available,Not Available,Not Available,5,8,Not Available,Not Available,Not Available,Not Available,5,11,Not Available,Not Available,Not Available,Not Available,5,8,Not Available,5,12,4,
10169.0,ATMORE COMMUNITY HOSPITAL,401 MEDICAL PARK DRIVE,ATMORE,AL,36502,ESCAMBIA,(251) 368-2500,Acute Care Hospitals,Government - Hospital District or Authority,Yes,,Not Available,16,7,2,0,2,0,,8,2,0,2,0,,11,4,0,4,0,,8,8,,12,8,
11300.0,WASHINGTON COUNTY HOSPITAL,14600 ST. STEPHENS AVENUE,CHATOM,AL,36518,WASHINGTON,(251) 847-2223,Critical Access Hospitals,Government - Local,Yes,,Not Available,16,7,Not Available,Not Available,Not Available,Not Available,5,8,Not Available,Not Available,Not Available,Not Available,5,11,1,0,1,0,,8,Not Available,5,12,3,
13300.0,THE CHILDREN'S HOSPITAL OF ALABAMA,1600 SEVENTH AVENUE SOUTH,BIRMINGHAM,AL,35233,JEFFERSON,(205) 939-9100,Childrens,Voluntary non-profit - Private,Yes,,Not Available,19,Not Available,Not Available,Not Available,Not Available,Not Available,19,Not Available,Not Available,Not Available,Not Available,Not Available,19,Not Available,Not Available,Not Available,Not Available,Not Available,19,Not Available,Not Available,19,Not Available,Not Available,19
14014.0,BAYPOINTE BEHAVIORAL HEALTH,5800 SOUTHLAND DRIVE,MOBILE,AL,36693,MOBILE,(251) 661-0153,Psychiatric,Voluntary non-profit - Other,Yes,,Not Available,19,Not Available,Not Available,Not Available,Not Available,Not Available,19,Not Available,Not Available,Not Available,Not Available,Not Available,19,Not Available,Not Available,Not Available,Not Available,Not Available,19,Not Available,Not Available,19,Not Available,Not Available,19
17002.0,Irwin ACH (FT Riley),650 Huebner Rd,Fort Riley,KS,66442,GEARY,(785) 239-7000,Acute Care - Department of Defense,Department of Defense,Yes,,Not Available,22,Not Available,Not Available,Not Available,Not Available,Not Available,22,Not Available,Not Available,Not Available,Not Available,Not Available,22,Not Available,Not Available,Not Available,Not Available,Not Available,22,Not Available,Not Available,22,Not Available,Not Available,22
20001.0,PROVIDENCE ALASKA MEDICAL CENTER,3200 PROVIDENCE DRIVE,ANCHORAGE,AK,99508,ANCHORAGE,(907) 562-2211,Acute Care Hospitals,Voluntary non-profit - Church,Yes,Y,3,,7,7,0,5,2,,8,8,2,6,0,,11,11,1,9,1,,8,8,,12,9,
21010.0,VA MARYLAND HEALTHCARE SYSTEM - PERRY POINT,VA MEDICAL CENTER,PERRY POINT,MD,21902,CECIL,(410) 642-2411,Acute Care - Veterans Administration,Veterans Health Administration,No,,Not Available,16,7,Not Available,Not Available,Not Available,Not Available,5,8,Not Available,Not Available,Not Available,Not Available,5,11,Not Available,Not Available,Not Available,Not Available,5,8,Not Available,5,12,Not Available,5
21310.0,MANIILAQ HEALTH CENTER,PO BOX 43,KOTZEBUE,AK,99752,NORTHWEST ARTIC BOROUGH,(907) 442-3321,Critical Access Hospitals,Tribal,Yes,,Not Available,16,7,Not Available,Not Available,Not Available,Not Available,5,8,Not Available,Not Available,Not Available,Not Available,5,11,Not Available,Not Available,Not Available,Not Available,5,8,Not Available,5,12,2,
23012.0,BATTLE CREEK VA MEDICAL CENTER,5500 ARMSTRONG RD.,BATTLE CREEK,MI,49037,CALHOUN,(269) 966-5600,Acute Care - Veterans Administration,Veterans Health Administration,No,,Not Available,16,7,Not Available,Not Available,Not Available,Not Available,5,8,Not Available,Not Available,Not Available,Not Available,5,11,Not Available,Not Available,Not Available,Not Available,5,8,Not Available,5,12,3,
26004.0,KANSAS CITY VA MEDICAL CENTER,4801 LINWOOD BLVD.,KANSAS CITY,MO,64128,JACKSON,(816) 861-4700,Acute Care - Veterans Administration,Veterans Health Administration,Yes,,5,,7,5,2,3,0,,8,4,0,4,0,,11,6,1,5,0,,8,8,,12,5,
30006.0,TUCSON MEDICAL CENTER,5301 EAST GRANT ROAD,TUCSON,AZ,85712,PIMA,(520) 324-1399,Acute Care Hospitals,Voluntary non-profit - Private,Yes,Y,2,,7,7,0,6,1,,8,8,2,5,1,,11,11,0,8,3,,8,8,,12,10,
30024.0,ST JOSEPHS HOSPITAL AND MEDICAL CENTER,350 WEST THOMAS ROAD,PHOENIX,AZ,85013,MARICOPA,(602) 406-8225,Acute Care Hospitals,Voluntary non-profit - Church,Yes,Y,3,,7,7,0,7,0,,8,6,2,3,1,,11,10,0,10,0,,8,8,,12,11,
30065.0,BANNER DESERT MEDICAL CENTER,1400 SOUTH  DOBSON ROAD,MESA,AZ,85202,MARICOPA,(480) 412-3000,Acute Care Hospitals,Voluntary non-profit - Private,Yes,Y,2,,7,7,0,7,0,,8,7,2,5,0,,11,8,0,7,1,,8,8,,12,10,
30088.0,BANNER BAYWOOD MEDICAL CENTER,6644 EAST BAYWOOD AVENUE,MESA,AZ,85206,MARICOPA,(480) 321-2000,Acute Care Hospitals,Voluntary non-profit - Private,Yes,,2,,7,5,0,4,1,,8,6,1,5,0,,11,8,0,8,0,,8,8,,12,10,
30110.0,ABRAZO WEST CAMPUS,13677 WEST MCDOWELL ROAD,GOODYEAR,AZ,85395,MARICOPA,(623) 882-1970,Acute Care Hospitals,Proprietary,Yes,Y,2,,7,6,0,6,0,,8,6,1,5,0,,11,7,0,7,0,,8,8,,12,9,
30123.0,HONORHEALTH SCOTTSDALE THOMPSON PEAK MED CTR,7400 EAST THOMPSON PEAK PARKWAY,SCOTTSDALE,AZ,85255,MARICOPA,(480) 324-7001,Acute Care Hospitals,Voluntary non-profit - Private,Yes,,4,,7,6,1,5,0,,8,7,0,6,1,,11,8,0,8,0,,8,8,,12,9,
30153.0,EAST VALLEY ER & HOSPITAL,5656 SOUTH POWER RD,GILBERT,AZ,85295,MARICOPA,(713) 660-0557,Acute Care Hospitals,Proprietary,Yes,,Not Available,16,7,Not Available,Not Available,Not Available,Not Available,5,8,Not Available,Not Available,Not Available,Not Available,5,11,Not Available,Not Available,Not Available,Not Available,5,8,Not Available,5,12,2,
31308.0,HUHU KAM MEMORIAL HOSPITAL,483 WEST SEED FARM ROAD,SACATON,AZ,85147,PINAL,(520) 562-3321,Critical Access Hospitals,Government - Federal,Yes,,Not Available,16,7,Not Available,Not Available,Not Available,Not Available,5,8,Not Available,Not Available,Not Available,Not Available,5,11,Not Available,Not Available,Not Available,Not Available,5,8,Not Available,5,12,2,
31320.0,SAN CARLOS APACHE HEALTHCARE CORPORATION,103 MEDICINE WAY ROAD,PERIDOT,AZ,85542,GILA,(928) 475-1200,Critical Access Hospitals,Tribal,Yes,,Not Available,16,7,Not Available,Not Available,Not Available,Not Available,5,8,Not Available,Not Available,Not Available,Not Available,5,11,Not Available,Not Available,Not Available,Not Available,5,8,Not Available,5,12,2,
33024.0,SYRACUSE VA MEDICAL CENTER,800 IRVING AVE.,SYRACUSE,NY,13210,ONONDAGA,(315) 425-4400,Acute Care - Veterans Administration,Veterans Health Administration,Yes,,2,,7,5,0,5,0,,8,4,0,3,1,,11,6,0,4,2,,8,8,,12,4,
34020.0,HAVEN BEHAVIORAL HOSPITAL OF PHOENIX,"1201 SOUTH 7TH AVENUE, SUITE 200",PHOENIX,AZ,85007,MARICOPA,(623) 236-2000,Psychiatric,Proprietary,No,,Not Available,19,Not Available,Not Available,Not Available,Not Available,Not Available,19,Not Available,Not Available,Not Available,Not Available,Not Available,19,Not Available,Not Available,Not Available,Not Available,Not Available,19,Not Available,Not Available,19,Not Available,Not Available,19
34030.0,PALO VERDE BEHAVIORAL HEALTH,2695 NORTH CRAYCROFT ROAD,TUCSON,AZ,85712,PIMA,(520) 322-2888,Psychiatric,Voluntary non-profit - Private,Yes,,Not Available,19,Not Available,Not Available,Not Available,Not Available,Not Available,19,Not Available,Not Available,Not Available,Not Available,Not Available,19,Not Available,Not Available,Not Available,Not Available,Not Available,19,Not Available,Not Available,19,Not Available,Not Available,19
35002.0,FARGO VA MEDICAL CENTER,2101 ELM STREET,FARGO,ND,58102,CASS,(701) 232-3241,Acute Care - Veterans Administration,Veterans Health Administration,Yes,,5,,7,3,2,1,0,,8,2,0,2,0,,11,5,1,4,0,,8,8,,12,5,
40004.0,WASHINGTON REGIONAL MEDICAL CENTER,3215 N NORTH HILLS BOULEVARD,FAYETTEVILLE,AR,72703,WASHINGTON,(479) 463-5113,Acute Care Hospitals,Voluntary non-profit - Private,Yes,Y,4,,7,7,0,7,0,,8,8,3,5,0,,11,11,3,8,0,,8,8,,12,11,
40022.0,NORTHWEST MEDICAL CENTER-SPRINGDALE,609 WEST MAPLE AVENUE,SPRINGDALE,AR,72764,WASHINGTON,(479) 751-5711,Acute Care Hospitals,Proprietary,Yes,Y,2,,7,6,0,4,2,,8,7,1,6,0,,11,7,1,6,0,,8,8,,12,11,
40062.0,MERCY HOSPITAL FORT SMITH,7301 ROGERS AVE,FORT SMITH,AR,72903,SEBASTIAN,(479) 314-6000,Acute Care Hospitals,Voluntary non-profit - Private,Yes,Y,3,,7,7,0,6,1,,8,7,2,5,0,,11,11,0,11,0,,8,8,,12,12,
40118.0,"BAPTIST MEMORIAL HOSPITAL JONESBORO, INC.",4800 EAST JOHNSON AVENUE,JONESBORO,AR,72405,CRAIGHEAD,(870) 972-7000,Acute Care Hospitals,Voluntary non-profit - Private,Yes,Y,2,,7,7,0,7,0,,8,7,2,4,1,,11,11,0,9,2,,8,8,,12,12,
40164.0,UNITY HEALTH - JACKSONVILLE,1400 BRADEN STREET,JACKSONVILLE,AR,72076,PULASKI,(501) 453-5000,Acute Care Hospitals,Voluntary non-profit - Private,Yes,,Not Available,16,7,Not Available,Not Available,Not Available,Not Available,5,8,Not Available,Not Available,Not Available,Not Available,5,11,Not Available,Not Available,Not Available,Not Available,5,8,Not Available,5,12,2,
41306.0,IZARD REGIONAL HOSPITAL LLC,61 GRASSE STREET,CALICO ROCK,AR,72519,BAXTER,(870) 297-2400,Critical Access Hospitals,Voluntary non-profit - Private,Yes,,Not Available,16,7,Not Available,Not Available,Not Available,Not Available,5,8,Not Available,Not Available,Not Available,Not Available,5,11,2,0,2,0,,8,Not Available,5,12,3,
41320.0,LITTLE RIVER MEMORIAL HOSPITAL,451 WEST LOCKE STREET,ASHDOWN,AR,71822,LITTLE RIVER,(870) 898-5011,Critical Access Hospitals,Voluntary non-profit - Private,Yes,,Not Available,16,7,Not Available,Not Available,Not Available,Not Available,5,8,Not Available,Not Available,Not Available,Not Available,5,11,Not Available,Not Available,Not Available,Not Available,5,8,Not Available,5,12,3,
41331.0,OZARKS COMMUNITY HOSPITAL OF GRAVETTE,1101 JACKSON STREET SW,GRAVETTE,AR,72736,BENTON,(479) 787-5291,Critical Access Hospitals,Voluntary non-profit - Private,Yes,,Not Available,16,7,Not Available,Not Available,Not Available,Not Available,5,8,Not Available,Not Available,Not Available,Not Available,5,11,1,0,1,0,,8,Not Available,5,12,2,
44011.0,ARKANSAS STATE HOSPITAL,305 S PALM STREET,LITTLE ROCK,AR,72205,PULASKI,(501) 686-9000,Psychiatric,Government - State,Yes,,Not Available,19,Not Available,Not Available,Not Available,Not Available,Not Available,19,Not Available,Not Available,Not Available,Not Available,Not Available,19,Not Available,Not Available,Not Available,Not Available,Not Available,19,Not Available,Not Available,19,Not Available,Not Available,19
50009.0,PROVIDENCE QUEEN OF THE VALLEY MEDICAL CENTER,1000 TRANCAS ST,NAPA,CA,94558,NAPA,(707) 252-4411,Acute Care Hospitals,Voluntary non-profit - Church,Yes,Y,4,,7,7,0,7,0,,8,6,1,5,0,,11,10,1,8,1,,8,8,,12,12,
50036.0,BAKERSFIELD MEMORIAL HOSPITAL,420 34TH ST,BAKERSFIELD,CA,93301,KERN,(661) 327-1792,Acute Care Hospitals,Voluntary non-profit - Private,Yes,Y,2,,7,6,0,5,1,,8,8,1,7,0,,11,10,0,9,1,,8,8,,12,9,
50056.0,ANTELOPE VALLEY HOSPITAL,1600 W AVE J,LANCASTER,CA,93534,LOS ANGELES,(661) 949-5500,Acute Care Hospitals,Government - Hospital District or Authority,Yes,Y,1,,7,6,0,5,1,,8,8,1,7,0,,11,8,0,6,2,,8,8,,12,9,
50073.0,KAISER FOUNDATION HOSPITAL AND REHAB CENTER,975 SERENO DR,VALLEJO,CA,94589,SOLANO,(707) 651-1000,Acute Care Hospitals,Voluntary non-profit - Private,No,Y,4,,7,2,0,2,0,,8,6,1,5,0,,11,2,0,2,0,,8,8,,12,6,
50093.0,SAINT AGNES MEDICAL CENTER,1303 E HERNDON AVE,FRESNO,CA,93720,FRESNO,(559) 450-3000,Acute Care Hospitals,Voluntary non-profit - Church,Yes,Y,2,,7,7,0,7,0,,8,8,1,7,0,,11,9,0,7,2,,8,8,,12,11,
50112.0,SANTA MONICA - UCLA MED CTR & ORTHOPAEDIC HOSPITAL,1250 16TH STREET,SANTA MONICA,CA,90404,LOS ANGELES,(310) 319-4000,Acute Care Hospitals,Voluntary non-profit - Private,Yes,Y,4,,7,6,2,4,0,,8,7,1,5,1,,11,10,1,8,1,,8,8,,12,10,
50127.0,WOODLAND MEMORIAL HOSPITAL,1325 COTTONWOOD STREET,WOODLAND,CA,95695,YOLO,(530) 662-3961,Acute Care Hospitals,Voluntary non-profit - Other,Yes,Y,5,,7,4,0,4,0,,8,5,0,5,0,,11,8,1,7,0,,8,8,,12,11,
50139.0,KAISER FOUNDATION HOSPITAL - DOWNEY,9333 IMPERIAL HIGHWAY,DOWNEY,CA,90242,LOS ANGELES,(562) 461-6007,Acute Care Hospitals,Voluntary non-profit - Other,No,Y,2,,7,Not Available,Not Available,Not Available,Not Available,5,8,7,1,6,0,,11,1,0,1,0,,8,8,,12,6,
50169.0,PIH HEALTH HOSPITAL-WHITTIER,12401 WASHINGTON BLVD,WHITTIER,CA,90602,LOS ANGELES,(562) 698-0811,Acute Care Hospitals,Voluntary non-profit - Private,Yes,Y,3,,7,7,0,7,0,,8,8,0,8,0,,11,11,0,10,1,,8,8,,12,11,
50211.0,ALAMEDA HOSPITAL,2070 CLINTON AVENUE,ALAMEDA,CA,94501,ALAMEDA,(510) 522-3700,Acute Care Hospitals,Government - Hospital District or Authority,Yes,,3,,7,4,0,4,0,,8,5,0,5,0,,11,4,0,4,0,,8,8,,12,7,
50236.0,ADVENTIST HEALTH SIMI VALLEY,2975 N SYCAMORE DR,SIMI VALLEY,CA,93065,VENTURA,(805) 955-6000,Acute Care Hospitals,Voluntary non-profit - Private,Yes,,2,,7,6,1,5,0,,8,7,1,6,0,,11,8,0,6,2,,8,8,,12,10,
50262.0,RONALD REAGAN UCLA MEDICAL CENTER,757 WESTWOOD PLAZA,LOS ANGELES,CA,90095,LOS ANGELES,(310) 825-6301,Acute Care Hospitals,Government - State,Yes,Y,4,,7,7,2,5,0,,8,6,3,3,0,,11,10,0,8,2,,8,8,,12,9,
50291.0,SUTTER SANTA ROSA REGIONAL HOSPITAL,30 MARK WEST SPRINGS ROAD,SANTA ROSA,CA,95403,SONOMA,(707) 576-4000,Acute Care Hospitals,Voluntary non-profit - Other,Yes,Y,4,,7,6,0,6,0,,8,7,2,5,0,,11,10,1,8,1,,8,8,,12,11,
50315.0,KERN MEDICAL CENTER,1700 MOUNT VERNON AVENUE,BAKERSFIELD,CA,93306,KERN,(661) 326-2000,Acute Care Hospitals,Government - Hospital District or Authority,Yes,Y,2,,7,4,0,4,0,,8,8,1,7,0,,11,8,0,8,0,,8,8,,12,9,
50350.0,ADVENTIST HEALTH WHITE MEMORIAL MONTEBELLO,309 W BEVERLY BLVD,MONTEBELLO,CA,90640,LOS ANGELES,(323) 726-1222,Acute Care Hospitals,Voluntary non-profit - Private,Yes,,2,,7,5,0,5,0,,8,5,0,4,1,,11,5,0,4,1,,8,Not Available,5,12,7,
50380.0,GOOD SAMARITAN HOSPITAL,2425 SAMARITAN DRIVE,SAN JOSE,CA,95124,SANTA CLARA,(408) 559-2011,Acute Care Hospitals,Proprietary,Yes,Y,2,,7,7,0,7,0,,8,8,1,7,0,,11,9,0,6,3,,8,8,,12,10,
50424.0,SCRIPPS GREEN HOSPITAL,10666 NORTH TORREY PINES ROAD,LA JOLLA,CA,92037,SAN DIEGO,(858) 554-3600,Acute Care Hospitals,Voluntary non-profit - Other,No,,5,,7,4,0,4,0,,8,7,1,6,0,,11,6,0,5,1,,8,8,,12,7,
50468.0,MEMORIAL HOSPITAL OF GARDENA,1145 W REDONDO BEACH BLVD,GARDENA,CA,90247,LOS ANGELES,(310) 532-4200,Acute Care Hospitals,Proprietary,Yes,,1,,7,4,0,4,0,,8,5,1,3,1,,11,4,0,3,1,,8,8,,12,8,
50510.0,KAISER FOUNDATION HOSPITAL,99 MONTECILLO RD,SAN RAFAEL,CA,94903,MARIN,(415) 444-2000,Acute Care Hospitals,Voluntary non-profit - Private,Yes,,4,,7,Not Available,Not Available,Not Available,Not Available,5,8,5,0,5,0,,11,1,0,1,0,,8,8,,12,4,
50541.0,KAISER FOUNDATION HOSPITAL - REDWOOD CITY,1100 VETERANS BOULEVARD,REDWOOD CITY,CA,94063,SAN MATEO,(650) 299-2000,Acute Care Hospitals,Voluntary non-profit - Private,Yes,Y,4,,7,1,0,1,0,,8,6,2,4,0,,11,1,0,1,0,,8,8,,12,5,
50580.0,LA PALMA INTERCOMMUNITY HOSPITAL,7901 WALKER STREET,LA PALMA,CA,90623,ORANGE,(714) 670-7400,Acute Care Hospitals,Proprietary,No,,3,,7,3,1,2,0,,8,3,0,3,0,,11,4,0,4,0,,8,8,,12,7,
50608.0,ADVENTIST HEALTH DELANO,1401 GARCES HIGHWAY,DELANO,CA,93215,KERN,(661) 725-4800,Acute Care Hospitals,Proprietary,Yes,Y,Not Available,16,7,2,0,2,0,,8,2,0,2,0,,11,5,0,5,0,,8,8,,12,10,
50677.0,KAISER FOUNDATION HOSPITAL - WOODLAND HILLS,5601 DE SOTO AVENUE,WOODLAND HILLS,CA,91367,LOS ANGELES,(818) 719-3800,Acute Care Hospitals,Voluntary non-profit - Private,No,Y,3,,7,Not Available,Not Available,Not Available,Not Available,5,8,6,1,4,1,,11,1,0,1,0,,8,8,,12,6,
50708.0,FRESNO SURGICAL HOSPITAL,6125 NORTH FRESNO ST,FRESNO,CA,93710,FRESNO,(559) 431-8000,Acute Care Hospitals,Proprietary,No,,Not Available,16,7,Not Available,Not Available,Not Available,Not Available,5,8,2,0,2,0,,11,3,1,2,0,,8,8,,12,3,
50738.0,GREATER EL MONTE COMMUNITY HOSPITAL,1701 SANTA ANITA AVE,SOUTH EL MONTE,CA,91733,LOS ANGELES,(626) 350-7975,Acute Care Hospitals,Voluntary non-profit - Private,No,,2,,7,3,0,3,0,,8,4,0,4,0,,11,3,0,3,0,,8,8,,12,7,
50760.0,KAISER FOUNDATION HOSPITAL - ANTIOCH,4501 SAND CREEK ROAD,ANTIOCH,CA,94531,CONTRA COSTA,(925) 813-6500,Acute Care Hospitals,Voluntary non-profit - Private,Yes,Y,3,,7,2,0,2,0,,8,6,2,4,0,,11,2,0,2,0,,8,8,,12,6,
50772.0,KAISER FOUNDATION HOSPITAL - ROSEVILLE,1600 EUREKA ROAD,ROSEVILLE,CA,95661,PLACER,(916) 784-4000,Acute Care Hospitals,Voluntary non-profit - Private,Yes,Y,4,,7,1,0,1,0,,8,6,3,3,0,,11,1,0,1,0,,8,8,,12,6,
50785.0,DOCS SURGICAL HOSPITAL,6000 SAN VICENTE BLVD,LOS ANGELES,CA,90036,LOS ANGELES,(323) 930-1040,Acute Care Hospitals,Physician,No,,Not Available,16,7,Not Available,Not Available,Not Available,Not Available,5,8,2,0,2,0,,11,2,0,2,0,,8,8,,12,2,
51307.0,CATALINA ISLAND MEDICAL CENTER,100 FALLS CANYON ROAD,AVALON,CA,90704,LOS ANGELES,(310) 510-0700,Critical Access Hospitals,Voluntary non-profit - Private,Yes,,Not Available,16,7,Not Available,Not Available,Not Available,Not Available,5,8,Not Available,Not Available,Not Available,Not Available,5,11,Not Available,Not Available,Not Available,Not Available,5,8,Not Available,5,12,2,
51318.0,PROVIDENCE REDWOOD MEMORIAL HOSPITAL,3300 RENNER DRIVE,FORTUNA,CA,95540,HUMBOLDT,(707) 445-8121,Critical Access Hospitals,Voluntary non-profit - Private,Yes,,Not Available,16,7,2,0,2,0,,8,1,0,1,0,,11,5,0,5,0,,8,8,,12,6,
51329.0,SUTTER LAKESIDE HOSPITAL,5176 HILL ROAD EAST,LAKEPORT,CA,95453,LAKE,(707) 262-5000,Critical Access Hospitals,Voluntary non-profit - Private,Yes,Y,5,,7,3,0,3,0,,8,1,0,1,0,,11,6,1,5,0,,8,8,,12,10,
51339.0,PALO VERDE HOSPITAL,250 NORTH FIRST STREET,BLYTHE,CA,92225,RIVERSIDE,(760) 922-4115,Critical Access Hospitals,Government - Hospital District or Authority,No,,Not Available,5,Not Available,Not Available,Not Available,Not Available,Not Available,5,Not Available,Not Available,Not Available,Not Available,Not Available,5,Not Available,Not Available,Not Available,Not Available,Not Available,5,Not Available,Not Available,5,Not Available,Not Available,5
53311.0,SHRINERS HOSPITALS FOR CHILDREN NORTHERN CALIF,2425 STOCKTON BOULEVARD,SACRAMENTO,CA,95817,SACRAMENTO,(916) 453-2000,Childrens,Voluntary non-profit - Private,No,,Not Available,19,Not Available,Not Available,Not Available,Not Available,Not Available,19,Not Available,Not Available,Not Available,Not Available,Not Available,19,Not Available,Not Available,Not Available,Not Available,Not Available,19,Not Available,Not Available,19,Not Available,Not Available,19
54078.0,AURORA LAS ENCINAS,2900 E DEL MAR BLVD,PASADENA,CA,91107,LOS ANGELES,(626) 795-9901,Psychiatric,Proprietary,No,,Not Available,19,Not Available,Not Available,Not Available,Not Available,Not Available,19,Not Available,Not Available,Not Available,Not Available,Not Available,19,Not Available,Not Available,Not Available,Not Available,Not Available,19,Not Available,Not Available,19,Not Available,Not Available,19
54124.0,SEMPERVIRENS,720 WOOD ST,EUREKA,CA,95501,HUMBOLDT,(707) 268-2990,Psychiatric,Government - Local,Yes,,Not Available,19,Not Available,Not Available,Not Available,Not Available,Not Available,19,Not Available,Not Available,Not Available,Not Available,Not Available,19,Not Available,Not Available,Not Available,Not Available,Not Available,19,Not Available,Not Available,19,Not Available,Not Available,19
54149.0,WILLOW ROCK CENTER,2050 FAIRMONT DRIVE,SAN LEANDRO,CA,94578,ALAMEDA,(510) 895-5502,Psychiatric,Proprietary,No,,Not Available,19,Not Available,Not Available,Not Available,Not Available,Not Available,19,Not Available,Not Available,Not Available,Not Available,Not Available,19,Not Available,Not Available,Not Available,Not Available,Not Available,19,Not Available,Not Available,19,Not Available,Not Available,19
54160.0,RIVER VISTA BEHAVIORAL HEALTH,40886 GOODWIN WAY,MADERA,CA,93636,MADERA,(559) 603-6000,Psychiatric,Proprietary,No,,Not Available,19,Not Available,Not Available,Not Available,Not Available,Not Available,19,Not Available,Not Available,Not Available,Not Available,Not Available,19,Not Available,Not Available,Not Available,Not Available,Not Available,19,Not Available,Not Available,19,Not Available,Not Available,19
60013.0,MERCY REGIONAL MEDICAL CENTER,1010 THREE SPRINGS BLVD,DURANGO,CO,81301,LA PLATA,(970) 247-4311,Acute Care Hospitals,Voluntary non-profit - Church,Yes,Y,5,,7,6,0,6,0,,8,5,1,4,0,,11,9,1,8,0,,8,8,,12,11,
60031.0,CENTURA HEALTH-PENROSE ST FRANCIS HEALTH SERVICES,2222 N NEVADA AVE,COLORADO SPRINGS,CO,80907,EL PASO,(719) 776-5000,Acute Care Hospitals,Voluntary non-profit - Private,Yes,Y,4,,7,7,0,7,0,,8,8,4,4,0,,11,11,3,7,1,,8,8,,12,11,
60076.0,STERLING REGIONAL MEDCENTER,615 FAIRHURST ST,STERLING,CO,80751,LOGAN,(970) 522-0122,Acute Care Hospitals,Voluntary non-profit - Private,Yes,Y,Not Available,16,7,2,0,2,0,,8,1,0,1,0,,11,7,0,7,0,,8,8,,12,9,
60117.0,"ANIMAS SURGICAL HOSPITAL, LLC","575 RIVERGATE LN, UNIT 100",DURANGO,CO,81301,LA PLATA,(970) 247-3537,Acute Care Hospitals,Proprietary,Yes,,Not Available,16,7,Not Available,Not Available,Not Available,Not Available,5,8,2,0,2,0,,11,3,0,3,0,,8,8,,12,7,
60132.0,UCHEALTH HIGHLANDS RANCH HOSPITAL,1500 PARK CENTRAL DR,HIGHLANDS RANCH,CO,80129,DOUGLAS,(720) 516-1000,Acute Care Hospitals,Voluntary non-profit - Private,Yes,Y,5,,7,6,2,4,0,,8,6,1,5,0,,11,8,0,8,0,,8,8,,12,10,
61308.0,SAN LUIS VALLEY HEALTH CONEJOS COUNTY HOSPITAL,19021 US HIGHWAY 285,LA JARA,CO,81140,CONEJOS,(719) 274-5121,Critical Access Hospitals,Voluntary non-profit - Private,No,,Not Available,16,7,Not Available,Not Available,Not Available,Not Available,5,8,Not Available,Not Available,Not Available,Not Available,5,11,1,0,1,0,,8,Not Available,5,12,6,
61318.0,MIDDLE PARK MEDICAL CENTER,214 S 4TH ST,KREMMLING,CO,80459,GRAND,(970) 724-3442,Critical Access Hospitals,Government - Hospital District or Authority,Yes,,Not Available,16,7,Not Available,Not Available,Not Available,Not Available,5,8,1,0,1,0,,11,3,0,3,0,,8,Not Available,5,12,4,
61328.0,PAGOSA SPRINGS MEDICAL CENTER,95 S PAGOSA BLVD,PAGOSA SPRINGS,CO,81147,ARCHULETA,(970) 731-3700,Critical Access Hospitals,Government - Hospital District or Authority,Yes,,Not Available,16,7,Not Available,Not Available,Not Available,Not Available,5,8,Not Available,Not Available,Not Available,Not Available,5,11,2,0,2,0,,8,Not Available,5,12,5,
64023.0,"WEST SPRINGS HOSPITAL, INC",515 28 3/4 RD,GRAND JUNCTION,CO,81501,MESA,(970) 683-7085,Psychiatric,Voluntary non-profit - Private,No,,Not Available,19,Not Available,Not Available,Not Available,Not Available,Not Available,19,Not Available,Not Available,Not Available,Not Available,Not Available,19,Not Available,Not Available,Not Available,Not Available,Not Available,19,Not Available,Not Available,19,Not Available,Not Available,19
70006.0,STAMFORD HOSPITAL,ONE HOSPITAL PLAZA,STAMFORD,CT,6904,FAIRFIELD,(203) 276-1000,Acute Care Hospitals,Voluntary non-profit - Private,Yes,Y,4,,7,7,0,7,0,,8,8,2,6,0,,11,11,0,11,0,,8,8,,12,12,
70021.0,WINDHAM COMMUNITY MEMORIAL HOSPITAL,112 MANSFIELD AVENUE,WILLIMANTIC,CT,6226,WINDHAM,(860) 456-9116,Acute Care Hospitals,Voluntary non-profit - Private,Yes,,3,,7,4,0,4,0,,8,3,0,3,0,,11,9,0,9,0,,8,8,,12,10,
70035.0,THE HOSPITAL OF CENTRAL CONNECTICUT,100 GRAND STREET,NEW BRITAIN,CT,6050,HARTFORD,(860) 224-5011,Acute Care Hospitals,Voluntary non-profit - Other,Yes,Y,2,,7,6,0,6,0,,8,7,3,4,0,,11,8,0,7,1,,8,8,,12,12,
74016.0,MASONICARE HEALTH CENTER,22 MASONIC AVE BLDG STURGES,WALLINGFORD,CT,6492,NEW HAVEN,(203) 679-5900,Psychiatric,Voluntary non-profit - Private,No,,Not Available,19,Not Available,Not Available,Not Available,Not Available,Not Available,19,Not Available,Not Available,Not Available,Not Available,Not Available,19,Not Available,Not Available,Not Available,Not Available,Not Available,19,Not Available,Not Available,19,Not Available,Not Available,19
84002.0,ROCKFORD CENTER,100 ROCKFORD DRIVE,NEWARK,DE,19713,NEW CASTLE,(302) 996-5480,Psychiatric,Proprietary,Yes,,Not Available,19,Not Available,Not Available,Not Available,Not Available,Not Available,19,Not Available,Not Available,Not Available,Not Available,Not Available,19,Not Available,Not Available,Not Available,Not Available,Not Available,19,Not Available,Not Available,19,Not Available,Not Available,19
93300.0,CHILDREN'S NATIONAL HOSPITAL,"111 MICHIGAN AVE, NW",WASHINGTON,DC,20010,THE DISTRICT,(202) 476-5000,Childrens,Voluntary non-profit - Private,Yes,,Not Available,19,Not Available,Not Available,Not Available,Not Available,Not Available,19,Not Available,Not Available,Not Available,Not Available,Not Available,19,Not Available,Not Available,Not Available,Not Available,Not Available,19,Not Available,Not Available,19,Not Available,Not Available,19
100017.0,HALIFAX HEALTH MEDICAL CENTER,303 N CLYDE MORRIS BLVD,DAYTONA BEACH,FL,32114,VOLUSIA,(386) 254-4000,Acute Care Hospitals,Government - Hospital District or Authority,Yes,Y,2,,7,7,0,6,1,,8,8,3,4,1,,11,11,0,10,1,,8,8,,12,9,
100032.0,ORLANDO HEALTH BAYFRONT HOSPITAL,701 6TH ST S,SAINT PETERSBURG,FL,33701,PINELLAS,(727) 823-1234,Acute Care Hospitals,Voluntary non-profit - Private,Yes,Y,2,,7,6,0,6,0,,8,7,3,4,0,,11,8,0,8,0,,8,8,,12,9,
100047.0,SHOREPOINT HEALTH PUNTA GORDA,809 E MARION AVE,PUNTA GORDA,FL,33950,CHARLOTTE,(941) 639-3131,Acute Care Hospitals,Proprietary,Yes,,2,,7,5,0,5,0,,8,3,0,3,0,,11,6,0,5,1,,8,8,,12,7,
100063.0,MORTON PLANT NORTH BAY HOSPITAL,6600 MADISON STREET,NEW PORT RICHEY,FL,34652,PASCO,(727) 842-8468,Acute Care Hospitals,Voluntary non-profit - Private,Yes,,3,,7,5,0,5,0,,8,6,4,2,0,,11,7,0,7,0,,8,8,,12,7,
100084.0,UF HEALTH LEESBURG HOSPITAL,600 E DIXIE AVE,LEESBURG,FL,34748,LAKE,(352) 323-5762,Acute Care Hospitals,Voluntary non-profit - Private,Yes,Y,3,,7,7,1,6,0,,8,7,1,6,0,,11,9,0,8,1,,8,8,,12,10,
100109.0,ADVENTHEALTH SEBRING,4200 SUN N LAKE BLVD,SEBRING,FL,33872,HIGHLANDS,(863) 314-4466,Acute Care Hospitals,Voluntary non-profit - Private,Yes,Y,3,,7,6,0,6,0,,8,6,2,4,0,,11,10,0,9,1,,8,8,,12,10,
100127.0,MORTON PLANT HOSPITAL,300 PINELLAS ST,CLEARWATER,FL,33756,PINELLAS,(727) 462-7000,Acute Care Hospitals,Voluntary non-profit - Private,Yes,Y,4,,7,7,0,7,0,,8,8,2,6,0,,11,11,1,9,1,,8,8,,12,9,
100150.0,LOWER KEYS MEDICAL CENTER,5900 COLLEGE ROAD,KEY WEST,FL,33040,MONROE,(305) 294-5531,Acute Care Hospitals,Proprietary,Yes,Y,4,,7,4,0,4,0,,8,5,0,5,0,,11,7,0,7,0,,8,8,,12,11,
100175.0,DESOTO MEMORIAL HOSPITAL,900 N ROBERT AVE,ARCADIA,FL,34266,DE SOTO,(863) 494-3535,Acute Care Hospitals,Voluntary non-profit - Private,Yes,,2,,7,3,0,3,0,,8,2,0,2,0,,11,5,0,5,0,,8,8,,12,9,
100200.0,BROWARD HEALTH IMPERIAL POINT,6401 N FEDERAL HWY,FORT LAUDERDALE,FL,33308,BROWARD,(954) 776-8500,Acute Care Hospitals,Government - Hospital District or Authority,No,,2,,7,4,0,4,0,,8,7,1,6,0,,11,6,0,5,1,,8,8,,12,8,
100224.0,UNIVERSITY HOSPITAL AND MEDICAL CENTER,7201 N UNIVERSITY DR,TAMARAC,FL,33321,BROWARD,(954) 721-2200,Acute Care Hospitals,Proprietary,Yes,,1,,7,4,0,4,0,,8,6,1,5,0,,11,6,0,2,4,,8,8,,12,6,
100244.0,CAPE CORAL HOSPITAL,636 DEL PRADO BLVD,CAPE CORAL,FL,33990,LEE,(239) 424-2000,Acute Care Hospitals,Government - Hospital District or Authority,Yes,Y,4,,7,6,0,6,0,,8,7,2,5,0,,11,7,0,5,2,,8,8,,12,10,
100260.0,ST LUCIE MEDICAL CENTER,1800 SE TIFFANY AVE,PORT SAINT LUCIE,FL,34952,ST. LUCIE,(772) 335-4000,Acute Care Hospitals,Proprietary,Yes,Y,1,,7,6,0,6,0,,8,7,1,6,0,,11,7,0,1,6,,8,8,,12,9,
100281.0,MEMORIAL HOSPITAL WEST,703 N FLAMINGO RD,PEMBROKE PINES,FL,33028,BROWARD,(954) 436-5000,Acute Care Hospitals,Government - Hospital District or Authority,Yes,Y,3,,7,6,1,5,0,,8,8,2,5,1,,11,10,0,8,2,,8,8,,12,9,
100296.0,DOCTORS HOSPITAL,5000 UNIVERSITY DR,CORAL GABLES,FL,33146,MIAMI-DADE,(786) 308-3000,Acute Care Hospitals,Voluntary non-profit - Other,Yes,,5,,7,4,1,3,0,,8,3,1,2,0,,11,6,0,5,1,,8,8,,12,9,
100320.0,HCA FLORIDA POINCIANA HOSPITAL,325 CYPRESS PKWY,KISSIMMEE,FL,34758,OSCEOLA,(407) 530-2000,Acute Care Hospitals,Proprietary,Yes,,3,,7,5,0,5,0,,8,2,1,1,0,,11,5,0,5,0,,8,8,,12,9,
100364.0,ADVENTHEALTH RIVERVIEW,9330 US HWY 301 S,RIVERVIEW,FL,33578,HILLSBOROUGH,(813) 929-5962,Acute Care Hospitals,Voluntary non-profit - Private,Yes,,Not Available,5,Not Available,Not Available,Not Available,Not Available,Not Available,5,Not Available,Not Available,Not Available,Not Available,Not Available,5,Not Available,Not Available,Not Available,Not Available,Not Available,5,Not Available,Not Available,5,Not Available,Not Available,5
101312.0,FISHERMEN'S COMMUNITY HOSPITAL,3301 OVERSEAS HWY,MARATHON,FL,33050,MONROE,(305) 434-1000,Critical Access Hospitals,Voluntary non-profit - Private,Yes,,Not Available,16,7,Not Available,Not Available,Not Available,Not Available,5,8,Not Available,Not Available,Not Available,Not Available,5,11,3,0,3,0,,8,Not Available,5,12,5,
104016.0,RIVER POINT BEHAVIORAL HEALTH,6300 BEACH BLVD,JACKSONVILLE,FL,32216,DUVAL,(904) 724-9202,Psychiatric,Proprietary,No,,Not Available,19,Not Available,Not Available,Not Available,Not Available,Not Available,19,Not Available,Not Available,Not Available,Not Available,Not Available,19,Not Available,Not Available,Not Available,Not Available,Not Available,19,Not Available,Not Available,19,Not Available,Not Available,19
104067.0,ASPIRE HEALTH PARTNERS,1800 MERCY DR,ORLANDO,FL,32808,ORANGE,(407) 875-3700,Psychiatric,Voluntary non-profit - Private,No,,Not Available,19,Not Available,Not Available,Not Available,Not Available,Not Available,19,Not Available,Not Available,Not Available,Not Available,Not Available,19,Not Available,Not Available,Not Available,Not Available,Not Available,19,Not Available,Not Available,19,Not Available,Not Available,19
104079.0,LARKIN COMMUNITY HOSPITAL BEHAVIORAL HEALTH SRVS,1201 N 37TH AVE,HOLLYWOOD,FL,33021,BROWARD,(954) 962-1355,Psychiatric,Proprietary,No,,Not Available,19,Not Available,Not Available,Not Available,Not Available,Not Available,19,Not Available,Not Available,Not Available,Not Available,Not Available,19,Not Available,Not Available,Not Available,Not Available,Not Available,19,Not Available,Not Available,19,Not Available,Not Available,19
110007.0,PHOEBE PUTNEY MEMORIAL HOSPITAL,417 THIRD AVENUE,ALBANY,GA,31703,DOUGHERTY,(229) 312-4068,Acute Care Hospitals,Government - Hospital District or Authority,Yes,Y,2,,7,7,0,6,1,,8,7,3,3,1,,11,11,0,9,2,,8,8,,12,11,
110027.0,"TY COBB REGIONAL MEDICAL CENTER, LLC",367 CLEAR CREEK PARKWAY,LAVONIA,GA,30553,FRANKLIN,(706) 356-7800,Acute Care Hospitals,Voluntary non-profit - Private,Yes,Y,3,,7,4,0,4,0,,8,2,0,2,0,,11,6,0,5,1,,8,8,,12,11,
110041.0,NORTHEAST GEORGIA MEDICAL CENTER HABERSHAM,541 HISTORIC HIGHWAY 441-NORTH,DEMOREST,GA,30535,HABERSHAM,(706) 754-2161,Acute Care Hospitals,Government - Hospital District or Authority,Yes,Y,3,,7,3,0,3,0,,8,2,0,2,0,,11,6,0,6,0,,8,8,,12,9,
110069.0,HOUSTON HEALTHCARE,1601 WATSON BOULEVARD,WARNER ROBINS,GA,31093,HOUSTON,(478) 922-4281,Acute Care Hospitals,Voluntary non-profit - Private,Yes,Y,2,,7,6,0,6,0,,8,7,0,7,0,,11,10,0,9,1,,8,8,,12,10,
110086.0,WASHINGTON COUNTY REGIONAL MEDICAL CENTER,610 SPARTA ROAD,SANDERSVILLE,GA,31082,WASHINGTON,(478) 240-2100,Acute Care Hospitals,Government - Hospital District or Authority,No,,Not Available,16,7,1,0,1,0,,8,Not Available,Not Available,Not Available,Not Available,5,11,3,0,3,0,,8,Not Available,5,12,7,
110107.0,ATRIUM HEALTH NAVICENT THE MEDICAL CENTER,777 HEMLOCK STREET,MACON,GA,31201,BIBB,(478) 633-1000,Acute Care Hospitals,Government - Hospital District or Authority,Yes,Y,2,,7,7,0,7,0,,8,8,3,5,0,,11,11,0,8,3,,8,8,,12,11,
110132.0,MEMORIAL HOSPITAL AND MANOR,1500 E SHOTWELL STREET,BAINBRIDGE,GA,39819,DECATUR,(229) 246-3500,Acute Care Hospitals,Government - Hospital District or Authority,Yes,Y,Not Available,16,7,2,0,2,0,,8,2,0,2,0,,11,4,0,4,0,,8,Not Available,5,12,9,
110177.0,DOCTORS HOSPITAL,3651 WHEELER ROAD,AUGUSTA,GA,30909,RICHMOND,(706) 651-6008,Acute Care Hospitals,Proprietary,Yes,Y,2,,7,6,0,6,0,,8,8,4,4,0,,11,8,0,7,1,,8,8,,12,11,
110215.0,PIEDMONT FAYETTE HOSPITAL,1255 HIGHWAY 54 WEST,FAYETTEVILLE,GA,30214,FAYETTE,(770) 719-7000,Acute Care Hospitals,Voluntary non-profit - Private,Yes,Y,3,,7,6,0,6,0,,8,8,3,5,0,,11,10,0,9,1,,8,8,,12,11,
110779.0,IRWIN COUNTY HOSPITAL,710 N IRWIN AVENUE,OCILLA,GA,31774,IRWIN,(229) 468-3845,Rural Emergency Hospital,Government - Hospital District or Authority,Yes,,Not Available,19,Not Available,Not Available,Not Available,Not Available,Not Available,19,Not Available,Not Available,Not Available,Not Available,Not Available,19,Not Available,Not Available,Not Available,Not Available,Not Available,19,Not Available,Not Available,19,Not Available,Not Available,19
111311.0,JENKINS COUNTY MEDICAL CENTER,931 EAST WINTHROPE AVENUE,MILLEN,GA,30442,JENKINS,(478) 982-4221,Critical Access Hospitals,Proprietary,Yes,,Not Available,16,7,Not Available,Not Available,Not Available,Not Available,5,8,Not Available,Not Available,Not Available,Not Available,5,11,Not Available,Not Available,Not Available,Not Available,5,8,Not Available,5,12,3,
111325.0,WILLS MEMORIAL HOSPITAL,120 GORDON STREET,WASHINGTON,GA,30673,WILKES,(706) 678-9212,Critical Access Hospitals,Government - Hospital District or Authority,Yes,,Not Available,16,7,Not Available,Not Available,Not Available,Not Available,5,8,Not Available,Not Available,Not Available,Not Available,5,11,1,0,1,0,,8,Not Available,5,12,4,
111335.0,LIBERTY REGIONAL MEDICAL CENTER,462 E G MILES PARKWAY,HINESVILLE,GA,31313,LIBERTY,(912) 369-9400,Critical Access Hospitals,Government - Hospital District or Authority,Yes,,Not Available,16,7,1,0,1,0,,8,Not Available,Not Available,Not Available,Not Available,5,11,3,0,3,0,,8,Not Available,5,12,7,
114016.0,ST SIMONS-BY-THE-SEA,2927 DEMERE ROAD,SAINT SIMONS ISLAND,GA,31522,GLYNN,(912) 638-1999,Psychiatric,Government - Federal,No,,Not Available,19,Not Available,Not Available,Not Available,Not Available,Not Available,19,Not Available,Not Available,Not Available,Not Available,Not Available,19,Not Available,Not Available,Not Available,Not Available,Not Available,19,Not Available,Not Available,19,Not Available,Not Available,19
120005.0,HILO BENIOFF MEDICAL CENTER,1190 WAIANUENUE AVENUE,HILO,HI,96720,HAWAII,(808) 932-3000,Acute Care Hospitals,Government - State,Yes,Y,2,,7,6,0,6,0,,8,6,2,3,1,,11,9,0,7,2,,8,8,,12,11,
121301.0,KAU HOSPITAL,1 KAMANI STREET,PAHALA,HI,96777,HAWAII,(808) 932-4200,Critical Access Hospitals,Government - State,Yes,,Not Available,16,7,Not Available,Not Available,Not Available,Not Available,5,8,Not Available,Not Available,Not Available,Not Available,5,11,Not Available,Not Available,Not Available,Not Available,5,8,Not Available,5,12,3,
124001.0,KAHI MOHALA,91-2301 FORT WEAVER ROAD,EWA BEACH,HI,96706,HONOLULU,(808) 671-8511,Psychiatric,Voluntary non-profit - Private,No,,Not Available,19,Not Available,Not Available,Not Available,Not Available,Not Available,19,Not Available,Not Available,Not Available,Not Available,Not Available,19,Not Available,Not Available,Not Available,Not Available,Not Available,19,Not Available,Not Available,19,Not Available,Not Available,19
130049.0,KOOTENAI HEALTH,2003 KOOTENAI HEALTH WAY,COEUR D'ALENE,ID,83814,KOOTENAI,(208) 625-4000,Acute Care Hospitals,Government - Hospital District or Authority,Yes,Y,4,,7,7,1,5,1,,8,7,3,3,1,,11,11,3,8,0,,8,8,,12,12,
131303.0,NELL J REDFIELD MEMORIAL HOSPITAL,150 NORTH 200 WEST,MALAD CITY,ID,83252,ONEIDA,(208) 766-2231,Critical Access Hospitals,Government - Local,Yes,,Not Available,16,7,1,0,1,0,,8,Not Available,Not Available,Not Available,Not Available,5,11,2,0,2,0,,8,Not Available,5,12,5,
131315.0,SYRINGA GENERAL HOSPITAL,607 W MAIN STREET,GRANGEVILLE,ID,83530,IDAHO,(208) 983-1700,Critical Access Hospitals,Voluntary non-profit - Private,Yes,,4,,7,3,0,3,0,,8,Not Available,Not Available,Not Available,Not Available,5,11,4,0,4,0,,8,Not Available,5,12,7,
131325.0,BINGHAM MEMORIAL HOSPITAL,98 POPLAR STREET,BLACKFOOT,ID,83221,BINGHAM,(208) 785-4100,Critical Access Hospitals,Voluntary non-profit - Private,Yes,,Not Available,16,7,2,0,2,0,,8,2,0,2,0,,11,7,0,7,0,,8,8,,12,5,
140007.0,SAINT JOSEPH MEDICAL CENTER,333 N MADISON ST,JOLIET,IL,60435,WILL,(815) 725-7133,Acute Care Hospitals,Voluntary non-profit - Church,Yes,Y,1,,7,7,0,7,0,,8,7,1,6,0,,11,11,0,8,3,,8,8,,12,11,
140032.0,ST ANTHONYS MEMORIAL HOSPITAL,503 N MAPLE STREET,EFFINGHAM,IL,62401,EFFINGHAM,(217) 342-2121,Acute Care Hospitals,Voluntary non-profit - Church,Yes,Y,3,,7,5,0,5,0,,8,3,1,2,0,,11,6,0,5,1,,8,8,,12,12,
140062.0,PALOS COMMUNITY HOSPITAL,12251 SOUTH 80TH AVENUE,PALOS HEIGHTS,IL,60463,COOK,(708) 923-4000,Acute Care Hospitals,Voluntary non-profit - Private,Yes,Y,3,,7,7,2,5,0,,8,7,2,4,1,,11,11,0,11,0,,8,8,,12,11,
140084.0,VISTA MEDICAL CENTER EAST,1324 NORTH SHERIDAN ROAD,WAUKEGAN,IL,60085,LAKE,(847) 360-3000,Acute Care Hospitals,Proprietary,Yes,,2,,7,5,0,5,0,,8,5,0,5,0,,11,7,0,5,2,,8,8,,12,9,
140113.0,OSF HEART OF MARY MEDICAL CENTER,1400 WEST PARK AVENUE,URBANA,IL,61801,CHAMPAIGN,(217) 337-2000,Acute Care Hospitals,Voluntary non-profit - Church,Yes,,3,,7,6,0,6,0,,8,4,0,4,0,,11,8,1,7,0,,8,8,,12,8,
140127.0,CARLE BROMENN MEDICAL CENTER,1304 FRANKLIN AVENUE,NORMAL,IL,61761,MC LEAN,(309) 454-1400,Acute Care Hospitals,Voluntary non-profit - Church,Yes,Y,3,,7,6,0,6,0,,8,7,1,6,0,,11,8,0,8,0,,8,8,,12,10,
140160.0,FHN MEMORIAL HOSPITAL,1045 WEST STEPHENSON STREET,FREEPORT,IL,61032,STEPHENSON,(815) 599-6000,Acute Care Hospitals,Voluntary non-profit - Other,Yes,Y,3,,7,5,0,5,0,,8,6,0,6,0,,11,9,0,9,0,,8,8,,12,10,
140181.0,SOUTH SHORE HOSPITAL,8012 SOUTH CRANDON AVENUE,CHICAGO,IL,60617,COOK,(773) 356-5000,Acute Care Hospitals,Voluntary non-profit - Private,Yes,,1,,7,1,0,1,0,,8,3,0,3,0,,11,3,0,2,1,,8,Not Available,5,12,6,
140202.0,ADVOCATE CONDELL MEDICAL CENTER,801 S MILWAUKEE AVE,LIBERTYVILLE,IL,60048,LAKE,(847) 362-2900,Acute Care Hospitals,Voluntary non-profit - Private,Yes,Y,4,,7,7,1,5,1,,8,7,3,4,0,,11,9,0,8,1,,8,8,,12,12,
140228.0,UW HEALTH,1401 EAST STATE STREET,ROCKFORD,IL,61104,WINNEBAGO,(815) 968-4400,Acute Care Hospitals,Voluntary non-profit - Private,Yes,Y,3,,7,7,0,6,1,,8,7,3,4,0,,11,10,1,8,1,,8,8,,12,11,
140280.0,TRINITY ROCK ISLAND,2701 17TH ST,ROCK ISLAND,IL,61201,ROCK ISLAND,(309) 779-5000,Acute Care Hospitals,Voluntary non-profit - Private,Yes,Y,2,,7,7,0,6,1,,8,8,1,7,0,,11,11,0,11,0,,8,8,,12,9,
140304.0,UCHICAGO MEDICINE ADVENTHEALTH BOLINGBROOK,500 REMINGTON BOULEVARD,BOLINGBROOK,IL,60440,WILL,(630) 312-5000,Acute Care Hospitals,Voluntary non-profit - Private,Yes,Y,4,,7,5,0,5,0,,8,5,1,4,0,,11,8,1,7,0,,8,8,,12,11,
141308.0,WASHINGTON COUNTY HOSPITAL,705 S GRAND AVE,NASHVILLE,IL,62263,WASHINGTON,(618) 327-8236,Critical Access Hospitals,Government - Hospital District or Authority,Yes,,Not Available,16,7,Not Available,Not Available,Not Available,Not Available,5,8,Not Available,Not Available,Not Available,Not Available,5,11,Not Available,Not Available,Not Available,Not Available,5,8,Not Available,5,12,4,
141319.0,HAMMOND HENRY HOSPITAL,600 N COLLEGE AVENUE,GENESEO,IL,61254,HENRY,(309) 944-6431,Critical Access Hospitals,Government - Hospital District or Authority,Yes,,Not Available,16,7,1,0,1,0,,8,Not Available,Not Available,Not Available,Not Available,5,11,3,0,3,0,,8,8,,12,4,
141329.0,MORRISON COMMUNITY HOSPITAL,303 N JACKSON STREET,MORRISON,IL,61270,WHITESIDE,(815) 772-4003,Critical Access Hospitals,Government - Hospital District or Authority,Yes,,Not Available,16,7,Not Available,Not Available,Not Available,Not Available,5,8,Not Available,Not Available,Not Available,Not Available,5,11,Not Available,Not Available,Not Available,Not Available,5,8,Not Available,5,12,3,
141339.0,TAYLORVILLE MEMORIAL HOSPITAL,201 EAST PLEASANT STREET,TAYLORVILLE,IL,62568,CHRISTIAN,(217) 824-3331,Critical Access Hospitals,Voluntary non-profit - Private,Yes,,4,,7,3,0,3,0,,8,1,0,1,0,,11,6,0,6,0,,8,Not Available,5,12,6,
141349.0,SPARTA COMMUNITY HOSPITAL,818 E BROADWAY,SPARTA,IL,62286,RANDOLPH,(618) 443-2177,Critical Access Hospitals,Government - Hospital District or Authority,Yes,,Not Available,16,7,2,0,2,0,,8,1,0,1,0,,11,4,0,4,0,,8,Not Available,5,12,4,
144009.0,"AERIES HEALTHCARE OF ILLINOIS, INC., DBA RIVEREDGE HOSPITAL",8311 WEST ROOSEVELT ROAD,FOREST PARK,IL,60130,COOK,(708) 771-7000,Psychiatric,Proprietary,No,,Not Available,19,Not Available,Not Available,Not Available,Not Available,Not Available,19,Not Available,Not Available,Not Available,Not Available,Not Available,19,Not Available,Not Available,Not Available,Not Available,Not Available,19,Not Available,Not Available,19,Not Available,Not Available,19
144037.0,ELGIN MENTAL HEALTH CENTER,750 S STATE ST,ELGIN,IL,60123,KANE,(847) 742-1040,Psychiatric,Government - State,Yes,,Not Available,19,Not Available,Not Available,Not Available,Not Available,Not Available,19,Not Available,Not Available,Not Available,Not Available,Not Available,19,Not Available,Not Available,Not Available,Not Available,Not Available,19,Not Available,Not Available,19,Not Available,Not Available,19
150006.0,NORTHWEST HEALTH-LA PORTE,1007 LINCOLNWAY,LA PORTE,IN,46350,LA PORTE,(219) 326-1234,Acute Care Hospitals,Voluntary non-profit - Private,Yes,Y,3,,7,6,0,6,0,,8,3,0,3,0,,11,9,0,8,1,,8,8,,12,10,
150021.0,PARKVIEW REGIONAL MEDICAL CENTER,11109 PARKVIEW PLAZA DRIVE,FORT WAYNE,IN,46845,ALLEN,(260) 266-1195,Acute Care Hospitals,Voluntary non-profit - Private,Yes,Y,3,,7,7,0,6,1,,8,7,2,5,0,,11,10,1,7,2,,8,8,,12,11,
150044.0,BAPTIST HEALTH FLOYD,1850 STATE ST,NEW ALBANY,IN,47150,FLOYD,(812) 944-7701,Acute Care Hospitals,Voluntary non-profit - Private,Yes,Y,3,,7,7,0,7,0,,8,7,1,6,0,,11,9,0,9,0,,8,8,,12,12,
150061.0,DAVIESS COMMUNITY HOSPITAL,1314 E WALNUT ST,WASHINGTON,IN,47501,DAVIESS,(812) 254-2760,Acute Care Hospitals,Government - Local,Yes,Y,3,,7,4,0,4,0,,8,2,0,2,0,,11,8,1,7,0,,8,8,,12,10,
150088.0,ASCENSION ST VINCENT ANDERSON,2015 JACKSON ST,ANDERSON,IN,46016,MADISON,(765) 649-2511,Acute Care Hospitals,Voluntary non-profit - Private,Yes,Y,2,,7,4,0,4,0,,8,6,0,6,0,,11,9,0,7,2,,8,8,,12,9,
150112.0,COLUMBUS REGIONAL HOSPITAL,2400 E 17TH ST,COLUMBUS,IN,47201,BARTHOLOMEW,(812) 379-4441,Acute Care Hospitals,Government - Local,Yes,Y,4,,7,7,0,7,0,,8,7,0,6,1,,11,11,1,10,0,,8,8,,12,11,
150153.0,ST VINCENT HEART CENTER,10580 N MERIDIAN ST,CARMEL,IN,46290,HAMILTON,(317) 583-5000,Acute Care Hospitals,Proprietary,Yes,,5,,7,4,0,4,0,,8,4,1,3,0,,11,5,1,4,0,,8,8,,12,5,
150169.0,COMMUNITY HOSPITAL NORTH,7150 CLEARVISTA DR,INDIANAPOLIS,IN,46256,MARION,(317) 621-5335,Acute Care Hospitals,Voluntary non-profit - Private,Yes,Y,4,,7,5,0,5,0,,8,8,4,3,1,,11,7,0,7,0,,8,8,,12,11,
151301.0,ASCENSION ST VINCENT RANDOLPH,473 E GREENVILLE AVE,WINCHESTER,IN,47394,RANDOLPH,(765) 584-0004,Critical Access Hospitals,Voluntary non-profit - Private,Yes,Y,Not Available,16,7,Not Available,Not Available,Not Available,Not Available,5,8,Not Available,Not Available,Not Available,Not Available,5,11,2,0,2,0,,8,Not Available,5,12,7,
151312.0,INDIANA UNIVERSITY HEALTH WHITE MEMORIAL HOSPITAL,720 SOUTH SIXTH ST,MONTICELLO,IN,47960,WHITE,(574) 583-7111,Critical Access Hospitals,Voluntary non-profit - Private,Yes,,5,,7,4,0,4,0,,8,1,0,1,0,,11,7,0,7,0,,8,Not Available,5,12,9,
151323.0,PARKVIEW LAGRANGE HOSPITAL,207 N TOWNLINE RD,LAGRANGE,IN,46761,LAGRANGE,(260) 463-9000,Critical Access Hospitals,Voluntary non-profit - Private,Yes,,Not Available,16,7,2,0,2,0,,8,1,0,1,0,,11,5,0,5,0,,8,8,,12,8,
151333.0,PUTNAM COUNTY HOSPITAL,1542 S BLOOMINGTON ST,GREENCASTLE,IN,46135,PUTNAM,(765) 653-5121,Critical Access Hospitals,Government - Local,Yes,,5,,7,3,0,3,0,,8,Not Available,Not Available,Not Available,Not Available,5,11,5,0,5,0,,8,Not Available,5,12,7,
154021.0,"GRANT-BLACKFORD MENTAL HEALTH, INC",505 WABASH AVE,MARION,IN,46952,GRANT,(765) 662-3971,Psychiatric,Voluntary non-profit - Private,No,,Not Available,19,Not Available,Not Available,Not Available,Not Available,Not Available,19,Not Available,Not Available,Not Available,Not Available,Not Available,19,Not Available,Not Available,Not Available,Not Available,Not Available,19,Not Available,Not Available,19,Not Available,Not Available,19
154055.0,BRENTWOOD MEADOWS LLC,4488 ROSLIN RD,NEWBURGH,IN,47630,WARRICK,(812) 858-7200,Psychiatric,Voluntary non-profit - Private,No,,Not Available,19,Not Available,Not Available,Not Available,Not Available,Not Available,19,Not Available,Not Available,Not Available,Not Available,Not Available,19,Not Available,Not Available,Not Available,Not Available,Not Available,19,Not Available,Not Available,19,Not Available,Not Available,19
154066.0,BRIGHTWELL BEHAVIORAL HEALTH,1612 BLACKISTON VIEW DRIVE,CLARKSVILLE,IN,47129,CLARK,(574) 339-3094,Psychiatric,Proprietary,No,,Not Available,19,Not Available,Not Available,Not Available,Not Available,Not Available,19,Not Available,Not Available,Not Available,Not Available,Not Available,19,Not Available,Not Available,Not Available,Not Available,Not Available,19,Not Available,Not Available,19,Not Available,Not Available,19
160032.0,MERCYONE NEWTON MEDICAL CENTER,204 N 4TH AVE E,NEWTON,IA,50208,JASPER,(641) 792-1273,Acute Care Hospitals,Voluntary non-profit - Private,Yes,,Not Available,16,7,2,0,2,0,,8,1,0,1,0,,11,7,3,4,0,,8,8,,12,11,
160079.0,MERCY MEDICAL CENTER - CEDAR RAPIDS,701 10TH STREET SE,CEDAR RAPIDS,IA,52403,LINN,(319) 398-6011,Acute Care Hospitals,Voluntary non-profit - Church,Yes,Y,3,,7,7,0,6,1,,8,7,2,4,1,,11,11,0,11,0,,8,8,,12,11,
160124.0,LAKES REGIONAL HEALTHCARE,2301 HIGHWAY 71,SPIRIT LAKE,IA,51360,DICKINSON,(712) 336-1230,Acute Care Hospitals,Government - Local,Yes,Y,2,,7,4,0,4,0,,8,3,0,3,0,,11,7,0,6,1,,8,8,,12,9,
161307.0,HANCOCK COUNTY HEALTH SYSTEM,532 1ST ST NW,BRITT,IA,50423,HANCOCK,(641) 843-5000,Critical Access Hospitals,Government - Local,Yes,,Not Available,16,7,1,0,1,0,,8,1,0,1,0,,11,4,1,3,0,,8,Not Available,5,12,6,
161317.0,COMPASS MEMORIAL HEALTHCARE,300 W MAY ST,MARENGO,IA,52301,IOWA,(319) 642-5543,Critical Access Hospitals,Government - Local,Yes,,Not Available,16,7,1,0,1,0,,8,Not Available,Not Available,Not Available,Not Available,5,11,4,0,4,0,,8,8,,12,5,
161327.0,DAVIS COUNTY HOSPITAL,509 NORTH MADISON STREET,BLOOMFIELD,IA,52537,DAVIS,(641) 664-2145,Critical Access Hospitals,Government - Local,Yes,,Not Available,16,7,Not Available,Not Available,Not Available,Not Available,5,8,Not Available,Not Available,Not Available,Not Available,5,11,1,0,1,0,,8,Not Available,5,12,6,
161337.0,VAN BUREN COUNTY HOSPITAL,304 FRANKLIN STREET,KEOSAUQUA,IA,52565,VAN BUREN,(319) 293-3171,Critical Access Hospitals,Government - Local,Yes,,Not Available,16,7,1,0,1,0,,8,Not Available,Not Available,Not Available,Not Available,5,11,2,0,2,0,,8,Not Available,5,12,5,
161347.0,FLOYD COUNTY MEDICAL CENTER,800 11TH ST,CHARLES CITY,IA,50616,FLOYD,(641) 228-6830,Critical Access Hospitals,Government - Local,Yes,Y,3,,7,3,0,3,0,,8,Not Available,Not Available,Not Available,Not Available,5,11,4,0,4,0,,8,Not Available,5,12,7,
161357.0,PALO ALTO COUNTY HOSPITAL,3201 1ST STREET,EMMETSBURG,IA,50536,PALO ALTO,(712) 852-5500,Critical Access Hospitals,Government - Local,Yes,Y,Not Available,16,7,1,0,1,0,,8,Not Available,Not Available,Not Available,Not Available,5,11,3,0,3,0,,8,Not Available,5,12,6,
161367.0,PELLA REGIONAL HEALTH CENTER,404 JEFFERSON STREET,PELLA,IA,50219,MARION,(641) 628-3150,Critical Access Hospitals,Voluntary non-profit - Private,Yes,,4,,7,4,0,4,0,,8,2,0,2,0,,11,7,0,7,0,,8,8,,12,9,
161377.0,MERCYONE CENTERVILLE MEDICAL CENTER,ONE ST JOSEPH'S DRIVE,CENTERVILLE,IA,52544,APPANOOSE,(641) 437-4111,Critical Access Hospitals,Voluntary non-profit - Private,Yes,,Not Available,16,7,1,0,1,0,,8,Not Available,Not Available,Not Available,Not Available,5,11,4,0,4,0,,8,Not Available,5,12,6,
170006.0,"MERCY HOSPITAL PITTSBURG, INC",1 MT CARMEL WAY,PITTSBURG,KS,66762,CRAWFORD,(620) 231-6100,Acute Care Hospitals,Voluntary non-profit - Church,Yes,Y,4,,7,5,0,4,1,,8,5,1,4,0,,11,10,0,10,0,,8,8,,12,9,
170040.0,UNIVERSITY OF KANSAS HOSPITAL,4000 CAMBRIDGE STREET,KANSAS CITY,KS,66160,WYANDOTTE,(913) 588-7332,Acute Care Hospitals,Government - Hospital District or Authority,Yes,Y,5,,7,7,3,4,0,,8,7,2,4,1,,11,10,1,9,0,,8,8,,12,12,
170122.0,"ASCENSION VIA CHRISTI HOSPITALS WICHITA, INC.",929 NORTH ST FRANCIS STREET,WICHITA,KS,67214,SEDGWICK,(316) 268-5000,Acute Care Hospitals,Voluntary non-profit - Private,Yes,Y,3,,7,7,0,7,0,,8,7,2,5,0,,11,11,0,10,1,,8,8,,12,9,
170186.0,KANSAS HEART HOSPITAL,3601 NORTH WEBB ROAD,WICHITA,KS,67226,SEDGWICK,(316) 630-5000,Acute Care Hospitals,Proprietary,No,,5,,7,4,0,4,0,,8,3,0,3,0,,11,5,0,5,0,,8,8,,12,4,
170200.0,"VIA CHRISTI HOSPITAL WICHITA ST TERESA, INC",14800 WEST ST TERESA,WICHITA,KS,67235,SEDGWICK,(316) 268-5000,Acute Care Hospitals,Voluntary non-profit - Church,Yes,,4,,7,6,0,6,0,,8,5,0,5,0,,11,6,1,5,0,,8,8,,12,7,
171304.0,ASHLAND HEALTH CENTER,625 SOUTH KENTUCKY STREET,ASHLAND,KS,67831,CLARK,(620) 635-2241,Critical Access Hospitals,Voluntary non-profit - Other,Yes,,Not Available,16,7,Not Available,Not Available,Not Available,Not Available,5,8,Not Available,Not Available,Not Available,Not Available,5,11,1,0,1,0,,8,Not Available,5,12,3,
171315.0,NEMAHA VALLEY COMMUNITY HOSPITAL,1600 COMMUNITY DR,SENECA,KS,66538,NEMAHA,(785) 336-6181,Critical Access Hospitals,Voluntary non-profit - Private,Yes,Y,Not Available,16,7,2,0,2,0,,8,Not Available,Not Available,Not Available,Not Available,5,11,4,1,3,0,,8,Not Available,5,12,7,
171326.0,LOGAN COUNTY HOSPITAL,211 CHERRY AVENUE,OAKLEY,KS,67748,LOGAN,(785) 672-3211,Critical Access Hospitals,Government - Local,Yes,,Not Available,16,7,1,0,1,0,,8,Not Available,Not Available,Not Available,Not Available,5,11,2,0,2,0,,8,Not Available,5,12,4,
171336.0,NESS COUNTY HOSPITAL DISTRICT #2,312 CUSTER STREET,NESS CITY,KS,67560,NESS,(785) 798-2291,Critical Access Hospitals,Government - Hospital District or Authority,Yes,,Not Available,16,7,1,0,0,1,,8,Not Available,Not Available,Not Available,Not Available,5,11,2,0,2,0,,8,Not Available,5,12,4,
171348.0,NORTON COUNTY HOSPITAL,102 E HOLME STREET,NORTON,KS,67654,NORTON,(785) 877-3351,Critical Access Hospitals,Government - Local,Yes,,Not Available,16,7,1,0,1,0,,8,Not Available,Not Available,Not Available,Not Available,5,11,2,0,2,0,,8,Not Available,5,12,3,
171358.0,LINDSBORG COMMUNITY HOSPITAL,605 W LINCOLN STREET,LINDSBORG,KS,67456,MCPHERSON,(785) 227-3308,Critical Access Hospitals,Voluntary non-profit - Private,Yes,,Not Available,16,7,Not Available,Not Available,Not Available,Not Available,5,8,Not Available,Not Available,Not Available,Not Available,5,11,3,0,3,0,,8,Not Available,5,12,6,
171369.0,HODGEMAN COUNTY HEALTH CENTER,809 BRAMLEY,JETMORE,KS,67854,HODGEMAN,(620) 357-8361,Critical Access Hospitals,Government - Local,Yes,,Not Available,16,7,Not Available,Not Available,Not Available,Not Available,5,8,Not Available,Not Available,Not Available,Not Available,5,11,3,0,3,0,,8,Not Available,5,12,3,
171379.0,MORRIS COUNTY HOSPITAL,600 N WASHINGTON ST,COUNCIL GROVE,KS,66846,MORRIS,(620) 767-6811,Critical Access Hospitals,Government - Local,No,Y,Not Available,16,7,2,0,2,0,,8,Not Available,Not Available,Not Available,Not Available,5,11,3,0,3,0,,8,Not Available,5,12,6,
174006.0,LARNED STATE HOSPITAL,1301 KS HIGHWAY 264,LARNED,KS,67550,PAWNEE,(620) 285-2131,Psychiatric,Government - State,No,,Not Available,19,Not Available,Not Available,Not Available,Not Available,Not Available,19,Not Available,Not Available,Not Available,Not Available,Not Available,19,Not Available,Not Available,Not Available,Not Available,Not Available,19,Not Available,Not Available,19,Not Available,Not Available,19
180009.0,KING'S DAUGHTERS' MEDICAL CENTER,2201 LEXINGTON AVENUE,ASHLAND,KY,41101,BOYD,(606) 408-4401,Acute Care Hospitals,Voluntary non-profit - Private,Yes,Y,3,,7,7,0,6,1,,8,7,1,6,0,,11,11,1,9,1,,8,8,,12,12,
180024.0,SPRING VIEW HOSPITAL,320 LORETTO ROAD,LEBANON,KY,40033,MARION,(270) 692-3161,Acute Care Hospitals,Proprietary,Yes,Y,Not Available,16,7,2,0,2,0,,8,2,0,2,0,,11,7,1,6,0,,8,8,,12,10,
180046.0,BOURBON COMMUNITY HOSPITAL,9 LINVILLE DRIVE,PARIS,KY,40361,BOURBON,(859) 987-3600,Acute Care Hospitals,Proprietary,Yes,,4,,7,3,0,3,0,,8,1,0,1,0,,11,5,0,5,0,,8,Not Available,5,12,7,
180070.0,OWENSBORO HEALTH TWIN LAKES MEDICAL CENTER,910 WALLACE AVENUE,LEITCHFIELD,KY,42754,GRAYSON,(270) 259-9400,Acute Care Hospitals,Voluntary non-profit - Other,Yes,Y,3,,7,4,0,4,0,,8,2,0,2,0,,11,6,0,6,0,,8,8,,12,9,
180103.0,BAPTIST HEALTH LEXINGTON,1740 NICHOLASVILLE ROAD,LEXINGTON,KY,40503,FAYETTE,(859) 260-6100,Acute Care Hospitals,Voluntary non-profit - Other,Yes,Y,4,,7,7,0,7,0,,8,8,2,6,0,,11,11,0,11,0,,8,8,,12,12,
180138.0,BAPTIST HEALTH LAGRANGE,1025 NEW MOODY LANE,LA GRANGE,KY,40031,OLDHAM,(502) 222-5388,Acute Care Hospitals,Voluntary non-profit - Private,Yes,Y,4,,7,3,0,3,0,,8,3,0,3,0,,11,8,1,7,0,,8,8,,12,10,
181306.0,METHODIST HOSPITAL UNION COUNTY,4604 US HIGHWAY 60 WEST,MORGANFIELD,KY,42437,UNION,(270) 389-5000,Critical Access Hospitals,Voluntary non-profit - Church,Yes,,Not Available,16,7,1,0,1,0,,8,1,0,1,0,,11,3,0,3,0,,8,Not Available,5,12,5,
181318.0,THE MEDICAL CENTER AT FRANKLIN,1100 BROOKHAVEN ROAD,FRANKLIN,KY,42135,SIMPSON,(270) 598-4800,Critical Access Hospitals,Voluntary non-profit - Private,Yes,,Not Available,16,7,1,0,1,0,,8,1,0,1,0,,11,7,0,7,0,,8,Not Available,5,12,3,
181329.0,CHI SAINT JOSEPH BEREA NF,305 ESTILL STREET,BEREA,KY,40403,MADISON,(859) 986-3151,Critical Access Hospitals,Voluntary non-profit - Private,Yes,,Not Available,16,7,2,0,2,0,,8,1,0,1,0,,11,5,0,5,0,,8,Not Available,5,12,9,
184008.0,THE BROOK HOSPITAL - KMI,8521 LAGRANGE ROAD,LOUISVILLE,KY,40242,JEFFERSON,(502) 426-6380,Psychiatric,Government - Federal,Yes,,Not Available,19,Not Available,Not Available,Not Available,Not Available,Not Available,19,Not Available,Not Available,Not Available,Not Available,Not Available,19,Not Available,Not Available,Not Available,Not Available,Not Available,19,Not Available,Not Available,19,Not Available,Not Available,19
190007.0,NATCHITOCHES REGIONAL MEDICAL CENTER,501 KEYSER AVE,NATCHITOCHES,LA,71457,NATCHITOCHES,(318) 214-4200,Acute Care Hospitals,Government - Hospital District or Authority,Yes,Y,3,,7,3,0,3,0,,8,3,0,3,0,,11,8,0,7,1,,8,8,,12,11,
190026.0,RAPIDES REGIONAL MEDICAL CENTER,211 4TH STREET,ALEXANDRIA,LA,71301,RAPIDES,(318) 769-3000,Acute Care Hospitals,Proprietary,Yes,Y,2,,7,7,1,6,0,,8,6,2,4,0,,11,8,0,6,2,,8,8,,12,12,
190050.0,BEAUREGARD MEMORIAL HOSPITAL,600 S PINE STREET,DERIDDER,LA,70634,BEAUREGARD,(337) 462-7100,Acute Care Hospitals,Government - Hospital District or Authority,Yes,Y,2,,7,3,0,3,0,,8,2,0,2,0,,11,6,0,6,0,,8,8,,12,10,
190098.0,OCHSNER LSU HEALTH SHREVEPORT,1541 KINGS HIGHWAY,SHREVEPORT,LA,71130,CADDO,(318) 675-5058,Acute Care Hospitals,Voluntary non-profit - Private,Yes,,2,,7,6,0,6,0,,8,6,2,4,0,,11,8,1,7,0,,8,8,,12,9,
190133.0,ALLEN PARISH HOSPITAL,108 6TH AVENUE,KINDER,LA,70648,ALLEN,(337) 738-9489,Acute Care Hospitals,Government - Hospital District or Authority,Yes,,Not Available,16,7,Not Available,Not Available,Not Available,Not Available,5,8,Not Available,Not Available,Not Available,Not Available,5,11,2,0,1,1,,8,Not Available,5,12,6,
190184.0,CITIZENS MEDICAL CENTER,7939 U S HWY 165 SOUTH,COLUMBIA,LA,71418,CALDWELL,(318) 649-6106,Acute Care Hospitals,Government - Hospital District or Authority,Yes,,3,,7,3,0,3,0,,8,1,0,1,0,,11,5,0,4,1,,8,8,,12,7,
190256.0,STERLING SURGICAL HOSPITAL,989 ROBERT BLVD,SLIDELL,LA,70458,ST. TAMMANY,(985) 690-8200,Acute Care Hospitals,Proprietary,No,,Not Available,16,7,Not Available,Not Available,Not Available,Not Available,5,8,2,0,2,0,,11,3,0,2,1,,8,Not Available,5,12,3,
190303.0,CYPRESS POINTE SURGICAL HOSPITAL,42570 SOUTH AIRPORT RD,HAMMOND,LA,70403,TANGIPAHOA,(985) 510-6200,Acute Care Hospitals,Physician,No,,Not Available,16,7,Not Available,Not Available,Not Available,Not Available,5,8,2,0,2,0,,11,4,0,4,0,,8,8,,12,4,
191301.0,UNION GENERAL HOSPITAL,901 JAMES AVE,FARMERVILLE,LA,71241,UNION,(318) 368-9751,Critical Access Hospitals,Voluntary non-profit - Private,Yes,,Not Available,16,7,1,0,1,0,,8,Not Available,Not Available,Not Available,Not Available,5,11,2,0,2,0,,8,Not Available,5,12,7,
191312.0,CHRISTUS COUSHATTA HEALTH CARE CENTER,1635 MARVEL STREET,COUSHATTA,LA,71019,RED RIVER,(318) 932-2000,Critical Access Hospitals,Voluntary non-profit - Private,Yes,,4,,7,3,0,3,0,,8,Not Available,Not Available,Not Available,Not Available,5,11,4,0,4,0,,8,Not Available,5,12,4,
191322.0,ABROM KAPLAN MEMORIAL HOSPITAL,1310 WEST SEVENTH STREET,KAPLAN,LA,70548,VERMILION,(337) 643-8300,Critical Access Hospitals,Voluntary non-profit - Private,Yes,,Not Available,16,7,1,0,1,0,,8,Not Available,Not Available,Not Available,Not Available,5,11,3,0,3,0,,8,Not Available,5,12,8,
194008.0,EASTERN LA MENTAL HEALTH SYSTEM,4502 HIGHWAY 951,JACKSON,LA,70748,EAST FELICIANA,(225) 634-0100,Psychiatric,Government - State,No,,Not Available,19,Not Available,Not Available,Not Available,Not Available,Not Available,19,Not Available,Not Available,Not Available,Not Available,Not Available,19,Not Available,Not Available,Not Available,Not Available,Not Available,19,Not Available,Not Available,19,Not Available,Not Available,19
194079.0,"RED RIVER BEHAVIORAL CENTER, LLC",2800 MELROSE AVENUE,BOSSIER CITY,LA,71111,BOSSIER,(318) 549-2033,Psychiatric,Proprietary,No,,Not Available,19,Not Available,Not Available,Not Available,Not Available,Not Available,19,Not Available,Not Available,Not Available,Not Available,Not Available,19,Not Available,Not Available,Not Available,Not Available,Not Available,19,Not Available,Not Available,19,Not Available,Not Available,19
194089.0,GENESIS BEHAVIORAL HOSPITAL,606 LATIOLAIS ROAD,BREAUX BRIDGE,LA,70517,ST. MARTIN,(337) 442-6254,Psychiatric,Proprietary,No,,Not Available,19,Not Available,Not Available,Not Available,Not Available,Not Available,19,Not Available,Not Available,Not Available,Not Available,Not Available,19,Not Available,Not Available,Not Available,Not Available,Not Available,19,Not Available,Not Available,19,Not Available,Not Available,19
194106.0,"COMPASS BEHAVIORAL CENTER OF ALEXANDRIA, INC",6410 MASONIC DRIVE,ALEXANDRIA,LA,71301,RAPIDES,(318) 442-3163,Psychiatric,Proprietary,No,,Not Available,19,Not Available,Not Available,Not Available,Not Available,Not Available,19,Not Available,Not Available,Not Available,Not Available,Not Available,19,Not Available,Not Available,Not Available,Not Available,Not Available,19,Not Available,Not Available,19,Not Available,Not Available,19
194119.0,FREEDOM BEHAVIORAL HOSPITAL OF FERRIDAY,1700 EE WALLACE BLVD. N,FERRIDAY,LA,71334,CONCORDIA,(318) 740-2400,Psychiatric,Proprietary,No,,Not Available,19,Not Available,Not Available,Not Available,Not Available,Not Available,19,Not Available,Not Available,Not Available,Not Available,Not Available,19,Not Available,Not Available,Not Available,Not Available,Not Available,19,Not Available,Not Available,19,Not Available,Not Available,19
200033.0,NORTHERN LIGHT EASTERN MAINE MEDICAL CENTER,489 STATE STREET,BANGOR,ME,4401,PENOBSCOT,(207) 973-7000,Acute Care Hospitals,Voluntary non-profit - Private,Yes,Y,4,,7,7,1,6,0,,8,7,1,6,0,,11,11,2,9,0,,8,8,,12,11,
201303.0,PENOBSCOT VALLEY HOSPITAL,"7 TRANSALPINE ROAD, PO BOX 368",LINCOLN,ME,4457,PENOBSCOT,(207) 794-3321,Critical Access Hospitals,Voluntary non-profit - Private,Yes,,Not Available,16,7,1,0,1,0,,8,Not Available,Not Available,Not Available,Not Available,5,11,2,0,2,0,,8,Not Available,5,12,5,
201313.0,NORTHERN LIGHT SEBASTICOOK VALLEY HOSPITAL,447 NORTH MAIN STREET,PITTSFIELD,ME,4967,SOMERSET,(207) 487-5141,Critical Access Hospitals,Voluntary non-profit - Private,Yes,,Not Available,16,7,2,0,2,0,,8,2,0,2,0,,11,2,0,2,0,,8,8,,12,4,
210002.0,UNIVERSITY OF MARYLAND MEDICAL CENTER,22 SOUTH  GREENE STREET,BALTIMORE,MD,21201,BALTIMORE CITY,(410) 328-8667,Acute Care Hospitals,Voluntary non-profit - Private,Yes,Y,2,,7,7,0,7,0,,8,7,1,5,1,,11,10,0,9,1,,8,8,,12,10,
210017.0,GARRETT REGIONAL MEDICAL CENTER,251 NORTH  FOURTH STREET,OAKLAND,MD,21550,GARRETT,(301) 533-4173,Acute Care Hospitals,Voluntary non-profit - Private,Yes,Y,4,,7,4,0,3,1,,8,3,0,3,0,,11,9,2,7,0,,8,8,,12,11,
210032.0,UNION HOSPITAL OF CECIL COUNTY,106 BOW STREET,ELKTON,MD,21921,CECIL,(410) 392-7009,Acute Care Hospitals,Voluntary non-profit - Private,No,Y,3,,7,5,0,5,0,,8,6,0,6,0,,11,9,0,9,0,,8,8,,12,11,
210048.0,JOHNS HOPKINS HOWARD COUNTY MEDICAL CENTER,5755 CEDAR LANE,COLUMBIA,MD,21044,HOWARD,(410) 740-7890,Acute Care Hospitals,Voluntary non-profit - Private,Yes,Y,3,,7,6,1,5,0,,8,7,2,5,0,,11,8,1,5,2,,8,8,,12,9,
210064.0,LEVINDALE HEBREW GERIATRIC CENTER AND HOSPITAL,2434 WEST BELVEDERE AVENUE,BALTIMORE,MD,21209,BALTIMORE CITY,(410) 601-2400,Acute Care Hospitals,Voluntary non-profit - Private,No,,Not Available,16,7,Not Available,Not Available,Not Available,Not Available,5,8,1,1,0,0,,11,1,0,1,0,,8,Not Available,5,12,3,
214020.0,LUMINIS HEALTH J KENT MCNEW FAMILY MEDICAL CENTER,175 HARRY S TRUMAN PARKWAY,ANNAPOLIS,MD,21401,ANNE ARUNDEL,(443) 481-1000,Psychiatric,Voluntary non-profit - Private,Yes,,Not Available,19,Not Available,Not Available,Not Available,Not Available,Not Available,19,Not Available,Not Available,Not Available,Not Available,Not Available,19,Not Available,Not Available,Not Available,Not Available,Not Available,19,Not Available,Not Available,19,Not Available,Not Available,19
220017.0,CARNEY HOSPITAL,2100 DORCHESTER AVENUE,BOSTON,MA,2124,SUFFOLK,(617) 506-2000,Acute Care Hospitals,Proprietary,Yes,,Not Available,19,Not Available,Not Available,Not Available,Not Available,Not Available,19,Not Available,Not Available,Not Available,Not Available,Not Available,19,Not Available,Not Available,Not Available,Not Available,Not Available,19,Not Available,Not Available,19,Not Available,Not Available,19
220046.0,BERKSHIRE MEDICAL CENTER,725 NORTH STREET,PITTSFIELD,MA,1201,BERKSHIRE,(413) 447-2000,Acute Care Hospitals,Voluntary non-profit - Other,Yes,Y,4,,7,6,0,6,0,,8,7,2,5,0,,11,9,1,8,0,,8,8,,12,12,
220073.0,BROWN UNIVERSITY HEALTH MORTON HOSPITAL,88 WASHINGTON STREET,TAUNTON,MA,2780,BRISTOL,(508) 828-7000,Acute Care Hospitals,Proprietary,Yes,,2,,7,5,1,4,0,,8,7,1,6,0,,11,7,0,5,2,,8,8,,12,11,
220095.0,HEYWOOD HOSPITAL -,242 GREEN STREET,GARDNER,MA,1440,WORCESTER,(978) 632-3420,Acute Care Hospitals,Voluntary non-profit - Private,Yes,Y,3,,7,5,0,5,0,,8,4,1,3,0,,11,9,0,9,0,,8,8,,12,11,
220126.0,NORWOOD HOSPITAL,800 WASHINGTON STREET,NORWOOD,MA,2062,NORFOLK,(781) 769-4000,Acute Care Hospitals,Proprietary,Yes,,Not Available,16,7,Not Available,Not Available,Not Available,Not Available,5,8,Not Available,Not Available,Not Available,Not Available,5,11,2,0,2,0,,8,Not Available,5,12,2,
221304.0,NORTH ADAMS REGIONAL HOSPITAL CORPORATION,71 HOSPITAL AVENUE,NORTH ADAMS,MA,1247,BERKSHIRE,(413) 664-5000,Critical Access Hospitals,Government - Federal,Yes,,Not Available,5,Not Available,Not Available,Not Available,Not Available,Not Available,5,Not Available,Not Available,Not Available,Not Available,Not Available,5,Not Available,Not Available,Not Available,Not Available,Not Available,5,Not Available,Not Available,5,Not Available,Not Available,5
224023.0,WESTWOOD PEMBROKE HEALTH SYSTEMS,45 CLAPBOARDTREE STREET,WESTWOOD,MA,2090,NORFOLK,(617) 762-7764,Psychiatric,Proprietary,Yes,,Not Available,19,Not Available,Not Available,Not Available,Not Available,Not Available,19,Not Available,Not Available,Not Available,Not Available,Not Available,19,Not Available,Not Available,Not Available,Not Available,Not Available,19,Not Available,Not Available,19,Not Available,Not Available,19
224045.0,HOSPITAL FOR BEHAVIORAL MEDICINE,100 CENTURY DRIVE,WORCESTER,MA,1606,WORCESTER,(844) 319-0000,Psychiatric,Proprietary,No,,Not Available,19,Not Available,Not Available,Not Available,Not Available,Not Available,19,Not Available,Not Available,Not Available,Not Available,Not Available,19,Not Available,Not Available,Not Available,Not Available,Not Available,19,Not Available,Not Available,19,Not Available,Not Available,19
230021.0,"LAKELAND HOSPITAL, ST JOSEPH",1234 NAPIER AVENUE,ST JOSEPH,MI,49085,BERRIEN,(269) 983-8300,Acute Care Hospitals,Voluntary non-profit - Private,Yes,Y,4,,7,7,0,7,0,,8,8,1,7,0,,11,11,0,11,0,,8,8,,12,12,
230041.0,MCLAREN BAY REGION,1900 COLUMBUS AVE,BAY CITY,MI,48708,BAY,(989) 894-9510,Acute Care Hospitals,Voluntary non-profit - Private,Yes,Y,2,,7,7,0,7,0,,8,7,1,6,0,,11,11,0,7,4,,8,8,,12,12,
230070.0,COVENANT MEDICAL CENTER,1447 N HARRISON,SAGINAW,MI,48602,SAGINAW,(989) 583-6000,Acute Care Hospitals,Voluntary non-profit - Private,Yes,Y,2,,7,7,0,6,1,,8,7,1,6,0,,11,11,0,7,4,,8,8,,12,11,
230093.0,COREWELL HEALTH BIG RAPIDS HOSPITAL,605 OAK STREET,BIG RAPIDS,MI,49307,MECOSTA,(231) 796-8691,Acute Care Hospitals,Voluntary non-profit - Private,Yes,Y,3,,7,4,0,4,0,,8,2,0,2,0,,11,5,1,4,0,,8,8,,12,10,
230121.0,MEMORIAL HEALTHCARE,826 WEST KING STREET,OWOSSO,MI,48867,SHIAWASSEE,(989) 723-5211,Acute Care Hospitals,Voluntary non-profit - Other,Yes,Y,4,,7,4,0,4,0,,8,5,1,4,0,,11,9,0,9,0,,8,8,,12,10,
230165.0,HENRY FORD HEALTH ST JOHN HOSPITAL,22101 MOROSS RD,DETROIT,MI,48236,WAYNE,(313) 343-4000,Acute Care Hospitals,Voluntary non-profit - Church,Yes,Y,2,,7,7,0,7,0,,8,8,2,6,0,,11,11,0,11,0,,8,8,,12,10,
230216.0,MCLAREN PORT HURON,1221 PINE GROVE AVE,PORT HURON,MI,48061,WAYNE,(810) 987-5000,Acute Care Hospitals,Voluntary non-profit - Private,Yes,Y,2,,7,7,0,5,2,,8,7,0,7,0,,11,11,0,11,0,,8,8,,12,12,
230259.0,CHELSEA HOSPITAL,775 S MAIN ST,CHELSEA,MI,48118,WASHTENAW,(734) 475-3911,Acute Care Hospitals,Voluntary non-profit - Private,Yes,,3,,7,4,0,4,0,,8,5,1,3,1,,11,9,1,8,0,,8,8,,12,10,
230302.0,HENRY FORD HEALTH WEST BLOOMFIELD HOSPITAL,6777 WEST MAPLE ROAD,W BLOOMFIELD,MI,48322,OAKLAND,(248) 325-1000,Acute Care Hospitals,Voluntary non-profit - Private,Yes,Y,3,,7,6,0,6,0,,8,7,2,5,0,,11,9,0,6,3,,8,8,,12,10,
231308.0,MUNISING MEMORIAL HOSPITAL,1500 SAND POINT RD,MUNISING,MI,49862,ALGER,(906) 387-4110,Critical Access Hospitals,Voluntary non-profit - Private,Yes,,Not Available,16,7,Not Available,Not Available,Not Available,Not Available,5,8,Not Available,Not Available,Not Available,Not Available,5,11,2,0,2,0,,8,Not Available,5,12,4,
231320.0,MERCY HEALTH LAKESHORE CAMPUS,72 SOUTH STATE STREET,SHELBY,MI,49455,OCEANA,(231) 861-2156,Critical Access Hospitals,Voluntary non-profit - Private,Yes,,Not Available,16,7,1,0,1,0,,8,Not Available,Not Available,Not Available,Not Available,5,11,3,0,3,0,,8,8,,12,6,
231330.0,MARLETTE REGIONAL HOSPITAL,2770 MAIN STREET,MARLETTE,MI,48453,SANILAC,(989) 635-4000,Critical Access Hospitals,Voluntary non-profit - Private,Yes,,Not Available,16,7,Not Available,Not Available,Not Available,Not Available,5,8,Not Available,Not Available,Not Available,Not Available,5,11,2,0,2,0,,8,Not Available,5,12,6,
234011.0,HENRY FORD HEALTH KINGSWOOD HOSPITAL,10300 W EIGHT MILE ROAD,FERNDALE,MI,48220,OAKLAND,(248) 398-3200,Psychiatric,Voluntary non-profit - Private,No,,Not Available,19,Not Available,Not Available,Not Available,Not Available,Not Available,19,Not Available,Not Available,Not Available,Not Available,Not Available,19,Not Available,Not Available,Not Available,Not Available,Not Available,19,Not Available,Not Available,19,Not Available,Not Available,19
234042.0,THE BEHAVIORAL CENTER OF MICHIGAN,4050 E 12 MILE ROAD,WARREN,MI,48092,MACOMB,(586) 261-2266,Psychiatric,Proprietary,No,,Not Available,19,Not Available,Not Available,Not Available,Not Available,Not Available,19,Not Available,Not Available,Not Available,Not Available,Not Available,19,Not Available,Not Available,Not Available,Not Available,Not Available,19,Not Available,Not Available,19,Not Available,Not Available,19
240014.0,NORTHFIELD HOSPITAL,2000 NORTH AVENUE,NORTHFIELD,MN,55057,RICE,(507) 646-1004,Acute Care Hospitals,Government - Local,Yes,Y,Not Available,16,7,2,0,2,0,,8,2,0,2,0,,11,7,0,7,0,,8,8,,12,10,
240044.0,WINONA HEALTH SERVICES,855 MANKATO AVENUE,WINONA,MN,55987,WINONA,(507) 454-3650,Acute Care Hospitals,Voluntary non-profit - Private,Yes,Y,2,,7,3,0,2,1,,8,2,0,2,0,,11,6,0,6,0,,8,8,,12,10,
240071.0,ALLINA HEALTH FARIBAULT MEDICAL CENTER,200 STATE AVENUE,FARIBAULT,MN,55021,RICE,(507) 497-3733,Acute Care Hospitals,Voluntary non-profit - Private,Yes,Y,Not Available,16,7,1,0,1,0,,8,1,0,1,0,,11,3,0,3,0,,8,8,,12,10,
240104.0,ST FRANCIS REGIONAL MEDICAL CENTER,1455 ST FRANCIS AVENUE,SHAKOPEE,MN,55379,SCOTT,(952) 428-3000,Acute Care Hospitals,Voluntary non-profit - Church,Yes,Y,4,,7,4,0,4,0,,8,6,1,5,0,,11,9,0,9,0,,8,8,,12,11,
240214.0,MAPLE GROVE HOSPITAL,9875 HOSPITAL DRIVE,MAPLE GROVE,MN,55369,HENNEPIN,(763) 581-1563,Acute Care Hospitals,Voluntary non-profit - Private,Yes,Y,4,,7,2,1,1,0,,8,6,1,5,0,,11,6,0,6,0,,8,8,,12,10,
241311.0,RIDGEVIEW SIBLEY MEDICAL CENTER,601 WEST CHANDLER,ARLINGTON,MN,55307,SIBLEY,(507) 964-8415,Critical Access Hospitals,Voluntary non-profit - Private,Yes,,Not Available,16,7,Not Available,Not Available,Not Available,Not Available,5,8,Not Available,Not Available,Not Available,Not Available,5,11,Not Available,Not Available,Not Available,Not Available,5,8,Not Available,5,12,3,
241321.0,ESSENTIA HEALTH HOLY TRINITY HOSPITAL,"115  SECOND STREET WEST, BOX 157",GRACEVILLE,MN,56240,BIG STONE,(320) 748-7223,Critical Access Hospitals,Voluntary non-profit - Private,Yes,,Not Available,16,7,Not Available,Not Available,Not Available,Not Available,5,8,Not Available,Not Available,Not Available,Not Available,5,11,Not Available,Not Available,Not Available,Not Available,5,8,Not Available,5,12,5,
241333.0,MAYO CLINIC HEALTH SYSTEM ST. JAMES,1101 MOULTON AND PARSONS DRIVE,ST JAMES,MN,56081,WATONWAN,(507) 375-8602,Critical Access Hospitals,Voluntary non-profit - Private,Yes,,Not Available,16,7,Not Available,Not Available,Not Available,Not Available,5,8,1,0,1,0,,11,2,0,2,0,,8,Not Available,5,12,6,
241343.0,AVERA GRANITE FALLS,345 TENTH AVENUE,GRANITE FALLS,MN,56241,YELLOW MEDCINE,(320) 564-6201,Critical Access Hospitals,Government - Local,Yes,,Not Available,16,7,Not Available,Not Available,Not Available,Not Available,5,8,Not Available,Not Available,Not Available,Not Available,5,11,1,0,1,0,,8,Not Available,5,12,4,
241354.0,ASTERA HEALTH,421 11TH STREET NW,WADENA,MN,56482,WADENA,(218) 631-7489,Critical Access Hospitals,Voluntary non-profit - Other,Yes,Y,Not Available,16,7,2,0,2,0,,8,2,0,2,0,,11,4,0,4,0,,8,8,,12,5,
241364.0,COMMUNITY MEMORIAL HOSPITAL,512 SKYLINE BOULEVARD,CLOQUET,MN,55720,CARLTON,(218) 879-4641,Critical Access Hospitals,Voluntary non-profit - Private,Yes,,Not Available,16,7,1,0,1,0,,8,2,0,2,0,,11,3,0,3,0,,8,8,,12,6,
241374.0,PIPESTONE COUNTY  MEDICAL CENTER,916 4TH AVENUE SOUTHWEST,PIPESTONE,MN,56164,PIPESTONE,(507) 825-5811,Critical Access Hospitals,Government - Local,Yes,,Not Available,16,7,Not Available,Not Available,Not Available,Not Available,5,8,Not Available,Not Available,Not Available,Not Available,5,11,1,0,1,0,,8,Not Available,5,12,5,
244002.0,ANOKA METRO REGIONAL TREATMENT CENTER,3301 7TH AVE NORTH,ANOKA,MN,55303,ANOKA,(651) 431-5003,Psychiatric,Government - State,No,,Not Available,19,Not Available,Not Available,Not Available,Not Available,Not Available,19,Not Available,Not Available,Not Available,Not Available,Not Available,19,Not Available,Not Available,Not Available,Not Available,Not Available,19,Not Available,Not Available,19,Not Available,Not Available,19
250002.0,TISHOMINGO HEALTH SERVICES INC,1777 CURTIS DRIVE,IUKA,MS,38852,TISHOMINGO,(662) 423-6051,Acute Care Hospitals,Voluntary non-profit - Private,Yes,,5,,7,3,0,3,0,,8,1,0,1,0,,11,4,1,3,0,,8,Not Available,5,12,7,
250027.0,WINSTON MEDICAL CENTER,17550 EAST MAIN STREET,LOUISVILLE,MS,39339,WINSTON,(662) 779-5124,Acute Care Hospitals,Voluntary non-profit - Private,Yes,,Not Available,16,7,2,0,2,0,,8,Not Available,Not Available,Not Available,Not Available,5,11,3,0,3,0,,8,Not Available,5,12,6,
250049.0,BEACHAM MEMORIAL HOSPITAL,205 N CHERRY STREET / PO BOX 351,MAGNOLIA,MS,39652,PIKE,(601) 783-2353,Acute Care Hospitals,Proprietary,No,,Not Available,16,7,Not Available,Not Available,Not Available,Not Available,5,8,Not Available,Not Available,Not Available,Not Available,5,11,1,0,1,0,,8,Not Available,5,12,2,
250081.0,ANDERSON REGIONAL MEDICAL CENTER SOUTH CAMPUS,1102 CONSTITUTION AVENUE,MERIDIAN,MS,39301,LAUDERDALE,(601) 484-3590,Acute Care Hospitals,Proprietary,Yes,,Not Available,16,7,Not Available,Not Available,Not Available,Not Available,5,8,1,0,1,0,,11,Not Available,Not Available,Not Available,Not Available,5,8,Not Available,5,12,2,
250100.0,BMH-GOLDEN TRIANGLE,2520 5TH STREET N,COLUMBUS,MS,39705,LOWNDES,(662) 244-1000,Acute Care Hospitals,Voluntary non-profit - Private,Yes,Y,3,,7,7,0,5,2,,8,8,1,7,0,,11,11,1,9,1,,8,8,,12,10,
250141.0,BAPTIST MEMORIAL HOSPITAL DESOTO,7601 SOUTHCREST PARKWAY,SOUTHAVEN,MS,38671,DE SOTO,(662) 772-4000,Acute Care Hospitals,Proprietary,Yes,Y,2,,7,7,0,7,0,,8,6,2,4,0,,11,10,0,7,3,,8,8,,12,11,
250782.0,GREENE COUNTY HOSPITAL,1017 JACKSON STREET,LEAKESVILLE,MS,39451,GREENE,(601) 394-4135,Rural Emergency Hospital,Government - Local,Yes,,Not Available,19,Not Available,Not Available,Not Available,Not Available,Not Available,19,Not Available,Not Available,Not Available,Not Available,Not Available,19,Not Available,Not Available,Not Available,Not Available,Not Available,19,Not Available,Not Available,19,Not Available,Not Available,19
251309.0,FIELD HEALTH SYSTEM,178 HIGHWAY 24,CENTREVILLE,MS,39631,WILKINSON,(601) 890-0500,Critical Access Hospitals,Government - Local,Yes,,Not Available,16,7,1,0,1,0,,8,Not Available,Not Available,Not Available,Not Available,5,11,2,0,2,0,,8,Not Available,5,12,2,
251323.0,OCHSNER SCOTT REGIONAL,317 HIGHWAY 13 SOUTH,MORTON,MS,39117,SCOTT,(601) 732-6301,Critical Access Hospitals,Voluntary non-profit - Private,Yes,,Not Available,16,7,Not Available,Not Available,Not Available,Not Available,5,8,Not Available,Not Available,Not Available,Not Available,5,11,1,0,1,0,,8,Not Available,5,12,6,
251336.0,BAPTIST MEDICAL CENTER ATTALA,220 HWY 12 WEST,KOSCIUSKO,MS,39090,ATTALA,(662) 289-4311,Critical Access Hospitals,Voluntary non-profit - Other,Yes,,Not Available,16,7,1,0,1,0,,8,Not Available,Not Available,Not Available,Not Available,5,11,3,0,3,0,,8,Not Available,5,12,7,
254012.0,OCEANS BEHAVIORAL HOSPITAL- BILOXI,"180 DEBUYS ROAD, BUILDING C",BILOXI,MS,39531,HARRISON,(228) 388-0600,Psychiatric,Proprietary,No,,Not Available,19,Not Available,Not Available,Not Available,Not Available,Not Available,19,Not Available,Not Available,Not Available,Not Available,Not Available,19,Not Available,Not Available,Not Available,Not Available,Not Available,19,Not Available,Not Available,19,Not Available,Not Available,19
260023.0,MERCY HOSPITAL JEFFERSON,1400 US HIGHWAY 61,CRYSTAL CITY,MO,63019,JEFFERSON,(636) 933-1000,Acute Care Hospitals,Voluntary non-profit - Private,Yes,Y,3,,7,6,0,6,0,,8,7,1,6,0,,11,8,0,8,0,,8,8,,12,11,
260059.0,MERCY HOSPITAL LEBANON,100 HOSPITAL DRIVE,LEBANON,MO,65536,LACLEDE,(417) 533-6100,Acute Care Hospitals,Voluntary non-profit - Church,Yes,Y,Not Available,16,7,2,0,2,0,,8,2,0,2,0,,11,7,2,5,0,,8,8,,12,11,
260085.0,ST JOSEPH MEDICAL CENTER,1000 CARONDELET DR,KANSAS CITY,MO,64114,JACKSON,(816) 942-4400,Acute Care Hospitals,Proprietary,Yes,,3,,7,7,0,7,0,,8,7,0,7,0,,11,9,0,8,1,,8,8,,12,9,
260110.0,MERCY HOSPITAL SOUTHEAST,1701 LACEY ST,CAPE GIRARDEAU,MO,63701,CAPE GIRARDEAU,(573) 334-4822,Acute Care Hospitals,Voluntary non-profit - Private,Yes,Y,2,,7,7,0,6,1,,8,7,1,6,0,,11,11,0,10,1,,8,8,,12,12,
260175.0,GOLDEN VALLEY MEMORIAL HOSPITAL,1600 N 2ND ST,CLINTON,MO,64735,HENRY,(660) 885-5511,Acute Care Hospitals,Government - Hospital District or Authority,Yes,Y,4,,7,3,0,3,0,,8,3,0,3,0,,11,9,0,9,0,,8,8,,12,12,
260195.0,CITIZENS MEMORIAL HOSPITAL,1500 N OAKLAND,BOLIVAR,MO,65613,POLK,(417) 326-6000,Acute Care Hospitals,Government - Hospital District or Authority,Yes,Y,4,,7,4,0,4,0,,8,5,0,5,0,,11,8,1,7,0,,8,8,,12,11,
261306.0,SULLIVAN COUNTY MEMORIAL HOSPITAL,630 WEST THIRD STREET,MILAN,MO,63556,SULLIVAN,(660) 265-4212,Critical Access Hospitals,Government - Local,Yes,,Not Available,16,7,Not Available,Not Available,Not Available,Not Available,5,8,Not Available,Not Available,Not Available,Not Available,5,11,1,0,1,0,,8,Not Available,5,12,3,
261317.0,MERCY HOSPITAL - CASSVILLE,94 MAIN STREET,CASSVILLE,MO,65625,BARRY,(417) 847-6065,Critical Access Hospitals,Voluntary non-profit - Church,Yes,,Not Available,16,7,1,0,1,0,,8,Not Available,Not Available,Not Available,Not Available,5,11,3,0,3,0,,8,Not Available,5,12,7,
261328.0,MOSAIC MEDICAL CENTER ALBANY,705 N COLLEGE STREET,ALBANY,MO,64402,GENTRY,(660) 726-3941,Critical Access Hospitals,Voluntary non-profit - Private,Yes,,Not Available,16,7,1,0,1,0,,8,Not Available,Not Available,Not Available,Not Available,5,11,2,0,2,0,,8,Not Available,5,12,4,
261340.0,MOSAIC MEDICAL CENTER - MARYVILLE,2016 SOUTH MAIN ST,MARYVILLE,MO,64468,NODAWAY,(660) 562-2600,Critical Access Hospitals,Voluntary non-profit - Private,Yes,,Not Available,5,Not Available,Not Available,Not Available,Not Available,Not Available,5,Not Available,Not Available,Not Available,Not Available,Not Available,5,Not Available,Not Available,Not Available,Not Available,Not Available,5,Not Available,Not Available,5,Not Available,Not Available,5
264012.0,CENTERPOINTE HOSPITAL,4801 WELDON SPRING PARKWAY,SAINT CHARLES,MO,63304,ST. CHARLES,(636) 441-7300,Psychiatric,Proprietary,No,,Not Available,19,Not Available,Not Available,Not Available,Not Available,Not Available,19,Not Available,Not Available,Not Available,Not Available,Not Available,19,Not Available,Not Available,Not Available,Not Available,Not Available,19,Not Available,Not Available,19,Not Available,Not Available,19
270012.0,BENEFIS HOSPITALS INC,1101 26TH ST S,GREAT FALLS,MT,59405,CASCADE,(406) 455-5000,Acute Care Hospitals,Voluntary non-profit - Private,Yes,Y,2,,7,7,0,4,3,,8,6,0,6,0,,11,11,2,9,0,,8,8,,12,12,
271301.0,FALLON MEDICAL COMPLEX HOSPITAL,202 S 4TH ST W,BAKER,MT,59313,FALLON,(406) 778-3331,Critical Access Hospitals,Voluntary non-profit - Private,Yes,,Not Available,16,7,Not Available,Not Available,Not Available,Not Available,5,8,Not Available,Not Available,Not Available,Not Available,5,11,1,0,1,0,,8,Not Available,5,12,3,
271311.0,BIG SANDY MEDICAL CENTER,166 MONTANA AVE E,BIG SANDY,MT,59520,CHOUTEAU,(406) 378-2188,Critical Access Hospitals,Voluntary non-profit - Private,Yes,,Not Available,16,7,Not Available,Not Available,Not Available,Not Available,5,8,Not Available,Not Available,Not Available,Not Available,5,11,Not Available,Not Available,Not Available,Not Available,5,8,Not Available,5,12,1,
271321.0,WHEATLAND MEMORIAL HOSPITAL,530 3RD ST NW,HARLOWTON,MT,59036,WHEATLAND,(406) 632-4351,Critical Access Hospitals,Voluntary non-profit - Private,Yes,,Not Available,16,7,Not Available,Not Available,Not Available,Not Available,5,8,Not Available,Not Available,Not Available,Not Available,5,11,Not Available,Not Available,Not Available,Not Available,5,8,Not Available,5,12,2,
271331.0,MINERAL COMMUNITY HOSPITAL,1208 6TH AVE E,SUPERIOR,MT,59872,MINERAL,(406) 822-4841,Critical Access Hospitals,Government - Hospital District or Authority,Yes,,Not Available,16,7,Not Available,Not Available,Not Available,Not Available,5,8,Not Available,Not Available,Not Available,Not Available,5,11,1,0,1,0,,8,Not Available,5,12,3,
271341.0,TRINITY HOSPITAL,315 KNAPP ST,WOLF POINT,MT,59201,ROOSEVELT,(406) 653-2100,Critical Access Hospitals,Voluntary non-profit - Private,Yes,,Not Available,16,7,Not Available,Not Available,Not Available,Not Available,5,8,Not Available,Not Available,Not Available,Not Available,5,11,2,0,2,0,,8,Not Available,5,12,2,
280003.0,BRYAN MEDICAL CENTER,1600 SOUTH 48TH ST,LINCOLN,NE,68506,LANCASTER,(402) 481-1111,Acute Care Hospitals,Voluntary non-profit - Private,Yes,Y,3,,7,7,0,7,0,,8,8,2,5,1,,11,11,2,9,0,,8,8,,12,12,
280065.0,GREAT PLAINS HEALTH,601 WEST LEOTA ST,NORTH PLATTE,NE,69101,LINCOLN,(308) 568-8000,Acute Care Hospitals,Voluntary non-profit - Private,Yes,Y,3,,7,6,0,4,2,,8,3,0,3,0,,11,10,0,10,0,,8,8,,12,11,
280131.0,MIDWEST SURGICAL HOSPITAL LLC,7915 FARNAM DRIVE,OMAHA,NE,68114,DOUGLAS,(402) 399-1900,Acute Care Hospitals,Physician,No,,Not Available,16,7,Not Available,Not Available,Not Available,Not Available,5,8,2,0,2,0,,11,3,0,2,1,,8,8,,12,4,
281304.0,THAYER COUNTY HEALTH SERVICES,120 PARK AVE,HEBRON,NE,68370,THAYER,(402) 768-6041,Critical Access Hospitals,Government - Local,Yes,Y,Not Available,16,7,2,0,2,0,,8,Not Available,Not Available,Not Available,Not Available,5,11,3,0,3,0,,8,8,,12,4,
281314.0,ANNIE JEFFREY MEMORIAL COUNTY HEALTH CENTER,"P O BOX 428, 531 BEEBE ST",OSCEOLA,NE,68651,POLK,(402) 747-2031,Critical Access Hospitals,Government - Local,Yes,Y,Not Available,16,7,Not Available,Not Available,Not Available,Not Available,5,8,Not Available,Not Available,Not Available,Not Available,5,11,2,0,2,0,,8,Not Available,5,12,3,
281326.0,ANTELOPE MEMORIAL HOSPITAL,"P O BOX 229, 102 WEST 9TH ST",NELIGH,NE,68756,ANTELOPE,(402) 887-4151,Critical Access Hospitals,Voluntary non-profit - Private,Yes,Y,Not Available,16,7,1,0,1,0,,8,Not Available,Not Available,Not Available,Not Available,5,11,3,0,3,0,,8,Not Available,5,12,4,
281338.0,HOWARD COUNTY MEDICAL CENTER,"P O BOX 406, 1113 SHERMAN ST",ST PAUL,NE,68873,HOWARD,(308) 754-4421,Critical Access Hospitals,Voluntary non-profit - Other,Yes,,Not Available,16,7,Not Available,Not Available,Not Available,Not Available,5,8,Not Available,Not Available,Not Available,Not Available,5,11,2,0,2,0,,8,Not Available,5,12,3,
281348.0,TRI VALLEY HEALTH SYSTEM,1305 WEST HIGHWAY 6/34,CAMBRIDGE,NE,69022,FURNAS,(308) 697-3329,Critical Access Hospitals,Voluntary non-profit - Private,Yes,,Not Available,16,7,1,0,1,0,,8,Not Available,Not Available,Not Available,Not Available,5,11,2,0,2,0,,8,Not Available,5,12,3,
281358.0,GORDON MEMORIAL HOSPITAL DISTRICT,300 EAST 8TH ST,GORDON,NE,69343,SHERIDAN,(308) 282-0401,Critical Access Hospitals,Government - Hospital District or Authority,Yes,,Not Available,16,7,1,0,1,0,,8,Not Available,Not Available,Not Available,Not Available,5,11,3,0,3,0,,8,Not Available,5,12,5,
284003.0,LINCOLN REGIONAL CENTER,801 W PROSPECTOR PLACE,LINCOLN,NE,68522,LANCASTER,(402) 479-5207,Psychiatric,Government - State,No,,Not Available,19,Not Available,Not Available,Not Available,Not Available,Not Available,19,Not Available,Not Available,Not Available,Not Available,Not Available,19,Not Available,Not Available,Not Available,Not Available,Not Available,19,Not Available,Not Available,19,Not Available,Not Available,19
290021.0,VALLEY HOSPITAL MEDICAL CENTER,620 SHADOW LANE,LAS VEGAS,NV,89106,CLARK,(702) 388-4000,Acute Care Hospitals,Proprietary,Yes,,2,,7,7,0,7,0,,8,7,3,4,0,,11,9,0,7,2,,8,8,,12,8,
290054.0,CENTENNIAL HILLS HOSPITAL MEDICAL CENTER,6900 N DURANGO DR,LAS VEGAS,NV,89149,CLARK,(702) 835-9700,Acute Care Hospitals,Proprietary,Yes,Y,1,,7,6,0,6,0,,8,8,2,6,0,,11,8,0,5,3,,8,8,,12,9,
291307.0,MESA VIEW REGIONAL HOSPITAL,1299 BERTHA HOWE AVENUE,MESQUITE,NV,89027,CLARK,(702) 345-4280,Critical Access Hospitals,Proprietary,Yes,,1,,7,3,0,3,0,,8,1,0,1,0,,11,6,0,6,0,,8,8,,12,8,
294011.0,SPRING MOUNTAIN TREATMENT CENTER,7000 WEST SPRING MOUNTAIN ROAD,LAS VEGAS,NV,89117,CLARK,(702) 873-2400,Psychiatric,Proprietary,No,,Not Available,19,Not Available,Not Available,Not Available,Not Available,Not Available,19,Not Available,Not Available,Not Available,Not Available,Not Available,19,Not Available,Not Available,Not Available,Not Available,Not Available,19,Not Available,Not Available,19,Not Available,Not Available,19
300017.0,PARKLAND MEDICAL CENTER,1 PARKLAND DRIVE,DERRY,NH,3038,ROCKINGHAM,(603) 421-2100,Acute Care Hospitals,Proprietary,Yes,,4,,7,5,1,4,0,,8,2,1,1,0,,11,9,0,9,0,,8,8,,12,10,
301303.0,WEEKS MEDICAL CENTER,173 MIDDLE STREET,LANCASTER,NH,3584,COOS,(603) 788-4911,Critical Access Hospitals,Voluntary non-profit - Private,Yes,,Not Available,16,7,1,0,1,0,,8,Not Available,Not Available,Not Available,Not Available,5,11,4,0,4,0,,8,Not Available,5,12,4,
304000.0,NEW HAMPSHIRE HOSPITAL,36 CLINTON STREET,CONCORD,NH,3301,MERRIMACK,(603) 271-5300,Psychiatric,Government - State,Yes,,Not Available,19,Not Available,Not Available,Not Available,Not Available,Not Available,19,Not Available,Not Available,Not Available,Not Available,Not Available,19,Not Available,Not Available,Not Available,Not Available,Not Available,19,Not Available,Not Available,19,Not Available,Not Available,19
310011.0,CAPE REGIONAL MEDICAL CENTER INC,TWO STONE HARBOR BLVD,CAPE MAY COURT HOUSE,NJ,8210,CAPE MAY,(609) 463-2000,Acute Care Hospitals,Voluntary non-profit - Private,Yes,,3,,7,5,0,5,0,,8,5,0,5,0,,11,6,0,6,0,,8,8,,12,10,
310027.0,TRINITAS REGIONAL MEDICAL CENTER,225 WILLIAMSON STREET,ELIZABETH,NJ,7207,UNION,(908) 994-5000,Acute Care Hospitals,Voluntary non-profit - Private,Yes,Y,2,,7,5,0,4,1,,8,5,0,5,0,,11,8,0,8,0,,8,8,,12,9,
310044.0,CAPITAL HEALTH MEDICAL CENTER - HOPEWELL,ONE CAPITAL WAY,PENNINGTON,NJ,8534,MERCER,(609) 303-4000,Acute Care Hospitals,Voluntary non-profit - Private,Yes,Y,3,,7,6,0,6,0,,8,8,2,6,0,,11,10,0,9,1,,8,8,,12,10,
310060.0,ST LUKE'S WARREN HOSPITAL,185 ROSEBERRY ST,PHILLIPSBURG,NJ,8865,WARREN,(908) 847-6700,Acute Care Hospitals,Voluntary non-profit - Private,Yes,,5,,7,4,1,3,0,,8,5,1,4,0,,11,9,0,9,0,,8,8,,12,9,
310084.0,MONMOUTH MEDICAL CENTER-SOUTHERN CAMPUS,600 RIVER AVE,LAKEWOOD,NJ,8701,OCEAN,(732) 363-1900,Acute Care Hospitals,Voluntary non-profit - Private,Yes,,2,,7,5,0,5,0,,8,5,1,4,0,,11,8,0,6,2,,8,8,,12,9,
310118.0,HUDSON REGIONAL HOSPITAL,55 MEADOWLANDS PKWY,SECAUCUS,NJ,7094,HUDSON,(201) 392-3200,Acute Care Hospitals,Proprietary,Yes,,1,,7,3,0,2,1,,8,3,0,3,0,,11,7,0,5,2,,8,8,,12,8,
314013.0,TRENTON PSYCHIATRIC HOSP,STATION A,TRENTON,NJ,8625,MERCER,(609) 633-1586,Psychiatric,Government - State,No,,Not Available,19,Not Available,Not Available,Not Available,Not Available,Not Available,19,Not Available,Not Available,Not Available,Not Available,Not Available,19,Not Available,Not Available,Not Available,Not Available,Not Available,19,Not Available,Not Available,19,Not Available,Not Available,19
320002.0,CHRISTUS ST VINCENT REGIONAL MEDICAL CENTER,455 ST MICHAEL'S DRIVE,SANTA FE,NM,87505,SANTA FE,(505) 913-3361,Acute Care Hospitals,Voluntary non-profit - Private,Yes,Y,5,,7,6,0,6,0,,8,6,0,6,0,,11,9,5,4,0,,8,8,,12,11,
320030.0,ARTESIA GENERAL HOSPITAL,702 N 13TH STREET,ARTESIA,NM,88210,EDDY,(575) 748-3333,Acute Care Hospitals,Voluntary non-profit - Other,Yes,,Not Available,16,7,1,0,1,0,,8,2,0,2,0,,11,5,0,5,0,,8,Not Available,5,12,10,
320084.0,ROOSEVELT GENERAL HOSPITAL,42121 US HIGHWAY 70,PORTALES,NM,88130,ROOSEVELT,(575) 356-3412,Acute Care Hospitals,Government - Hospital District or Authority,Yes,,Not Available,16,7,1,0,1,0,,8,1,0,1,0,,11,3,0,3,0,,8,Not Available,5,12,7,
321305.0,NOR-LEA HOSPITAL DISTRICT,1600 NORTH MAIN AVE,LOVINGTON,NM,88260,LEA,(575) 396-6611,Critical Access Hospitals,Government - Hospital District or Authority,Yes,,Not Available,16,7,1,0,1,0,,8,Not Available,Not Available,Not Available,Not Available,5,11,4,1,3,0,,8,8,,12,5,
324012.0,"PEAK BEHAVIORAL HEALTH SERVICES, LLC","5045 MCNUTT ROAD (BLDG'S A, B, C & D)",SANTA TERESA,NM,88008,DONA ANA,(575) 589-3000,Psychiatric,Proprietary,No,,Not Available,19,Not Available,Not Available,Not Available,Not Available,Not Available,19,Not Available,Not Available,Not Available,Not Available,Not Available,19,Not Available,Not Available,Not Available,Not Available,Not Available,19,Not Available,Not Available,19,Not Available,Not Available,19
330023.0,VASSAR BROTHERS MEDICAL CENTER,45 READE PLACE,POUGHKEEPSIE,NY,12601,DUTCHESS,(845) 454-8500,Acute Care Hospitals,Voluntary non-profit - Private,Yes,Y,3,,7,7,1,6,0,,8,7,3,4,0,,11,10,0,8,2,,8,8,,12,11,
330047.0,ST MARY'S HEALTHCARE,427 GUY PARK AVENUE,AMSTERDAM,NY,12010,MONTGOMERY,(518) 842-1900,Acute Care Hospitals,Voluntary non-profit - Private,Yes,Y,2,,7,5,0,5,0,,8,4,0,4,0,,11,8,0,7,1,,8,8,,12,9,
330074.0,F F THOMPSON HOSPITAL,350 PARRISH STREET,CANANDAIGUA,NY,14424,ONTARIO,(585) 396-6000,Acute Care Hospitals,Voluntary non-profit - Private,Yes,Y,2,,7,5,0,5,0,,8,6,0,5,1,,11,6,0,4,2,,8,8,,12,10,
330101.0,NEW YORK-PRESBYTERIAN HOSPITAL,525 EAST 68TH STREET,NEW YORK,NY,10065,NEW YORK,(212) 746-5454,Acute Care Hospitals,Voluntary non-profit - Private,Yes,Y,5,,7,7,5,2,0,,8,8,3,5,0,,11,11,3,6,2,,8,8,,12,12,
330126.0,GARNET HEALTH MEDICAL CENTER,707 EAST MAIN STREET,MIDDLETOWN,NY,10940,ORANGE,(845) 343-2424,Acute Care Hospitals,Voluntary non-profit - Private,Yes,Y,3,,7,6,2,4,0,,8,8,1,7,0,,11,10,0,8,2,,8,8,,12,11,
330157.0,SAMARITAN MEDICAL CENTER,830 WASHINGTON STREET,WATERTOWN,NY,13601,JEFFERSON,(315) 785-4000,Acute Care Hospitals,Voluntary non-profit - Private,Yes,Y,3,,7,4,0,4,0,,8,7,0,7,0,,11,9,0,8,1,,8,8,,12,10,
330182.0,ST FRANCIS HOSPITAL - THE HEART CENTER,100 PORT WASHINGTON BOULEVARD,ROSLYN,NY,11576,NASSAU,(516) 562-6000,Acute Care Hospitals,Voluntary non-profit - Church,Yes,,5,,7,7,4,3,0,,8,7,3,3,1,,11,11,0,9,2,,8,8,,12,9,
330198.0,MOUNT SINAI SOUTH NASSAU,ONE HEALTHY WAY,OCEANSIDE,NY,11572,NASSAU,(516) 632-3000,Acute Care Hospitals,Voluntary non-profit - Private,Yes,Y,3,,7,6,0,6,0,,8,8,3,5,0,,11,10,0,8,2,,8,8,,12,11,
330218.0,OSWEGO HOSPITAL,110 WEST SIXTH STREET,OSWEGO,NY,13069,OSWEGO,(315) 349-5511,Acute Care Hospitals,Voluntary non-profit - Private,Yes,,3,,7,3,0,2,1,,8,3,0,3,0,,11,6,0,6,0,,8,8,,12,10,
330235.0,AUBURN  COMMUNITY  HOSPITAL,17 LANSING STREET,AUBURN,NY,13021,CAYUGA,(315) 255-7011,Acute Care Hospitals,Voluntary non-profit - Private,Yes,Y,2,,7,5,0,5,0,,8,7,0,7,0,,11,9,0,7,2,,8,8,,12,10,
330265.0,CLIFTON SPRINGS HOSPITAL AND CLINIC,2 COULTER ROAD,CLIFTON SPRINGS,NY,14432,ONTARIO,(315) 462-9561,Acute Care Hospitals,Voluntary non-profit - Private,Yes,,Not Available,16,7,2,0,2,0,,8,2,1,1,0,,11,8,0,8,0,,8,8,,12,8,
330307.0,CAYUGA MEDICAL CENTER AT ITHACA,101 DATES DRIVE,ITHACA,NY,14850,TOMPKINS,(607) 274-4401,Acute Care Hospitals,Voluntary non-profit - Private,Yes,Y,3,,7,6,0,6,0,,8,7,1,6,0,,11,10,2,7,1,,8,8,,12,11,
330401.0,ST CATHERINE OF SIENA HOSPITAL MEDICAL CENTER,50 ROUTE 25A,SMITHTOWN,NY,11787,SUFFOLK,(631) 862-3000,Acute Care Hospitals,Voluntary non-profit - Church,Yes,,4,,7,6,1,5,0,,8,7,2,5,0,,11,8,0,7,1,,8,8,,12,9,
331309.0,RIVER HOSPITAL CLINICS,4 FULLER STREET,ALEXANDRIA BAY,NY,13607,JEFFERSON,(315) 482-2511,Critical Access Hospitals,Voluntary non-profit - Private,Yes,,Not Available,16,7,Not Available,Not Available,Not Available,Not Available,5,8,Not Available,Not Available,Not Available,Not Available,5,11,1,0,1,0,,8,Not Available,5,12,4,
331319.0,MEDINA MEMORIAL HOSPITAL,200 OHIO STREET,MEDINA,NY,14103,ORLEANS,(585) 798-8111,Critical Access Hospitals,Voluntary non-profit - Private,Yes,,Not Available,16,7,Not Available,Not Available,Not Available,Not Available,5,8,Not Available,Not Available,Not Available,Not Available,5,11,2,0,2,0,,8,Not Available,5,12,6,
334009.0,NEW YORK STATE PSYCHIATRIC INSTITUTE,722 W 168TH ST,NEW YORK,NY,10032,NEW YORK,(212) 543-5000,Psychiatric,Government - State,No,,Not Available,19,Not Available,Not Available,Not Available,Not Available,Not Available,19,Not Available,Not Available,Not Available,Not Available,Not Available,19,Not Available,Not Available,Not Available,Not Available,Not Available,19,Not Available,Not Available,19,Not Available,Not Available,19
334045.0,ELMIRA PSYCH CENTER,WASHINGTON ST,ELMIRA,NY,14901,CHEMUNG,(607) 737-4739,Psychiatric,Government - State,No,,Not Available,19,Not Available,Not Available,Not Available,Not Available,Not Available,19,Not Available,Not Available,Not Available,Not Available,Not Available,19,Not Available,Not Available,Not Available,Not Available,Not Available,19,Not Available,Not Available,19,Not Available,Not Available,19
334064.0,SAGAMORE CHILDREN'S PSYCHIATRIC CENTER,197 HALF HOLLOW ROAD,DIX HILLS,NY,11746,SUFFOLK,(631) 370-1701,Psychiatric,Government - State,No,,Not Available,19,Not Available,Not Available,Not Available,Not Available,Not Available,19,Not Available,Not Available,Not Available,Not Available,Not Available,19,Not Available,Not Available,Not Available,Not Available,Not Available,19,Not Available,Not Available,19,Not Available,Not Available,19
340013.0,RUTHERFORD REGIONAL MEDICAL CENTER,288 SOUTH RIDGECREST AVE,RUTHERFORDTON,NC,28139,RUTHERFORD,(828) 286-5000,Acute Care Hospitals,Proprietary,Yes,Y,3,,7,5,0,4,1,,8,5,1,4,0,,11,7,0,7,0,,8,8,,12,10,
340028.0,CAPE FEAR VALLEY MEDICAL CENTER,1638 OWEN DRIVE P O BOX 2000,FAYETTEVILLE,NC,28302,CUMBERLAND,(910) 609-4000,Acute Care Hospitals,Voluntary non-profit - Private,Yes,Y,1,,7,7,0,5,2,,8,8,1,6,1,,11,11,0,8,3,,8,8,,12,11,
340051.0,WATAUGA MEDICAL CENTER,336 DEERFIELD ROAD,BOONE,NC,28607,WATAUGA,(828) 262-4100,Acute Care Hospitals,Government - Local,Yes,Y,4,,7,6,0,6,0,,8,6,1,5,0,,11,10,0,10,0,,8,8,,12,10,
340084.0,ATRIUM HEALTH ANSON,2301 US HIGHWAY 74 WEST,WADESBORO,NC,28170,ANSON,(704) 694-5131,Acute Care Hospitals,Government - Hospital District or Authority,Yes,,Not Available,16,7,Not Available,Not Available,Not Available,Not Available,5,8,Not Available,Not Available,Not Available,Not Available,5,11,2,0,2,0,,8,Not Available,5,12,8,
340109.0,SENTARA ALBEMARLE MEDICAL CENTER,1144 N ROAD ST,ELIZABETH CITY,NC,27909,PASQUOTANK,(252) 335-0531,Acute Care Hospitals,Government - Hospital District or Authority,Yes,Y,3,,7,6,0,6,0,,8,6,1,5,0,,11,6,0,6,0,,8,8,,12,12,
340129.0,LAKE NORMAN REGIONAL MEDICAL CENTER,171 FAIRVIEW ROAD,MOORESVILLE,NC,28117,IREDELL,(704) 660-4000,Acute Care Hospitals,Proprietary,Yes,Y,2,,7,6,0,5,1,,8,5,0,5,0,,11,7,0,7,0,,8,8,,12,11,
340151.0,ECU HEALTH NORTH HOSPITAL,250 SMITH CHURCH ROAD,ROANOKE RAPIDS,NC,27870,HALIFAX,(252) 535-8005,Acute Care Hospitals,Voluntary non-profit - Private,Yes,Y,2,,7,4,0,4,0,,8,6,0,6,0,,11,9,0,7,2,,8,8,,12,10,
340184.0,HAYWOOD REGIONAL MEDICAL CENTER,262 LEROY GEORGE DRIVE,CLYDE,NC,28721,HAYWOOD,(828) 456-7311,Acute Care Hospitals,Government - Hospital District or Authority,Yes,Y,3,,7,5,0,5,0,,8,6,1,5,0,,11,9,0,8,1,,8,8,,12,11,
341315.0,CAPE FEAR VALLEY-BLADEN COUNTY HOSPITAL,501 SOUTH POPLAR STREET,ELIZABETHTOWN,NC,28337,BLADEN,(910) 862-5100,Critical Access Hospitals,Voluntary non-profit - Private,Yes,,Not Available,16,7,1,0,1,0,,8,1,0,1,0,,11,3,0,3,0,,8,Not Available,5,12,9,
341326.0,ANGEL MEDICAL CENTER,124 CENTER COURT PO BOX 1209,FRANKLIN,NC,28734,MACON,(828) 524-8411,Critical Access Hospitals,Voluntary non-profit - Private,Yes,,2,,7,4,0,4,0,,8,2,0,2,0,,11,6,0,6,0,,8,8,,12,10,
344026.0,CHERRY HOSPITAL,1401 WEST ASH STREET,GOLDSBORO,NC,27530,WAYNE,(919) 731-3203,Psychiatric,Government - State,No,,Not Available,19,Not Available,Not Available,Not Available,Not Available,Not Available,19,Not Available,Not Available,Not Available,Not Available,Not Available,19,Not Available,Not Available,Not Available,Not Available,Not Available,19,Not Available,Not Available,19,Not Available,Not Available,19
350011.0,SANFORD MEDICAL CENTER FARGO,801 BROADWAY NORTH,FARGO,ND,58122,CASS,(701) 234-2000,Acute Care Hospitals,Voluntary non-profit - Private,Yes,Y,4,,7,7,1,6,0,,8,7,3,4,0,,11,11,3,7,1,,8,8,,12,12,
351305.0,TRINITY KENMARE COMMUNITY HOSPITAL,PO BOX 697,KENMARE,ND,58746,WARD,(701) 385-4296,Critical Access Hospitals,Voluntary non-profit - Private,Yes,,Not Available,16,7,Not Available,Not Available,Not Available,Not Available,5,8,Not Available,Not Available,Not Available,Not Available,5,11,Not Available,Not Available,Not Available,Not Available,5,8,Not Available,5,12,3,
351315.0,CHI OAKES HOSPITAL,1200 N 7TH ST,OAKES,ND,58474,DICKEY,(701) 742-3291,Critical Access Hospitals,Voluntary non-profit - Church,Yes,,Not Available,16,7,1,0,1,0,,8,Not Available,Not Available,Not Available,Not Available,5,11,3,0,3,0,,8,Not Available,5,12,6,
351326.0,FIRST CARE HEALTH CENTER,115 VIVIAN ST,PARK RIVER,ND,58270,WALSH,(701) 284-7500,Critical Access Hospitals,Voluntary non-profit - Private,Yes,,Not Available,16,7,1,0,1,0,,8,Not Available,Not Available,Not Available,Not Available,5,11,3,0,3,0,,8,Not Available,5,12,5,
351336.0,CHI ST ALEXIUS HEALTH DICKINSON,2500 FAIRWAY STREET,DICKINSON,ND,58601,STARK,(701) 456-4000,Critical Access Hospitals,Voluntary non-profit - Church,Yes,Y,Not Available,16,7,2,0,2,0,,8,1,0,1,0,,11,5,0,5,0,,8,8,,12,10,
360010.0,UNION HOSPITAL,659 BOULEVARD,DOVER,OH,44622,TUSCARAWAS,(330) 343-3311,Acute Care Hospitals,Voluntary non-profit - Other,Yes,Y,3,,7,4,0,4,0,,8,3,0,3,0,,11,6,1,5,0,,8,8,,12,11,
360027.0,AKRON GENERAL MEDICAL CENTER,1 AKRON GENERAL AVENUE,AKRON,OH,44307,SUMMIT,(330) 344-6000,Acute Care Hospitals,Voluntary non-profit - Private,Yes,Y,3,,7,7,1,6,0,,8,7,4,2,1,,11,11,1,9,1,,8,8,,12,12,
360051.0,MIAMI VALLEY HOSPITAL,ONE WYOMING STREET,DAYTON,OH,45409,MONTGOMERY,(937) 208-3023,Acute Care Hospitals,Voluntary non-profit - Private,Yes,Y,3,,7,7,1,6,0,,8,8,4,4,0,,11,11,0,9,2,,8,8,,12,12,
360070.0,MERCY MEDICAL CENTER,1320 MERCY DRIVE NW,CANTON,OH,44708,STARK,(330) 489-1111,Acute Care Hospitals,Voluntary non-profit - Private,Yes,Y,2,,7,7,0,7,0,,8,6,1,5,0,,11,11,0,10,1,,8,8,,12,11,
360084.0,AULTMAN HOSPITAL,2600 SIXTH STREET SW,CANTON,OH,44710,STARK,(330) 363-9911,Acute Care Hospitals,Voluntary non-profit - Other,Yes,Y,3,,7,7,0,7,0,,8,7,3,3,1,,11,10,0,10,0,,8,8,,12,11,
360107.0,BELLEVUE HOSPITAL,1400 WEST MAIN STREET,BELLEVUE,OH,44811,SANDUSKY,(419) 483-4040,Acute Care Hospitals,Voluntary non-profit - Other,No,Y,3,,7,3,0,3,0,,8,2,0,2,0,,11,6,1,5,0,,8,8,,12,10,
360134.0,GOOD SAMARITAN HOSPITAL,375 DIXMYTH AVENUE,CINCINNATI,OH,45220,HAMILTON,(513) 862-2601,Acute Care Hospitals,Voluntary non-profit - Private,Yes,Y,3,,7,6,1,5,0,,8,8,2,6,0,,11,10,1,8,1,,8,8,,12,11,
360156.0,MEMORIAL HOSPITAL,715 SOUTH TAFT AVENUE,FREMONT,OH,43420,SANDUSKY,(419) 334-6617,Acute Care Hospitals,Voluntary non-profit - Other,No,Y,3,,7,4,0,4,0,,8,2,0,2,0,,11,8,2,6,0,,8,8,,12,11,
360185.0,SALEM REGIONAL MEDICAL CENTER,1995 EAST STATE STREET,SALEM,OH,44460,COLUMBIANA,(330) 332-7214,Acute Care Hospitals,Voluntary non-profit - Private,Yes,,2,,7,4,0,4,0,,8,5,0,5,0,,11,9,0,9,0,,8,8,,12,10,
360239.0,KETTERING HEALTH MIAMISBURG,4000 MIAMISBURG-CENTERVILLE ROAD,MIAMISBURG,OH,45342,MONTGOMERY,(937) 384-8760,Acute Care Hospitals,Voluntary non-profit - Church,Yes,,3,,7,4,0,4,0,,8,5,0,5,0,,11,6,0,6,0,,8,8,,12,10,
360354.0,WEST CHESTER HOSPITAL,7700 UNIVERSITY DRIVE,WEST CHESTER,OH,45069,BUTLER,(513) 298-7701,Acute Care Hospitals,Voluntary non-profit - Private,Yes,Y,3,,7,6,0,6,0,,8,6,1,5,0,,11,10,0,8,2,,8,8,,12,12,
360374.0,MERCY HEALTH KINGS MILLS HOSPITAL LLC,5440 KINGS ISLAND DRIVE,MASON,OH,45040,WARREN,(513) 637-9999,Acute Care Hospitals,Voluntary non-profit - Private,Yes,,Not Available,5,Not Available,Not Available,Not Available,Not Available,Not Available,5,Not Available,Not Available,Not Available,Not Available,Not Available,5,Not Available,Not Available,Not Available,Not Available,Not Available,5,Not Available,Not Available,5,Not Available,Not Available,5
361311.0,HARRISON COMMUNITY HOSPITAL,951 EAST MARKET STREET,CADIZ,OH,43907,HARRISON,(740) 942-8625,Critical Access Hospitals,Voluntary non-profit - Private,Yes,,Not Available,16,7,Not Available,Not Available,Not Available,Not Available,5,8,Not Available,Not Available,Not Available,Not Available,5,11,1,0,1,0,,8,Not Available,5,12,5,
361322.0,BLUFFTON HOSPITAL,139 GARAU STREET,BLUFFTON,OH,45817,ALLEN,(419) 358-9010,Critical Access Hospitals,Voluntary non-profit - Private,Yes,,Not Available,16,7,Not Available,Not Available,Not Available,Not Available,5,8,Not Available,Not Available,Not Available,Not Available,5,11,2,0,2,0,,8,Not Available,5,12,6,
361332.0,HIGHLAND DISTRICT HOSPITAL,1275 NORTH HIGH STREET,HILLSBORO,OH,45133,HIGHLAND,(937) 393-6100,Critical Access Hospitals,Government - Hospital District or Authority,Yes,,3,,7,3,0,3,0,,8,1,0,1,0,,11,8,0,8,0,,8,8,,12,6,
363309.0,"NATIONWIDE CHILDREN'S HOSPITAL TOLEDO, LLC",2213 CHERRY STREET,TOLEDO,OH,43608,LUCAS,(419) 251-3232,Childrens,Voluntary non-profit - Private,No,,Not Available,19,Not Available,Not Available,Not Available,Not Available,Not Available,19,Not Available,Not Available,Not Available,Not Available,Not Available,19,Not Available,Not Available,Not Available,Not Available,Not Available,19,Not Available,Not Available,19,Not Available,Not Available,19
364040.0,MENTAL HEALTH SERVICES FOR CLARK AND MADISON COS,474 NORTH YELLOW SPRINGS STREET,SPRINGFIELD,OH,45504,CLARK,(937) 399-9500,Psychiatric,Proprietary,No,,Not Available,19,Not Available,Not Available,Not Available,Not Available,Not Available,19,Not Available,Not Available,Not Available,Not Available,Not Available,19,Not Available,Not Available,Not Available,Not Available,Not Available,19,Not Available,Not Available,19,Not Available,Not Available,19
364054.0,GENERATIONS BEHAVIORAL HEALTH - GENEVA,60 WEST STREET,GENEVA,OH,44041,ASHTABULA,(440) 491-0155,Psychiatric,Proprietary,No,,Not Available,19,Not Available,Not Available,Not Available,Not Available,Not Available,19,Not Available,Not Available,Not Available,Not Available,Not Available,19,Not Available,Not Available,Not Available,Not Available,Not Available,19,Not Available,Not Available,19,Not Available,Not Available,19
364064.0,SUNRISE VISTA HEALTH AND WELLNESS,1223 MARKET AVENUE NORTH,CANTON,OH,44714,STARK,(513) 489-7100,Psychiatric,Proprietary,No,,Not Available,19,Not Available,Not Available,Not Available,Not Available,Not Available,19,Not Available,Not Available,Not Available,Not Available,Not Available,19,Not Available,Not Available,Not Available,Not Available,Not Available,19,Not Available,Not Available,19,Not Available,Not Available,19
370015.0,HILLCREST HOSPITAL PRYOR,111 NORTH BAILEY STREET,PRYOR,OK,74361,MAYES,(918) 825-1600,Acute Care Hospitals,Proprietary,Yes,,Not Available,16,7,2,0,2,0,,8,1,0,1,0,,11,6,1,5,0,,8,Not Available,5,12,9,
370034.0,MCALESTER REGIONAL HEALTH CENTER,ONE CLARK BASS BOULEVARD,MCALESTER,OK,74501,PITTSBURG,(918) 426-1800,Acute Care Hospitals,Government - Hospital District or Authority,Yes,Y,3,,7,5,0,5,0,,8,5,0,4,1,,11,8,0,8,0,,8,8,,12,11,
370089.0,NORTHEASTERN HEALTH SYSTEM,1400 EAST DOWNING STREET,TAHLEQUAH,OK,74465,CHEROKEE,(918) 456-0641,Acute Care Hospitals,Government - Hospital District or Authority,Yes,Y,2,,7,6,0,6,0,,8,5,1,4,0,,11,10,0,10,0,,8,8,,12,11,
370114.0,ASCENSION ST JOHN MEDICAL CENTER,1923 SOUTH UTICA AVENUE,TULSA,OK,74104,TULSA,(918) 744-2296,Acute Care Hospitals,Voluntary non-profit - Private,Yes,Y,2,,7,7,0,6,1,,8,7,2,4,1,,11,10,0,10,0,,8,8,,12,10,
370183.0,HILLCREST HOSPITAL HENRYETTA,2401 W MAIN,HENRYETTA,OK,74437,OKMULGEE,(918) 650-1511,Acute Care Hospitals,Proprietary,Yes,,Not Available,16,7,1,0,1,0,,8,1,0,1,0,,11,3,0,3,0,,8,Not Available,5,12,7,
370214.0,LINDSAY MUNICIPAL HOSPITAL,1305 W CHEROKEE STREET - HIGHWAY 19 WEST,LINDSAY,OK,73052,GARVIN,(405) 756-1404,Acute Care Hospitals,Government - Hospital District or Authority,Yes,,Not Available,16,7,Not Available,Not Available,Not Available,Not Available,5,8,1,0,1,0,,11,Not Available,Not Available,Not Available,Not Available,5,8,Not Available,5,12,3,
370235.0,ASCENSION ST JOHN BROKEN ARROW,1000 WEST BOISE CIRCLE,BROKEN ARROW,OK,74012,TULSA,(918) 994-8100,Acute Care Hospitals,Voluntary non-profit - Private,Yes,,5,,7,2,0,2,0,,8,3,0,3,0,,11,6,0,6,0,,8,8,,12,8,
370780.0,STILLWATER MEDICAL-BLACKWELL,710 S 13TH STREET,BLACKWELL,OK,74631,KAY,(580) 363-2311,Rural Emergency Hospital,Government - Hospital District or Authority,Yes,,Not Available,19,Not Available,Not Available,Not Available,Not Available,Not Available,19,Not Available,Not Available,Not Available,Not Available,Not Available,19,Not Available,Not Available,Not Available,Not Available,Not Available,19,Not Available,Not Available,19,Not Available,Not Available,19
371307.0,CIMARRON MEMORIAL HOSPITAL,100 SOUTH ELLIS,BOISE CITY,OK,73933,CIMARRON,(580) 544-2501,Critical Access Hospitals,Government - Hospital District or Authority,Yes,,Not Available,16,7,Not Available,Not Available,Not Available,Not Available,5,8,Not Available,Not Available,Not Available,Not Available,5,11,1,0,1,0,,8,Not Available,5,12,Not Available,5
371319.0,"COAL COUNTY GENERAL HOSPITAL, INC.",6 NORTH COVINGTON,COALGATE,OK,74538,COAL,(580) 927-2327,Critical Access Hospitals,Voluntary non-profit - Private,Yes,,Not Available,16,7,2,0,2,0,,8,Not Available,Not Available,Not Available,Not Available,5,11,3,0,3,0,,8,Not Available,5,12,4,
371330.0,MANGUM REGIONAL MEDICAL CENTER,1 WICKERSHAM DRIVE,MANGUM,OK,73554,GREER,(580) 782-3353,Critical Access Hospitals,Government - Hospital District or Authority,Yes,,Not Available,16,7,1,0,1,0,,8,Not Available,Not Available,Not Available,Not Available,5,11,2,0,2,0,,8,Not Available,5,12,3,
371341.0,SHARE MEDICAL CENTER,800 SHARE DRIVE,ALVA,OK,73717,WOODS,(580) 430-3355,Critical Access Hospitals,Government - Hospital District or Authority,Yes,,Not Available,16,7,1,0,1,0,,8,Not Available,Not Available,Not Available,Not Available,5,11,3,0,3,0,,8,Not Available,5,12,3,
40003.0,SAN JUAN VA MEDICAL CENTER,10 CALLE CASIA,SAN JUAN,PR,921,SAN JUAN,(800) 449-8729,Acute Care - Veterans Administration,Veterans Health Administration,Yes,,2,,7,5,2,3,0,,8,4,1,2,1,,11,6,0,2,4,,8,8,,12,5,
44018.0,VA MIDDLE TENNESSEE HEALTHCARE SYSTEM,1310 24TH AVENUE SOUTH,NASHVILLE,TN,37212,DAVIDSON,(615) 327-5332,Acute Care - Veterans Administration,Veterans Health Administration,Yes,,5,,7,5,2,3,0,,8,4,0,4,0,,11,6,0,6,0,,8,8,,12,6,
47001.0,WHITE RIVER JCT VA MEDICAL CENTER,163 VETERANS DRIVE,WHITE RIVER JUNCTION,VT,5009,WINDSOR,(802) 295-9363,Acute Care - Veterans Administration,Veterans Health Administration,Yes,,4,,7,3,0,3,0,,8,2,0,2,0,,11,5,1,4,0,,8,8,,12,5,
51003.0,CLARKSBURG VA MEDICAL CENTER,1 MEDICAL CENTER DRIVE,CLARKSBURG,WV,26301,HARRISON,(304) 623-3461,Acute Care - Veterans Administration,Veterans Health Administration,Yes,,4,,7,4,0,4,0,,8,2,0,2,0,,11,5,2,3,0,,8,8,,12,5,
374008.0,JIM TALIAFERRO COMM MENTAL HEALTH CTR,602 SOUTHWEST 38TH STREET,LAWTON,OK,73505,COMANCHE,(580) 248-5780,Psychiatric,Government - State,No,,Not Available,19,Not Available,Not Available,Not Available,Not Available,Not Available,19,Not Available,Not Available,Not Available,Not Available,Not Available,19,Not Available,Not Available,Not Available,Not Available,Not Available,19,Not Available,Not Available,19,Not Available,Not Available,19
380002.0,ASANTE THREE RIVERS MEDICAL CENTER,500 SW RAMSEY AVENUE,GRANTS PASS,OR,97527,JOSEPHINE,(541) 472-7000,Acute Care Hospitals,Voluntary non-profit - Other,Yes,Y,5,,7,5,0,5,0,,8,6,1,5,0,,11,8,1,7,0,,8,8,,12,12,
380022.0,SAMARITAN ALBANY GENERAL HOSPITAL,1046 6TH AVENUE SW,ALBANY,OR,97321,LINN,(541) 812-4000,Acute Care Hospitals,Voluntary non-profit - Church,Yes,Y,3,,7,4,0,4,0,,8,5,0,4,1,,11,9,0,9,0,,8,8,,12,10,
380056.0,SANTIAM HOSPITAL & CLINICS,1401 N 10TH AVENUE,STAYTON,OR,97383,MARION,(503) 769-2175,Acute Care Hospitals,Voluntary non-profit - Private,Yes,,2,,7,1,0,1,0,,8,3,0,3,0,,11,5,0,5,0,,8,8,,12,9,
380103.0,KAISER FOUNDATION HOSPITAL WESTSIDE,2875 NW STUCKI AVE,HILLSBORO,OR,97124,WASHINGTON,(971) 310-0100,Acute Care Hospitals,Voluntary non-profit - Private,Yes,Y,3,,7,2,0,2,0,,8,5,0,4,1,,11,2,0,2,0,,8,8,,12,6,
381310.0,PIONEER MEMORIAL HOSPITAL (HEPPNER),564 E PIONEER DRIVE,HEPPNER,OR,97836,MORROW,(541) 676-9133,Critical Access Hospitals,Government - Hospital District or Authority,Yes,,Not Available,16,7,Not Available,Not Available,Not Available,Not Available,5,8,Not Available,Not Available,Not Available,Not Available,5,11,Not Available,Not Available,Not Available,Not Available,5,8,Not Available,5,12,3,
381320.0,COLUMBIA MEMORIAL HOSPITAL,2111 EXCHANGE STREET,ASTORIA,OR,97103,CLATSOP,(503) 325-4321,Critical Access Hospitals,Proprietary,Yes,,Not Available,5,7,Not Available,Not Available,Not Available,Not Available,5,8,Not Available,Not Available,Not Available,Not Available,5,11,Not Available,Not Available,Not Available,Not Available,5,8,8,,12,Not Available,5
390002.0,UPMC MCKEESPORT HOSPITAL,1500 FIFTH AVENUE,MC KEESPORT,PA,15132,ALLEGHENY,(412) 664-2000,Acute Care Hospitals,Voluntary non-profit - Private,Yes,,3,,7,4,0,4,0,,8,5,0,5,0,,11,8,0,8,0,,8,8,,12,9,
390027.0,TEMPLE UNIVERSITY HOSPITAL,3401 NORTH BROAD STREET,PHILADELPHIA,PA,19140,PHILADELPHIA,(215) 707-2000,Acute Care Hospitals,Voluntary non-profit - Private,Yes,Y,3,,7,7,0,7,0,,8,8,2,6,0,,11,11,0,10,1,,8,8,,12,11,
390044.0,READING HOSPITAL,420 S 5TH AVENUE,WEST READING,PA,19611,BERKS,(610) 988-8000,Acute Care Hospitals,Voluntary non-profit - Private,Yes,Y,3,,7,7,1,6,0,,8,8,2,5,1,,11,11,1,8,2,,8,8,,12,11,
390063.0,UPMC HAMOT,201 STATE STREET,ERIE,PA,16550,ERIE,(814) 877-6000,Acute Care Hospitals,Voluntary non-profit - Private,Yes,Y,4,,7,7,0,7,0,,8,8,2,6,0,,11,11,2,8,1,,8,8,,12,11,
390091.0,UPMC NORTHWEST,100 FAIRFIELD DRIVE,SENECA,PA,16346,VENANGO,(814) 676-7600,Acute Care Hospitals,Voluntary non-profit - Other,Yes,Y,4,,7,4,0,4,0,,8,5,1,4,0,,11,9,1,8,0,,8,8,,12,11,
390112.0,CHAN SOON- SHIONG MEDICAL CENTER AT WINDBER,600 SOMERSET AVENUE,WINDBER,PA,15963,SOMERSET,(814) 467-3000,Acute Care Hospitals,Voluntary non-profit - Private,Yes,,3,,7,2,0,2,0,,8,3,0,3,0,,11,5,0,5,0,,8,8,,12,8,
390137.0,WILKES-BARRE GENERAL HOSPITAL,575 NORTH RIVER STREET,WILKES-BARRE,PA,18764,LUZERNE,(570) 829-8111,Acute Care Hospitals,Proprietary,Yes,,1,,7,7,0,6,1,,8,7,0,6,1,,11,11,0,10,1,,8,8,,12,11,
390156.0,MERCY CATHOLIC MEDICAL CENTER- MERCY FITZGERALD,1500 LANSDOWNE  AVE,DARBY,PA,19023,DELAWARE,(215) 237-4000,Acute Care Hospitals,Voluntary non-profit - Private,Yes,,2,,7,6,0,6,0,,8,6,1,4,1,,11,8,0,6,2,,8,8,,12,9,
390180.0,CROZER CHESTER MEDICAL CENTER,ONE MEDICAL CENTER BOULEVARD,UPLAND,PA,19013,DELAWARE,(610) 447-2000,Acute Care Hospitals,Voluntary non-profit - Other,Yes,,2,,7,6,0,6,0,,8,6,3,2,1,,11,9,0,9,0,,8,8,,12,11,
390211.0,SHARON REGIONAL MEDICAL CENTER,740 EAST STATE STREET,SHARON,PA,16146,MERCER,(724) 983-3911,Acute Care Hospitals,Proprietary,Yes,,2,,7,5,0,5,0,,8,6,1,5,0,,11,8,0,8,0,,8,8,,12,9,
390237.0,REGIONAL HOSPITAL OF SCRANTON,746 JEFFERSON AVENUE,SCRANTON,PA,18501,LACKAWANNA,(570) 348-7100,Acute Care Hospitals,Proprietary,Yes,Y,3,23,7,7,0,7,0,23,8,7,2,5,0,23,11,9,1,7,1,,8,8,,12,11,
390304.0,ROXBOROUGH MEMORIAL HOSPITAL,5800 RIDGE AVE,PHILADELPHIA,PA,19128,PHILADELPHIA,(215) 483-9900,Acute Care Hospitals,Proprietary,Yes,,Not Available,16,7,2,0,2,0,,8,2,0,2,0,,11,5,0,4,1,,8,8,,12,7,
390329.0,JEFFERSON EINSTEIN MONTGOMERY HOSPITAL,559 WEST GERMANTOWN PIKE,EAST NORRITON,PA,19403,MONTGOMERY,(484) 662-1000,Acute Care Hospitals,Voluntary non-profit - Private,Yes,Y,4,,7,7,0,7,0,,8,8,3,5,0,,11,11,0,10,1,,8,8,,12,11,
390339.0,PENN STATE HEALTH LANCASTER MEDICAL CENTER,2160 STATE ROAD,LANCASTER,PA,17601,LANCASTER,(223) 287-9000,Acute Care Hospitals,Voluntary non-profit - Private,Yes,Y,3,,7,1,0,1,0,,8,4,1,3,0,,11,2,0,2,0,,8,8,,12,6,
391308.0,LECOM HEALTH CORRY MEMORIAL HOSPITAL,965 SHAMROCK LANE,CORRY,PA,16407,ERIE,(814) 664-4641,Critical Access Hospitals,Government - Hospital District or Authority,Yes,,Not Available,16,7,2,0,2,0,,8,Not Available,Not Available,Not Available,Not Available,5,11,3,0,3,0,,8,Not Available,5,12,8,
393303.0,CHILDREN'S HOSPITAL OF PHILADELPHIA,3401 CIVIC CENTER BLVD,PHILADELPHIA,PA,19104,PHILADELPHIA,(215) 590-1000,Childrens,Voluntary non-profit - Private,Yes,,Not Available,19,Not Available,Not Available,Not Available,Not Available,Not Available,19,Not Available,Not Available,Not Available,Not Available,Not Available,19,Not Available,Not Available,Not Available,Not Available,Not Available,19,Not Available,Not Available,19,Not Available,Not Available,19
394020.0,WELLSPAN PHILHAVEN HOSPITAL,283 SOUTH BUTLER ROAD,MT GRETNA,PA,17064,LEBANON,(717) 273-8871,Psychiatric,Voluntary non-profit - Church,No,,Not Available,19,Not Available,Not Available,Not Available,Not Available,Not Available,19,Not Available,Not Available,Not Available,Not Available,Not Available,19,Not Available,Not Available,Not Available,Not Available,Not Available,19,Not Available,Not Available,19,Not Available,Not Available,19
394050.0,ROXBURY TREATMENT CENTER,601 ROXBURY ROAD,SHIPPENSBURG,PA,17257,CUMBERLAND,(717) 532-4217,Psychiatric,Proprietary,No,,Not Available,19,Not Available,Not Available,Not Available,Not Available,Not Available,19,Not Available,Not Available,Not Available,Not Available,Not Available,19,Not Available,Not Available,Not Available,Not Available,Not Available,19,Not Available,Not Available,19,Not Available,Not Available,19
400003.0,HOSPITAL METROPOLITANO DR PILA,2435  BOULEVARD LUIS A FERRE,PONCE,PR,717,PONCE,(787) 848-6910,Acute Care Hospitals,Proprietary,Yes,,Not Available,16,7,Not Available,Not Available,Not Available,Not Available,5,8,Not Available,Not Available,Not Available,Not Available,5,11,1,0,1,0,,8,Not Available,5,12,2,
400015.0,SAN JUAN MUNICIPAL HOSPITAL,"BARRIO MONACILLOS,CENTRO MEDICO",RIO PIEDRAS,PR,928,SAN JUAN,(787) 748-0270,Acute Care Hospitals,Government - Local,Yes,,Not Available,16,7,Not Available,Not Available,Not Available,Not Available,5,8,Not Available,Not Available,Not Available,Not Available,5,11,1,0,1,0,,8,Not Available,5,12,Not Available,5
400079.0,HOSPITAL  COMUNITARIO BUEN SAMARITANO INC,CARR EST PR 460 KM 0 2 BO CAIMITAL BAJO,AGUADILLA,PR,603,AGUADILLA,(787) 658-0000,Acute Care Hospitals,Voluntary non-profit - Private,Yes,,Not Available,16,7,Not Available,Not Available,Not Available,Not Available,5,8,Not Available,Not Available,Not Available,Not Available,5,11,1,0,1,0,,8,Not Available,5,12,Not Available,5
400111.0,HOSPITAL SAN CARLOS BORROMEO,CALLE CONCEPCION VERA AYALA #550 S,MOCA,PR,676,MOCA,(787) 877-8000,Acute Care Hospitals,Voluntary non-profit - Private,Yes,,Not Available,16,7,Not Available,Not Available,Not Available,Not Available,5,8,1,0,1,0,,11,1,0,1,0,,8,Not Available,5,12,1,
400124.0,CENTRO CARDIOVASCULAR DE PUERTO RICO Y EL CARIBE,"AVENIDA AMERICO MIRANDA, ENTRADA PRINCIPAL C M",SAN JUAN,PR,936,SAN JUAN,(787) 754-8500,Acute Care Hospitals,Government - State,Yes,,Not Available,16,7,2,0,2,0,,8,Not Available,Not Available,Not Available,Not Available,5,11,3,0,3,0,,8,Not Available,5,12,Not Available,5
400137.0,DOCTORS CENTER HOSPITAL ORLANDO HEALTH DORADO,900 CARRETERA 696,DORADO,PR,646,DORADO,(787) 625-9386,Acute Care Hospitals,Proprietary,Yes,,Not Available,16,7,Not Available,Not Available,Not Available,Not Available,5,8,1,0,1,0,,11,Not Available,Not Available,Not Available,Not Available,5,8,Not Available,5,12,3,
410006.0,NEWPORT HOSPITAL,11 FRIENDSHIP STREET,NEWPORT,RI,2840,NEWPORT,(401) 846-6400,Acute Care Hospitals,Voluntary non-profit - Private,Yes,Y,4,,7,4,0,4,0,,8,6,1,5,0,,11,7,0,7,0,,8,8,,12,10,
420002.0,PIEDMONT MEDICAL CENTER,1731 FRANK GASTON BLVD,ROCK HILL,SC,29732,YORK,(803) 329-1234,Acute Care Hospitals,Proprietary,Yes,Y,2,,7,7,0,5,2,,8,7,2,5,0,,11,9,0,9,0,,8,8,,12,11,
420020.0,TIDELANDS GEORGETOWN MEMORIAL HOSPITAL,606 BLACK RIVER RD DRAWER 1718,GEORGETOWN,SC,29440,GEORGETOWN,(843) 527-7000,Acute Care Hospitals,Voluntary non-profit - Private,Yes,,2,,7,5,0,5,0,,8,2,1,1,0,,11,9,0,9,0,,8,8,,12,9,
420048.0,KERSHAWHEALTH,1315 ROBERTS STREET,CAMDEN,SC,29020,KERSHAW,(803) 432-4311,Acute Care Hospitals,Proprietary,Yes,Y,3,,7,4,0,4,0,,8,6,0,6,0,,11,9,1,8,0,,8,8,,12,10,
420073.0,LEXINGTON MEDICAL CENTER,2720 SUNSET BLVD,WEST COLUMBIA,SC,29169,LEXINGTON,(803) 791-2000,Acute Care Hospitals,Government - Hospital District or Authority,Yes,Y,4,,7,7,0,6,1,,8,8,4,4,0,,11,11,1,9,1,,8,8,,12,11,
420098.0,TIDELANDS WACCAMAW COMMUNITY HOSPITAL,4070 HWY 17,MURRELLS INLET,SC,29576,HORRY,(843) 652-1000,Acute Care Hospitals,Voluntary non-profit - Private,Yes,Y,4,,7,6,0,6,0,,8,5,1,4,0,,11,10,0,10,0,,8,8,,12,11,
420110.0,ROPER ST FRANCIS HOSPITAL-BERKELEY INC,100 CALLEN BLVD.,SUMMERVILLE,SC,29486,DORCHESTER,(854) 529-3002,Acute Care Hospitals,Voluntary non-profit - Private,Yes,Y,5,,7,4,0,4,0,,8,4,0,4,0,,11,7,0,7,0,,8,8,,12,11,
424010.0,"CAROLINA CTR FOR BEHAVIORAL HEALTH,THE",2700 E PHILLIPS RD,GREER,SC,29650,GREENVILLE,(864) 235-2335,Psychiatric,Proprietary,No,,Not Available,19,Not Available,Not Available,Not Available,Not Available,Not Available,19,Not Available,Not Available,Not Available,Not Available,Not Available,19,Not Available,Not Available,Not Available,Not Available,Not Available,19,Not Available,Not Available,19,Not Available,Not Available,19
430048.0,MONUMENT HEALTH SPEARFISH HOSPITAL,1440 N MAIN ST,SPEARFISH,SD,57783,LAWRENCE,(605) 644-4000,Acute Care Hospitals,Voluntary non-profit - Private,Yes,,Not Available,16,7,2,0,2,0,,8,2,0,2,0,,11,5,1,4,0,,8,8,,12,11,
430099.0,REHAB & CRITICAL CARE HOSPITAL OF THE BLACK HILLS,2115 PROMISE ROAD,RAPID CITY,SD,57701,PENNINGTON,(605) 646-6040,Acute Care Hospitals,Proprietary,No,,Not Available,19,Not Available,Not Available,Not Available,Not Available,Not Available,19,Not Available,Not Available,Not Available,Not Available,Not Available,19,Not Available,Not Available,Not Available,Not Available,Not Available,19,Not Available,Not Available,19,Not Available,Not Available,19
431311.0,SANFORD HOSPITAL WEBSTER - CAH,1401 W FIRST ST POST OFFICE BOX 489,WEBSTER,SD,57274,DAY,(605) 345-3336,Critical Access Hospitals,Voluntary non-profit - Private,Yes,,Not Available,16,7,Not Available,Not Available,Not Available,Not Available,5,8,Not Available,Not Available,Not Available,Not Available,5,11,2,0,2,0,,8,Not Available,5,12,4,
431321.0,MONUMENT HEALTH STURGIS HOSPITAL,2140 JUNCTION AVE,STURGIS,SD,57785,MEADE,(605) 720-2400,Critical Access Hospitals,Voluntary non-profit - Other,Yes,,Not Available,16,7,1,0,1,0,,8,1,0,1,0,,11,4,1,3,0,,8,Not Available,5,12,6,
431331.0,AVERA DELLS AREA HOSPITAL  - CAH,909 N IOWA AVE,DELL RAPIDS,SD,57022,MINNEHAHA,(605) 428-5431,Critical Access Hospitals,Voluntary non-profit - Private,Yes,,Not Available,16,7,Not Available,Not Available,Not Available,Not Available,5,8,Not Available,Not Available,Not Available,Not Available,5,11,2,0,2,0,,8,Not Available,5,12,3,
431383.0,EAGLE BUTTE INDIAN HEALTH SERVICE HOSPITAL,24276 166TH AIRPORT ROAD,EAGLE BUTTE,SD,57625,DEWEY,(605) 964-3005,Critical Access Hospitals,Government - Federal,Yes,,Not Available,16,7,Not Available,Not Available,Not Available,Not Available,5,8,Not Available,Not Available,Not Available,Not Available,5,11,Not Available,Not Available,Not Available,Not Available,5,8,Not Available,5,12,2,
440012.0,WELLMONT BRISTOL REGIONAL MEDICAL CENTER,ONE MEDICAL PARK BLVD,BRISTOL,TN,37620,SULLIVAN,(423) 844-1121,Acute Care Hospitals,Government - Hospital District or Authority,Yes,Y,1,,7,7,0,5,2,,8,7,1,6,0,,11,9,0,6,3,,8,8,,12,12,
440033.0,LAFOLLETTE MEDICAL CENTER,923 EAST CENTRAL AVENUE,LA FOLLETTE,TN,37766,CAMPBELL,(423) 907-1200,Acute Care Hospitals,Voluntary non-profit - Church,Yes,,Not Available,16,7,2,0,2,0,,8,2,0,2,0,,11,5,0,5,0,,8,8,,12,7,
440057.0,CLAIBORNE MEDICAL CENTER,1850 OLD KNOXVILLE HIGHWAY,TAZEWELL,TN,37879,CLAIBORNE,(423) 626-4211,Acute Care Hospitals,Government - Local,Yes,,Not Available,16,7,1,0,1,0,,8,2,0,2,0,,11,3,0,3,0,,8,8,,12,8,
440081.0,LECONTE MEDICAL CENTER,742 MIDDLECREEK ROAD,SEVIERVILLE,TN,37862,SEVIER,(865) 446-7500,Acute Care Hospitals,Voluntary non-profit - Other,Yes,Y,4,,7,4,0,4,0,,8,5,1,4,0,,11,8,0,8,0,,8,8,,12,12,
440125.0,FORT SANDERS REGIONAL MEDICAL CENTER,1901 W CLINCH AVE,KNOXVILLE,TN,37916,KNOX,(865) 541-1101,Acute Care Hospitals,Voluntary non-profit - Private,Yes,Y,3,,7,7,0,7,0,,8,8,2,6,0,,11,11,1,7,3,,8,8,,12,11,
440153.0,TENNOVA HEALTHCARE - NEWPORT MEDICAL CENTER,435 2ND ST,NEWPORT,TN,37821,COCKE,(423) 625-2200,Acute Care Hospitals,Proprietary,Yes,Y,2,,7,2,0,2,0,,8,3,0,3,0,,11,4,0,4,0,,8,8,,12,10,
440187.0,LIVINGSTON REGIONAL HOSPITAL,315 OAK ST BOX 550,LIVINGSTON,TN,38570,OVERTON,(931) 823-5611,Acute Care Hospitals,Proprietary,Yes,Y,2,,7,3,0,3,0,,8,3,0,3,0,,11,5,0,5,0,,8,8,,12,8,
440231.0,TRUSTPOINT HOSPITAL,1009 NORTH THOMPSON LANE,MURFREESBORO,TN,37129,RUTHERFORD,(615) 867-1111,Acute Care Hospitals,Proprietary,No,,Not Available,16,7,Not Available,Not Available,Not Available,Not Available,5,8,Not Available,Not Available,Not Available,Not Available,5,11,Not Available,Not Available,Not Available,Not Available,5,8,Not Available,5,12,2,
441307.0,HIGHPOINT HEALTH-RIVERVIEW WITH ASCENSION SAINT TH,158 HOSPITAL DRIVE,CARTHAGE,TN,37030,SMITH,(615) 735-9815,Critical Access Hospitals,Proprietary,Yes,Y,3,,7,3,0,3,0,,8,1,0,1,0,,11,5,0,5,0,,8,8,,12,9,
443303.0,EAST TENNESSEE CHILDRENS HOSPITAL,2018 CLINCH AVE SW,KNOXVILLE,TN,37916,KNOX,(865) 541-8000,Childrens,Voluntary non-profit - Private,Yes,,Not Available,19,Not Available,Not Available,Not Available,Not Available,Not Available,19,Not Available,Not Available,Not Available,Not Available,Not Available,19,Not Available,Not Available,Not Available,Not Available,Not Available,19,Not Available,Not Available,19,Not Available,Not Available,19
444019.0,UNITY PSYCHIATRIC CARE-CLARKSVILLE,930 PROFESSIONAL PARK DRIVE,CLARKSVILLE,TN,37040,MONTGOMERY,(931) 538-6420,Psychiatric,Proprietary,No,,Not Available,19,Not Available,Not Available,Not Available,Not Available,Not Available,19,Not Available,Not Available,Not Available,Not Available,Not Available,19,Not Available,Not Available,Not Available,Not Available,Not Available,19,Not Available,Not Available,19,Not Available,Not Available,19
444032.0,EAST TENNESSEE BEHAVIORAL HEALTH,1444 OLD WEISGARBER RD,KNOXVILLE,TN,37909,KNOX,(865) 722-7780,Psychiatric,Proprietary,No,,Not Available,19,Not Available,Not Available,Not Available,Not Available,Not Available,19,Not Available,Not Available,Not Available,Not Available,Not Available,19,Not Available,Not Available,Not Available,Not Available,Not Available,19,Not Available,Not Available,19,Not Available,Not Available,19
450024.0,UNIVERSITY MEDICAL CENTER OF EL PASO,4815 ALAMEDA AVE,EL PASO,TX,79905,EL PASO,(915) 521-7602,Acute Care Hospitals,Physician,Yes,Y,1,,7,5,0,4,1,,8,6,2,4,0,,11,5,0,4,1,,8,8,,12,10,
450044.0,UT OF TEXAS  SOUTHWESTERN UNIVERSITY HOSPITAL - WILLIAM P. CLEMENTS JR.,6201 HARRY HINES BLVD,DALLAS,TX,75390,DALLAS,(214) 633-5555,Acute Care Hospitals,Government - State,Yes,Y,4,,7,7,3,4,0,,8,8,3,5,0,,11,11,0,9,2,,8,8,,12,11,
450079.0,BAYLOR SCOTT & WHITE MEDICAL CENTER AT IRVING,1901 N MACARTHUR BLVD,IRVING,TX,75061,DALLAS,(972) 579-8100,Acute Care Hospitals,Voluntary non-profit - Private,Yes,Y,5,,7,6,0,6,0,,8,6,2,4,0,,11,7,0,7,0,,8,8,,12,11,
450104.0,GUADALUPE REGIONAL MEDICAL CENTER,1215 E COURT ST,SEGUIN,TX,78155,GUADALUPE,(830) 379-2411,Acute Care Hospitals,Government - Local,Yes,Y,2,,7,5,0,5,0,,8,6,0,6,0,,11,7,0,6,1,,8,8,,12,10,
450143.0,ASCENSION SETON SMITHVILLE,1201 HILL RD ATTN: FIN DIR,SMITHVILLE,TX,78957,BASTROP,(512) 237-3214,Acute Care Hospitals,Voluntary non-profit - Private,Yes,,Not Available,16,7,Not Available,Not Available,Not Available,Not Available,5,8,Not Available,Not Available,Not Available,Not Available,5,11,2,0,2,0,,8,Not Available,5,12,6,
450176.0,MISSION REGIONAL MEDICAL CENTER,900 SOUTH BRYAN ROAD,MISSION,TX,78572,HIDALGO,(956) 323-9000,Acute Care Hospitals,Voluntary non-profit - Private,Yes,Y,3,,7,5,1,4,0,,8,6,1,5,0,,11,7,0,6,1,,8,8,,12,9,
450213.0,UNIVERSITY HEALTH SYSTEM,4502 MEDICAL DR,SAN ANTONIO,TX,78229,BEXAR,(210) 358-2637,Acute Care Hospitals,Government - Hospital District or Authority,Yes,Y,3,,7,7,0,7,0,,8,7,4,3,0,,11,10,0,10,0,,8,8,,12,10,
450272.0,CHRISTUS SANTA ROSA HOSPITAL-SAN MARCOS,1301 WONDER WORLD DRIVE,SAN MARCOS,TX,78666,HAYS,(512) 753-3511,Acute Care Hospitals,Voluntary non-profit - Church,Yes,Y,4,,7,5,0,5,0,,8,3,0,3,0,,11,6,0,5,1,,8,8,,12,8,
450369.0,CHILDRESS REGIONAL MEDICAL CENTER,HWY 83 NORTH,CHILDRESS,TX,79201,CHILDRESS,(940) 937-6371,Acute Care Hospitals,Government - Hospital District or Authority,Yes,Y,Not Available,16,7,1,0,1,0,,8,2,0,2,0,,11,6,1,5,0,,8,Not Available,5,12,9,
450411.0,EASTLAND MEMORIAL HOSPITAL,304 S DAUGHERTY STREET,EASTLAND,TX,76448,EASTLAND,(254) 631-5342,Acute Care Hospitals,Government - Hospital District or Authority,Yes,,Not Available,16,7,1,0,1,0,,8,1,0,1,0,,11,2,0,2,0,,8,Not Available,5,12,7,
450469.0,WILSON N JONES REGIONAL MEDICAL CENTER,500 N HIGHLAND AVENUE,SHERMAN,TX,75092,GRAYSON,(903) 870-4611,Acute Care Hospitals,Proprietary,Yes,,4,,7,5,0,5,0,,8,2,1,1,0,,11,5,0,4,1,,8,Not Available,5,12,8,
450565.0,PALO PINTO GENERAL HOSPITAL,400 SOUTHWEST 25 AVE,MINERAL WELLS,TX,76067,PALO PINTO,(940) 325-7891,Acute Care Hospitals,Government - Hospital District or Authority,Yes,Y,3,,7,3,0,3,0,,8,2,0,2,0,,11,6,0,6,0,,8,8,,12,11,
450634.0,MEDICAL CITY DENTON,3535 SOUTH I35 EAST,DENTON,TX,76210,DENTON,(940) 384-3535,Acute Care Hospitals,Proprietary,Yes,Y,4,,7,6,0,6,0,,8,7,5,2,0,,11,8,0,5,3,,8,8,,12,9,
450656.0,NACOGDOCHES MEDICAL CENTER,4920 NE STALLINGS DRIVE,NACOGDOCHES,TX,75965,NACOGDOCHES,(936) 569-9481,Acute Care Hospitals,Voluntary non-profit - Other,Yes,Y,3,,7,6,0,6,0,,8,6,1,5,0,,11,9,0,9,0,,8,8,,12,9,
450675.0,MEDICAL CITY ARLINGTON,3301 MATLOCK ROAD,ARLINGTON,TX,76015,TARRANT,(817) 465-3241,Acute Care Hospitals,Proprietary,Yes,Y,2,,7,7,1,6,0,,8,8,1,7,0,,11,8,0,6,2,,8,8,,12,9,
450709.0,HOUSTON METHODIST CLEAR LAKE HOSPITAL,18300 ST JOHN DRIVE,NASSAU BAY,TX,77058,HARRIS,(281) 333-5503,Acute Care Hospitals,Voluntary non-profit - Private,Yes,Y,5,,7,5,1,4,0,,8,6,2,4,0,,11,9,0,9,0,,8,8,,12,11,
450771.0,TEXAS HEALTH PRESBYTERIAN HOSPITAL PLANO,6200 W PARKER RD,PLANO,TX,75093,COLLIN,(972) 981-8000,Acute Care Hospitals,Voluntary non-profit - Private,Yes,Y,3,,7,7,0,7,0,,8,8,4,4,0,,11,9,0,8,1,,8,8,,12,10,
450822.0,MEDICAL CITY LAS COLINAS,6800 N MACARTHUR BLVD,IRVING,TX,75039,DALLAS,(972) 969-2000,Acute Care Hospitals,Proprietary,Yes,Y,2,,7,2,0,2,0,,8,3,0,3,0,,11,5,0,5,0,,8,8,,12,10,
450848.0,MEMORIAL HERMANN SUGAR LAND HOSPITAL,17500 W GRAND PARKWAY SOUTH,SUGAR LAND,TX,77479,FORT BEND,(281) 725-5000,Acute Care Hospitals,Voluntary non-profit - Private,Yes,Y,3,,7,6,0,6,0,,8,7,1,5,1,,11,7,0,7,0,,8,8,,12,11,
450869.0,DOCTORS HOSPTAL AT RENAISSANCE,5501 SOUTH MCCOLL,EDINBURG,TX,78539,HIDALGO,(956) 362-8677,Acute Care Hospitals,Physician,Yes,Y,3,,7,6,0,6,0,,8,8,2,6,0,,11,11,0,10,1,,8,8,,12,10,
450890.0,BAYLOR SCOTT & WHITE MEDICAL CENTER PLANO,4700 ALLIANCE BOULEVARD,PLANO,TX,75093,COLLIN,(469) 814-2000,Acute Care Hospitals,Voluntary non-profit - Other,Yes,,4,,7,6,0,6,0,,8,7,2,5,0,,11,7,0,7,0,,8,8,,12,8,
451308.0,YOAKUM COUNTY HOSPITAL,412 MUSTANG AVENUE,DENVER CITY,TX,79323,YOAKUM,(806) 592-2121,Critical Access Hospitals,Government - Local,Yes,,Not Available,16,7,Not Available,Not Available,Not Available,Not Available,5,8,Not Available,Not Available,Not Available,Not Available,5,11,1,0,1,0,,8,Not Available,5,12,2,
451318.0,STONEWALL MEMORIAL HOSPITAL DISTRICT,821 NORTH BROADWAY,ASPERMONT,TX,79502,STONEWALL,(940) 989-3551,Critical Access Hospitals,Government - Hospital District or Authority,Yes,,Not Available,16,7,Not Available,Not Available,Not Available,Not Available,5,8,Not Available,Not Available,Not Available,Not Available,5,11,Not Available,Not Available,Not Available,Not Available,5,8,Not Available,5,12,1,
451331.0,COON MEMORIAL HOSPITAL,1411 DENVER AVENUE,DALHART,TX,79022,DALLAM,(806) 244-4571,Critical Access Hospitals,Government - Hospital District or Authority,Yes,,Not Available,16,7,1,0,1,0,,8,Not Available,Not Available,Not Available,Not Available,5,11,2,1,1,0,,8,Not Available,5,12,3,
451342.0,MITCHELL COUNTY HOSPITAL DISTRICT,997 WEST I-20,COLORADO CITY,TX,79512,MITCHELL,(325) 728-3431,Critical Access Hospitals,Government - Hospital District or Authority,Yes,,Not Available,16,7,Not Available,Not Available,Not Available,Not Available,5,8,Not Available,Not Available,Not Available,Not Available,5,11,1,0,1,0,,8,Not Available,5,12,3,
451353.0,CRANE COUNTY HOSPITAL DISTRICT,1310 S ALFORD ST,CRANE,TX,79731,CRANE,(432) 558-3555,Critical Access Hospitals,Government - Hospital District or Authority,Yes,,Not Available,16,7,Not Available,Not Available,Not Available,Not Available,5,8,Not Available,Not Available,Not Available,Not Available,5,11,Not Available,Not Available,Not Available,Not Available,5,8,Not Available,5,12,2,
451365.0,ASCENSION SETON HIGHLAND LAKES,HIGHWAY 281 SOUTH,BURNET,TX,78611,BURNET,(512) 715-3000,Critical Access Hospitals,Voluntary non-profit - Private,Yes,,Not Available,16,7,2,0,2,0,,8,1,0,1,0,,11,6,0,6,0,,8,Not Available,5,12,7,
451376.0,LAVACA MEDICAL CENTER,1400 NORTH TEXANA STREET,HALLETTSVILLE,TX,77964,LAVACA,(361) 798-3671,Critical Access Hospitals,Government - Hospital District or Authority,Yes,,Not Available,16,7,2,0,2,0,,8,Not Available,Not Available,Not Available,Not Available,5,11,3,0,3,0,,8,Not Available,5,12,4,
451387.0,UVALDE MEMORIAL HOSPITAL,1025 GARNER FIELD ROAD,UVALDE,TX,78801,UVALDE,(830) 278-6251,Critical Access Hospitals,Government - Hospital District or Authority,Yes,Y,3,,7,3,0,3,0,,8,2,0,2,0,,11,9,0,8,1,,8,8,,12,7,
451398.0,PAMPA REGIONAL MEDICAL CENTER,1 MEDICAL PLAZA,PAMPA,TX,79065,GRAY,(806) 665-3721,Critical Access Hospitals,Voluntary non-profit - Private,Yes,,Not Available,16,7,Not Available,Not Available,Not Available,Not Available,5,8,Not Available,Not Available,Not Available,Not Available,5,11,2,0,2,0,,8,Not Available,5,12,4,
453313.0,EL PASO CHILDREN'S HOSPITAL,4845 ALAMEDA AVENUE,EL PASO,TX,79905,EL PASO,(915) 521-7148,Childrens,Voluntary non-profit - Private,Yes,,Not Available,19,Not Available,Not Available,Not Available,Not Available,Not Available,19,Not Available,Not Available,Not Available,Not Available,Not Available,19,Not Available,Not Available,Not Available,Not Available,Not Available,19,Not Available,Not Available,19,Not Available,Not Available,19
454008.0,NORTH TEXAS STATE HOSPITAL,6515 KEMP BLVD,WICHITA FALLS,TX,76308,WICHITA,(940) 692-1220,Psychiatric,Government - State,No,,Not Available,19,Not Available,Not Available,Not Available,Not Available,Not Available,19,Not Available,Not Available,Not Available,Not Available,Not Available,19,Not Available,Not Available,Not Available,Not Available,Not Available,19,Not Available,Not Available,19,Not Available,Not Available,19
454065.0,HICKORY TRAIL HOSPITAL,2000 N OLD HICKORY TRAIL,DESOTO,TX,75115,DALLAS,(972) 298-7323,Psychiatric,Proprietary,No,,Not Available,19,Not Available,Not Available,Not Available,Not Available,Not Available,19,Not Available,Not Available,Not Available,Not Available,Not Available,19,Not Available,Not Available,Not Available,Not Available,Not Available,19,Not Available,Not Available,19,Not Available,Not Available,19
454104.0,UNIVERSITY BEHAVIORAL HEALTH OF DENTON,2026 WEST UNIVERSITY DRIVE,DENTON,TX,76201,DENTON,(940) 320-8100,Psychiatric,Government - State,No,,Not Available,19,Not Available,Not Available,Not Available,Not Available,Not Available,19,Not Available,Not Available,Not Available,Not Available,Not Available,19,Not Available,Not Available,Not Available,Not Available,Not Available,19,Not Available,Not Available,19,Not Available,Not Available,19
454122.0,OCEANS BEHAVIORAL HOSPITAL OF ABILENE,4225 WOODS PLACE,ABILENE,TX,79602,TAYLOR,(325) 691-0030,Psychiatric,Proprietary,No,,Not Available,19,Not Available,Not Available,Not Available,Not Available,Not Available,19,Not Available,Not Available,Not Available,Not Available,Not Available,19,Not Available,Not Available,Not Available,Not Available,Not Available,19,Not Available,Not Available,19,Not Available,Not Available,19
454135.0,HOUSTON BEHAVIORAL HEALTHCARE HOSPITAL LLC,2801 GESSNER ROAD,HOUSTON,TX,77080,HARRIS,(832) 834-7710,Psychiatric,Proprietary,No,,Not Available,19,Not Available,Not Available,Not Available,Not Available,Not Available,19,Not Available,Not Available,Not Available,Not Available,Not Available,19,Not Available,Not Available,Not Available,Not Available,Not Available,19,Not Available,Not Available,19,Not Available,Not Available,19
454151.0,"MEDICAL BEHAVIORAL HOSPITAL OF CLEAR LAKE, LLC",16850 BUCCANEER LN,CLEAR LAKE CITY,TX,77058,HARRIS,(833) 971-2356,Psychiatric,Proprietary,No,,Not Available,19,Not Available,Not Available,Not Available,Not Available,Not Available,19,Not Available,Not Available,Not Available,Not Available,Not Available,19,Not Available,Not Available,Not Available,Not Available,Not Available,19,Not Available,Not Available,19,Not Available,Not Available,19
460003.0,HOLY CROSS HOSPITAL - SALT LAKE,1050 EAST SOUTH TEMPLE,SALT LAKE CITY,UT,84102,SALT LAKE,(801) 350-4111,Acute Care Hospitals,Proprietary,Yes,,2,,7,3,0,3,0,,8,5,0,5,0,,11,7,0,7,0,,8,8,,12,8,
460015.0,LOGAN REGIONAL HOSPITAL,1400 NORTH 500 EAST,LOGAN,UT,84341,CACHE,(435) 716-1000,Acute Care Hospitals,Voluntary non-profit - Private,Yes,Y,5,,7,3,0,3,0,,8,5,0,5,0,,11,7,2,5,0,,8,8,,12,12,
460043.0,OREM COMMUNITY HOSPITAL,331 NORTH 400 WEST,OREM,UT,84057,UTAH,(801) 714-3307,Acute Care Hospitals,Voluntary non-profit - Private,Yes,Y,Not Available,16,7,Not Available,Not Available,Not Available,Not Available,5,8,Not Available,Not Available,Not Available,Not Available,5,11,1,0,1,0,,8,Not Available,5,12,7,
460062.0,INTERMOUNTAIN HEALTH SPANISH FORK HOSPITAL,765 EAST MARKET PLACE DRIVE,SPANISH FORK,UT,84660,UTAH,(385) 344-5000,Acute Care Hospitals,Voluntary non-profit - Private,Yes,Y,Not Available,16,7,1,0,1,0,,8,2,0,2,0,,11,4,1,3,0,,8,8,,12,9,
461309.0,KANE COUNTY HOSPITAL,355 NORTH MAIN STREET,KANAB,UT,84741,KANE,(435) 644-5811,Critical Access Hospitals,Government - Hospital District or Authority,Yes,,Not Available,16,7,Not Available,Not Available,Not Available,Not Available,5,8,Not Available,Not Available,Not Available,Not Available,5,11,2,0,2,0,,8,Not Available,5,12,3,
470003.0,UNIV. OF VERMONT - FLETCHER ALLEN HEALTH CARE,111 COLCHESTER AVE,BURLINGTON,VT,5401,CHITTENDEN,(802) 847-0000,Acute Care Hospitals,Voluntary non-profit - Other,Yes,Y,3,,7,7,2,4,1,,8,8,1,5,2,,11,11,1,9,1,,8,8,,12,12,
471305.0,COPLEY HOSPITAL,528 WASHINGTON HIGHWAY,MORRISVILLE,VT,5661,LAMOILLE,(802) 888-4231,Critical Access Hospitals,Voluntary non-profit - Private,Yes,,3,,7,4,0,4,0,,8,2,0,2,0,,11,9,0,8,1,,8,8,,12,4,
490007.0,SENTARA NORFOLK GENERAL HOSPITAL,600 GRESHAM DR,NORFOLK,VA,23507,NORFOLK CITY,(757) 388-3000,Acute Care Hospitals,Voluntary non-profit - Other,Yes,Y,3,,7,7,0,7,0,,8,6,3,2,1,,11,10,0,8,2,,8,8,,12,11,
490024.0,CARILION MEDICAL CENTER,"1906 BELLEVIEW AVENUE, SE",ROANOKE,VA,24014,ROANOKE CITY,(540) 981-7000,Acute Care Hospitals,Voluntary non-profit - Private,Yes,Y,4,,7,7,0,5,2,,8,8,1,7,0,,11,11,1,10,0,,8,8,,12,11,
490045.0,NOVANT PRINCE WILLIAM MEDICAL CENTER,8700 SUDLEY RD,MANASSAS,VA,20110,MANASSAS CITY,(703) 369-8736,Acute Care Hospitals,Voluntary non-profit - Private,Yes,Y,4,,7,6,0,6,0,,8,5,1,4,0,,11,7,0,7,0,,8,8,,12,8,
490066.0,SENTARA WILLIAMSBURG REGIONAL MEDICAL CENTER,100 SENTARA CIRCLE,WILLIAMSBURG,VA,23185,JAMES CITY,(757) 984-8137,Acute Care Hospitals,Voluntary non-profit - Private,Yes,Y,4,,7,6,1,5,0,,8,6,1,5,0,,11,8,1,6,1,,8,8,,12,12,
490093.0,SENTARA CAREPLEX HOSPITAL,3000 COLISEUM DRIVE,HAMPTON,VA,23666,HAMPTON CITY,(757) 827-2545,Acute Care Hospitals,Voluntary non-profit - Private,Yes,Y,4,,7,6,0,6,0,,8,6,1,5,0,,11,7,0,6,1,,8,8,,12,11,
490113.0,SENTARA NORTHERN VIRGINIA MEDICAL CENTER,2300 OPITZ BOULEVARD,WOODBRIDGE,VA,22191,PRINCE WILLIAM,(703) 523-1000,Acute Care Hospitals,Voluntary non-profit - Private,Yes,Y,3,,7,6,0,6,0,,8,6,1,5,0,,11,7,0,6,1,,8,8,,12,11,
490127.0,BUCHANAN GENERAL HOSPITAL,1535 SLATE CREEK ROAD,GRUNDY,VA,24614,BUCHANAN,(276) 935-1000,Acute Care Hospitals,Voluntary non-profit - Private,Yes,,2,,7,3,0,3,0,,8,2,0,2,0,,11,4,0,3,1,,8,8,,12,9,
491303.0,DICKENSON COMMUNITY HOSPITAL,312 HOSPITAL DRIVE,CLINTWOOD,VA,24228,DICKENSON,(276) 926-0300,Critical Access Hospitals,Voluntary non-profit - Private,Yes,,Not Available,16,7,Not Available,Not Available,Not Available,Not Available,5,8,Not Available,Not Available,Not Available,Not Available,5,11,Not Available,Not Available,Not Available,Not Available,5,8,Not Available,5,12,5,
494021.0,WESTERN STATE HOSPITAL,1301 RICHMOND ROAD,STAUNTON,VA,24402,STAUNTON CITY,(540) 332-8000,Psychiatric,Government - State,Yes,,Not Available,19,Not Available,Not Available,Not Available,Not Available,Not Available,19,Not Available,Not Available,Not Available,Not Available,Not Available,19,Not Available,Not Available,Not Available,Not Available,Not Available,19,Not Available,Not Available,19,Not Available,Not Available,19
500007.0,ISLAND HOSPITAL,1211  24TH STREET,ANACORTES,WA,98221,SKAGIT,(360) 299-1300,Acute Care Hospitals,Government - Hospital District or Authority,Yes,Y,5,,7,5,0,5,0,,8,3,0,3,0,,11,9,1,8,0,,8,8,,12,12,
500026.0,SWEDISH EDMONDS HOSPITAL,21601 76TH AVENUE WEST,EDMONDS,WA,98026,SNOHOMISH,(425) 640-4000,Acute Care Hospitals,Voluntary non-profit - Private,Yes,Y,2,,7,6,0,6,0,,8,6,1,5,0,,11,7,1,6,0,,8,8,,12,11,
500050.0,PEACEHEALTH SOUTHWEST MEDICAL CENTER,400 NE MOTHER JOSEPH PLACE,VANCOUVER,WA,98664,CLARK,(360) 256-2000,Acute Care Hospitals,Voluntary non-profit - Private,Yes,Y,4,,7,7,1,6,0,,8,7,3,4,0,,11,11,1,10,0,,8,8,,12,12,
500079.0,MULTICARE GOOD SAMARITAN HOSPITAL,401 15TH AVENUE SE,PUYALLUP,WA,98372,PIERCE,(253) 697-2102,Acute Care Hospitals,Voluntary non-profit - Private,Yes,Y,2,,7,6,0,5,1,,8,7,4,3,0,,11,8,0,8,0,,8,8,,12,10,
500151.0,ST ANTHONY HOSPITAL,11567 CANTERWOOD BOULEVARD NW,GIG HARBOR,WA,98332,PIERCE,(253) 530-2050,Acute Care Hospitals,Voluntary non-profit - Church,Yes,,4,,7,6,0,6,0,,8,7,2,5,0,,11,9,0,9,0,,8,8,,12,9,
501309.0,PROVIDENCE ST JOSEPH HOSPITAL,500 EAST WEBSTER,CHEWELAH,WA,99109,STEVENS,(509) 935-8211,Critical Access Hospitals,Voluntary non-profit - Church,Yes,,Not Available,16,7,Not Available,Not Available,Not Available,Not Available,5,8,Not Available,Not Available,Not Available,Not Available,5,11,1,0,1,0,,8,Not Available,5,12,6,
501319.0,ARBOR HEALTH MORTON HOSPITAL,521 ADAMS STREET,MORTON,WA,98356,LEWIS,(360) 496-5112,Critical Access Hospitals,Government - Hospital District or Authority,Yes,,Not Available,16,7,Not Available,Not Available,Not Available,Not Available,5,8,Not Available,Not Available,Not Available,Not Available,5,11,1,0,1,0,,8,Not Available,5,12,6,
501329.0,PEACEHEALTH UNITED GENERAL MEDICAL CENTER,2000 HOSPITAL DRIVE,SEDRO WOOLLEY,WA,98284,SKAGIT,(360) 856-6021,Critical Access Hospitals,Government - Hospital District or Authority,Yes,,4,,7,3,0,3,0,,8,1,0,1,0,,11,8,0,8,0,,8,Not Available,5,12,9,
501339.0,WHIDBEYHEALTH MEDICAL CENTER,101 NORTH MAIN STREET,COUPEVILLE,WA,98239,ISLAND,(360) 678-5151,Critical Access Hospitals,Government - Hospital District or Authority,Yes,,1,,7,4,0,4,0,,8,1,0,1,0,,11,8,0,8,0,,8,8,,12,3,
504013.0,RAINIER SPRINGS,2805 NE 129TH ST,VANCOUVER,WA,98686,CLARK,(360) 356-1890,Psychiatric,Proprietary,No,,Not Available,19,Not Available,Not Available,Not Available,Not Available,Not Available,19,Not Available,Not Available,Not Available,Not Available,Not Available,19,Not Available,Not Available,Not Available,Not Available,Not Available,19,Not Available,Not Available,19,Not Available,Not Available,19
510013.0,REYNOLDS MEMORIAL HOSPITAL,800 WHEELING AVE,GLEN DALE,WV,26038,MARSHALL,(304) 843-3230,Acute Care Hospitals,Voluntary non-profit - Private,Yes,Y,3,,7,5,0,5,0,,8,3,1,2,0,,11,8,0,8,0,,8,8,,12,10,
510055.0,"CABELL HUNTINGTON HOSPITAL, INC",1340 HAL GREER BOULEVARD,HUNTINGTON,WV,25701,CABELL,(304) 526-2000,Acute Care Hospitals,Voluntary non-profit - Private,Yes,Y,2,,7,6,0,6,0,,8,8,1,7,0,,11,9,0,8,1,,8,8,,12,10,
511301.0,WEBSTER MEMORIAL HOSPITAL,125 DIANA DRIVE,WEBSTER SPRINGS,WV,26288,WEBSTER,(304) 847-5682,Critical Access Hospitals,Voluntary non-profit - Private,Yes,,Not Available,16,7,Not Available,Not Available,Not Available,Not Available,5,8,Not Available,Not Available,Not Available,Not Available,5,11,Not Available,Not Available,Not Available,Not Available,5,8,Not Available,5,12,3,
511313.0,BOONE MEMORIAL HOSPITAL,701 MADISON AVENUE,MADISON,WV,25130,BOONE,(304) 369-1230,Critical Access Hospitals,Government - Local,Yes,,Not Available,16,7,2,0,2,0,,8,Not Available,Not Available,Not Available,Not Available,5,11,4,1,3,0,,8,8,,12,6,
514001.0,HIGHLAND HOSPITAL,"300 56TH STREET, SE",CHARLESTON,WV,25304,KANAWHA,(304) 926-1600,Psychiatric,Voluntary non-profit - Private,No,,Not Available,19,Not Available,Not Available,Not Available,Not Available,Not Available,19,Not Available,Not Available,Not Available,Not Available,Not Available,19,Not Available,Not Available,Not Available,Not Available,Not Available,19,Not Available,Not Available,19,Not Available,Not Available,19
520019.0,ASPIRUS RHINELANDER HOSPITAL,2251 NORTH SHORE DR,RHINELANDER,WI,54501,ONEIDA,(715) 361-2000,Acute Care Hospitals,Voluntary non-profit - Private,Yes,Y,3,,7,5,0,5,0,,8,2,1,1,0,,11,8,0,8,0,,8,8,,12,10,
520044.0,ST NICHOLAS HOSPITAL,3100 SUPERIOR AVE,SHEBOYGAN,WI,53081,SHEBOYGAN,(920) 459-8300,Acute Care Hospitals,Voluntary non-profit - Private,Yes,Y,3,,7,3,0,3,0,,8,2,0,2,0,,11,5,0,5,0,,8,8,,12,10,
520071.0,FORT MEMORIAL HOSPITAL,611 SHERMAN AVE E,FORT ATKINSON,WI,53538,JEFFERSON,(920) 568-5000,Acute Care Hospitals,Voluntary non-profit - Private,Yes,Y,Not Available,16,7,2,0,2,0,,8,2,0,2,0,,11,5,1,4,0,,8,8,,12,11,
520096.0,ASCENSION ALL SAINTS HOSPITAL,3801 SPRING ST,RACINE,WI,53405,RACINE,(262) 687-4011,Acute Care Hospitals,Voluntary non-profit - Church,Yes,Y,3,,7,6,0,6,0,,8,8,0,8,0,,11,10,0,10,0,,8,8,,12,10,
520136.0,ASCENSION SE WISCONSIN HOSPITAL,5000 W CHAMBERS ST,MILWAUKEE,WI,53210,MILWAUKEE,(414) 447-2130,Acute Care Hospitals,Voluntary non-profit - Church,Yes,Y,4,,7,6,0,6,0,,8,7,1,6,0,,11,10,1,9,0,,8,8,,12,11,
520202.0,MARSHFIELD MEDICAL CENTER - WESTON,3400 MINISTRY PARKWAY,WESTON,WI,54476,MARATHON,(715) 393-3000,Acute Care Hospitals,Voluntary non-profit - Private,Yes,Y,4,,7,5,0,5,0,,8,5,0,5,0,,11,9,0,9,0,,8,8,,12,9,
521300.0,ASPIRUS EAGLE RIVER HOSPITAL,201 HOSPITAL ROAD,EAGLE RIVER,WI,54521,VILAS,(715) 479-7411,Critical Access Hospitals,Voluntary non-profit - Private,Yes,,Not Available,16,7,1,0,1,0,,8,Not Available,Not Available,Not Available,Not Available,5,11,3,0,2,1,,8,Not Available,5,12,7,
521312.0,MEMORIAL HOSPITAL OF LAFAYETTE COUNTY,211 BEV ANDERSON DR,DARLINGTON,WI,53530,LAFAYETTE,(608) 776-4466,Critical Access Hospitals,Voluntary non-profit - Other,Yes,,Not Available,16,7,1,0,1,0,,8,1,0,1,0,,11,3,0,3,0,,8,Not Available,5,12,5,
521322.0,GRANT REGIONAL HEALTH CENTER,507 S MONROE ST,LANCASTER,WI,53813,GRANT,(608) 723-2143,Critical Access Hospitals,Voluntary non-profit - Private,Yes,,Not Available,16,7,1,0,1,0,,8,Not Available,Not Available,Not Available,Not Available,5,11,3,0,3,0,,8,Not Available,5,12,7,
521332.0,SPOONER HEALTH SYSTEM,1280 CHANDLER DR,SPOONER,WI,54801,WASHBURN,(715) 635-2111,Critical Access Hospitals,Voluntary non-profit - Private,Yes,,Not Available,16,7,2,0,2,0,,8,Not Available,Not Available,Not Available,Not Available,5,11,4,0,4,0,,8,Not Available,5,12,4,
521342.0,INDIANHEAD MEDICAL CTR,113 4TH AVE,SHELL LAKE,WI,54871,WASHBURN,(715) 468-7833,Critical Access Hospitals,Proprietary,Yes,,Not Available,16,7,Not Available,Not Available,Not Available,Not Available,5,8,Not Available,Not Available,Not Available,Not Available,5,11,1,0,1,0,,8,Not Available,5,12,1,
521352.0,UPLAND HILLS HEALTH,800 COMPASSION WAY,DODGEVILLE,WI,53533,IOWA,(608) 930-8000,Critical Access Hospitals,Voluntary non-profit - Private,Yes,,3,,7,3,0,3,0,,8,1,0,1,0,,11,5,0,5,0,,8,8,,12,8,
524000.0,AURORA PSYCHIATRIC HOSPITAL,1220 DEWEY AVE,WAUWATOSA,WI,53213,MILWAUKEE,(414) 454-6600,Psychiatric,Voluntary non-profit - Private,No,,Not Available,19,Not Available,Not Available,Not Available,Not Available,Not Available,19,Not Available,Not Available,Not Available,Not Available,Not Available,19,Not Available,Not Available,Not Available,Not Available,Not Available,19,Not Available,Not Available,19,Not Available,Not Available,19
524041.0,WILLOW CREEK BEHAVIORAL HEALTH,1351 ONTARIO RD,GREEN BAY,WI,54311,BROWN,(920) 328-1220,Psychiatric,Proprietary,No,,Not Available,19,Not Available,Not Available,Not Available,Not Available,Not Available,19,Not Available,Not Available,Not Available,Not Available,Not Available,19,Not Available,Not Available,Not Available,Not Available,Not Available,19,Not Available,Not Available,19,Not Available,Not Available,19
530025.0,IVINSON MEMORIAL HOSPITAL,255 N 30TH,LARAMIE,WY,82072,ALBANY,(307) 755-4600,Acute Care Hospitals,Government - Hospital District or Authority,Yes,Y,2,,7,3,0,3,0,,8,2,0,2,0,,11,8,0,8,0,,8,8,,12,11,
531309.0,NORTH BIG HORN HOSPITAL DISTRICT,1115 LANE 12,LOVELL,WY,82431,BIG HORN,(307) 548-5200,Critical Access Hospitals,Government - Hospital District or Authority,Yes,,Not Available,16,7,2,0,2,0,,8,Not Available,Not Available,Not Available,Not Available,5,11,3,0,3,0,,8,Not Available,5,12,7,
531319.0,EVANSTON REGIONAL HOSPITAL,190 ARROWHEAD DR,EVANSTON,WY,82930,UINTA,(307) 789-3636,Critical Access Hospitals,Proprietary,Yes,,Not Available,5,Not Available,Not Available,Not Available,Not Available,Not Available,5,Not Available,Not Available,Not Available,Not Available,Not Available,5,Not Available,Not Available,Not Available,Not Available,Not Available,5,Not Available,Not Available,5,Not Available,Not Available,5
670023.0,METHODIST MANSFIELD MEDICAL CENTER,2700 E BROAD STREET,MANSFIELD,TX,76063,TARRANT,(682) 622-2059,Acute Care Hospitals,Voluntary non-profit - Private,Yes,Y,2,,7,7,0,7,0,,8,6,1,4,1,,11,9,0,8,1,,8,8,,12,10,
670054.0,FOUNDATION SURGICAL HOSPITAL OF SAN ANTONIO,9522 HUEBNER ROAD,SAN ANTONIO,TX,78240,BEXAR,(210) 478-5400,Acute Care Hospitals,Proprietary,Yes,,3,,7,Not Available,Not Available,Not Available,Not Available,5,8,3,0,3,0,,11,3,0,2,1,,8,8,,12,3,
670073.0,METHODIST HOSPITAL FOR SURGERY,17101 DALLAS PARKWAY,ADDISON,TX,75001,DALLAS,(469) 248-3900,Acute Care Hospitals,Proprietary,Yes,,4,,7,Not Available,Not Available,Not Available,Not Available,5,8,3,0,3,0,,11,3,0,3,0,,8,8,,12,4,
670093.0,ASPIRE HOSPITAL,"2006 SOUTH LOOP 336 WEST, SUITE 500",CONROE,TX,77304,MONTGOMERY,(936) 647-3500,Acute Care Hospitals,Physician,No,,Not Available,16,7,Not Available,Not Available,Not Available,Not Available,5,8,Not Available,Not Available,Not Available,Not Available,5,11,Not Available,Not Available,Not Available,Not Available,5,8,Not Available,5,12,3,
670120.0,THE HOSPITALS OF PROVIDENCE TRANSMOUNTAIN CAMPUS,2000 TRANSMOUNTAIN RD,EL PASO,TX,79911,EL PASO,(915) 877-8136,Acute Care Hospitals,Proprietary,Yes,Y,1,,7,4,0,4,0,,8,5,1,4,0,,11,5,0,4,1,,8,8,,12,9,
670136.0,BAYLOR SCOTT & WHITE MEDICAL CENTER- AUSTIN,5245 W US 290,AUSTIN,TX,78735,TRAVIS,(512) 654-2100,Acute Care Hospitals,Voluntary non-profit - Private,No,,Not Available,16,7,1,0,1,0,,8,1,0,1,0,,11,4,0,4,0,,8,Not Available,5,12,9,
670321.0,ADVANCED DALLAS HOSPITALS AND CLINICS,7502 GREENVILLE AVENUE,DALLAS,TX,75231,DALLAS,(214) 221-6000,Acute Care Hospitals,Proprietary,Yes,,Not Available,16,7,Not Available,Not Available,Not Available,Not Available,5,8,Not Available,Not Available,Not Available,Not Available,5,11,Not Available,Not Available,Not Available,Not Available,5,8,Not Available,5,12,Not Available,5
670783.0,CHI ST LUKES HEALTH MEMORIAL SAN AUGUSTINE,511 HOSPITAL ST,SAN AUGUSTINE,TX,75972,SAN AUGUSTINE,(936) 275-3446,Rural Emergency Hospital,Voluntary non-profit - Private,Yes,,Not Available,19,Not Available,Not Available,Not Available,Not Available,Not Available,19,Not Available,Not Available,Not Available,Not Available,Not Available,19,Not Available,Not Available,Not Available,Not Available,Not Available,19,Not Available,Not Available,19,Not Available,Not Available,19
